# Blender 4.4.1
# www.blender.org
mtllib star.mtl
o 円
v 0.000000 -0.521432 -0.113972
v -0.495911 -0.161131 -0.113972
v -0.306490 0.421847 -0.113972
v 0.306490 0.421847 -0.113972
v 0.495911 -0.161131 -0.113972
v -0.495911 -0.161131 -0.512845
v 0.000000 -0.521432 -0.512845
v -0.306490 0.421847 -0.512845
v 0.306490 0.421847 -0.512845
v 0.495911 -0.161131 -0.512845
v 0.800667 0.340016 -0.237442
v 0.847609 0.195542 -0.237442
v 0.847609 0.195542 -0.389375
v 0.800667 0.340016 -0.389376
v -0.847609 0.195542 -0.237442
v -0.800667 0.340016 -0.237442
v -0.800667 0.340016 -0.389376
v -0.847609 0.195542 -0.389375
v 0.570794 -0.656409 -0.237442
v 0.447897 -0.745699 -0.237442
v 0.447897 -0.745699 -0.389375
v 0.570794 -0.656409 -0.389375
v -0.075954 0.866550 -0.237442
v 0.075954 0.866550 -0.237442
v 0.075954 0.866550 -0.389376
v -0.075954 0.866550 -0.389376
v -0.447897 -0.745699 -0.237442
v -0.570794 -0.656409 -0.237442
v -0.570794 -0.656409 -0.389375
v -0.447897 -0.745699 -0.389375
v -0.422363 -0.204100 -0.084458
v -0.357204 -0.241787 -0.067842
v -0.294258 -0.280385 -0.058554
v -0.233673 -0.321623 -0.055596
v -0.175731 -0.366500 -0.058554
v -0.119571 -0.414437 -0.067842
v -0.063594 -0.464762 -0.084458
v -0.324628 0.338621 -0.084458
v -0.340335 0.265005 -0.067842
v -0.357593 0.193213 -0.058554
v -0.378091 0.122849 -0.055596
v -0.402867 0.053876 -0.058554
v -0.431103 -0.014349 -0.067842
v -0.461666 -0.083138 -0.084458
v 0.221732 0.413380 -0.084458
v 0.146865 0.405569 -0.067842
v 0.073254 0.399797 -0.058554
v 0.000000 0.397548 -0.055596
v -0.073254 0.399797 -0.058554
v -0.146865 0.405569 -0.067842
v -0.221732 0.413380 -0.084458
v 0.461666 -0.083138 -0.084458
v 0.431103 -0.014349 -0.067842
v 0.402867 0.053876 -0.058554
v 0.378091 0.122849 -0.055596
v 0.357593 0.193213 -0.058554
v 0.340335 0.265005 -0.067842
v 0.324628 0.338621 -0.084458
v 0.063594 -0.464762 -0.084458
v 0.119571 -0.414437 -0.067842
v 0.175731 -0.366500 -0.058554
v 0.233673 -0.321623 -0.055596
v 0.294258 -0.280385 -0.058554
v 0.357204 -0.241787 -0.067842
v 0.422363 -0.204100 -0.084458
v -0.422363 -0.204100 -0.542360
v -0.357204 -0.241787 -0.558976
v -0.294258 -0.280385 -0.568263
v -0.233673 -0.321623 -0.571221
v -0.175731 -0.366500 -0.568263
v -0.119571 -0.414437 -0.558975
v -0.063594 -0.464762 -0.542360
v -0.324628 0.338621 -0.542360
v -0.340335 0.265005 -0.558976
v -0.357593 0.193213 -0.568263
v -0.378091 0.122849 -0.571221
v -0.402867 0.053876 -0.568263
v -0.431103 -0.014349 -0.558975
v -0.461666 -0.083138 -0.542360
v 0.221732 0.413380 -0.542360
v 0.146865 0.405569 -0.558976
v 0.073254 0.399797 -0.568263
v 0.000000 0.397548 -0.571222
v -0.073254 0.399797 -0.568263
v -0.146865 0.405569 -0.558975
v -0.221732 0.413380 -0.542360
v 0.461666 -0.083138 -0.542360
v 0.431103 -0.014349 -0.558976
v 0.402867 0.053876 -0.568263
v 0.378091 0.122849 -0.571221
v 0.357593 0.193213 -0.568263
v 0.340335 0.265005 -0.558976
v 0.324628 0.338621 -0.542360
v 0.063594 -0.464762 -0.542360
v 0.119571 -0.414437 -0.558976
v 0.175731 -0.366500 -0.568263
v 0.233673 -0.321623 -0.571221
v 0.294258 -0.280385 -0.568263
v 0.357204 -0.241787 -0.558975
v 0.422363 -0.204100 -0.542360
v 0.544775 -0.177008 -0.163822
v 0.570585 -0.185394 -0.212417
v 0.584547 -0.189931 -0.262496
v 0.588883 -0.191340 -0.313409
v 0.584547 -0.189931 -0.364322
v 0.570585 -0.185394 -0.414400
v 0.544775 -0.177008 -0.462996
v 0.336690 0.463414 -0.462995
v 0.352641 0.485368 -0.414401
v 0.361270 0.497245 -0.364322
v 0.363950 0.500934 -0.313409
v 0.361270 0.497245 -0.262496
v 0.352641 0.485368 -0.212417
v 0.336690 0.463414 -0.163822
v -0.336690 0.463414 -0.163822
v -0.352641 0.485368 -0.212417
v -0.361270 0.497245 -0.262496
v -0.363950 0.500934 -0.313409
v -0.361270 0.497245 -0.364322
v -0.352641 0.485368 -0.414401
v -0.336690 0.463414 -0.462996
v -0.544775 -0.177008 -0.462995
v -0.570585 -0.185394 -0.414400
v -0.584547 -0.189931 -0.364322
v -0.588883 -0.191340 -0.313409
v -0.584547 -0.189931 -0.262496
v -0.570585 -0.185394 -0.212417
v -0.544775 -0.177008 -0.163822
v 0.000000 -0.572811 -0.163822
v 0.000000 -0.599948 -0.212417
v 0.000000 -0.614629 -0.262496
v 0.000000 -0.619189 -0.313409
v 0.000000 -0.614629 -0.364322
v 0.000000 -0.599949 -0.414400
v 0.000000 -0.572811 -0.462996
v 0.853260 0.211129 -0.234518
v 0.857872 0.232443 -0.231601
v 0.858622 0.255207 -0.229725
v 0.854376 0.277603 -0.229081
v 0.844647 0.298219 -0.229725
v 0.830659 0.316194 -0.231602
v 0.814400 0.330727 -0.234518
v 0.858204 0.195911 -0.376296
v 0.869541 0.196527 -0.357447
v 0.877490 0.197137 -0.336025
v 0.880430 0.197416 -0.313409
v 0.877490 0.197137 -0.290792
v 0.869541 0.196527 -0.269371
v 0.858204 0.195911 -0.250522
v 0.814400 0.330727 -0.392300
v 0.830659 0.316194 -0.395216
v 0.844647 0.298219 -0.397093
v 0.854375 0.277603 -0.397737
v 0.858622 0.255207 -0.397093
v 0.857872 0.232442 -0.395216
v 0.853260 0.211128 -0.392300
v 0.809455 0.345945 -0.250522
v 0.818989 0.352109 -0.269371
v 0.825779 0.356289 -0.290792
v 0.828321 0.357791 -0.313409
v 0.825779 0.356289 -0.336025
v 0.818989 0.352109 -0.357447
v 0.809455 0.345945 -0.376296
v 0.553906 -0.077570 -0.130701
v 0.608770 -0.015087 -0.147903
v 0.662183 0.037917 -0.165502
v 0.712450 0.083207 -0.182850
v 0.757803 0.121668 -0.199354
v 0.796802 0.153614 -0.214574
v 0.827927 0.179000 -0.227955
v 0.775021 0.341829 -0.227955
v 0.734919 0.344072 -0.214574
v 0.684590 0.346994 -0.199354
v 0.625292 0.351452 -0.182850
v 0.558004 0.358546 -0.165502
v 0.483637 0.370031 -0.147903
v 0.402525 0.388334 -0.130701
v 0.553906 -0.077570 -0.496117
v 0.608770 -0.015087 -0.478914
v 0.662183 0.037917 -0.461316
v 0.712449 0.083207 -0.443968
v 0.757803 0.121668 -0.427465
v 0.796802 0.153614 -0.412244
v 0.827927 0.179000 -0.398863
v 0.402525 0.388334 -0.496117
v 0.483637 0.370031 -0.478915
v 0.558004 0.358546 -0.461316
v 0.625292 0.351452 -0.443968
v 0.684590 0.346994 -0.427465
v 0.734919 0.344072 -0.412244
v 0.775021 0.341829 -0.398863
v -0.814399 0.330727 -0.234518
v -0.830659 0.316194 -0.231601
v -0.844647 0.298219 -0.229725
v -0.854375 0.277603 -0.229081
v -0.858622 0.255207 -0.229725
v -0.857871 0.232442 -0.231602
v -0.853260 0.211129 -0.234518
v -0.809455 0.345945 -0.376296
v -0.818989 0.352109 -0.357447
v -0.825779 0.356289 -0.336025
v -0.828321 0.357791 -0.313409
v -0.825779 0.356289 -0.290792
v -0.818989 0.352109 -0.269371
v -0.809455 0.345945 -0.250522
v -0.853260 0.211128 -0.392300
v -0.857871 0.232443 -0.395216
v -0.858622 0.255207 -0.397093
v -0.854376 0.277603 -0.397737
v -0.844647 0.298219 -0.397093
v -0.830659 0.316194 -0.395216
v -0.814399 0.330727 -0.392300
v -0.858204 0.195911 -0.250522
v -0.869541 0.196527 -0.269371
v -0.877490 0.197137 -0.290792
v -0.880430 0.197416 -0.313409
v -0.877490 0.197137 -0.336025
v -0.869541 0.196527 -0.357447
v -0.858204 0.195911 -0.376296
v -0.402525 0.388334 -0.130701
v -0.483637 0.370031 -0.147903
v -0.558004 0.358546 -0.165502
v -0.625292 0.351452 -0.182850
v -0.684590 0.346994 -0.199354
v -0.734919 0.344072 -0.214574
v -0.775021 0.341829 -0.227955
v -0.827927 0.179000 -0.227955
v -0.796802 0.153614 -0.214574
v -0.757803 0.121668 -0.199354
v -0.712449 0.083207 -0.182850
v -0.662183 0.037917 -0.165502
v -0.608770 -0.015087 -0.147903
v -0.553906 -0.077570 -0.130701
v -0.402525 0.388334 -0.496117
v -0.483637 0.370031 -0.478915
v -0.558004 0.358546 -0.461316
v -0.625292 0.351452 -0.443968
v -0.684590 0.346994 -0.427465
v -0.734919 0.344072 -0.412244
v -0.775021 0.341829 -0.398863
v -0.553906 -0.077570 -0.496117
v -0.608770 -0.015087 -0.478914
v -0.662183 0.037917 -0.461316
v -0.712450 0.083207 -0.443968
v -0.757803 0.121668 -0.427465
v -0.796802 0.153614 -0.412244
v -0.827927 0.179000 -0.398863
v 0.464467 -0.746256 -0.234518
v 0.486163 -0.744056 -0.231601
v 0.508045 -0.737735 -0.229725
v 0.528033 -0.726775 -0.229081
v 0.544633 -0.711152 -0.229725
v 0.557406 -0.692294 -0.231602
v 0.566204 -0.672340 -0.234518
v 0.451521 -0.755661 -0.376296
v 0.455612 -0.766253 -0.357447
v 0.458648 -0.773624 -0.336025
v 0.459821 -0.776334 -0.313409
v 0.458648 -0.773624 -0.290792
v 0.455612 -0.766253 -0.269371
v 0.451522 -0.755661 -0.250521
v 0.566204 -0.672340 -0.392300
v 0.557406 -0.692294 -0.395216
v 0.544633 -0.711152 -0.397093
v 0.528033 -0.726775 -0.397737
v 0.508045 -0.737735 -0.397093
v 0.486163 -0.744056 -0.395216
v 0.464467 -0.746256 -0.392300
v 0.579148 -0.662935 -0.250521
v 0.587958 -0.670098 -0.269371
v 0.594030 -0.675263 -0.290792
v 0.596245 -0.677216 -0.313409
v 0.594030 -0.675263 -0.336025
v 0.587958 -0.670098 -0.357447
v 0.579148 -0.662935 -0.376296
v 0.097393 -0.550767 -0.130701
v 0.173772 -0.583637 -0.147903
v 0.240687 -0.618056 -0.165502
v 0.299294 -0.651868 -0.182850
v 0.349887 -0.683116 -0.199354
v 0.392321 -0.710335 -0.214574
v 0.426083 -0.732091 -0.227955
v 0.564593 -0.631457 -0.227955
v 0.554335 -0.592625 -0.214574
v 0.541562 -0.543857 -0.199354
v 0.527476 -0.486083 -0.182850
v 0.513431 -0.419897 -0.165502
v 0.501373 -0.345620 -0.147903
v 0.493714 -0.262823 -0.130701
v 0.097393 -0.550767 -0.496117
v 0.173772 -0.583637 -0.478914
v 0.240687 -0.618057 -0.461316
v 0.299294 -0.651868 -0.443968
v 0.349887 -0.683116 -0.427464
v 0.392321 -0.710335 -0.412243
v 0.426083 -0.732091 -0.398863
v 0.493714 -0.262823 -0.496117
v 0.501373 -0.345621 -0.478914
v 0.513431 -0.419897 -0.461316
v 0.527476 -0.486083 -0.443968
v 0.541562 -0.543857 -0.427464
v 0.554335 -0.592625 -0.412243
v 0.564593 -0.631457 -0.398863
v 0.062877 0.876740 -0.234519
v 0.044031 0.887713 -0.231601
v 0.022613 0.895461 -0.229725
v 0.000000 0.898343 -0.229081
v -0.022613 0.895461 -0.229725
v -0.044031 0.887713 -0.231602
v -0.062877 0.876740 -0.234519
v 0.078878 0.876740 -0.376296
v 0.081794 0.887713 -0.357447
v 0.083670 0.895461 -0.336025
v 0.084314 0.898343 -0.313409
v 0.083670 0.895461 -0.290792
v 0.081794 0.887713 -0.269371
v 0.078878 0.876740 -0.250522
v -0.062877 0.876740 -0.392300
v -0.044031 0.887713 -0.395216
v -0.022613 0.895461 -0.397093
v 0.000000 0.898343 -0.397737
v 0.022613 0.895461 -0.397093
v 0.044031 0.887713 -0.395216
v 0.062877 0.876740 -0.392300
v -0.078878 0.876740 -0.250522
v -0.081794 0.887713 -0.269371
v -0.083670 0.895461 -0.290792
v -0.084314 0.898343 -0.313409
v -0.083670 0.895461 -0.336025
v -0.081794 0.887713 -0.357447
v -0.078878 0.876740 -0.376296
v 0.244940 0.502826 -0.130701
v 0.202469 0.574313 -0.147903
v 0.168564 0.641491 -0.165502
v 0.141024 0.703293 -0.182850
v 0.118461 0.758311 -0.199354
v 0.100129 0.805273 -0.214574
v 0.085604 0.842720 -0.227955
v -0.085604 0.842720 -0.227955
v -0.100129 0.805273 -0.214574
v -0.118461 0.758311 -0.199354
v -0.141024 0.703292 -0.182850
v -0.168564 0.641491 -0.165502
v -0.202469 0.574313 -0.147903
v -0.244940 0.502826 -0.130701
v 0.244940 0.502826 -0.496117
v 0.202469 0.574312 -0.478915
v 0.168564 0.641490 -0.461316
v 0.141024 0.703293 -0.443968
v 0.118461 0.758311 -0.427465
v 0.100129 0.805273 -0.412244
v 0.085604 0.842719 -0.398863
v -0.244940 0.502826 -0.496117
v -0.202469 0.574312 -0.478915
v -0.168564 0.641490 -0.461316
v -0.141024 0.703293 -0.443968
v -0.118461 0.758311 -0.427465
v -0.100129 0.805273 -0.412244
v -0.085604 0.842719 -0.398863
v -0.566204 -0.672340 -0.234518
v -0.557406 -0.692294 -0.231601
v -0.544633 -0.711152 -0.229725
v -0.528033 -0.726775 -0.229081
v -0.508045 -0.737735 -0.229725
v -0.486163 -0.744056 -0.231602
v -0.464467 -0.746256 -0.234518
v -0.579148 -0.662935 -0.376296
v -0.587958 -0.670098 -0.357447
v -0.594030 -0.675263 -0.336025
v -0.596245 -0.677217 -0.313409
v -0.594030 -0.675263 -0.290792
v -0.587958 -0.670098 -0.269371
v -0.579148 -0.662935 -0.250521
v -0.464467 -0.746256 -0.392300
v -0.486163 -0.744056 -0.395216
v -0.508045 -0.737735 -0.397093
v -0.528033 -0.726775 -0.397737
v -0.544633 -0.711152 -0.397093
v -0.557406 -0.692294 -0.395216
v -0.566204 -0.672340 -0.392300
v -0.451521 -0.755661 -0.250521
v -0.455612 -0.766253 -0.269371
v -0.458648 -0.773624 -0.290792
v -0.459821 -0.776334 -0.313409
v -0.458648 -0.773624 -0.336025
v -0.455612 -0.766253 -0.357447
v -0.451521 -0.755661 -0.376296
v -0.493714 -0.262823 -0.130701
v -0.501373 -0.345620 -0.147903
v -0.513431 -0.419897 -0.165502
v -0.527476 -0.486083 -0.182850
v -0.541562 -0.543857 -0.199354
v -0.554335 -0.592625 -0.214574
v -0.564593 -0.631457 -0.227955
v -0.426083 -0.732091 -0.227955
v -0.392321 -0.710335 -0.214574
v -0.349887 -0.683117 -0.199354
v -0.299294 -0.651868 -0.182850
v -0.240687 -0.618057 -0.165502
v -0.173772 -0.583637 -0.147903
v -0.097393 -0.550767 -0.130701
v -0.493714 -0.262823 -0.496117
v -0.501373 -0.345621 -0.478914
v -0.513431 -0.419897 -0.461316
v -0.527476 -0.486083 -0.443968
v -0.541562 -0.543857 -0.427464
v -0.554335 -0.592625 -0.412243
v -0.564593 -0.631457 -0.398863
v -0.097393 -0.550767 -0.496117
v -0.173772 -0.583637 -0.478914
v -0.240687 -0.618056 -0.461316
v -0.299294 -0.651868 -0.443968
v -0.349887 -0.683116 -0.427464
v -0.392321 -0.710335 -0.412243
v -0.426083 -0.732091 -0.398863
v 0.000000 -0.000000 -0.020032
v -0.390707 -0.126948 -0.066403
v -0.319098 -0.166447 -0.052476
v -0.249282 -0.206998 -0.044145
v -0.182606 -0.251336 -0.041409
v -0.355991 -0.052903 -0.052476
v -0.278935 -0.090631 -0.040639
v -0.202058 -0.130826 -0.033193
v -0.128828 -0.177316 -0.030624
v -0.323343 0.020941 -0.044145
v -0.240366 -0.012925 -0.033193
v -0.154432 -0.050178 -0.026001
v -0.070899 -0.097584 -0.023317
v 0.000000 -0.410814 -0.066403
v 0.059694 -0.354915 -0.052476
v 0.119834 -0.301047 -0.044145
v 0.182606 -0.251336 -0.041409
v -0.059694 -0.354915 -0.052476
v 0.000000 -0.293289 -0.040639
v 0.061984 -0.232596 -0.033193
v 0.128828 -0.177316 -0.030624
v -0.119834 -0.301047 -0.044145
v -0.061984 -0.232596 -0.033193
v 0.000000 -0.162379 -0.026001
v 0.070899 -0.097584 -0.023317
v 0.390707 -0.126948 -0.066403
v 0.355991 -0.052903 -0.052476
v 0.323343 0.020941 -0.044145
v 0.295464 0.096002 -0.041409
v 0.319098 -0.166447 -0.052476
v 0.278935 -0.090631 -0.040639
v 0.240366 -0.012925 -0.033193
v 0.208447 0.067729 -0.030624
v 0.249282 -0.206998 -0.044145
v 0.202058 -0.130826 -0.033193
v 0.154432 -0.050178 -0.026001
v 0.114718 0.037274 -0.023317
v 0.241470 0.332355 -0.066403
v 0.160320 0.322219 -0.052476
v 0.080003 0.313989 -0.044145
v 0.000000 0.310669 -0.041409
v 0.256907 0.252045 -0.052476
v 0.172391 0.237276 -0.040639
v 0.086570 0.224607 -0.033193
v 0.000000 0.219175 -0.030624
v 0.273899 0.173115 -0.044145
v 0.186862 0.151740 -0.033193
v 0.095444 0.131367 -0.026001
v 0.000000 0.120621 -0.023317
v -0.241470 0.332355 -0.066403
v -0.256907 0.252045 -0.052476
v -0.273899 0.173115 -0.044145
v -0.295464 0.096002 -0.041409
v -0.160320 0.322219 -0.052476
v -0.172391 0.237276 -0.040639
v -0.186863 0.151740 -0.033193
v -0.208447 0.067729 -0.030624
v -0.080003 0.313989 -0.044145
v -0.086570 0.224607 -0.033193
v -0.095444 0.131367 -0.026001
v -0.114718 0.037274 -0.023317
v 0.000000 -0.000000 -0.606786
v -0.390707 -0.126948 -0.560415
v -0.355991 -0.052903 -0.574341
v -0.323343 0.020941 -0.582673
v -0.295464 0.096002 -0.585408
v -0.319098 -0.166447 -0.574341
v -0.278935 -0.090631 -0.586178
v -0.240366 -0.012925 -0.593624
v -0.208447 0.067729 -0.596193
v -0.249282 -0.206998 -0.582673
v -0.202058 -0.130826 -0.593624
v -0.154432 -0.050178 -0.600817
v -0.114718 0.037274 -0.603501
v -0.241470 0.332355 -0.560415
v -0.160320 0.322219 -0.574341
v -0.080003 0.313989 -0.582673
v 0.000000 0.310669 -0.585408
v -0.256907 0.252045 -0.574341
v -0.172391 0.237276 -0.586178
v -0.086570 0.224607 -0.593624
v 0.000000 0.219175 -0.596193
v -0.273899 0.173115 -0.582673
v -0.186862 0.151740 -0.593624
v -0.095444 0.131367 -0.600817
v 0.000000 0.120621 -0.603501
v 0.241470 0.332355 -0.560415
v 0.256907 0.252045 -0.574341
v 0.273899 0.173115 -0.582673
v 0.295464 0.096002 -0.585408
v 0.160320 0.322219 -0.574341
v 0.172391 0.237276 -0.586178
v 0.186863 0.151740 -0.593624
v 0.208447 0.067729 -0.596193
v 0.080003 0.313989 -0.582673
v 0.086570 0.224607 -0.593624
v 0.095444 0.131367 -0.600817
v 0.114718 0.037274 -0.603501
v 0.390707 -0.126948 -0.560415
v 0.319098 -0.166447 -0.574341
v 0.249282 -0.206998 -0.582673
v 0.182606 -0.251336 -0.585408
v 0.355991 -0.052903 -0.574341
v 0.278935 -0.090631 -0.586178
v 0.202058 -0.130826 -0.593624
v 0.128828 -0.177316 -0.596193
v 0.323343 0.020941 -0.582673
v 0.240366 -0.012925 -0.593624
v 0.154432 -0.050178 -0.600817
v 0.070899 -0.097584 -0.603501
v 0.000000 -0.410814 -0.560415
v -0.059694 -0.354915 -0.574341
v -0.119834 -0.301047 -0.582673
v -0.182606 -0.251336 -0.585408
v 0.059694 -0.354915 -0.574341
v 0.000000 -0.293289 -0.586178
v -0.061984 -0.232596 -0.593624
v -0.128828 -0.177316 -0.596193
v 0.119834 -0.301047 -0.582673
v 0.061984 -0.232596 -0.593624
v 0.000000 -0.162379 -0.600817
v -0.070899 -0.097584 -0.603501
v 0.835726 0.335838 -0.252252
v 0.856492 0.322325 -0.251773
v 0.872208 0.305780 -0.251088
v 0.882077 0.286604 -0.250788
v 0.885365 0.265290 -0.251088
v 0.882374 0.242667 -0.251773
v 0.873517 0.219529 -0.252252
v 0.850390 0.341105 -0.271523
v 0.874566 0.327601 -0.272091
v 0.891812 0.311569 -0.272061
v 0.901913 0.293049 -0.271959
v 0.904627 0.272129 -0.272061
v 0.900097 0.249022 -0.272091
v 0.888476 0.223887 -0.271523
v 0.859531 0.344796 -0.292119
v 0.885444 0.331167 -0.292670
v 0.903556 0.315256 -0.292793
v 0.913844 0.296926 -0.292773
v 0.916295 0.276049 -0.292793
v 0.910994 0.252531 -0.292670
v 0.898042 0.226274 -0.292119
v 0.862730 0.346150 -0.313409
v 0.889107 0.332464 -0.313409
v 0.907469 0.316549 -0.313409
v 0.917830 0.298221 -0.313409
v 0.920220 0.277304 -0.313409
v 0.914720 0.253635 -0.313409
v 0.901425 0.227058 -0.313409
v 0.859531 0.344796 -0.334699
v 0.885444 0.331167 -0.334147
v 0.903556 0.315256 -0.334025
v 0.913844 0.296926 -0.334044
v 0.916295 0.276049 -0.334025
v 0.910994 0.252531 -0.334147
v 0.898042 0.226274 -0.334699
v 0.850390 0.341105 -0.355294
v 0.874566 0.327601 -0.354727
v 0.891812 0.311569 -0.354757
v 0.901913 0.293049 -0.354858
v 0.904627 0.272129 -0.354757
v 0.900097 0.249022 -0.354727
v 0.888476 0.223887 -0.355294
v 0.835726 0.335838 -0.374566
v 0.856492 0.322325 -0.375044
v 0.872208 0.305780 -0.375729
v 0.882077 0.286604 -0.376029
v 0.885365 0.265290 -0.375729
v 0.882374 0.242667 -0.375044
v 0.873517 0.219529 -0.374566
v 0.527809 -0.030159 -0.103226
v 0.589828 0.022463 -0.122619
v 0.648286 0.069410 -0.142557
v 0.702250 0.110090 -0.162480
v 0.750551 0.144614 -0.181826
v 0.792222 0.173094 -0.200273
v 0.826478 0.195509 -0.217662
v 0.502732 0.027057 -0.085829
v 0.570323 0.068836 -0.105721
v 0.633464 0.107823 -0.126835
v 0.691342 0.142635 -0.148433
v 0.743124 0.172508 -0.169863
v 0.788303 0.197396 -0.190874
v 0.826546 0.217392 -0.211387
v 0.478966 0.087093 -0.076109
v 0.551023 0.119796 -0.096113
v 0.618243 0.150737 -0.117777
v 0.679783 0.178895 -0.140303
v 0.734886 0.203472 -0.162996
v 0.783207 0.224353 -0.185571
v 0.824515 0.241588 -0.207859
v 0.457380 0.148612 -0.073033
v 0.532735 0.173096 -0.093055
v 0.603153 0.195976 -0.114870
v 0.667628 0.216926 -0.137684
v 0.725285 0.235659 -0.160799
v 0.775775 0.252064 -0.183890
v 0.818879 0.266070 -0.206728
v 0.438683 0.211069 -0.076109
v 0.516201 0.226967 -0.096113
v 0.588771 0.241446 -0.117777
v 0.655107 0.254837 -0.140303
v 0.714133 0.267342 -0.162996
v 0.765499 0.278852 -0.185571
v 0.809048 0.289190 -0.207859
v 0.422623 0.273609 -0.085829
v 0.501861 0.279538 -0.105721
v 0.575860 0.285110 -0.126835
v 0.643146 0.290967 -0.148433
v 0.702597 0.297235 -0.169863
v 0.753777 0.303656 -0.190874
v 0.796470 0.309958 -0.211387
v 0.409280 0.334637 -0.103226
v 0.490385 0.328519 -0.122619
v 0.565272 0.324899 -0.142558
v 0.632842 0.323707 -0.162480
v 0.692210 0.324168 -0.181826
v 0.742663 0.325620 -0.200273
v 0.783553 0.327621 -0.217662
v 0.580140 -0.104223 -0.456974
v 0.626172 -0.040428 -0.444760
v 0.674556 0.015188 -0.431012
v 0.721753 0.063460 -0.417216
v 0.765231 0.105084 -0.404229
v 0.803345 0.140536 -0.392545
v 0.834716 0.170364 -0.382742
v 0.600402 -0.117660 -0.411361
v 0.640196 -0.055561 -0.404056
v 0.684495 0.000500 -0.394944
v 0.729446 0.050442 -0.385418
v 0.771949 0.094373 -0.376467
v 0.810303 0.132822 -0.368534
v 0.843205 0.166514 -0.361988
v 0.612305 -0.124432 -0.362988
v 0.649066 -0.063488 -0.359614
v 0.691050 -0.007474 -0.355111
v 0.734682 0.043274 -0.350254
v 0.776784 0.088588 -0.345691
v 0.815570 0.128918 -0.341680
v 0.849608 0.164880 -0.338390
v 0.616131 -0.126445 -0.313409
v 0.652109 -0.065844 -0.313409
v 0.693408 -0.009886 -0.313409
v 0.736616 0.041080 -0.313409
v 0.778636 0.086852 -0.313409
v 0.817629 0.127811 -0.313409
v 0.852069 0.164489 -0.313409
v 0.612305 -0.124432 -0.263830
v 0.649066 -0.063488 -0.267203
v 0.691050 -0.007474 -0.271707
v 0.734682 0.043274 -0.276563
v 0.776784 0.088588 -0.281127
v 0.815570 0.128918 -0.285138
v 0.849608 0.164880 -0.288427
v 0.600402 -0.117660 -0.215457
v 0.640196 -0.055561 -0.222762
v 0.684495 0.000500 -0.231874
v 0.729446 0.050442 -0.241400
v 0.771949 0.094373 -0.250351
v 0.810303 0.132822 -0.258284
v 0.843205 0.166514 -0.264830
v 0.580140 -0.104223 -0.169843
v 0.626172 -0.040428 -0.182057
v 0.674556 0.015188 -0.195805
v 0.721753 0.063460 -0.209601
v 0.765231 0.105084 -0.222589
v 0.803345 0.140536 -0.234273
v 0.834716 0.170364 -0.244075
v 0.409280 0.334637 -0.523592
v 0.490385 0.328519 -0.504199
v 0.565272 0.324899 -0.484260
v 0.632842 0.323707 -0.464338
v 0.692210 0.324168 -0.444991
v 0.742663 0.325620 -0.426545
v 0.783553 0.327621 -0.409156
v 0.422623 0.273609 -0.540988
v 0.501861 0.279538 -0.521097
v 0.575860 0.285110 -0.499982
v 0.643146 0.290967 -0.478384
v 0.702597 0.297235 -0.456955
v 0.753777 0.303656 -0.435944
v 0.796470 0.309958 -0.415432
v 0.438683 0.211069 -0.550709
v 0.516201 0.226967 -0.530705
v 0.588770 0.241446 -0.509040
v 0.655107 0.254837 -0.486514
v 0.714133 0.267342 -0.463822
v 0.765499 0.278852 -0.441247
v 0.809048 0.289190 -0.418959
v 0.457380 0.148611 -0.553785
v 0.532735 0.173096 -0.533763
v 0.603153 0.195976 -0.511948
v 0.667628 0.216926 -0.489134
v 0.725285 0.235659 -0.466019
v 0.775775 0.252064 -0.442928
v 0.818878 0.266070 -0.420090
v 0.478966 0.087093 -0.550709
v 0.551023 0.119796 -0.530705
v 0.618243 0.150737 -0.509040
v 0.679783 0.178895 -0.486514
v 0.734886 0.203472 -0.463823
v 0.783207 0.224353 -0.441247
v 0.824515 0.241588 -0.418959
v 0.502732 0.027057 -0.540988
v 0.570323 0.068836 -0.521097
v 0.633464 0.107823 -0.499982
v 0.691342 0.142635 -0.478384
v 0.743123 0.172508 -0.456955
v 0.788303 0.197396 -0.435944
v 0.826546 0.217392 -0.415432
v 0.527809 -0.030159 -0.523592
v 0.589828 0.022463 -0.504199
v 0.648286 0.069410 -0.484260
v 0.702250 0.110090 -0.464337
v 0.750551 0.144614 -0.444991
v 0.792222 0.173094 -0.426545
v 0.826478 0.195509 -0.409156
v 0.408083 0.425316 -0.169843
v 0.482821 0.400762 -0.182057
v 0.554655 0.384206 -0.195805
v 0.621211 0.372896 -0.209601
v 0.680852 0.364777 -0.222589
v 0.732524 0.358498 -0.234273
v 0.775438 0.352806 -0.244075
v 0.416577 0.448097 -0.215457
v 0.485271 0.421247 -0.222762
v 0.554062 0.401932 -0.231874
v 0.619783 0.387949 -0.241400
v 0.679991 0.377392 -0.250351
v 0.733620 0.368829 -0.258284
v 0.780041 0.360911 -0.264830
v 0.422226 0.460572 -0.263830
v 0.487788 0.432874 -0.267203
v 0.554678 0.412236 -0.271707
v 0.619807 0.396826 -0.276563
v 0.680502 0.384913 -0.281127
v 0.735586 0.375083 -0.285138
v 0.784261 0.365996 -0.288427
v 0.424138 0.464448 -0.313409
v 0.488866 0.436569 -0.313409
v 0.555168 0.415573 -0.313409
v 0.620081 0.399737 -0.313409
v 0.680980 0.387407 -0.313409
v 0.736601 0.377189 -0.313409
v 0.786023 0.367759 -0.313409
v 0.422226 0.460572 -0.362988
v 0.487788 0.432874 -0.359614
v 0.554678 0.412236 -0.355111
v 0.619807 0.396826 -0.350254
v 0.680502 0.384913 -0.345691
v 0.735586 0.375083 -0.341680
v 0.784261 0.365996 -0.338390
v 0.416577 0.448097 -0.411361
v 0.485271 0.421247 -0.404056
v 0.554062 0.401932 -0.394944
v 0.619783 0.387949 -0.385418
v 0.679991 0.377391 -0.376467
v 0.733620 0.368829 -0.368534
v 0.780041 0.360911 -0.361988
v 0.408083 0.425315 -0.456974
v 0.482821 0.400762 -0.444760
v 0.554655 0.384206 -0.431012
v 0.621211 0.372896 -0.417216
v 0.680852 0.364777 -0.404229
v 0.732524 0.358498 -0.392545
v 0.775438 0.352806 -0.382742
v -0.873517 0.219529 -0.252252
v -0.882375 0.242667 -0.251773
v -0.885365 0.265290 -0.251088
v -0.882077 0.286604 -0.250788
v -0.872208 0.305780 -0.251088
v -0.856492 0.322325 -0.251773
v -0.835726 0.335838 -0.252252
v -0.888476 0.223887 -0.271523
v -0.900097 0.249022 -0.272091
v -0.904627 0.272129 -0.272061
v -0.901913 0.293049 -0.271959
v -0.891812 0.311569 -0.272061
v -0.874566 0.327601 -0.272091
v -0.850390 0.341105 -0.271523
v -0.898042 0.226274 -0.292119
v -0.910994 0.252531 -0.292670
v -0.916295 0.276049 -0.292793
v -0.913844 0.296926 -0.292773
v -0.903556 0.315256 -0.292793
v -0.885444 0.331167 -0.292670
v -0.859531 0.344796 -0.292119
v -0.901425 0.227058 -0.313409
v -0.914720 0.253635 -0.313409
v -0.920220 0.277304 -0.313409
v -0.917830 0.298221 -0.313409
v -0.907469 0.316549 -0.313409
v -0.889107 0.332464 -0.313409
v -0.862730 0.346150 -0.313409
v -0.898042 0.226274 -0.334699
v -0.910994 0.252531 -0.334147
v -0.916295 0.276049 -0.334025
v -0.913844 0.296926 -0.334044
v -0.903556 0.315256 -0.334025
v -0.885444 0.331167 -0.334147
v -0.859531 0.344796 -0.334699
v -0.888476 0.223887 -0.355294
v -0.900097 0.249022 -0.354727
v -0.904627 0.272129 -0.354757
v -0.901914 0.293049 -0.354858
v -0.891812 0.311569 -0.354757
v -0.874566 0.327601 -0.354727
v -0.850390 0.341105 -0.355294
v -0.873517 0.219529 -0.374566
v -0.882374 0.242667 -0.375044
v -0.885365 0.265290 -0.375729
v -0.882077 0.286604 -0.376029
v -0.872208 0.305780 -0.375729
v -0.856492 0.322325 -0.375044
v -0.835726 0.335838 -0.374566
v -0.409280 0.334637 -0.103226
v -0.490385 0.328519 -0.122619
v -0.565272 0.324899 -0.142558
v -0.632842 0.323707 -0.162480
v -0.692210 0.324168 -0.181826
v -0.742663 0.325620 -0.200273
v -0.783553 0.327621 -0.217662
v -0.422623 0.273609 -0.085829
v -0.501861 0.279538 -0.105721
v -0.575860 0.285110 -0.126835
v -0.643146 0.290967 -0.148433
v -0.702597 0.297235 -0.169863
v -0.753777 0.303656 -0.190874
v -0.796470 0.309958 -0.211387
v -0.438683 0.211069 -0.076109
v -0.516201 0.226967 -0.096113
v -0.588770 0.241446 -0.117777
v -0.655107 0.254837 -0.140303
v -0.714133 0.267342 -0.162996
v -0.765499 0.278852 -0.185571
v -0.809048 0.289190 -0.207859
v -0.457380 0.148612 -0.073033
v -0.532735 0.173096 -0.093055
v -0.603153 0.195976 -0.114870
v -0.667628 0.216926 -0.137684
v -0.725285 0.235659 -0.160799
v -0.775775 0.252064 -0.183890
v -0.818878 0.266070 -0.206728
v -0.478966 0.087093 -0.076109
v -0.551023 0.119796 -0.096113
v -0.618243 0.150737 -0.117777
v -0.679783 0.178895 -0.140303
v -0.734886 0.203472 -0.162996
v -0.783207 0.224353 -0.185571
v -0.824515 0.241588 -0.207859
v -0.502732 0.027057 -0.085829
v -0.570323 0.068836 -0.105721
v -0.633464 0.107823 -0.126835
v -0.691342 0.142635 -0.148433
v -0.743124 0.172508 -0.169863
v -0.788303 0.197396 -0.190874
v -0.826546 0.217392 -0.211387
v -0.527809 -0.030159 -0.103226
v -0.589828 0.022463 -0.122619
v -0.648286 0.069410 -0.142557
v -0.702250 0.110090 -0.162480
v -0.750551 0.144614 -0.181826
v -0.792222 0.173094 -0.200273
v -0.826478 0.195509 -0.217662
v -0.408083 0.425315 -0.456974
v -0.482821 0.400762 -0.444760
v -0.554655 0.384206 -0.431012
v -0.621211 0.372896 -0.417216
v -0.680852 0.364777 -0.404229
v -0.732524 0.358498 -0.392545
v -0.775438 0.352806 -0.382742
v -0.416577 0.448097 -0.411361
v -0.485271 0.421247 -0.404056
v -0.554062 0.401932 -0.394944
v -0.619783 0.387949 -0.385418
v -0.679991 0.377392 -0.376467
v -0.733620 0.368829 -0.368534
v -0.780041 0.360911 -0.361988
v -0.422226 0.460572 -0.362988
v -0.487788 0.432874 -0.359614
v -0.554678 0.412236 -0.355111
v -0.619807 0.396826 -0.350254
v -0.680502 0.384913 -0.345691
v -0.735586 0.375083 -0.341680
v -0.784261 0.365996 -0.338390
v -0.424138 0.464448 -0.313409
v -0.488866 0.436569 -0.313409
v -0.555168 0.415573 -0.313409
v -0.620081 0.399737 -0.313409
v -0.680980 0.387407 -0.313409
v -0.736601 0.377189 -0.313409
v -0.786023 0.367759 -0.313409
v -0.422226 0.460572 -0.263830
v -0.487788 0.432874 -0.267203
v -0.554678 0.412236 -0.271707
v -0.619807 0.396826 -0.276563
v -0.680502 0.384913 -0.281127
v -0.735586 0.375083 -0.285138
v -0.784261 0.365996 -0.288427
v -0.416577 0.448097 -0.215457
v -0.485271 0.421247 -0.222762
v -0.554062 0.401932 -0.231874
v -0.619783 0.387949 -0.241400
v -0.679991 0.377391 -0.250351
v -0.733620 0.368829 -0.258284
v -0.780041 0.360911 -0.264830
v -0.408083 0.425316 -0.169843
v -0.482821 0.400762 -0.182057
v -0.554655 0.384206 -0.195805
v -0.621211 0.372896 -0.209601
v -0.680852 0.364777 -0.222589
v -0.732524 0.358498 -0.234273
v -0.775438 0.352806 -0.244075
v -0.527809 -0.030159 -0.523592
v -0.589828 0.022463 -0.504199
v -0.648286 0.069410 -0.484260
v -0.702250 0.110090 -0.464337
v -0.750551 0.144614 -0.444991
v -0.792222 0.173094 -0.426545
v -0.826478 0.195509 -0.409156
v -0.502732 0.027057 -0.540988
v -0.570323 0.068836 -0.521097
v -0.633464 0.107823 -0.499982
v -0.691342 0.142635 -0.478384
v -0.743124 0.172508 -0.456955
v -0.788303 0.197396 -0.435944
v -0.826546 0.217392 -0.415432
v -0.478966 0.087093 -0.550709
v -0.551023 0.119796 -0.530705
v -0.618243 0.150737 -0.509040
v -0.679783 0.178895 -0.486514
v -0.734886 0.203472 -0.463822
v -0.783207 0.224353 -0.441247
v -0.824515 0.241588 -0.418959
v -0.457380 0.148611 -0.553785
v -0.532735 0.173096 -0.533763
v -0.603153 0.195976 -0.511948
v -0.667628 0.216926 -0.489134
v -0.725285 0.235659 -0.466019
v -0.775775 0.252064 -0.442928
v -0.818879 0.266070 -0.420090
v -0.438683 0.211069 -0.550709
v -0.516201 0.226967 -0.530705
v -0.588770 0.241446 -0.509040
v -0.655107 0.254837 -0.486514
v -0.714133 0.267342 -0.463823
v -0.765499 0.278852 -0.441247
v -0.809048 0.289190 -0.418959
v -0.422623 0.273609 -0.540988
v -0.501861 0.279538 -0.521097
v -0.575860 0.285110 -0.499982
v -0.643146 0.290967 -0.478384
v -0.702597 0.297235 -0.456955
v -0.753777 0.303656 -0.435944
v -0.796470 0.309958 -0.415432
v -0.409280 0.334637 -0.523592
v -0.490385 0.328519 -0.504199
v -0.565272 0.324899 -0.484260
v -0.632842 0.323707 -0.464338
v -0.692210 0.324168 -0.444991
v -0.742663 0.325620 -0.426545
v -0.783553 0.327621 -0.409156
v -0.580140 -0.104223 -0.169843
v -0.626172 -0.040428 -0.182057
v -0.674555 0.015188 -0.195805
v -0.721753 0.063460 -0.209601
v -0.765231 0.105084 -0.222589
v -0.803345 0.140536 -0.234273
v -0.834716 0.170364 -0.244075
v -0.600402 -0.117660 -0.215457
v -0.640196 -0.055561 -0.222762
v -0.684495 0.000500 -0.231874
v -0.729446 0.050442 -0.241400
v -0.771949 0.094373 -0.250351
v -0.810303 0.132822 -0.258284
v -0.843205 0.166514 -0.264830
v -0.612305 -0.124432 -0.263830
v -0.649066 -0.063488 -0.267203
v -0.691050 -0.007474 -0.271707
v -0.734682 0.043274 -0.276563
v -0.776784 0.088588 -0.281127
v -0.815570 0.128918 -0.285138
v -0.849608 0.164880 -0.288427
v -0.616131 -0.126445 -0.313409
v -0.652109 -0.065844 -0.313409
v -0.693408 -0.009886 -0.313409
v -0.736616 0.041080 -0.313409
v -0.778636 0.086852 -0.313409
v -0.817629 0.127811 -0.313409
v -0.852069 0.164489 -0.313409
v -0.612305 -0.124432 -0.362988
v -0.649066 -0.063488 -0.359614
v -0.691050 -0.007474 -0.355111
v -0.734682 0.043274 -0.350254
v -0.776784 0.088588 -0.345691
v -0.815570 0.128918 -0.341680
v -0.849608 0.164880 -0.338390
v -0.600402 -0.117660 -0.411361
v -0.640196 -0.055561 -0.404056
v -0.684495 0.000500 -0.394944
v -0.729446 0.050442 -0.385418
v -0.771949 0.094373 -0.376467
v -0.810303 0.132822 -0.368534
v -0.843205 0.166514 -0.361988
v -0.580140 -0.104223 -0.456974
v -0.626172 -0.040428 -0.444760
v -0.674556 0.015188 -0.431012
v -0.721753 0.063460 -0.417216
v -0.765231 0.105084 -0.404229
v -0.803345 0.140536 -0.392545
v -0.834716 0.170364 -0.382742
v 0.577655 -0.691043 -0.252252
v 0.571220 -0.714968 -0.251773
v 0.560342 -0.735028 -0.251088
v 0.545154 -0.750340 -0.250788
v 0.525899 -0.760053 -0.251088
v 0.503459 -0.764200 -0.251773
v 0.478716 -0.762926 -0.252252
v 0.587195 -0.703362 -0.271523
v 0.581823 -0.730527 -0.272091
v 0.571905 -0.751883 -0.272061
v 0.557413 -0.767213 -0.271959
v 0.538355 -0.776259 -0.272060
v 0.514980 -0.779092 -0.272091
v 0.487483 -0.775807 -0.271523
v 0.593530 -0.710916 -0.292118
v 0.588575 -0.739771 -0.292670
v 0.579041 -0.761914 -0.292793
v 0.564787 -0.777363 -0.292773
v 0.545689 -0.786145 -0.292793
v 0.521684 -0.788370 -0.292670
v 0.492710 -0.784166 -0.292118
v 0.595807 -0.713538 -0.313409
v 0.590941 -0.742854 -0.313409
v 0.581479 -0.765235 -0.313409
v 0.567250 -0.780753 -0.313409
v 0.548095 -0.789490 -0.313409
v 0.523885 -0.791573 -0.313409
v 0.494501 -0.787141 -0.313409
v 0.593530 -0.710916 -0.334699
v 0.588576 -0.739771 -0.334147
v 0.579041 -0.761914 -0.334025
v 0.564787 -0.777363 -0.334044
v 0.545689 -0.786144 -0.334025
v 0.521684 -0.788370 -0.334147
v 0.492710 -0.784166 -0.334699
v 0.587195 -0.703362 -0.355294
v 0.581823 -0.730527 -0.354727
v 0.571905 -0.751883 -0.354757
v 0.557413 -0.767213 -0.354858
v 0.538355 -0.776259 -0.354757
v 0.514980 -0.779092 -0.354727
v 0.487483 -0.775807 -0.355294
v 0.577655 -0.691043 -0.374566
v 0.571220 -0.714968 -0.375044
v 0.560342 -0.735028 -0.375729
v 0.545154 -0.750340 -0.376029
v 0.525899 -0.760053 -0.375729
v 0.503459 -0.764200 -0.375044
v 0.478716 -0.762926 -0.374566
v 0.134419 -0.511296 -0.103226
v 0.203631 -0.554018 -0.122619
v 0.266343 -0.595108 -0.142557
v 0.321709 -0.633859 -0.162480
v 0.369468 -0.669128 -0.181826
v 0.409432 -0.699958 -0.200273
v 0.441336 -0.725612 -0.217662
v 0.181086 -0.469766 -0.085829
v 0.241706 -0.521138 -0.105721
v 0.298297 -0.569141 -0.126835
v 0.349290 -0.613429 -0.148433
v 0.393703 -0.653445 -0.169863
v 0.431334 -0.688722 -0.190874
v 0.462169 -0.718914 -0.211386
v 0.230839 -0.428610 -0.076109
v 0.284208 -0.487035 -0.096113
v 0.334407 -0.541404 -0.117777
v 0.380203 -0.591230 -0.140303
v 0.420605 -0.636041 -0.162996
v 0.455397 -0.675545 -0.185571
v 0.484552 -0.709505 -0.207859
v 0.282676 -0.389071 -0.073033
v 0.329248 -0.453172 -0.093055
v 0.372769 -0.513072 -0.114870
v 0.412617 -0.567918 -0.137684
v 0.448251 -0.616965 -0.160799
v 0.479456 -0.659913 -0.183890
v 0.506094 -0.696580 -0.206728
v 0.336299 -0.351989 -0.076109
v 0.375373 -0.420799 -0.096113
v 0.411569 -0.485343 -0.117777
v 0.444804 -0.544295 -0.140303
v 0.474937 -0.596567 -0.162996
v 0.501756 -0.641863 -0.185571
v 0.525045 -0.680086 -0.207859
v 0.390815 -0.317388 -0.085829
v 0.420940 -0.390917 -0.105721
v 0.449106 -0.459572 -0.126835
v 0.475469 -0.521755 -0.148433
v 0.499802 -0.576359 -0.169863
v 0.521724 -0.623050 -0.190874
v 0.540910 -0.661706 -0.211386
v 0.444733 -0.285839 -0.103226
v 0.463978 -0.364865 -0.122619
v 0.483676 -0.437206 -0.142557
v 0.503422 -0.501837 -0.162480
v 0.522207 -0.558157 -0.181826
v 0.539179 -0.605692 -0.200273
v 0.553718 -0.643962 -0.217662
v 0.080151 -0.583952 -0.456974
v 0.155048 -0.608018 -0.444760
v 0.222894 -0.636847 -0.431012
v 0.283388 -0.666818 -0.417216
v 0.336410 -0.695305 -0.404229
v 0.381904 -0.720598 -0.392545
v 0.419968 -0.741217 -0.382742
v 0.073634 -0.607375 -0.411361
v 0.144990 -0.626032 -0.404056
v 0.211996 -0.650839 -0.394944
v 0.273384 -0.678157 -0.385418
v 0.328299 -0.705004 -0.376467
v 0.376719 -0.729600 -0.368534
v 0.418928 -0.750480 -0.361988
v 0.070871 -0.620788 -0.362988
v 0.140192 -0.636917 -0.359614
v 0.206438 -0.659538 -0.355111
v 0.268186 -0.685352 -0.350254
v 0.324292 -0.711390 -0.345691
v 0.374633 -0.735815 -0.341680
v 0.419354 -0.757074 -0.338390
v 0.070139 -0.625049 -0.313409
v 0.138892 -0.640540 -0.313409
v 0.204873 -0.662525 -0.313409
v 0.266696 -0.687868 -0.313409
v 0.323213 -0.713688 -0.313409
v 0.374217 -0.738116 -0.313409
v 0.419742 -0.759536 -0.313409
v 0.070871 -0.620788 -0.263830
v 0.140192 -0.636917 -0.267203
v 0.206438 -0.659538 -0.271706
v 0.268186 -0.685352 -0.276563
v 0.324292 -0.711390 -0.281127
v 0.374633 -0.735815 -0.285138
v 0.419354 -0.757074 -0.288427
v 0.073634 -0.607375 -0.215457
v 0.144990 -0.626032 -0.222762
v 0.211996 -0.650839 -0.231874
v 0.273384 -0.678157 -0.241400
v 0.328299 -0.705004 -0.250351
v 0.376719 -0.729600 -0.258284
v 0.418928 -0.750480 -0.264830
v 0.080151 -0.583952 -0.169843
v 0.155048 -0.608018 -0.182057
v 0.222894 -0.636847 -0.195805
v 0.283388 -0.666818 -0.209601
v 0.336410 -0.695305 -0.222589
v 0.381904 -0.720598 -0.234273
v 0.419968 -0.741217 -0.244075
v 0.444733 -0.285839 -0.523592
v 0.463978 -0.364866 -0.504199
v 0.483676 -0.437206 -0.484260
v 0.503423 -0.501837 -0.464337
v 0.522207 -0.558158 -0.444991
v 0.539179 -0.605692 -0.426545
v 0.553718 -0.643962 -0.409156
v 0.390815 -0.317388 -0.540988
v 0.420940 -0.390917 -0.521097
v 0.449106 -0.459572 -0.499982
v 0.475469 -0.521755 -0.478384
v 0.499802 -0.576359 -0.456955
v 0.521724 -0.623050 -0.435944
v 0.540910 -0.661706 -0.415431
v 0.336299 -0.351989 -0.550709
v 0.375373 -0.420800 -0.530705
v 0.411569 -0.485343 -0.509040
v 0.444804 -0.544295 -0.486514
v 0.474937 -0.596568 -0.463822
v 0.501756 -0.641863 -0.441247
v 0.525045 -0.680086 -0.418959
v 0.282676 -0.389071 -0.553785
v 0.329248 -0.453172 -0.533763
v 0.372769 -0.513072 -0.511948
v 0.412617 -0.567918 -0.489134
v 0.448251 -0.616965 -0.466019
v 0.479456 -0.659913 -0.442927
v 0.506094 -0.696580 -0.420090
v 0.230839 -0.428610 -0.550709
v 0.284208 -0.487036 -0.530705
v 0.334407 -0.541404 -0.509040
v 0.380204 -0.591230 -0.486514
v 0.420605 -0.636041 -0.463822
v 0.455397 -0.675545 -0.441247
v 0.484552 -0.709506 -0.418959
v 0.181086 -0.469766 -0.540988
v 0.241706 -0.521138 -0.521097
v 0.298297 -0.569141 -0.499982
v 0.349290 -0.613429 -0.478384
v 0.393703 -0.653445 -0.456955
v 0.431334 -0.688723 -0.435944
v 0.462169 -0.718914 -0.415431
v 0.134419 -0.511296 -0.523592
v 0.203631 -0.554018 -0.504199
v 0.266343 -0.595108 -0.484260
v 0.321709 -0.633860 -0.464337
v 0.369469 -0.669128 -0.444991
v 0.409432 -0.699959 -0.426545
v 0.441336 -0.725612 -0.409156
v 0.530603 -0.256680 -0.169843
v 0.530347 -0.335347 -0.182057
v 0.536799 -0.408782 -0.195805
v 0.546610 -0.475576 -0.209601
v 0.557318 -0.534806 -0.222589
v 0.567315 -0.585890 -0.234273
v 0.575162 -0.628462 -0.244075
v 0.554894 -0.257719 -0.215457
v 0.550587 -0.331348 -0.222762
v 0.553475 -0.402740 -0.231874
v 0.560486 -0.469566 -0.241400
v 0.569049 -0.530089 -0.250351
v 0.577478 -0.583740 -0.258284
v 0.584293 -0.630336 -0.264830
v 0.568504 -0.259236 -0.263830
v 0.562422 -0.330148 -0.267203
v 0.563465 -0.400142 -0.271707
v 0.568934 -0.466845 -0.276563
v 0.576361 -0.528251 -0.281127
v 0.584034 -0.583677 -0.285138
v 0.590433 -0.632778 -0.288427
v 0.572782 -0.259857 -0.313409
v 0.566269 -0.330032 -0.313409
v 0.566789 -0.399577 -0.313409
v 0.571788 -0.466207 -0.313409
v 0.578880 -0.527935 -0.313409
v 0.586350 -0.583992 -0.313409
v 0.592654 -0.633909 -0.313409
v 0.568504 -0.259236 -0.362988
v 0.562422 -0.330148 -0.359614
v 0.563465 -0.400142 -0.355111
v 0.568934 -0.466845 -0.350254
v 0.576361 -0.528251 -0.345691
v 0.584034 -0.583677 -0.341680
v 0.590433 -0.632778 -0.338390
v 0.554894 -0.257719 -0.411361
v 0.550587 -0.331348 -0.404056
v 0.553475 -0.402740 -0.394944
v 0.560486 -0.469566 -0.385418
v 0.569049 -0.530089 -0.376467
v 0.577478 -0.583740 -0.368534
v 0.584293 -0.630336 -0.361988
v 0.530603 -0.256680 -0.456974
v 0.530347 -0.335347 -0.444760
v 0.536799 -0.408782 -0.431012
v 0.546610 -0.475576 -0.417216
v 0.557318 -0.534806 -0.404229
v 0.567315 -0.585890 -0.392545
v 0.575162 -0.628462 -0.382742
v -0.061147 0.898602 -0.252252
v -0.041879 0.914176 -0.251773
v -0.021287 0.924011 -0.251088
v 0.000000 0.927471 -0.250788
v 0.021287 0.924011 -0.251088
v 0.041879 0.914176 -0.251773
v 0.061147 0.898602 -0.252252
v -0.061625 0.914176 -0.271523
v -0.041311 0.932996 -0.272091
v -0.020735 0.944444 -0.272061
v 0.000000 0.948328 -0.271959
v 0.020735 0.944444 -0.272061
v 0.041311 0.932996 -0.272091
v 0.061625 0.914176 -0.271523
v -0.062311 0.924011 -0.292119
v -0.041342 0.944444 -0.292670
v -0.020612 0.956752 -0.292793
v 0.000000 0.960873 -0.292773
v 0.020612 0.956752 -0.292793
v 0.041342 0.944444 -0.292670
v 0.062311 0.924011 -0.292119
v -0.062611 0.927471 -0.313409
v -0.041443 0.948328 -0.313409
v -0.020632 0.960873 -0.313409
v 0.000000 0.965064 -0.313409
v 0.020632 0.960873 -0.313409
v 0.041443 0.948328 -0.313409
v 0.062611 0.927471 -0.313409
v -0.062311 0.924011 -0.334699
v -0.041342 0.944444 -0.334147
v -0.020612 0.956752 -0.334025
v 0.000000 0.960873 -0.334044
v 0.020612 0.956752 -0.334025
v 0.041342 0.944444 -0.334147
v 0.062311 0.924011 -0.334699
v -0.061625 0.914176 -0.355294
v -0.041311 0.932996 -0.354727
v -0.020735 0.944444 -0.354757
v 0.000000 0.948328 -0.354858
v 0.020735 0.944444 -0.354757
v 0.041311 0.932996 -0.354727
v 0.061625 0.914176 -0.355294
v -0.061147 0.898602 -0.374566
v -0.041879 0.914176 -0.375044
v -0.021287 0.924011 -0.375729
v 0.000000 0.927471 -0.376029
v 0.021287 0.924011 -0.375729
v 0.041879 0.914176 -0.375044
v 0.061147 0.898602 -0.374566
v 0.191784 0.492657 -0.103226
v 0.160903 0.567902 -0.122619
v 0.134319 0.638005 -0.142558
v 0.112305 0.701899 -0.162480
v 0.094397 0.758504 -0.181826
v 0.080188 0.806937 -0.200273
v 0.069455 0.846443 -0.217662
v 0.129620 0.486488 -0.085829
v 0.110773 0.563681 -0.105721
v 0.093205 0.635780 -0.126835
v 0.077983 0.701582 -0.148434
v 0.065573 0.760060 -0.169863
v 0.055864 0.810720 -0.190874
v 0.048664 0.853270 -0.211387
v 0.065178 0.482437 -0.076109
v 0.056343 0.561073 -0.096113
v 0.047688 0.634565 -0.117777
v 0.039925 0.701793 -0.140304
v 0.033578 0.761794 -0.162996
v 0.028652 0.814203 -0.185571
v 0.025026 0.858815 -0.207859
v 0.000000 0.480917 -0.073033
v 0.000000 0.560151 -0.093055
v 0.000000 0.634193 -0.114870
v 0.000000 0.701985 -0.137684
v 0.000000 0.762610 -0.160799
v 0.000000 0.815698 -0.183890
v 0.000000 0.861019 -0.206728
v -0.065178 0.482437 -0.076109
v -0.056343 0.561073 -0.096113
v -0.047688 0.634565 -0.117777
v -0.039925 0.701793 -0.140304
v -0.033578 0.761794 -0.162996
v -0.028652 0.814203 -0.185571
v -0.025026 0.858815 -0.207859
v -0.129620 0.486488 -0.085829
v -0.110773 0.563681 -0.105721
v -0.093205 0.635780 -0.126835
v -0.077983 0.701582 -0.148434
v -0.065573 0.760060 -0.169863
v -0.055864 0.810720 -0.190874
v -0.048664 0.853270 -0.211387
v -0.191784 0.492657 -0.103226
v -0.160903 0.567902 -0.122619
v -0.134319 0.638005 -0.142558
v -0.112305 0.701899 -0.162480
v -0.094397 0.758504 -0.181826
v -0.080188 0.806937 -0.200273
v -0.069455 0.846443 -0.217662
v 0.278395 0.519539 -0.456974
v 0.231947 0.583032 -0.444760
v 0.194004 0.646234 -0.431012
v 0.162680 0.706038 -0.417216
v 0.136529 0.760251 -0.404229
v 0.114590 0.807454 -0.392545
v 0.095915 0.846508 -0.382742
v 0.297436 0.534658 -0.411361
v 0.250673 0.591694 -0.404056
v 0.211045 0.651148 -0.394944
v 0.177438 0.709332 -0.385418
v 0.148792 0.763330 -0.376467
v 0.124076 0.811688 -0.368534
v 0.102201 0.853391 -0.361988
v 0.307554 0.543885 -0.362988
v 0.260953 0.597679 -0.359614
v 0.220655 0.654918 -0.355111
v 0.185873 0.712097 -0.350254
v 0.155787 0.766141 -0.345691
v 0.129417 0.815491 -0.341680
v 0.105733 0.858976 -0.338390
v 0.310651 0.546902 -0.313409
v 0.264134 0.599846 -0.313409
v 0.223676 0.656415 -0.313409
v 0.188557 0.713258 -0.313409
v 0.158011 0.767365 -0.313409
v 0.131106 0.817107 -0.313409
v 0.106865 0.861196 -0.313409
v 0.307554 0.543885 -0.263830
v 0.260953 0.597679 -0.267203
v 0.220655 0.654918 -0.271707
v 0.185873 0.712097 -0.276563
v 0.155787 0.766141 -0.281127
v 0.129417 0.815491 -0.285138
v 0.105733 0.858976 -0.288427
v 0.297436 0.534658 -0.215457
v 0.250673 0.591693 -0.222762
v 0.211045 0.651148 -0.231874
v 0.177438 0.709332 -0.241400
v 0.148792 0.763330 -0.250351
v 0.124076 0.811688 -0.258284
v 0.102201 0.853391 -0.264830
v 0.278395 0.519539 -0.169843
v 0.231947 0.583032 -0.182057
v 0.194004 0.646234 -0.195805
v 0.162680 0.706038 -0.209601
v 0.136529 0.760251 -0.222589
v 0.114590 0.807454 -0.234273
v 0.095915 0.846508 -0.244075
v -0.191784 0.492657 -0.523592
v -0.160903 0.567902 -0.504199
v -0.134319 0.638005 -0.484260
v -0.112305 0.701899 -0.464338
v -0.094397 0.758504 -0.444991
v -0.080188 0.806937 -0.426545
v -0.069455 0.846443 -0.409156
v -0.129620 0.486488 -0.540989
v -0.110773 0.563680 -0.521097
v -0.093205 0.635780 -0.499982
v -0.077983 0.701582 -0.478384
v -0.065573 0.760060 -0.456955
v -0.055864 0.810720 -0.435944
v -0.048664 0.853270 -0.415432
v -0.065178 0.482437 -0.550709
v -0.056343 0.561072 -0.530705
v -0.047688 0.634565 -0.509040
v -0.039925 0.701793 -0.486514
v -0.033578 0.761794 -0.463822
v -0.028652 0.814203 -0.441247
v -0.025026 0.858815 -0.418959
v 0.000000 0.480917 -0.553785
v 0.000000 0.560151 -0.533763
v 0.000000 0.634193 -0.511948
v 0.000000 0.701985 -0.489134
v 0.000000 0.762610 -0.466019
v 0.000000 0.815698 -0.442928
v 0.000000 0.861019 -0.420090
v 0.065178 0.482437 -0.550709
v 0.056343 0.561072 -0.530705
v 0.047688 0.634565 -0.509040
v 0.039925 0.701793 -0.486514
v 0.033578 0.761794 -0.463823
v 0.028652 0.814203 -0.441247
v 0.025026 0.858815 -0.418959
v 0.129620 0.486488 -0.540989
v 0.110773 0.563680 -0.521097
v 0.093205 0.635780 -0.499982
v 0.077983 0.701582 -0.478384
v 0.065573 0.760060 -0.456955
v 0.055864 0.810720 -0.435944
v 0.048664 0.853270 -0.415432
v 0.191784 0.492657 -0.523592
v 0.160903 0.567902 -0.504199
v 0.134319 0.638005 -0.484260
v 0.112305 0.701899 -0.464338
v 0.094397 0.758504 -0.444991
v 0.080188 0.806937 -0.426545
v 0.069455 0.846443 -0.409156
v -0.278395 0.519539 -0.169843
v -0.231947 0.583032 -0.182057
v -0.194004 0.646234 -0.195805
v -0.162680 0.706038 -0.209601
v -0.136529 0.760251 -0.222589
v -0.114590 0.807454 -0.234273
v -0.095915 0.846508 -0.244075
v -0.297436 0.534658 -0.215457
v -0.250673 0.591694 -0.222762
v -0.211045 0.651148 -0.231874
v -0.177438 0.709332 -0.241400
v -0.148792 0.763330 -0.250351
v -0.124076 0.811688 -0.258284
v -0.102201 0.853391 -0.264830
v -0.307554 0.543885 -0.263830
v -0.260953 0.597679 -0.267203
v -0.220655 0.654918 -0.271707
v -0.185873 0.712097 -0.276563
v -0.155787 0.766141 -0.281127
v -0.129417 0.815491 -0.285138
v -0.105733 0.858976 -0.288427
v -0.310651 0.546902 -0.313409
v -0.264134 0.599846 -0.313409
v -0.223676 0.656415 -0.313409
v -0.188557 0.713258 -0.313409
v -0.158011 0.767365 -0.313409
v -0.131106 0.817107 -0.313409
v -0.106865 0.861196 -0.313409
v -0.307554 0.543885 -0.362988
v -0.260953 0.597679 -0.359614
v -0.220655 0.654918 -0.355111
v -0.185873 0.712097 -0.350254
v -0.155787 0.766141 -0.345691
v -0.129417 0.815491 -0.341680
v -0.105733 0.858976 -0.338390
v -0.297436 0.534658 -0.411361
v -0.250673 0.591693 -0.404056
v -0.211045 0.651148 -0.394944
v -0.177438 0.709332 -0.385418
v -0.148792 0.763330 -0.376467
v -0.124076 0.811688 -0.368534
v -0.102201 0.853391 -0.361988
v -0.278395 0.519539 -0.456974
v -0.231947 0.583032 -0.444760
v -0.194004 0.646234 -0.431012
v -0.162680 0.706038 -0.417216
v -0.136529 0.760251 -0.404229
v -0.114590 0.807454 -0.392545
v -0.095915 0.846508 -0.382742
v -0.478716 -0.762926 -0.252252
v -0.503459 -0.764200 -0.251773
v -0.525899 -0.760053 -0.251088
v -0.545154 -0.750340 -0.250788
v -0.560342 -0.735028 -0.251088
v -0.571220 -0.714968 -0.251773
v -0.577655 -0.691044 -0.252252
v -0.487483 -0.775807 -0.271523
v -0.514980 -0.779092 -0.272091
v -0.538355 -0.776259 -0.272061
v -0.557413 -0.767213 -0.271959
v -0.571905 -0.751883 -0.272060
v -0.581823 -0.730527 -0.272091
v -0.587195 -0.703362 -0.271523
v -0.492710 -0.784166 -0.292118
v -0.521684 -0.788370 -0.292670
v -0.545689 -0.786145 -0.292793
v -0.564787 -0.777363 -0.292773
v -0.579041 -0.761914 -0.292793
v -0.588576 -0.739771 -0.292670
v -0.593530 -0.710916 -0.292118
v -0.494501 -0.787141 -0.313409
v -0.523885 -0.791573 -0.313409
v -0.548095 -0.789490 -0.313409
v -0.567250 -0.780753 -0.313409
v -0.581479 -0.765235 -0.313409
v -0.590941 -0.742854 -0.313409
v -0.595807 -0.713538 -0.313409
v -0.492710 -0.784166 -0.334699
v -0.521684 -0.788370 -0.334147
v -0.545689 -0.786145 -0.334025
v -0.564787 -0.777363 -0.334044
v -0.579041 -0.761914 -0.334025
v -0.588576 -0.739771 -0.334147
v -0.593530 -0.710916 -0.334699
v -0.487483 -0.775807 -0.355294
v -0.514980 -0.779092 -0.354727
v -0.538355 -0.776259 -0.354757
v -0.557413 -0.767213 -0.354858
v -0.571905 -0.751883 -0.354757
v -0.581823 -0.730527 -0.354727
v -0.587195 -0.703362 -0.355294
v -0.478716 -0.762926 -0.374566
v -0.503459 -0.764200 -0.375044
v -0.525899 -0.760053 -0.375729
v -0.545154 -0.750340 -0.376029
v -0.560342 -0.735028 -0.375729
v -0.571220 -0.714968 -0.375044
v -0.577654 -0.691043 -0.374566
v -0.444733 -0.285839 -0.103226
v -0.463978 -0.364866 -0.122619
v -0.483676 -0.437206 -0.142557
v -0.503423 -0.501837 -0.162480
v -0.522207 -0.558157 -0.181826
v -0.539179 -0.605692 -0.200273
v -0.553718 -0.643962 -0.217662
v -0.390815 -0.317388 -0.085829
v -0.420940 -0.390917 -0.105721
v -0.449106 -0.459572 -0.126835
v -0.475469 -0.521755 -0.148433
v -0.499802 -0.576359 -0.169863
v -0.521724 -0.623050 -0.190874
v -0.540910 -0.661706 -0.211386
v -0.336299 -0.351989 -0.076109
v -0.375373 -0.420799 -0.096113
v -0.411569 -0.485343 -0.117777
v -0.444804 -0.544295 -0.140303
v -0.474937 -0.596567 -0.162996
v -0.501756 -0.641863 -0.185571
v -0.525045 -0.680086 -0.207859
v -0.282676 -0.389071 -0.073033
v -0.329248 -0.453172 -0.093055
v -0.372769 -0.513072 -0.114870
v -0.412617 -0.567918 -0.137684
v -0.448251 -0.616965 -0.160799
v -0.479456 -0.659914 -0.183890
v -0.506094 -0.696580 -0.206728
v -0.230839 -0.428610 -0.076109
v -0.284208 -0.487035 -0.096113
v -0.334407 -0.541404 -0.117777
v -0.380203 -0.591230 -0.140303
v -0.420605 -0.636041 -0.162996
v -0.455397 -0.675545 -0.185571
v -0.484552 -0.709505 -0.207859
v -0.181086 -0.469766 -0.085829
v -0.241706 -0.521138 -0.105721
v -0.298297 -0.569141 -0.126835
v -0.349290 -0.613429 -0.148433
v -0.393703 -0.653445 -0.169863
v -0.431334 -0.688722 -0.190874
v -0.462169 -0.718915 -0.211386
v -0.134419 -0.511296 -0.103226
v -0.203631 -0.554018 -0.122619
v -0.266343 -0.595108 -0.142557
v -0.321709 -0.633859 -0.162480
v -0.369469 -0.669128 -0.181826
v -0.409432 -0.699958 -0.200273
v -0.441336 -0.725612 -0.217662
v -0.530603 -0.256680 -0.456974
v -0.530347 -0.335347 -0.444760
v -0.536799 -0.408782 -0.431012
v -0.546610 -0.475576 -0.417216
v -0.557318 -0.534806 -0.404229
v -0.567315 -0.585890 -0.392545
v -0.575162 -0.628462 -0.382742
v -0.554894 -0.257719 -0.411361
v -0.550587 -0.331348 -0.404056
v -0.553475 -0.402740 -0.394944
v -0.560486 -0.469566 -0.385418
v -0.569049 -0.530089 -0.376467
v -0.577478 -0.583740 -0.368534
v -0.584293 -0.630336 -0.361988
v -0.568504 -0.259236 -0.362988
v -0.562422 -0.330148 -0.359614
v -0.563465 -0.400142 -0.355111
v -0.568934 -0.466845 -0.350254
v -0.576361 -0.528252 -0.345691
v -0.584034 -0.583677 -0.341680
v -0.590433 -0.632778 -0.338390
v -0.572782 -0.259857 -0.313409
v -0.566269 -0.330032 -0.313409
v -0.566789 -0.399577 -0.313409
v -0.571788 -0.466207 -0.313409
v -0.578880 -0.527935 -0.313409
v -0.586350 -0.583992 -0.313409
v -0.592654 -0.633909 -0.313409
v -0.568504 -0.259236 -0.263830
v -0.562422 -0.330148 -0.267203
v -0.563465 -0.400142 -0.271707
v -0.568934 -0.466845 -0.276563
v -0.576361 -0.528251 -0.281127
v -0.584034 -0.583677 -0.285138
v -0.590433 -0.632778 -0.288427
v -0.554894 -0.257719 -0.215457
v -0.550587 -0.331348 -0.222762
v -0.553475 -0.402740 -0.231874
v -0.560486 -0.469566 -0.241400
v -0.569049 -0.530089 -0.250351
v -0.577478 -0.583740 -0.258284
v -0.584293 -0.630336 -0.264830
v -0.530603 -0.256680 -0.169843
v -0.530347 -0.335347 -0.182057
v -0.536799 -0.408782 -0.195805
v -0.546610 -0.475576 -0.209601
v -0.557318 -0.534806 -0.222589
v -0.567315 -0.585890 -0.234273
v -0.575162 -0.628462 -0.244075
v -0.134419 -0.511296 -0.523592
v -0.203631 -0.554018 -0.504199
v -0.266343 -0.595108 -0.484260
v -0.321709 -0.633860 -0.464337
v -0.369468 -0.669128 -0.444991
v -0.409432 -0.699959 -0.426545
v -0.441336 -0.725612 -0.409156
v -0.181086 -0.469766 -0.540988
v -0.241706 -0.521138 -0.521097
v -0.298297 -0.569141 -0.499982
v -0.349290 -0.613429 -0.478384
v -0.393703 -0.653445 -0.456955
v -0.431334 -0.688723 -0.435944
v -0.462169 -0.718915 -0.415431
v -0.230839 -0.428610 -0.550709
v -0.284208 -0.487036 -0.530705
v -0.334407 -0.541404 -0.509040
v -0.380203 -0.591230 -0.486514
v -0.420605 -0.636041 -0.463822
v -0.455397 -0.675545 -0.441247
v -0.484552 -0.709506 -0.418959
v -0.282676 -0.389071 -0.553785
v -0.329248 -0.453172 -0.533763
v -0.372769 -0.513073 -0.511948
v -0.412617 -0.567918 -0.489134
v -0.448251 -0.616965 -0.466019
v -0.479456 -0.659914 -0.442927
v -0.506094 -0.696580 -0.420090
v -0.336299 -0.351989 -0.550709
v -0.375373 -0.420800 -0.530705
v -0.411569 -0.485343 -0.509040
v -0.444804 -0.544295 -0.486514
v -0.474937 -0.596568 -0.463822
v -0.501756 -0.641863 -0.441247
v -0.525045 -0.680086 -0.418959
v -0.390815 -0.317388 -0.540988
v -0.420940 -0.390917 -0.521097
v -0.449106 -0.459572 -0.499982
v -0.475469 -0.521755 -0.478384
v -0.499802 -0.576359 -0.456955
v -0.521724 -0.623050 -0.435944
v -0.540910 -0.661706 -0.415431
v -0.444733 -0.285839 -0.523592
v -0.463978 -0.364865 -0.504199
v -0.483676 -0.437206 -0.484260
v -0.503423 -0.501837 -0.464337
v -0.522207 -0.558158 -0.444991
v -0.539179 -0.605692 -0.426545
v -0.553718 -0.643962 -0.409156
v -0.080151 -0.583952 -0.169843
v -0.155048 -0.608018 -0.182057
v -0.222894 -0.636847 -0.195805
v -0.283388 -0.666818 -0.209601
v -0.336410 -0.695305 -0.222589
v -0.381904 -0.720598 -0.234273
v -0.419968 -0.741217 -0.244075
v -0.073634 -0.607375 -0.215457
v -0.144990 -0.626032 -0.222762
v -0.211996 -0.650839 -0.231874
v -0.273384 -0.678157 -0.241400
v -0.328299 -0.705004 -0.250351
v -0.376719 -0.729600 -0.258284
v -0.418928 -0.750480 -0.264830
v -0.070871 -0.620788 -0.263830
v -0.140192 -0.636917 -0.267203
v -0.206438 -0.659538 -0.271706
v -0.268186 -0.685352 -0.276563
v -0.324292 -0.711390 -0.281127
v -0.374633 -0.735815 -0.285138
v -0.419354 -0.757074 -0.288427
v -0.070139 -0.625049 -0.313409
v -0.138892 -0.640540 -0.313409
v -0.204873 -0.662525 -0.313409
v -0.266696 -0.687868 -0.313409
v -0.323213 -0.713688 -0.313409
v -0.374217 -0.738116 -0.313409
v -0.419742 -0.759536 -0.313409
v -0.070871 -0.620788 -0.362988
v -0.140192 -0.636917 -0.359614
v -0.206438 -0.659538 -0.355111
v -0.268186 -0.685352 -0.350254
v -0.324292 -0.711390 -0.345691
v -0.374633 -0.735815 -0.341680
v -0.419354 -0.757074 -0.338390
v -0.073634 -0.607375 -0.411361
v -0.144990 -0.626032 -0.404056
v -0.211996 -0.650839 -0.394944
v -0.273384 -0.678157 -0.385418
v -0.328299 -0.705004 -0.376467
v -0.376719 -0.729600 -0.368534
v -0.418928 -0.750480 -0.361988
v -0.080151 -0.583952 -0.456974
v -0.155048 -0.608018 -0.444760
v -0.222894 -0.636847 -0.431012
v -0.283388 -0.666818 -0.417216
v -0.336410 -0.695305 -0.404229
v -0.381904 -0.720598 -0.392545
v -0.419968 -0.741217 -0.382742
vn -0.2018 -0.0836 0.9758
vn -0.2124 -0.0510 0.9758
vn -0.2861 -0.0930 0.9537
vn -0.1360 -0.0892 0.9867
vn -0.1477 -0.0480 0.9879
vn -0.0824 -0.1135 0.9901
vn -0.0975 -0.0569 0.9936
vn -0.1625 -0.0078 0.9867
vn -0.1124 -0.0113 0.9936
vn -0.0564 -0.0777 0.9954
vn -0.0686 -0.0223 0.9974
vn 0.0172 -0.2178 0.9758
vn -0.0172 -0.2178 0.9758
vn -0.0000 -0.3009 0.9537
vn 0.0428 -0.1569 0.9867
vn -0.0000 -0.1553 0.9879
vn 0.0824 -0.1135 0.9901
vn 0.0240 -0.1104 0.9936
vn -0.0428 -0.1569 0.9867
vn -0.0240 -0.1104 0.9936
vn 0.0564 -0.0777 0.9954
vn -0.0000 -0.0722 0.9974
vn 0.2124 -0.0510 0.9758
vn 0.2018 -0.0836 0.9758
vn 0.2861 -0.0930 0.9537
vn 0.1625 -0.0078 0.9867
vn 0.1477 -0.0480 0.9879
vn 0.1334 0.0433 0.9901
vn 0.1124 -0.0113 0.9936
vn 0.1360 -0.0892 0.9867
vn 0.0975 -0.0569 0.9936
vn 0.0913 0.0297 0.9954
vn 0.0686 -0.0223 0.9974
vn 0.1141 0.1863 0.9758
vn 0.1419 0.1661 0.9758
vn 0.1768 0.2434 0.9537
vn 0.0576 0.1521 0.9867
vn 0.0913 0.1256 0.9879
vn -0.0000 0.1403 0.9901
vn 0.0455 0.1034 0.9936
vn 0.1269 0.1018 0.9867
vn 0.0843 0.0752 0.9936
vn -0.0000 0.0960 0.9954
vn 0.0424 0.0584 0.9974
vn -0.1419 0.1661 0.9758
vn -0.1141 0.1863 0.9758
vn -0.1768 0.2434 0.9537
vn -0.1269 0.1018 0.9867
vn -0.0913 0.1256 0.9879
vn -0.1334 0.0433 0.9901
vn -0.0843 0.0752 0.9936
vn -0.0576 0.1521 0.9867
vn -0.0455 0.1034 0.9936
vn -0.0913 0.0297 0.9954
vn -0.0424 0.0584 0.9974
vn -0.0296 -0.0408 0.9987
vn -0.0479 0.0156 0.9987
vn 0.0296 -0.0408 0.9987
vn 0.0479 0.0156 0.9987
vn -0.0000 0.0504 0.9987
vn -0.5209 -0.1692 0.8367
vn -0.3533 -0.1362 0.9256
vn -0.3658 -0.0974 0.9256
vn -0.2539 -0.0955 0.9625
vn -0.1094 -0.1506 0.9825
vn -0.1741 -0.1146 0.9780
vn -0.2615 -0.0720 0.9625
vn -0.2082 -0.0096 0.9780
vn -0.1770 0.0575 0.9825
vn -0.0000 -0.5477 0.8367
vn 0.0204 -0.3781 0.9256
vn -0.0204 -0.3781 0.9256
vn 0.0123 -0.2710 0.9625
vn 0.1094 -0.1506 0.9825
vn 0.0552 -0.2010 0.9780
vn -0.0123 -0.2710 0.9625
vn -0.0552 -0.2010 0.9780
vn 0.5209 -0.1692 0.8367
vn 0.3658 -0.0974 0.9256
vn 0.3533 -0.1362 0.9256
vn 0.2615 -0.0720 0.9625
vn 0.1770 0.0575 0.9825
vn 0.2082 -0.0096 0.9780
vn 0.2539 -0.0955 0.9625
vn 0.1741 -0.1146 0.9780
vn 0.3219 0.4431 0.8367
vn 0.2057 0.3178 0.9256
vn 0.2387 0.2939 0.9256
vn 0.1493 0.2265 0.9625
vn -0.0000 0.1861 0.9825
vn 0.0735 0.1950 0.9780
vn 0.1693 0.2120 0.9625
vn 0.1628 0.1302 0.9780
vn -0.3219 0.4431 0.8367
vn -0.2387 0.2939 0.9256
vn -0.2057 0.3178 0.9256
vn -0.1693 0.2120 0.9625
vn -0.1628 0.1302 0.9780
vn -0.1493 0.2265 0.9625
vn -0.0735 0.1950 0.9780
vn -0.2124 -0.0510 -0.9758
vn -0.2018 -0.0836 -0.9758
vn -0.2861 -0.0930 -0.9537
vn -0.1625 -0.0078 -0.9867
vn -0.1477 -0.0480 -0.9879
vn -0.1334 0.0433 -0.9901
vn -0.1124 -0.0113 -0.9936
vn -0.1360 -0.0892 -0.9867
vn -0.0975 -0.0569 -0.9936
vn -0.0913 0.0297 -0.9954
vn -0.0686 -0.0223 -0.9974
vn -0.1141 0.1863 -0.9758
vn -0.1419 0.1661 -0.9758
vn -0.1768 0.2434 -0.9537
vn -0.0576 0.1521 -0.9867
vn -0.0913 0.1256 -0.9879
vn -0.0000 0.1402 -0.9901
vn -0.0455 0.1034 -0.9936
vn -0.1269 0.1018 -0.9867
vn -0.0843 0.0752 -0.9936
vn -0.0000 0.0960 -0.9954
vn -0.0424 0.0584 -0.9974
vn 0.1419 0.1661 -0.9758
vn 0.1141 0.1863 -0.9758
vn 0.1768 0.2434 -0.9537
vn 0.1269 0.1018 -0.9867
vn 0.0913 0.1256 -0.9879
vn 0.1334 0.0433 -0.9901
vn 0.0843 0.0752 -0.9936
vn 0.0576 0.1521 -0.9867
vn 0.0455 0.1034 -0.9936
vn 0.0913 0.0297 -0.9954
vn 0.0424 0.0584 -0.9974
vn 0.2018 -0.0836 -0.9758
vn 0.2124 -0.0510 -0.9758
vn 0.2861 -0.0930 -0.9537
vn 0.1360 -0.0892 -0.9867
vn 0.1477 -0.0480 -0.9879
vn 0.0824 -0.1135 -0.9901
vn 0.0975 -0.0569 -0.9936
vn 0.1625 -0.0078 -0.9867
vn 0.1124 -0.0113 -0.9936
vn 0.0564 -0.0777 -0.9954
vn 0.0686 -0.0223 -0.9974
vn -0.0172 -0.2178 -0.9758
vn 0.0172 -0.2178 -0.9758
vn -0.0000 -0.3009 -0.9537
vn -0.0428 -0.1569 -0.9867
vn -0.0000 -0.1553 -0.9879
vn -0.0824 -0.1135 -0.9901
vn -0.0240 -0.1104 -0.9936
vn 0.0428 -0.1569 -0.9867
vn 0.0240 -0.1104 -0.9936
vn -0.0564 -0.0777 -0.9954
vn -0.0000 -0.0722 -0.9974
vn -0.0479 0.0156 -0.9987
vn -0.0296 -0.0408 -0.9987
vn -0.0000 0.0504 -0.9987
vn 0.0479 0.0156 -0.9987
vn 0.0296 -0.0408 -0.9987
vn -0.5209 -0.1692 -0.8367
vn -0.3658 -0.0974 -0.9256
vn -0.3533 -0.1362 -0.9256
vn -0.2615 -0.0720 -0.9625
vn -0.1770 0.0575 -0.9825
vn -0.2082 -0.0096 -0.9780
vn -0.2539 -0.0955 -0.9625
vn -0.1741 -0.1146 -0.9780
vn -0.1094 -0.1506 -0.9825
vn -0.3219 0.4431 -0.8367
vn -0.2057 0.3178 -0.9256
vn -0.2387 0.2939 -0.9256
vn -0.1493 0.2265 -0.9625
vn -0.0000 0.1861 -0.9825
vn -0.0735 0.1950 -0.9780
vn -0.1693 0.2120 -0.9625
vn -0.1628 0.1302 -0.9780
vn 0.3219 0.4431 -0.8367
vn 0.2387 0.2939 -0.9256
vn 0.2057 0.3178 -0.9256
vn 0.1693 0.2120 -0.9625
vn 0.1770 0.0575 -0.9825
vn 0.1628 0.1302 -0.9780
vn 0.1493 0.2265 -0.9625
vn 0.0735 0.1950 -0.9780
vn 0.5209 -0.1692 -0.8367
vn 0.3533 -0.1362 -0.9256
vn 0.3658 -0.0974 -0.9256
vn 0.2539 -0.0955 -0.9625
vn 0.1094 -0.1506 -0.9825
vn 0.1741 -0.1146 -0.9780
vn 0.2615 -0.0720 -0.9625
vn 0.2082 -0.0096 -0.9780
vn -0.0000 -0.5477 -0.8367
vn -0.0204 -0.3781 -0.9256
vn 0.0204 -0.3781 -0.9256
vn -0.0124 -0.2710 -0.9625
vn -0.0552 -0.2010 -0.9780
vn 0.0123 -0.2710 -0.9625
vn 0.0552 -0.2010 -0.9780
vn 0.4643 0.5926 0.6582
vn 0.3907 0.8191 0.4200
vn 0.3790 0.7263 0.5735
vn 0.5503 0.4170 0.7234
vn 0.5112 0.6961 0.5040
vn 0.6304 0.2048 0.7488
vn 0.6425 0.5059 0.5756
vn 0.8171 -0.0316 0.5756
vn 0.7571 0.2460 0.6052
vn 0.6903 -0.0139 0.7234
vn 0.8228 -0.2627 0.5040
vn 0.7240 -0.2065 0.6582
vn 0.7975 -0.4330 0.4200
vn 0.3967 0.8896 0.2265
vn 0.5519 0.7846 0.2825
vn 0.7354 0.5898 0.3337
vn 0.9416 -0.0449 0.3337
vn 0.8890 0.2888 0.3553
vn 0.9077 -0.3104 0.2825
vn 0.8438 -0.4865 0.2265
vn 0.3989 0.9170 -0.0000
vn 0.5701 0.8216 -0.0000
vn 0.7792 0.6268 -0.0000
vn 0.9988 -0.0491 -0.0000
vn 0.9511 0.3090 -0.0000
vn 0.9441 -0.3296 -0.0000
vn 0.8617 -0.5073 -0.0000
vn 0.5519 0.7846 -0.2825
vn 0.3967 0.8896 -0.2265
vn 0.7354 0.5898 -0.3337
vn 0.8890 0.2888 -0.3553
vn 0.9416 -0.0449 -0.3337
vn 0.9077 -0.3104 -0.2825
vn 0.5112 0.6961 -0.5040
vn 0.3907 0.8191 -0.4200
vn 0.6425 0.5058 -0.5756
vn 0.7571 0.2460 -0.6052
vn 0.8171 -0.0316 -0.5756
vn 0.8438 -0.4865 -0.2265
vn 0.8228 -0.2627 -0.5040
vn 0.4643 0.5926 -0.6582
vn 0.3790 0.7263 -0.5735
vn 0.5503 0.4170 -0.7234
vn 0.6304 0.2048 -0.7488
vn 0.6903 -0.0139 -0.7234
vn 0.7975 -0.4330 -0.4200
vn 0.7240 -0.2065 -0.6582
vn 0.3575 0.6369 0.6830
vn 0.3011 0.8144 0.4960
vn 0.3044 0.7347 0.6062
vn 0.4144 0.5039 0.7579
vn 0.4735 0.3475 0.8094
vn 0.5330 0.1732 0.8282
vn 0.5873 -0.0028 0.8094
vn 0.6314 -0.1640 0.7579
vn 0.7335 -0.3648 0.5735
vn 0.6636 -0.3052 0.6830
vn 0.7223 -0.4819 0.4960
vn 0.7584 -0.5487 0.3518
vn 0.7821 -0.5952 0.1846
vn 0.7906 -0.6123 -0.0000
vn 0.7821 -0.5952 -0.1846
vn 0.7583 -0.5487 -0.3518
vn 0.7335 -0.3648 -0.5735
vn 0.7223 -0.4819 -0.4960
vn 0.6636 -0.3052 -0.6830
vn 0.6314 -0.1640 -0.7579
vn 0.5873 -0.0028 -0.8094
vn 0.5330 0.1732 -0.8282
vn 0.4735 0.3474 -0.8094
vn 0.4144 0.5039 -0.7579
vn 0.3575 0.6370 -0.6830
vn 0.3011 0.8144 -0.4960
vn 0.3044 0.7347 -0.6062
vn 0.2910 0.8897 -0.3518
vn 0.2828 0.9412 -0.1846
vn 0.2797 0.9601 -0.0000
vn 0.2828 0.9412 0.1846
vn 0.2910 0.8897 0.3518
vn 0.4604 -0.2204 0.8599
vn 0.3138 -0.0899 0.9452
vn 0.4152 -0.1807 0.8916
vn 0.4921 -0.2566 0.8319
vn 0.3602 -0.1102 0.9264
vn 0.5165 -0.2833 0.8081
vn 0.3998 -0.1298 0.9074
vn 0.5389 -0.2998 0.7872
vn 0.4344 -0.1451 0.8890
vn 0.5649 -0.3047 0.7668
vn 0.4679 -0.1540 0.8703
vn 0.6000 -0.2984 0.7423
vn 0.5063 -0.1548 0.8484
vn 0.2519 -0.0097 0.9677
vn 0.2936 -0.0121 0.9559
vn 0.3325 -0.0153 0.9430
vn 0.3696 -0.0175 0.9290
vn 0.4083 -0.0164 0.9127
vn 0.5576 -0.1518 0.8161
vn 0.4532 -0.0108 0.8913
vn 0.2151 0.0699 0.9741
vn 0.2522 0.0819 0.9642
vn 0.2872 0.0933 0.9533
vn 0.3220 0.1046 0.9409
vn 0.3599 0.1169 0.9256
vn 0.5104 -0.0037 0.8600
vn 0.4048 0.1315 0.9049
vn 0.2304 0.1824 0.9559
vn 0.1981 0.1559 0.9677
vn 0.2600 0.2078 0.9430
vn 0.2887 0.2314 0.9290
vn 0.3207 0.2533 0.9127
vn 0.3603 0.2752 0.8913
vn 0.4107 0.3030 0.8600
vn 0.2266 0.3008 0.9264
vn 0.2010 0.2572 0.9452
vn 0.2472 0.3400 0.9074
vn 0.2661 0.3727 0.8890
vn 0.2880 0.3996 0.8703
vn 0.3186 0.4228 0.8484
vn 0.3618 0.4506 0.8161
vn 0.2430 0.4489 0.8599
vn 0.2297 0.3902 0.8916
vn 0.2473 0.4968 0.8318
vn 0.2513 0.5328 0.8081
vn 0.2598 0.5593 0.7872
vn 0.2780 0.5785 0.7668
vn 0.3100 0.5941 0.7423
vn 0.5700 -0.2650 0.7777
vn 0.5902 -0.3414 0.7315
vn 0.5994 -0.3899 0.6991
vn 0.6034 -0.4234 0.6757
vn 0.6128 -0.4402 0.6563
vn 0.6255 -0.4472 0.6393
vn 0.6449 -0.4406 0.6245
vn 0.6781 -0.4155 0.6062
vn 0.4606 0.1497 0.8749
vn 0.2627 0.7355 0.6245
vn 0.2432 0.7295 0.6393
vn 0.2371 0.7163 0.6563
vn 0.2393 0.6972 0.6757
vn 0.2558 0.6678 0.6991
vn 0.2768 0.6231 0.7315
vn 0.3054 0.5494 0.7777
vn 0.7070 -0.4427 -0.5515
vn 0.8287 -0.4171 -0.3733
vn 0.7343 -0.3551 -0.5786
vn 0.6901 -0.4988 -0.5244
vn 0.7849 -0.5104 -0.3513
vn 0.6764 -0.5375 -0.5035
vn 0.7486 -0.5719 -0.3355
vn 0.6731 -0.5565 -0.4871
vn 0.7227 -0.6099 -0.3251
vn 0.6756 -0.5612 -0.4782
vn 0.7081 -0.6300 -0.3189
vn 0.6908 -0.5467 -0.4732
vn 0.7061 -0.6335 -0.3163
vn 0.8782 -0.4431 -0.1804
vn 0.8222 -0.5432 -0.1702
vn 0.7761 -0.6091 -0.1632
vn 0.7438 -0.6491 -0.1592
vn 0.7255 -0.6699 -0.1577
vn 0.7223 -0.6125 -0.3211
vn 0.7221 -0.6735 -0.1583
vn 0.8927 -0.4506 -0.0000
vn 0.8330 -0.5533 -0.0000
vn 0.7840 -0.6207 -0.0000
vn 0.7499 -0.6615 -0.0000
vn 0.7306 -0.6828 -0.0000
vn 0.7392 -0.6532 -0.1641
vn 0.7270 -0.6866 -0.0000
vn 0.8222 -0.5432 0.1702
vn 0.8782 -0.4431 0.1804
vn 0.7761 -0.6091 0.1632
vn 0.7438 -0.6491 0.1592
vn 0.7255 -0.6699 0.1577
vn 0.7221 -0.6735 0.1583
vn 0.7392 -0.6532 0.1641
vn 0.7849 -0.5104 0.3513
vn 0.8287 -0.4171 0.3733
vn 0.7486 -0.5719 0.3355
vn 0.7227 -0.6099 0.3251
vn 0.7081 -0.6300 0.3189
vn 0.7061 -0.6335 0.3163
vn 0.7223 -0.6125 0.3211
vn 0.7070 -0.4427 0.5515
vn 0.7343 -0.3551 0.5786
vn 0.6901 -0.4988 0.5244
vn 0.6764 -0.5375 0.5035
vn 0.6731 -0.5565 0.4871
vn 0.6756 -0.5612 0.4782
vn 0.6908 -0.5467 0.4732
vn 0.5700 -0.2650 -0.7777
vn 0.7543 -0.2451 -0.6090
vn 0.5902 -0.3414 -0.7315
vn 0.5994 -0.3899 -0.6991
vn 0.6128 -0.4402 -0.6563
vn 0.6034 -0.4234 -0.6757
vn 0.6255 -0.4472 -0.6393
vn 0.6449 -0.4406 -0.6245
vn 0.6781 -0.4155 -0.6062
vn 0.7447 -0.6674 -0.0000
vn 0.7543 -0.2451 0.6090
vn 0.8768 -0.2849 0.3874
vn 0.9344 -0.3036 0.1863
vn 0.9511 -0.3090 -0.0000
vn 0.9344 -0.3036 -0.1863
vn 0.8768 -0.2849 -0.3874
vn 0.2430 0.4489 -0.8599
vn 0.2010 0.2572 -0.9452
vn 0.2297 0.3902 -0.8916
vn 0.2473 0.4968 -0.8318
vn 0.2266 0.3008 -0.9264
vn 0.2513 0.5328 -0.8081
vn 0.2472 0.3400 -0.9074
vn 0.2598 0.5593 -0.7872
vn 0.2661 0.3727 -0.8890
vn 0.2780 0.5785 -0.7668
vn 0.2880 0.3996 -0.8703
vn 0.3100 0.5941 -0.7423
vn 0.3186 0.4228 -0.8484
vn 0.1981 0.1559 -0.9677
vn 0.2304 0.1824 -0.9559
vn 0.2600 0.2078 -0.9430
vn 0.2887 0.2314 -0.9290
vn 0.3207 0.2533 -0.9127
vn 0.3618 0.4506 -0.8161
vn 0.3603 0.2752 -0.8913
vn 0.2151 0.0699 -0.9741
vn 0.2522 0.0819 -0.9642
vn 0.2872 0.0933 -0.9533
vn 0.3220 0.1046 -0.9409
vn 0.3599 0.1169 -0.9256
vn 0.4107 0.3030 -0.8600
vn 0.4048 0.1315 -0.9049
vn 0.2936 -0.0121 -0.9559
vn 0.2519 -0.0097 -0.9677
vn 0.3325 -0.0153 -0.9430
vn 0.3696 -0.0175 -0.9290
vn 0.4083 -0.0164 -0.9127
vn 0.4532 -0.0108 -0.8913
vn 0.5104 -0.0037 -0.8600
vn 0.3602 -0.1102 -0.9264
vn 0.3138 -0.0899 -0.9452
vn 0.3998 -0.1298 -0.9074
vn 0.4344 -0.1451 -0.8890
vn 0.4679 -0.1540 -0.8703
vn 0.5063 -0.1548 -0.8484
vn 0.5576 -0.1518 -0.8161
vn 0.4604 -0.2204 -0.8599
vn 0.4152 -0.1807 -0.8916
vn 0.4921 -0.2566 -0.8318
vn 0.5165 -0.2833 -0.8081
vn 0.5389 -0.2998 -0.7872
vn 0.5649 -0.3047 -0.7668
vn 0.6000 -0.2984 -0.7423
vn 0.3054 0.5494 -0.7777
vn 0.2768 0.6231 -0.7315
vn 0.2558 0.6678 -0.6991
vn 0.2393 0.6972 -0.6757
vn 0.2371 0.7163 -0.6563
vn 0.2432 0.7295 -0.6393
vn 0.2627 0.7355 -0.6245
vn 0.4606 0.1497 -0.8749
vn 0.3117 0.7737 0.5515
vn 0.4253 0.8245 0.3733
vn 0.3853 0.7189 0.5786
vn 0.2651 0.8092 0.5244
vn 0.3350 0.8743 0.3513
vn 0.2313 0.8325 0.5035
vn 0.2695 0.9027 0.3355
vn 0.2174 0.8459 0.4871
vn 0.2261 0.9182 0.3251
vn 0.2167 0.8511 0.4782
vn 0.2025 0.9259 0.3189
vn 0.2376 0.8483 0.4732
vn 0.1989 0.9276 0.3163
vn 0.4500 0.8746 0.1804
vn 0.3459 0.9227 0.1702
vn 0.2699 0.9490 0.1632
vn 0.2202 0.9624 0.1592
vn 0.1932 0.9684 0.1577
vn 0.2243 0.9201 0.3211
vn 0.1883 0.9693 0.1583
vn 0.4573 0.8893 -0.0000
vn 0.3487 0.9372 -0.0000
vn 0.2695 0.9630 -0.0000
vn 0.2178 0.9760 -0.0000
vn 0.1898 0.9818 -0.0000
vn 0.2141 0.9629 0.1641
vn 0.1846 0.9828 -0.0000
vn 0.3459 0.9227 -0.1702
vn 0.4500 0.8746 -0.1804
vn 0.2699 0.9490 -0.1632
vn 0.2202 0.9624 -0.1592
vn 0.1932 0.9684 -0.1577
vn 0.1883 0.9693 -0.1583
vn 0.2141 0.9629 -0.1641
vn 0.3350 0.8743 -0.3513
vn 0.4253 0.8245 -0.3733
vn 0.2695 0.9027 -0.3355
vn 0.2261 0.9182 -0.3251
vn 0.2025 0.9259 -0.3189
vn 0.1989 0.9276 -0.3163
vn 0.2243 0.9201 -0.3211
vn 0.3117 0.7737 -0.5515
vn 0.3853 0.7189 -0.5786
vn 0.2651 0.8092 -0.5244
vn 0.2313 0.8325 -0.5035
vn 0.2174 0.8459 -0.4871
vn 0.2167 0.8511 -0.4782
vn 0.2376 0.8483 -0.4732
vn 0.4662 0.6417 0.6090
vn 0.2102 0.9777 -0.0000
vn 0.4662 0.6417 -0.6090
vn 0.5419 0.7458 -0.3874
vn 0.5775 0.7949 -0.1863
vn 0.5878 0.8090 -0.0000
vn 0.5775 0.7949 0.1863
vn 0.5419 0.7458 0.3874
vn -0.7240 -0.2065 0.6582
vn -0.7975 -0.4331 0.4200
vn -0.7335 -0.3648 0.5735
vn -0.6903 -0.0139 0.7234
vn -0.8228 -0.2627 0.5040
vn -0.6304 0.2048 0.7488
vn -0.8171 -0.0316 0.5756
vn -0.6425 0.5058 0.5756
vn -0.7571 0.2460 0.6052
vn -0.5503 0.4170 0.7234
vn -0.5112 0.6961 0.5040
vn -0.4643 0.5926 0.6582
vn -0.3907 0.8191 0.4200
vn -0.8438 -0.4865 0.2265
vn -0.9077 -0.3104 0.2825
vn -0.9416 -0.0450 0.3337
vn -0.7354 0.5898 0.3337
vn -0.8890 0.2888 0.3553
vn -0.5519 0.7846 0.2825
vn -0.3967 0.8896 0.2265
vn -0.8617 -0.5073 -0.0000
vn -0.9441 -0.3296 -0.0000
vn -0.9988 -0.0491 -0.0000
vn -0.7792 0.6268 -0.0000
vn -0.9511 0.3090 -0.0000
vn -0.5701 0.8216 -0.0000
vn -0.3989 0.9170 -0.0000
vn -0.9077 -0.3104 -0.2825
vn -0.8438 -0.4865 -0.2265
vn -0.9416 -0.0450 -0.3337
vn -0.8890 0.2889 -0.3553
vn -0.7354 0.5898 -0.3337
vn -0.5519 0.7846 -0.2825
vn -0.8228 -0.2627 -0.5040
vn -0.7975 -0.4330 -0.4200
vn -0.8171 -0.0316 -0.5756
vn -0.7571 0.2460 -0.6052
vn -0.6425 0.5059 -0.5756
vn -0.3967 0.8896 -0.2265
vn -0.5112 0.6961 -0.5040
vn -0.7240 -0.2065 -0.6582
vn -0.7335 -0.3648 -0.5735
vn -0.6903 -0.0139 -0.7234
vn -0.6304 0.2048 -0.7488
vn -0.5503 0.4170 -0.7234
vn -0.3907 0.8191 -0.4200
vn -0.4643 0.5926 -0.6582
vn -0.6636 -0.3052 0.6830
vn -0.7223 -0.4819 0.4960
vn -0.6781 -0.4155 0.6062
vn -0.6314 -0.1640 0.7579
vn -0.5873 -0.0028 0.8094
vn -0.5330 0.1732 0.8282
vn -0.4735 0.3474 0.8094
vn -0.4144 0.5039 0.7579
vn -0.3790 0.7263 0.5735
vn -0.3575 0.6369 0.6830
vn -0.3011 0.8144 0.4960
vn -0.2910 0.8897 0.3518
vn -0.2828 0.9412 0.1846
vn -0.2797 0.9601 -0.0000
vn -0.2828 0.9412 -0.1846
vn -0.2910 0.8897 -0.3518
vn -0.3790 0.7263 -0.5735
vn -0.3011 0.8144 -0.4960
vn -0.3575 0.6370 -0.6830
vn -0.4144 0.5039 -0.7579
vn -0.4735 0.3474 -0.8094
vn -0.5330 0.1732 -0.8282
vn -0.5873 -0.0028 -0.8094
vn -0.6314 -0.1640 -0.7579
vn -0.6636 -0.3052 -0.6830
vn -0.7223 -0.4819 -0.4960
vn -0.6781 -0.4155 -0.6062
vn -0.7584 -0.5487 -0.3518
vn -0.7821 -0.5952 -0.1846
vn -0.7906 -0.6123 -0.0000
vn -0.7821 -0.5952 0.1846
vn -0.7584 -0.5487 0.3518
vn -0.2430 0.4489 0.8599
vn -0.2010 0.2572 0.9452
vn -0.2297 0.3902 0.8916
vn -0.2473 0.4968 0.8318
vn -0.2266 0.3008 0.9264
vn -0.2513 0.5328 0.8081
vn -0.2472 0.3400 0.9074
vn -0.2598 0.5593 0.7872
vn -0.2661 0.3727 0.8890
vn -0.2780 0.5785 0.7668
vn -0.2880 0.3996 0.8703
vn -0.3100 0.5941 0.7423
vn -0.3186 0.4228 0.8484
vn -0.1981 0.1559 0.9677
vn -0.2304 0.1824 0.9559
vn -0.2600 0.2078 0.9430
vn -0.2887 0.2314 0.9290
vn -0.3207 0.2533 0.9127
vn -0.3618 0.4506 0.8161
vn -0.3603 0.2752 0.8913
vn -0.2151 0.0699 0.9741
vn -0.2522 0.0819 0.9642
vn -0.2872 0.0933 0.9533
vn -0.3220 0.1046 0.9409
vn -0.3599 0.1169 0.9256
vn -0.4107 0.3030 0.8600
vn -0.4048 0.1315 0.9049
vn -0.2936 -0.0121 0.9559
vn -0.2519 -0.0097 0.9677
vn -0.3325 -0.0153 0.9430
vn -0.3696 -0.0175 0.9290
vn -0.4083 -0.0164 0.9127
vn -0.4532 -0.0108 0.8913
vn -0.5104 -0.0037 0.8600
vn -0.3602 -0.1102 0.9264
vn -0.3138 -0.0899 0.9452
vn -0.3998 -0.1298 0.9074
vn -0.4344 -0.1451 0.8890
vn -0.4679 -0.1540 0.8703
vn -0.5063 -0.1548 0.8484
vn -0.5576 -0.1518 0.8161
vn -0.4604 -0.2204 0.8599
vn -0.4152 -0.1807 0.8916
vn -0.4921 -0.2566 0.8318
vn -0.5165 -0.2833 0.8081
vn -0.5389 -0.2998 0.7872
vn -0.5649 -0.3047 0.7668
vn -0.6000 -0.2984 0.7423
vn -0.3054 0.5494 0.7777
vn -0.2768 0.6231 0.7315
vn -0.2558 0.6678 0.6991
vn -0.2393 0.6972 0.6757
vn -0.2371 0.7163 0.6563
vn -0.2432 0.7295 0.6393
vn -0.2627 0.7355 0.6245
vn -0.3044 0.7347 0.6062
vn -0.4606 0.1497 0.8749
vn -0.6449 -0.4406 0.6245
vn -0.6255 -0.4472 0.6393
vn -0.6128 -0.4402 0.6563
vn -0.6034 -0.4234 0.6757
vn -0.5994 -0.3899 0.6991
vn -0.5902 -0.3414 0.7315
vn -0.5700 -0.2650 0.7777
vn -0.3117 0.7737 -0.5515
vn -0.4253 0.8245 -0.3733
vn -0.3853 0.7189 -0.5786
vn -0.2651 0.8092 -0.5244
vn -0.3350 0.8743 -0.3513
vn -0.2313 0.8325 -0.5035
vn -0.2695 0.9027 -0.3355
vn -0.2174 0.8459 -0.4871
vn -0.2261 0.9182 -0.3251
vn -0.2167 0.8511 -0.4782
vn -0.2025 0.9259 -0.3189
vn -0.2376 0.8483 -0.4732
vn -0.1989 0.9276 -0.3163
vn -0.4500 0.8746 -0.1804
vn -0.3459 0.9227 -0.1702
vn -0.2699 0.9490 -0.1632
vn -0.2202 0.9624 -0.1592
vn -0.1932 0.9684 -0.1577
vn -0.2243 0.9201 -0.3211
vn -0.1883 0.9693 -0.1583
vn -0.4573 0.8893 -0.0000
vn -0.3487 0.9372 -0.0000
vn -0.2695 0.9630 -0.0000
vn -0.2178 0.9760 -0.0000
vn -0.1898 0.9818 -0.0000
vn -0.2141 0.9629 -0.1641
vn -0.1846 0.9828 -0.0000
vn -0.3459 0.9227 0.1702
vn -0.4500 0.8746 0.1804
vn -0.2699 0.9490 0.1632
vn -0.2202 0.9624 0.1592
vn -0.1932 0.9684 0.1577
vn -0.1883 0.9693 0.1583
vn -0.2141 0.9629 0.1641
vn -0.3350 0.8743 0.3513
vn -0.4253 0.8245 0.3733
vn -0.2695 0.9027 0.3355
vn -0.2261 0.9182 0.3251
vn -0.2025 0.9259 0.3189
vn -0.1989 0.9276 0.3163
vn -0.2243 0.9201 0.3211
vn -0.3117 0.7737 0.5515
vn -0.3853 0.7189 0.5786
vn -0.2651 0.8092 0.5244
vn -0.2313 0.8325 0.5035
vn -0.2174 0.8459 0.4871
vn -0.2167 0.8511 0.4782
vn -0.2376 0.8483 0.4732
vn -0.3054 0.5494 -0.7777
vn -0.4662 0.6417 -0.6090
vn -0.2768 0.6231 -0.7315
vn -0.2558 0.6678 -0.6991
vn -0.2371 0.7163 -0.6563
vn -0.2393 0.6972 -0.6757
vn -0.2432 0.7295 -0.6393
vn -0.2627 0.7355 -0.6245
vn -0.3044 0.7347 -0.6062
vn -0.2102 0.9777 -0.0000
vn -0.4662 0.6417 0.6090
vn -0.5419 0.7458 0.3874
vn -0.5775 0.7949 0.1863
vn -0.5878 0.8090 -0.0000
vn -0.5775 0.7949 -0.1863
vn -0.5419 0.7458 -0.3874
vn -0.4604 -0.2204 -0.8599
vn -0.3138 -0.0899 -0.9452
vn -0.4152 -0.1807 -0.8916
vn -0.4921 -0.2566 -0.8319
vn -0.3602 -0.1102 -0.9264
vn -0.5165 -0.2833 -0.8081
vn -0.3998 -0.1298 -0.9074
vn -0.5389 -0.2998 -0.7872
vn -0.4344 -0.1451 -0.8890
vn -0.5649 -0.3047 -0.7668
vn -0.4679 -0.1540 -0.8703
vn -0.6000 -0.2984 -0.7423
vn -0.5063 -0.1548 -0.8484
vn -0.2519 -0.0097 -0.9677
vn -0.2936 -0.0121 -0.9559
vn -0.3325 -0.0153 -0.9430
vn -0.3696 -0.0175 -0.9290
vn -0.4083 -0.0164 -0.9127
vn -0.5576 -0.1518 -0.8161
vn -0.4532 -0.0108 -0.8913
vn -0.2151 0.0699 -0.9741
vn -0.2522 0.0819 -0.9642
vn -0.2872 0.0933 -0.9533
vn -0.3220 0.1046 -0.9409
vn -0.3599 0.1169 -0.9256
vn -0.5104 -0.0037 -0.8600
vn -0.4048 0.1315 -0.9049
vn -0.2304 0.1824 -0.9559
vn -0.1981 0.1559 -0.9677
vn -0.2600 0.2078 -0.9430
vn -0.2887 0.2314 -0.9290
vn -0.3207 0.2533 -0.9127
vn -0.3603 0.2752 -0.8913
vn -0.4107 0.3030 -0.8600
vn -0.2266 0.3008 -0.9264
vn -0.2010 0.2572 -0.9452
vn -0.2472 0.3400 -0.9074
vn -0.2661 0.3727 -0.8890
vn -0.2880 0.3996 -0.8703
vn -0.3186 0.4228 -0.8484
vn -0.3618 0.4506 -0.8161
vn -0.2430 0.4489 -0.8599
vn -0.2297 0.3902 -0.8916
vn -0.2473 0.4968 -0.8318
vn -0.2513 0.5328 -0.8081
vn -0.2598 0.5593 -0.7872
vn -0.2780 0.5785 -0.7668
vn -0.3100 0.5941 -0.7423
vn -0.5700 -0.2650 -0.7777
vn -0.5902 -0.3414 -0.7315
vn -0.5994 -0.3899 -0.6991
vn -0.6034 -0.4234 -0.6757
vn -0.6128 -0.4402 -0.6563
vn -0.6255 -0.4472 -0.6393
vn -0.6449 -0.4406 -0.6245
vn -0.4606 0.1497 -0.8749
vn -0.7070 -0.4427 0.5515
vn -0.8287 -0.4171 0.3733
vn -0.7343 -0.3551 0.5786
vn -0.6901 -0.4988 0.5244
vn -0.7849 -0.5104 0.3513
vn -0.6764 -0.5375 0.5035
vn -0.7486 -0.5719 0.3355
vn -0.6731 -0.5565 0.4871
vn -0.7227 -0.6099 0.3251
vn -0.6756 -0.5612 0.4782
vn -0.7081 -0.6300 0.3189
vn -0.6908 -0.5467 0.4732
vn -0.7061 -0.6335 0.3163
vn -0.8782 -0.4431 0.1804
vn -0.8222 -0.5432 0.1702
vn -0.7761 -0.6091 0.1632
vn -0.7438 -0.6491 0.1592
vn -0.7255 -0.6699 0.1577
vn -0.7223 -0.6125 0.3211
vn -0.7221 -0.6735 0.1583
vn -0.8927 -0.4506 -0.0000
vn -0.8330 -0.5533 -0.0000
vn -0.7840 -0.6207 -0.0000
vn -0.7499 -0.6615 -0.0000
vn -0.7306 -0.6828 -0.0000
vn -0.7392 -0.6532 0.1641
vn -0.7270 -0.6866 -0.0000
vn -0.8222 -0.5432 -0.1702
vn -0.8782 -0.4431 -0.1804
vn -0.7761 -0.6091 -0.1632
vn -0.7438 -0.6491 -0.1592
vn -0.7255 -0.6699 -0.1577
vn -0.7221 -0.6735 -0.1583
vn -0.7392 -0.6532 -0.1641
vn -0.7849 -0.5104 -0.3513
vn -0.8287 -0.4171 -0.3733
vn -0.7486 -0.5719 -0.3355
vn -0.7227 -0.6099 -0.3251
vn -0.7081 -0.6300 -0.3189
vn -0.7061 -0.6335 -0.3163
vn -0.7223 -0.6125 -0.3211
vn -0.7070 -0.4427 -0.5515
vn -0.7343 -0.3551 -0.5786
vn -0.6901 -0.4988 -0.5244
vn -0.6764 -0.5375 -0.5035
vn -0.6731 -0.5565 -0.4871
vn -0.6756 -0.5612 -0.4782
vn -0.6908 -0.5467 -0.4732
vn -0.7543 -0.2451 0.6090
vn -0.7447 -0.6674 -0.0000
vn -0.7543 -0.2451 -0.6090
vn -0.8768 -0.2849 -0.3874
vn -0.9344 -0.3036 -0.1863
vn -0.9511 -0.3090 -0.0000
vn -0.9344 -0.3036 0.1863
vn -0.8768 -0.2849 0.3874
vn 0.7070 -0.2585 0.6582
vn 0.8998 -0.1184 0.4200
vn 0.8078 -0.1360 0.5735
vn 0.5666 -0.3945 0.7234
vn 0.8200 -0.2711 0.5040
vn 0.3896 -0.5363 0.7488
vn 0.6796 -0.4547 0.5756
vn 0.2225 -0.7869 0.5756
vn 0.4679 -0.6440 0.6052
vn 0.2001 -0.6608 0.7234
vn 0.0044 -0.8637 0.5040
vn 0.0274 -0.7523 0.6582
vn -0.1654 -0.8923 0.4200
vn 0.9686 -0.1024 0.2265
vn 0.9167 -0.2824 0.2825
vn 0.7882 -0.5171 0.3337
vn 0.2482 -0.9094 0.3337
vn 0.5494 -0.7562 0.3553
vn -0.0147 -0.9592 0.2825
vn -0.2019 -0.9529 0.2264
vn 0.9954 -0.0961 -0.0000
vn 0.9576 -0.2883 -0.0000
vn 0.8369 -0.5473 -0.0000
vn 0.2619 -0.9651 -0.0000
vn 0.5878 -0.8090 -0.0000
vn -0.0217 -0.9998 -0.0000
vn -0.2162 -0.9763 -0.0000
vn 0.9167 -0.2824 -0.2825
vn 0.9686 -0.1024 -0.2265
vn 0.7882 -0.5171 -0.3337
vn 0.5494 -0.7562 -0.3553
vn 0.2482 -0.9094 -0.3337
vn -0.0147 -0.9592 -0.2825
vn 0.8200 -0.2711 -0.5040
vn 0.8998 -0.1184 -0.4200
vn 0.6796 -0.4547 -0.5756
vn 0.4679 -0.6440 -0.6052
vn 0.2225 -0.7869 -0.5756
vn -0.2019 -0.9529 -0.2264
vn 0.0044 -0.8637 -0.5040
vn 0.7070 -0.2585 -0.6582
vn 0.8078 -0.1360 -0.5735
vn 0.5666 -0.3945 -0.7234
vn 0.3896 -0.5363 -0.7488
vn 0.2001 -0.6608 -0.7234
vn -0.1654 -0.8923 -0.4200
vn 0.0274 -0.7523 -0.6582
vn 0.7162 -0.1432 0.6830
vn 0.8676 -0.0347 0.4960
vn 0.7929 -0.0625 0.6062
vn 0.6073 -0.2384 0.7579
vn 0.4768 -0.3429 0.8094
vn 0.3294 -0.4534 0.8282
vn 0.1788 -0.5594 0.8094
vn 0.0391 -0.6512 0.7579
vn -0.1203 -0.8103 0.5735
vn -0.0852 -0.7254 0.6830
vn -0.2351 -0.8359 0.4960
vn -0.2875 -0.8908 0.3518
vn -0.3244 -0.9277 0.1846
vn -0.3381 -0.9411 -0.0000
vn -0.3244 -0.9277 -0.1846
vn -0.2875 -0.8908 -0.3518
vn -0.1203 -0.8103 -0.5735
vn -0.2351 -0.8359 -0.4960
vn -0.0852 -0.7254 -0.6830
vn 0.0391 -0.6512 -0.7579
vn 0.1788 -0.5594 -0.8094
vn 0.3294 -0.4534 -0.8282
vn 0.4768 -0.3429 -0.8094
vn 0.6073 -0.2384 -0.7579
vn 0.7162 -0.1431 -0.6830
vn 0.8676 -0.0347 -0.4960
vn 0.7929 -0.0625 -0.6062
vn 0.9361 -0.0018 -0.3518
vn 0.9826 0.0219 -0.1846
vn 0.9995 0.0307 -0.0000
vn 0.9826 0.0219 0.1846
vn 0.9361 -0.0018 0.3518
vn -0.0673 -0.5060 0.8599
vn 0.0115 -0.3263 0.9452
vn -0.0435 -0.4507 0.8916
vn -0.0919 -0.5473 0.8318
vn 0.0065 -0.3766 0.9264
vn -0.1099 -0.5788 0.8081
vn 0.0001 -0.4203 0.9074
vn -0.1186 -0.6052 0.7872
vn -0.0037 -0.4579 0.8890
vn -0.1152 -0.6314 0.7668
vn -0.0019 -0.4926 0.8703
vn -0.0984 -0.6628 0.7423
vn 0.0092 -0.5293 0.8484
vn 0.0686 -0.2425 0.9677
vn 0.0792 -0.2830 0.9559
vn 0.0882 -0.3209 0.9430
vn 0.0976 -0.3569 0.9290
vn 0.1106 -0.3934 0.9127
vn 0.0279 -0.5772 0.8161
vn 0.1298 -0.4344 0.8913
vn 0.1330 -0.1830 0.9741
vn 0.1559 -0.2145 0.9642
vn 0.1775 -0.2443 0.9533
vn 0.1990 -0.2739 0.9409
vn 0.2224 -0.3062 0.9256
vn 0.1542 -0.4865 0.8600
vn 0.2502 -0.3443 0.9049
vn 0.2446 -0.1628 0.9559
vn 0.2094 -0.1402 0.9677
vn 0.2780 -0.1830 0.9430
vn 0.3093 -0.2031 0.9290
vn 0.3400 -0.2267 0.9127
vn 0.3730 -0.2576 0.8913
vn 0.4150 -0.2970 0.8600
vn 0.3561 -0.1226 0.9264
vn 0.3068 -0.1117 0.9452
vn 0.3997 -0.1300 0.9074
vn 0.4367 -0.1380 0.8890
vn 0.4690 -0.1504 0.8703
vn 0.5005 -0.1724 0.8484
vn 0.5403 -0.2049 0.8161
vn 0.5020 -0.0924 0.8599
vn 0.4421 -0.0979 0.8916
vn 0.5490 -0.0817 0.8318
vn 0.5844 -0.0744 0.8081
vn 0.6122 -0.0742 0.7872
vn 0.6361 -0.0856 0.7668
vn 0.6608 -0.1112 0.7423
vn -0.0759 -0.6240 0.7777
vn -0.1424 -0.6668 0.7315
vn -0.1856 -0.6906 0.6991
vn -0.2162 -0.7047 0.6757
vn -0.2293 -0.7188 0.6563
vn -0.2320 -0.7331 0.6393
vn -0.2198 -0.7495 0.6245
vn -0.1856 -0.7734 0.6062
vn 0.2847 -0.3918 0.8749
vn 0.7807 -0.0226 0.6245
vn 0.7689 -0.0059 0.6393
vn 0.7545 -0.0041 0.6563
vn 0.7370 -0.0121 0.6757
vn 0.7141 -0.0369 0.6991
vn 0.6781 -0.0707 0.7315
vn 0.6169 -0.1206 0.7777
vn -0.2026 -0.8092 -0.5515
vn -0.1406 -0.9170 -0.3733
vn -0.1108 -0.8081 -0.5786
vn -0.2612 -0.8104 -0.5244
vn -0.2429 -0.9042 -0.3513
vn -0.3022 -0.8094 -0.5035
vn -0.3126 -0.8887 -0.3355
vn -0.3213 -0.8121 -0.4871
vn -0.3568 -0.8758 -0.3251
vn -0.3250 -0.8159 -0.4782
vn -0.3804 -0.8681 -0.3189
vn -0.3065 -0.8260 -0.4732
vn -0.3843 -0.8673 -0.3163
vn -0.1500 -0.9721 -0.1804
vn -0.2625 -0.9498 -0.1702
vn -0.3394 -0.9264 -0.1632
vn -0.3875 -0.9080 -0.1592
vn -0.4129 -0.8970 -0.1577
vn -0.3594 -0.8762 -0.3211
vn -0.4174 -0.8948 -0.1583
vn -0.1527 -0.9883 -0.0000
vn -0.2688 -0.9632 -0.0000
vn -0.3480 -0.9375 -0.0000
vn -0.3974 -0.9176 -0.0000
vn -0.4236 -0.9059 -0.0000
vn -0.3928 -0.9049 -0.1641
vn -0.4284 -0.9036 -0.0000
vn -0.2625 -0.9498 0.1702
vn -0.1500 -0.9721 0.1804
vn -0.3394 -0.9264 0.1632
vn -0.3875 -0.9080 0.1592
vn -0.4129 -0.8970 0.1577
vn -0.4174 -0.8948 0.1583
vn -0.3928 -0.9049 0.1641
vn -0.2429 -0.9042 0.3513
vn -0.1406 -0.9170 0.3733
vn -0.3126 -0.8887 0.3355
vn -0.3568 -0.8758 0.3251
vn -0.3804 -0.8681 0.3189
vn -0.3843 -0.8673 0.3163
vn -0.3594 -0.8762 0.3211
vn -0.2026 -0.8092 0.5515
vn -0.1108 -0.8081 0.5786
vn -0.2612 -0.8104 0.5244
vn -0.3022 -0.8094 0.5035
vn -0.3213 -0.8121 0.4871
vn -0.3250 -0.8159 0.4782
vn -0.3065 -0.8260 0.4732
vn -0.0759 -0.6240 -0.7777
vn -0.0000 -0.7932 -0.6090
vn -0.1424 -0.6668 -0.7315
vn -0.1856 -0.6906 -0.6991
vn -0.2293 -0.7188 -0.6563
vn -0.2162 -0.7047 -0.6757
vn -0.2320 -0.7331 -0.6393
vn -0.2198 -0.7495 -0.6245
vn -0.1856 -0.7733 -0.6062
vn -0.4046 -0.9145 -0.0000
vn -0.0000 -0.7932 0.6090
vn -0.0000 -0.9219 0.3874
vn -0.0000 -0.9825 0.1863
vn -0.0000 -1.0000 -0.0000
vn -0.0000 -0.9825 -0.1863
vn -0.0000 -0.9219 -0.3874
vn 0.5020 -0.0924 -0.8599
vn 0.3068 -0.1117 -0.9452
vn 0.4421 -0.0979 -0.8916
vn 0.5490 -0.0817 -0.8318
vn 0.3561 -0.1226 -0.9264
vn 0.5844 -0.0744 -0.8081
vn 0.3997 -0.1300 -0.9074
vn 0.6122 -0.0742 -0.7872
vn 0.4367 -0.1380 -0.8890
vn 0.6361 -0.0856 -0.7668
vn 0.4690 -0.1504 -0.8703
vn 0.6608 -0.1112 -0.7423
vn 0.5006 -0.1723 -0.8484
vn 0.2094 -0.1402 -0.9677
vn 0.2446 -0.1628 -0.9559
vn 0.2780 -0.1830 -0.9430
vn 0.3093 -0.2031 -0.9290
vn 0.3400 -0.2267 -0.9127
vn 0.5403 -0.2049 -0.8161
vn 0.3730 -0.2576 -0.8913
vn 0.1330 -0.1830 -0.9741
vn 0.1559 -0.2145 -0.9642
vn 0.1775 -0.2443 -0.9533
vn 0.1990 -0.2739 -0.9409
vn 0.2224 -0.3062 -0.9256
vn 0.4150 -0.2970 -0.8600
vn 0.2502 -0.3443 -0.9049
vn 0.0792 -0.2830 -0.9559
vn 0.0686 -0.2425 -0.9677
vn 0.0882 -0.3209 -0.9430
vn 0.0976 -0.3569 -0.9290
vn 0.1106 -0.3934 -0.9127
vn 0.1298 -0.4344 -0.8913
vn 0.1542 -0.4865 -0.8600
vn 0.0065 -0.3766 -0.9264
vn 0.0115 -0.3263 -0.9452
vn 0.0001 -0.4203 -0.9074
vn -0.0037 -0.4579 -0.8890
vn -0.0019 -0.4926 -0.8703
vn 0.0092 -0.5293 -0.8484
vn 0.0279 -0.5772 -0.8161
vn -0.0673 -0.5060 -0.8599
vn -0.0435 -0.4507 -0.8916
vn -0.0919 -0.5473 -0.8319
vn -0.1099 -0.5788 -0.8081
vn -0.1186 -0.6052 -0.7872
vn -0.1152 -0.6314 -0.7668
vn -0.0984 -0.6628 -0.7423
vn 0.6169 -0.1206 -0.7777
vn 0.6781 -0.0707 -0.7315
vn 0.7141 -0.0369 -0.6991
vn 0.7371 -0.0121 -0.6757
vn 0.7545 -0.0041 -0.6563
vn 0.7689 -0.0059 -0.6393
vn 0.7807 -0.0226 -0.6245
vn 0.2847 -0.3918 -0.8749
vn 0.8322 -0.0574 0.5515
vn 0.9156 -0.1497 0.3733
vn 0.8028 -0.1443 0.5786
vn 0.8515 -0.0020 0.5244
vn 0.9350 -0.0484 0.3513
vn 0.8632 0.0373 0.5035
vn 0.9418 0.0226 0.3355
vn 0.8717 0.0546 0.4871
vn 0.9432 0.0687 0.3251
vn 0.8764 0.0569 0.4782
vn 0.9432 0.0935 0.3189
vn 0.8802 0.0362 0.4732
vn 0.9436 0.0975 0.3163
vn 0.9709 -0.1577 0.1804
vn 0.9844 -0.0438 0.1702
vn 0.9859 0.0366 0.1632
vn 0.9833 0.0879 0.1592
vn 0.9807 0.1155 0.1577
vn 0.9444 0.0710 0.3211
vn 0.9800 0.1204 0.1583
vn 0.9871 -0.1601 -0.0000
vn 0.9991 -0.0420 -0.0000
vn 0.9991 0.0413 -0.0000
vn 0.9955 0.0944 -0.0000
vn 0.9924 0.1229 -0.0000
vn 0.9820 0.0940 0.1641
vn 0.9918 0.1282 -0.0000
vn 0.9844 -0.0438 -0.1702
vn 0.9709 -0.1577 -0.1804
vn 0.9859 0.0366 -0.1632
vn 0.9833 0.0879 -0.1592
vn 0.9807 0.1155 -0.1577
vn 0.9800 0.1204 -0.1583
vn 0.9820 0.0940 -0.1641
vn 0.9350 -0.0484 -0.3513
vn 0.9156 -0.1497 -0.3733
vn 0.9418 0.0226 -0.3355
vn 0.9432 0.0687 -0.3251
vn 0.9432 0.0935 -0.3189
vn 0.9436 0.0975 -0.3163
vn 0.9444 0.0710 -0.3211
vn 0.8322 -0.0574 -0.5515
vn 0.8028 -0.1443 -0.5786
vn 0.8515 -0.0020 -0.5244
vn 0.8632 0.0373 -0.5035
vn 0.8717 0.0546 -0.4871
vn 0.8764 0.0569 -0.4782
vn 0.8802 0.0362 -0.4732
vn 0.9948 0.1022 -0.0000
vn -0.4201 0.6247 0.6582
vn -0.6583 0.6247 0.4200
vn -0.5736 0.5849 0.5735
vn -0.2265 0.6522 0.7234
vn -0.5041 0.7013 0.5040
vn -0.0000 0.6628 0.7488
vn -0.2826 0.7674 0.5756
vn 0.2826 0.7674 0.5756
vn -0.0000 0.7961 0.6052
vn 0.2265 0.6522 0.7234
vn 0.5041 0.7013 0.5040
vn 0.4201 0.6247 0.6582
vn 0.6583 0.6247 0.4200
vn -0.7235 0.6522 0.2265
vn -0.5757 0.7673 0.2825
vn -0.3337 0.8816 0.3337
vn 0.3337 0.8816 0.3337
vn -0.0000 0.9347 0.3553
vn 0.5757 0.7673 0.2825
vn 0.7235 0.6522 0.2265
vn -0.7488 0.6628 -0.0000
vn -0.6052 0.7960 -0.0000
vn -0.3554 0.9347 -0.0000
vn 0.3554 0.9347 -0.0000
vn -0.0000 1.0000 -0.0000
vn 0.6052 0.7960 -0.0000
vn 0.7488 0.6628 -0.0000
vn -0.5757 0.7673 -0.2825
vn -0.7235 0.6522 -0.2265
vn -0.3337 0.8816 -0.3337
vn -0.0000 0.9347 -0.3553
vn 0.3337 0.8816 -0.3337
vn 0.5757 0.7673 -0.2825
vn -0.5041 0.7013 -0.5040
vn -0.6583 0.6247 -0.4200
vn -0.2826 0.7674 -0.5756
vn -0.0000 0.7961 -0.6052
vn 0.2826 0.7674 -0.5756
vn 0.7235 0.6522 -0.2265
vn 0.5041 0.7013 -0.5040
vn -0.4201 0.6247 -0.6582
vn -0.5736 0.5849 -0.5735
vn -0.2265 0.6522 -0.7234
vn -0.0000 0.6628 -0.7488
vn 0.2265 0.6522 -0.7234
vn 0.6583 0.6247 -0.4200
vn 0.4201 0.6247 -0.6582
vn -0.4953 0.5368 0.6830
vn -0.6815 0.5380 0.4960
vn -0.6047 0.5166 0.6062
vn -0.3511 0.5498 0.7579
vn -0.1841 0.5577 0.8094
vn -0.0000 0.5604 0.8282
vn 0.1841 0.5577 0.8094
vn 0.3511 0.5498 0.7579
vn 0.5736 0.5849 0.5735
vn 0.4953 0.5368 0.6830
vn 0.6815 0.5380 0.4960
vn 0.7562 0.5517 0.3518
vn 0.8078 0.5598 0.1846
vn 0.8267 0.5627 -0.0000
vn 0.8078 0.5598 -0.1846
vn 0.7562 0.5517 -0.3518
vn 0.5736 0.5849 -0.5735
vn 0.6815 0.5380 -0.4960
vn 0.4953 0.5368 -0.6830
vn 0.3511 0.5498 -0.7579
vn 0.1841 0.5577 -0.8094
vn -0.0000 0.5604 -0.8282
vn -0.1841 0.5577 -0.8094
vn -0.3511 0.5498 -0.7579
vn -0.4953 0.5368 -0.6830
vn -0.6815 0.5380 -0.4960
vn -0.6047 0.5166 -0.6062
vn -0.7562 0.5517 -0.3518
vn -0.8078 0.5598 -0.1846
vn -0.8267 0.5627 -0.0000
vn -0.8078 0.5598 0.1846
vn -0.7562 0.5517 0.3518
vn 0.3519 0.3698 0.8599
vn 0.1825 0.2707 0.9452
vn 0.3001 0.3390 0.8916
vn 0.3961 0.3888 0.8318
vn 0.2161 0.3085 0.9264
vn 0.4291 0.4037 0.8081
vn 0.2470 0.3401 0.9074
vn 0.4517 0.4199 0.7872
vn 0.2722 0.3683 0.8890
vn 0.4643 0.4431 0.7668
vn 0.2910 0.3974 0.8703
vn 0.4692 0.4784 0.7423
vn 0.3036 0.4336 0.8484
vn 0.0870 0.2366 0.9677
vn 0.1022 0.2755 0.9559
vn 0.1173 0.3115 0.9430
vn 0.1309 0.3461 0.9290
vn 0.1418 0.3832 0.9127
vn 0.3167 0.4834 0.8161
vn 0.1504 0.4277 0.8913
vn -0.0000 0.2262 0.9741
vn -0.0000 0.2652 0.9642
vn -0.0000 0.3020 0.9533
vn -0.0000 0.3386 0.9409
vn -0.0000 0.3784 0.9256
vn 0.1612 0.4842 0.8600
vn -0.0000 0.4256 0.9049
vn -0.1022 0.2755 0.9559
vn -0.0870 0.2365 0.9677
vn -0.1173 0.3115 0.9430
vn -0.1309 0.3461 0.9290
vn -0.1418 0.3832 0.9127
vn -0.1504 0.4277 0.8913
vn -0.1612 0.4842 0.8600
vn -0.2161 0.3085 0.9264
vn -0.1825 0.2707 0.9452
vn -0.2470 0.3401 0.9074
vn -0.2722 0.3683 0.8890
vn -0.2910 0.3974 0.8703
vn -0.3036 0.4336 0.8484
vn -0.3167 0.4834 0.8161
vn -0.3519 0.3698 0.8599
vn -0.3001 0.3390 0.8916
vn -0.3961 0.3888 0.8318
vn -0.4291 0.4037 0.8081
vn -0.4517 0.4199 0.7872
vn -0.4643 0.4431 0.7668
vn -0.4692 0.4784 0.7423
vn 0.4282 0.4602 0.7777
vn 0.5071 0.4558 0.7315
vn 0.5560 0.4496 0.6991
vn 0.5891 0.4431 0.6757
vn 0.6080 0.4468 0.6563
vn 0.6187 0.4567 0.6393
vn 0.6183 0.4772 0.6245
vn 0.6047 0.5166 0.6062
vn -0.0000 0.4843 0.8749
vn -0.6183 0.4772 0.6245
vn -0.6187 0.4567 0.6393
vn -0.6080 0.4468 0.6563
vn -0.5891 0.4430 0.6757
vn -0.5560 0.4496 0.6991
vn -0.5071 0.4558 0.7315
vn -0.4282 0.4602 0.7777
vn 0.6395 0.5356 -0.5515
vn 0.6527 0.6592 -0.3733
vn 0.5646 0.5886 -0.5786
vn 0.6876 0.5021 -0.5244
vn 0.7280 0.5888 -0.3513
vn 0.7203 0.4772 -0.5035
vn 0.7752 0.5352 -0.3355
vn 0.7373 0.4682 -0.4871
vn 0.8034 0.4988 -0.3251
vn 0.7425 0.4691 -0.4782
vn 0.8180 0.4787 -0.3189
vn 0.7334 0.4881 -0.4732
vn 0.8207 0.4758 -0.3163
vn 0.6928 0.6983 -0.1804
vn 0.7707 0.6141 -0.1702
vn 0.8191 0.5499 -0.1632
vn 0.8472 0.5068 -0.1592
vn 0.8613 0.4830 -0.1577
vn 0.8058 0.4976 -0.3211
vn 0.8636 0.4786 -0.1583
vn 0.7045 0.7098 -0.0000
vn 0.7836 0.6213 -0.0000
vn 0.8326 0.5539 -0.0000
vn 0.8609 0.5088 -0.0000
vn 0.8751 0.4839 -0.0000
vn 0.8497 0.5012 -0.1641
vn 0.8777 0.4792 -0.0000
vn 0.7707 0.6141 0.1702
vn 0.6928 0.6983 0.1804
vn 0.8191 0.5499 0.1632
vn 0.8472 0.5068 0.1592
vn 0.8613 0.4830 0.1577
vn 0.8636 0.4786 0.1583
vn 0.8497 0.5012 0.1641
vn 0.7280 0.5888 0.3513
vn 0.6527 0.6592 0.3733
vn 0.7752 0.5352 0.3355
vn 0.8034 0.4988 0.3251
vn 0.8180 0.4787 0.3189
vn 0.8207 0.4758 0.3163
vn 0.8058 0.4976 0.3211
vn 0.6395 0.5356 0.5515
vn 0.5646 0.5886 0.5786
vn 0.6877 0.5021 0.5244
vn 0.7203 0.4772 0.5035
vn 0.7373 0.4682 0.4871
vn 0.7425 0.4691 0.4782
vn 0.7334 0.4881 0.4732
vn 0.4282 0.4602 -0.7777
vn 0.5071 0.4558 -0.7315
vn 0.5560 0.4496 -0.6991
vn 0.6080 0.4468 -0.6563
vn 0.5892 0.4430 -0.6757
vn 0.6187 0.4567 -0.6393
vn 0.6183 0.4772 -0.6245
vn 0.6047 0.5166 -0.6062
vn 0.8648 0.5020 -0.0000
vn -0.3519 0.3698 -0.8599
vn -0.1825 0.2707 -0.9452
vn -0.3001 0.3390 -0.8916
vn -0.3961 0.3888 -0.8318
vn -0.2161 0.3085 -0.9264
vn -0.4291 0.4037 -0.8081
vn -0.2470 0.3401 -0.9074
vn -0.4517 0.4199 -0.7872
vn -0.2722 0.3683 -0.8890
vn -0.4643 0.4431 -0.7668
vn -0.2910 0.3974 -0.8703
vn -0.4692 0.4784 -0.7423
vn -0.3037 0.4336 -0.8484
vn -0.0870 0.2366 -0.9677
vn -0.1022 0.2755 -0.9559
vn -0.1173 0.3115 -0.9430
vn -0.1309 0.3461 -0.9290
vn -0.1418 0.3832 -0.9127
vn -0.3167 0.4834 -0.8161
vn -0.1504 0.4277 -0.8913
vn -0.0000 0.2262 -0.9741
vn -0.0000 0.2652 -0.9642
vn -0.0000 0.3020 -0.9533
vn -0.0000 0.3386 -0.9409
vn -0.0000 0.3784 -0.9256
vn -0.1612 0.4842 -0.8600
vn -0.0000 0.4256 -0.9049
vn 0.1022 0.2755 -0.9559
vn 0.0870 0.2366 -0.9677
vn 0.1173 0.3115 -0.9430
vn 0.1309 0.3461 -0.9290
vn 0.1418 0.3832 -0.9127
vn 0.1504 0.4277 -0.8913
vn 0.1612 0.4842 -0.8600
vn 0.2161 0.3085 -0.9264
vn 0.1825 0.2707 -0.9452
vn 0.2470 0.3401 -0.9074
vn 0.2722 0.3683 -0.8890
vn 0.2911 0.3974 -0.8703
vn 0.3037 0.4336 -0.8484
vn 0.3167 0.4834 -0.8161
vn 0.3519 0.3698 -0.8599
vn 0.3001 0.3390 -0.8916
vn 0.3961 0.3888 -0.8318
vn 0.4291 0.4037 -0.8081
vn 0.4517 0.4199 -0.7872
vn 0.4643 0.4431 -0.7668
vn 0.4692 0.4784 -0.7423
vn -0.4282 0.4602 -0.7777
vn -0.5071 0.4558 -0.7315
vn -0.5560 0.4496 -0.6991
vn -0.5892 0.4430 -0.6757
vn -0.6080 0.4468 -0.6563
vn -0.6187 0.4567 -0.6393
vn -0.6183 0.4772 -0.6245
vn -0.0000 0.4843 -0.8749
vn -0.6395 0.5356 0.5515
vn -0.6527 0.6592 0.3733
vn -0.5646 0.5886 0.5786
vn -0.6876 0.5021 0.5244
vn -0.7280 0.5888 0.3513
vn -0.7203 0.4772 0.5035
vn -0.7752 0.5352 0.3355
vn -0.7373 0.4682 0.4871
vn -0.8034 0.4988 0.3251
vn -0.7425 0.4691 0.4782
vn -0.8180 0.4787 0.3189
vn -0.7334 0.4881 0.4732
vn -0.8207 0.4758 0.3163
vn -0.6928 0.6983 0.1804
vn -0.7707 0.6141 0.1702
vn -0.8191 0.5499 0.1632
vn -0.8472 0.5068 0.1592
vn -0.8613 0.4830 0.1577
vn -0.8058 0.4976 0.3211
vn -0.8636 0.4786 0.1583
vn -0.7045 0.7098 -0.0000
vn -0.7836 0.6213 -0.0000
vn -0.8326 0.5539 -0.0000
vn -0.8609 0.5088 -0.0000
vn -0.8751 0.4839 -0.0000
vn -0.8497 0.5011 0.1641
vn -0.8777 0.4792 -0.0000
vn -0.7707 0.6141 -0.1702
vn -0.6928 0.6983 -0.1804
vn -0.8191 0.5499 -0.1632
vn -0.8472 0.5068 -0.1592
vn -0.8613 0.4830 -0.1577
vn -0.8636 0.4786 -0.1583
vn -0.8497 0.5012 -0.1641
vn -0.7280 0.5888 -0.3513
vn -0.6527 0.6592 -0.3733
vn -0.7752 0.5352 -0.3355
vn -0.8034 0.4988 -0.3251
vn -0.8180 0.4787 -0.3189
vn -0.8207 0.4758 -0.3163
vn -0.8058 0.4976 -0.3211
vn -0.6395 0.5356 -0.5515
vn -0.5646 0.5886 -0.5786
vn -0.6876 0.5021 -0.5244
vn -0.7203 0.4772 -0.5035
vn -0.7373 0.4682 -0.4871
vn -0.7425 0.4691 -0.4782
vn -0.7334 0.4881 -0.4732
vn -0.8649 0.5020 -0.0000
vn -0.0274 -0.7523 0.6582
vn 0.1654 -0.8923 0.4200
vn 0.1203 -0.8103 0.5735
vn -0.2001 -0.6608 0.7234
vn -0.0044 -0.8637 0.5040
vn -0.3896 -0.5363 0.7488
vn -0.2225 -0.7869 0.5756
vn -0.6796 -0.4547 0.5756
vn -0.4679 -0.6440 0.6052
vn -0.5666 -0.3945 0.7234
vn -0.8200 -0.2711 0.5040
vn -0.7070 -0.2585 0.6582
vn -0.8998 -0.1184 0.4200
vn 0.2019 -0.9529 0.2264
vn 0.0147 -0.9592 0.2825
vn -0.2482 -0.9094 0.3337
vn -0.7882 -0.5171 0.3337
vn -0.5494 -0.7562 0.3553
vn -0.9167 -0.2824 0.2825
vn -0.9686 -0.1024 0.2265
vn 0.2162 -0.9763 -0.0000
vn 0.0218 -0.9998 -0.0000
vn -0.2619 -0.9651 -0.0000
vn -0.8369 -0.5473 -0.0000
vn -0.5878 -0.8090 -0.0000
vn -0.9575 -0.2883 -0.0000
vn -0.9954 -0.0961 -0.0000
vn 0.0147 -0.9592 -0.2825
vn 0.2019 -0.9529 -0.2264
vn -0.2482 -0.9094 -0.3337
vn -0.5494 -0.7562 -0.3553
vn -0.7882 -0.5171 -0.3337
vn -0.9167 -0.2824 -0.2825
vn -0.0044 -0.8637 -0.5040
vn 0.1654 -0.8923 -0.4200
vn -0.2225 -0.7869 -0.5756
vn -0.4679 -0.6440 -0.6052
vn -0.6796 -0.4547 -0.5756
vn -0.9686 -0.1024 -0.2265
vn -0.8200 -0.2711 -0.5040
vn -0.0274 -0.7523 -0.6582
vn 0.1203 -0.8103 -0.5735
vn -0.2001 -0.6608 -0.7234
vn -0.3896 -0.5363 -0.7488
vn -0.5666 -0.3945 -0.7234
vn -0.8998 -0.1184 -0.4200
vn -0.7070 -0.2585 -0.6582
vn 0.0852 -0.7254 0.6830
vn 0.2351 -0.8359 0.4960
vn 0.1856 -0.7733 0.6062
vn -0.0391 -0.6512 0.7579
vn -0.1788 -0.5594 0.8094
vn -0.3294 -0.4534 0.8282
vn -0.4768 -0.3429 0.8094
vn -0.6073 -0.2384 0.7579
vn -0.8078 -0.1360 0.5735
vn -0.7162 -0.1431 0.6830
vn -0.8676 -0.0347 0.4960
vn -0.9361 -0.0018 0.3518
vn -0.9826 0.0219 0.1846
vn -0.9995 0.0307 -0.0000
vn -0.9826 0.0219 -0.1846
vn -0.9361 -0.0018 -0.3518
vn -0.8078 -0.1360 -0.5735
vn -0.8676 -0.0347 -0.4960
vn -0.7163 -0.1431 -0.6830
vn -0.6073 -0.2384 -0.7579
vn -0.4768 -0.3429 -0.8094
vn -0.3294 -0.4534 -0.8282
vn -0.1788 -0.5594 -0.8094
vn -0.0391 -0.6512 -0.7579
vn 0.0852 -0.7254 -0.6830
vn 0.2351 -0.8359 -0.4960
vn 0.1856 -0.7733 -0.6062
vn 0.2875 -0.8908 -0.3518
vn 0.3244 -0.9277 -0.1846
vn 0.3381 -0.9411 -0.0000
vn 0.3244 -0.9277 0.1846
vn 0.2875 -0.8908 0.3518
vn -0.5020 -0.0924 0.8599
vn -0.3068 -0.1117 0.9452
vn -0.4421 -0.0979 0.8916
vn -0.5490 -0.0817 0.8319
vn -0.3561 -0.1226 0.9264
vn -0.5844 -0.0744 0.8081
vn -0.3997 -0.1300 0.9074
vn -0.6122 -0.0742 0.7872
vn -0.4367 -0.1380 0.8890
vn -0.6361 -0.0856 0.7668
vn -0.4690 -0.1504 0.8703
vn -0.6608 -0.1112 0.7423
vn -0.5005 -0.1723 0.8484
vn -0.2094 -0.1402 0.9677
vn -0.2446 -0.1628 0.9559
vn -0.2780 -0.1830 0.9430
vn -0.3093 -0.2031 0.9290
vn -0.3400 -0.2267 0.9127
vn -0.5403 -0.2049 0.8161
vn -0.3730 -0.2576 0.8913
vn -0.1330 -0.1830 0.9741
vn -0.1559 -0.2145 0.9642
vn -0.1775 -0.2443 0.9533
vn -0.1990 -0.2739 0.9409
vn -0.2224 -0.3062 0.9256
vn -0.4150 -0.2970 0.8600
vn -0.2502 -0.3443 0.9049
vn -0.0792 -0.2830 0.9559
vn -0.0686 -0.2425 0.9677
vn -0.0882 -0.3209 0.9430
vn -0.0976 -0.3569 0.9290
vn -0.1106 -0.3934 0.9127
vn -0.1298 -0.4344 0.8913
vn -0.1542 -0.4865 0.8600
vn -0.0065 -0.3766 0.9264
vn -0.0115 -0.3263 0.9452
vn -0.0001 -0.4203 0.9074
vn 0.0037 -0.4579 0.8890
vn 0.0019 -0.4926 0.8703
vn -0.0092 -0.5293 0.8484
vn -0.0279 -0.5772 0.8161
vn 0.0673 -0.5060 0.8599
vn 0.0435 -0.4507 0.8916
vn 0.0919 -0.5473 0.8319
vn 0.1099 -0.5788 0.8081
vn 0.1186 -0.6052 0.7872
vn 0.1152 -0.6314 0.7668
vn 0.0984 -0.6628 0.7423
vn -0.6169 -0.1206 0.7777
vn -0.6781 -0.0707 0.7315
vn -0.7141 -0.0369 0.6991
vn -0.7371 -0.0121 0.6757
vn -0.7545 -0.0041 0.6563
vn -0.7689 -0.0059 0.6393
vn -0.7807 -0.0226 0.6245
vn -0.7929 -0.0625 0.6062
vn -0.2847 -0.3918 0.8749
vn 0.2198 -0.7495 0.6245
vn 0.2320 -0.7331 0.6393
vn 0.2293 -0.7188 0.6563
vn 0.2162 -0.7047 0.6757
vn 0.1856 -0.6906 0.6991
vn 0.1424 -0.6668 0.7315
vn 0.0759 -0.6240 0.7777
vn -0.8322 -0.0574 -0.5515
vn -0.9156 -0.1497 -0.3733
vn -0.8028 -0.1443 -0.5786
vn -0.8515 -0.0020 -0.5244
vn -0.9350 -0.0484 -0.3513
vn -0.8632 0.0373 -0.5035
vn -0.9418 0.0226 -0.3355
vn -0.8717 0.0546 -0.4871
vn -0.9432 0.0687 -0.3251
vn -0.8764 0.0569 -0.4782
vn -0.9432 0.0935 -0.3189
vn -0.8802 0.0362 -0.4732
vn -0.9436 0.0975 -0.3163
vn -0.9709 -0.1577 -0.1804
vn -0.9844 -0.0438 -0.1702
vn -0.9859 0.0366 -0.1632
vn -0.9833 0.0879 -0.1592
vn -0.9807 0.1155 -0.1577
vn -0.9444 0.0710 -0.3211
vn -0.9800 0.1204 -0.1583
vn -0.9871 -0.1601 -0.0000
vn -0.9991 -0.0420 -0.0000
vn -0.9991 0.0413 -0.0000
vn -0.9955 0.0944 -0.0000
vn -0.9924 0.1229 -0.0000
vn -0.9820 0.0940 -0.1641
vn -0.9918 0.1282 -0.0000
vn -0.9844 -0.0438 0.1702
vn -0.9709 -0.1577 0.1804
vn -0.9859 0.0366 0.1632
vn -0.9833 0.0879 0.1592
vn -0.9807 0.1155 0.1577
vn -0.9800 0.1204 0.1583
vn -0.9820 0.0940 0.1641
vn -0.9350 -0.0484 0.3513
vn -0.9156 -0.1497 0.3733
vn -0.9418 0.0226 0.3355
vn -0.9432 0.0687 0.3251
vn -0.9432 0.0935 0.3189
vn -0.9436 0.0975 0.3163
vn -0.9444 0.0710 0.3211
vn -0.8322 -0.0574 0.5515
vn -0.8028 -0.1443 0.5786
vn -0.8515 -0.0020 0.5244
vn -0.8632 0.0373 0.5035
vn -0.8717 0.0546 0.4871
vn -0.8764 0.0569 0.4782
vn -0.8802 0.0362 0.4732
vn -0.6169 -0.1206 -0.7777
vn -0.6781 -0.0707 -0.7315
vn -0.7141 -0.0369 -0.6991
vn -0.7545 -0.0041 -0.6563
vn -0.7371 -0.0121 -0.6757
vn -0.7689 -0.0059 -0.6393
vn -0.7807 -0.0226 -0.6245
vn -0.7929 -0.0625 -0.6062
vn -0.9948 0.1022 -0.0000
vn 0.0673 -0.5060 -0.8599
vn -0.0115 -0.3263 -0.9452
vn 0.0435 -0.4507 -0.8916
vn 0.0919 -0.5473 -0.8318
vn -0.0065 -0.3766 -0.9264
vn 0.1099 -0.5788 -0.8081
vn -0.0001 -0.4203 -0.9074
vn 0.1186 -0.6052 -0.7872
vn 0.0037 -0.4579 -0.8890
vn 0.1152 -0.6314 -0.7668
vn 0.0019 -0.4926 -0.8703
vn 0.0984 -0.6628 -0.7423
vn -0.0092 -0.5293 -0.8484
vn -0.0686 -0.2425 -0.9677
vn -0.0792 -0.2830 -0.9559
vn -0.0882 -0.3209 -0.9430
vn -0.0976 -0.3569 -0.9290
vn -0.1106 -0.3934 -0.9127
vn -0.0279 -0.5772 -0.8161
vn -0.1298 -0.4344 -0.8913
vn -0.1330 -0.1830 -0.9741
vn -0.1559 -0.2145 -0.9642
vn -0.1775 -0.2443 -0.9533
vn -0.1990 -0.2739 -0.9409
vn -0.2224 -0.3062 -0.9256
vn -0.1542 -0.4865 -0.8600
vn -0.2502 -0.3443 -0.9049
vn -0.2446 -0.1628 -0.9559
vn -0.2094 -0.1402 -0.9677
vn -0.2780 -0.1830 -0.9430
vn -0.3093 -0.2031 -0.9290
vn -0.3400 -0.2267 -0.9127
vn -0.3730 -0.2576 -0.8913
vn -0.4150 -0.2970 -0.8600
vn -0.3561 -0.1226 -0.9264
vn -0.3068 -0.1117 -0.9452
vn -0.3997 -0.1300 -0.9074
vn -0.4367 -0.1380 -0.8890
vn -0.4690 -0.1504 -0.8703
vn -0.5006 -0.1723 -0.8484
vn -0.5403 -0.2049 -0.8161
vn -0.5020 -0.0924 -0.8599
vn -0.4421 -0.0979 -0.8916
vn -0.5490 -0.0817 -0.8318
vn -0.5844 -0.0744 -0.8081
vn -0.6122 -0.0742 -0.7872
vn -0.6361 -0.0856 -0.7668
vn -0.6608 -0.1112 -0.7423
vn 0.0759 -0.6240 -0.7777
vn 0.1424 -0.6668 -0.7315
vn 0.1856 -0.6906 -0.6991
vn 0.2162 -0.7047 -0.6757
vn 0.2293 -0.7188 -0.6563
vn 0.2320 -0.7331 -0.6393
vn 0.2198 -0.7495 -0.6245
vn -0.2847 -0.3918 -0.8749
vn 0.2026 -0.8092 0.5515
vn 0.1406 -0.9170 0.3733
vn 0.1108 -0.8081 0.5786
vn 0.2612 -0.8104 0.5244
vn 0.2429 -0.9042 0.3513
vn 0.3022 -0.8094 0.5035
vn 0.3126 -0.8887 0.3355
vn 0.3213 -0.8121 0.4871
vn 0.3568 -0.8758 0.3251
vn 0.3250 -0.8159 0.4782
vn 0.3804 -0.8681 0.3189
vn 0.3065 -0.8260 0.4732
vn 0.3843 -0.8673 0.3163
vn 0.1500 -0.9721 0.1804
vn 0.2625 -0.9498 0.1702
vn 0.3394 -0.9264 0.1632
vn 0.3875 -0.9080 0.1592
vn 0.4129 -0.8970 0.1577
vn 0.3594 -0.8762 0.3211
vn 0.4174 -0.8948 0.1583
vn 0.1527 -0.9883 -0.0000
vn 0.2688 -0.9632 -0.0000
vn 0.3480 -0.9375 -0.0000
vn 0.3974 -0.9176 -0.0000
vn 0.4236 -0.9059 -0.0000
vn 0.3928 -0.9049 0.1641
vn 0.4284 -0.9036 -0.0000
vn 0.2625 -0.9498 -0.1702
vn 0.1500 -0.9721 -0.1804
vn 0.3394 -0.9264 -0.1632
vn 0.3875 -0.9080 -0.1592
vn 0.4129 -0.8970 -0.1577
vn 0.4174 -0.8948 -0.1583
vn 0.3928 -0.9049 -0.1641
vn 0.2429 -0.9042 -0.3513
vn 0.1406 -0.9170 -0.3733
vn 0.3126 -0.8887 -0.3355
vn 0.3568 -0.8758 -0.3251
vn 0.3804 -0.8681 -0.3189
vn 0.3843 -0.8673 -0.3163
vn 0.3594 -0.8762 -0.3211
vn 0.2026 -0.8092 -0.5515
vn 0.1108 -0.8081 -0.5786
vn 0.2612 -0.8104 -0.5244
vn 0.3022 -0.8094 -0.5035
vn 0.3213 -0.8121 -0.4871
vn 0.3250 -0.8159 -0.4782
vn 0.3065 -0.8260 -0.4732
vn 0.4046 -0.9145 -0.0000
vn -0.0000 -0.0000 1.0000
vn -0.0000 -0.0000 -1.0000
vt 0.000000 0.000000
s 1
f 418/1/1 421/1/2 417/1/3
f 419/1/4 422/1/5 418/1/1
f 420/1/6 423/1/7 419/1/4
f 422/1/5 425/1/8 421/1/2
f 423/1/7 426/1/9 422/1/5
f 424/1/10 427/1/11 423/1/7
f 430/1/12 433/1/13 429/1/14
f 431/1/15 434/1/16 430/1/12
f 432/1/17 435/1/18 431/1/15
f 434/1/16 437/1/19 433/1/13
f 435/1/18 438/1/20 434/1/16
f 436/1/21 439/1/22 435/1/18
f 442/1/23 445/1/24 441/1/25
f 443/1/26 446/1/27 442/1/23
f 444/1/28 447/1/29 443/1/26
f 446/1/27 449/1/30 445/1/24
f 447/1/29 450/1/31 446/1/27
f 448/1/32 451/1/33 447/1/29
f 454/1/34 457/1/35 453/1/36
f 455/1/37 458/1/38 454/1/34
f 456/1/39 459/1/40 455/1/37
f 458/1/38 461/1/41 457/1/35
f 459/1/40 462/1/42 458/1/38
f 460/1/43 463/1/44 459/1/40
f 466/1/45 469/1/46 465/1/47
f 467/1/48 470/1/49 466/1/45
f 468/1/50 471/1/51 467/1/48
f 470/1/49 473/1/52 469/1/46
f 471/1/51 474/1/53 470/1/49
f 472/1/54 475/1/55 471/1/51
f 438/1/20 420/1/6 437/1/19
f 439/1/22 424/1/10 438/1/20
f 450/1/31 432/1/17 449/1/30
f 451/1/33 436/1/21 450/1/31
f 462/1/42 444/1/28 461/1/41
f 463/1/44 448/1/32 462/1/42
f 474/1/53 456/1/39 473/1/52
f 475/1/55 460/1/43 474/1/53
f 426/1/9 468/1/50 425/1/8
f 427/1/11 472/1/54 426/1/9
f 428/1/56 476/1/57 427/1/11
f 440/1/58 428/1/56 439/1/22
f 452/1/59 440/1/58 451/1/33
f 464/1/60 452/1/59 463/1/44
f 476/1/57 464/1/60 475/1/55
f 2/1/61 417/1/3 44/1/62
f 31/1/63 418/1/1 417/1/3
f 32/1/64 419/1/4 418/1/1
f 34/1/65 419/1/4 33/1/66
f 44/1/62 421/1/2 43/1/67
f 43/1/67 425/1/8 42/1/68
f 425/1/8 41/1/69 42/1/68
f 1/1/70 429/1/14 37/1/71
f 59/1/72 430/1/12 429/1/14
f 60/1/73 431/1/15 430/1/12
f 62/1/74 431/1/15 61/1/75
f 37/1/71 433/1/13 36/1/76
f 36/1/76 437/1/19 35/1/77
f 437/1/19 34/1/65 35/1/77
f 5/1/78 441/1/25 65/1/79
f 52/1/80 442/1/23 441/1/25
f 53/1/81 443/1/26 442/1/23
f 55/1/82 443/1/26 54/1/83
f 65/1/79 445/1/24 64/1/84
f 64/1/84 449/1/30 63/1/85
f 449/1/30 62/1/74 63/1/85
f 4/1/86 453/1/36 58/1/87
f 45/1/88 454/1/34 453/1/36
f 46/1/89 455/1/37 454/1/34
f 48/1/90 455/1/37 47/1/91
f 58/1/87 457/1/35 57/1/92
f 57/1/92 461/1/41 56/1/93
f 461/1/41 55/1/82 56/1/93
f 3/1/94 465/1/47 51/1/95
f 38/1/96 466/1/45 465/1/47
f 39/1/97 467/1/48 466/1/45
f 41/1/69 467/1/48 40/1/98
f 51/1/95 469/1/46 50/1/99
f 50/1/99 473/1/52 49/1/100
f 473/1/52 48/1/90 49/1/100
f 479/1/101 482/1/102 478/1/103
f 480/1/104 483/1/105 479/1/101
f 481/1/106 484/1/107 480/1/104
f 483/1/105 486/1/108 482/1/102
f 484/1/107 487/1/109 483/1/105
f 485/1/110 488/1/111 484/1/107
f 491/1/112 494/1/113 490/1/114
f 492/1/115 495/1/116 491/1/112
f 493/1/117 496/1/118 492/1/115
f 495/1/116 498/1/119 494/1/113
f 496/1/118 499/1/120 495/1/116
f 497/1/121 500/1/122 496/1/118
f 503/1/123 506/1/124 502/1/125
f 504/1/126 507/1/127 503/1/123
f 505/1/128 508/1/129 504/1/126
f 507/1/127 510/1/130 506/1/124
f 508/1/129 511/1/131 507/1/127
f 509/1/132 512/1/133 508/1/129
f 515/1/134 518/1/135 514/1/136
f 516/1/137 519/1/138 515/1/134
f 517/1/139 520/1/140 516/1/137
f 519/1/138 522/1/141 518/1/135
f 520/1/140 523/1/142 519/1/138
f 521/1/143 524/1/144 520/1/140
f 527/1/145 530/1/146 526/1/147
f 528/1/148 531/1/149 527/1/145
f 529/1/150 532/1/151 528/1/148
f 531/1/149 534/1/152 530/1/146
f 532/1/151 535/1/153 531/1/149
f 533/1/154 536/1/155 532/1/151
f 499/1/120 481/1/106 498/1/119
f 500/1/122 485/1/110 499/1/120
f 511/1/131 493/1/117 510/1/130
f 512/1/133 497/1/121 511/1/131
f 523/1/142 505/1/128 522/1/141
f 524/1/144 509/1/132 523/1/142
f 535/1/153 517/1/139 534/1/152
f 536/1/155 521/1/143 535/1/153
f 487/1/109 529/1/150 486/1/108
f 488/1/111 533/1/154 487/1/109
f 489/1/156 537/1/157 488/1/111
f 501/1/158 489/1/156 500/1/122
f 513/1/159 501/1/158 512/1/133
f 525/1/160 513/1/159 524/1/144
f 537/1/157 525/1/160 536/1/155
f 6/1/161 478/1/103 66/1/162
f 79/1/163 479/1/101 478/1/103
f 78/1/164 480/1/104 479/1/101
f 76/1/165 480/1/104 77/1/166
f 66/1/162 482/1/102 67/1/167
f 67/1/167 486/1/108 68/1/168
f 486/1/108 69/1/169 68/1/168
f 8/1/170 490/1/114 73/1/171
f 86/1/172 491/1/112 490/1/114
f 85/1/173 492/1/115 491/1/112
f 83/1/174 492/1/115 84/1/175
f 73/1/171 494/1/113 74/1/176
f 74/1/176 498/1/119 75/1/177
f 498/1/119 76/1/165 75/1/177
f 9/1/178 502/1/125 80/1/179
f 93/1/180 503/1/123 502/1/125
f 92/1/181 504/1/126 503/1/123
f 90/1/182 504/1/126 91/1/183
f 80/1/179 506/1/124 81/1/184
f 81/1/184 510/1/130 82/1/185
f 510/1/130 83/1/174 82/1/185
f 10/1/186 514/1/136 87/1/187
f 100/1/188 515/1/134 514/1/136
f 99/1/189 516/1/137 515/1/134
f 97/1/190 516/1/137 98/1/191
f 87/1/187 518/1/135 88/1/192
f 88/1/192 522/1/141 89/1/193
f 522/1/141 90/1/182 89/1/193
f 7/1/194 526/1/147 94/1/195
f 72/1/196 527/1/145 526/1/147
f 71/1/197 528/1/148 527/1/145
f 69/1/169 528/1/148 70/1/198
f 94/1/195 530/1/146 95/1/199
f 95/1/199 534/1/152 96/1/200
f 534/1/152 97/1/190 96/1/200
f 539/1/201 545/1/202 538/1/203
f 540/1/204 546/1/205 539/1/201
f 541/1/206 547/1/207 540/1/204
f 541/1/206 549/1/208 548/1/209
f 542/1/210 550/1/211 549/1/208
f 543/1/212 551/1/213 550/1/211
f 546/1/205 552/1/214 545/1/202
f 547/1/207 553/1/215 546/1/205
f 548/1/209 554/1/216 547/1/207
f 548/1/209 556/1/217 555/1/218
f 549/1/208 557/1/219 556/1/217
f 550/1/211 558/1/220 557/1/219
f 553/1/215 559/1/221 552/1/214
f 554/1/216 560/1/222 553/1/215
f 555/1/218 561/1/223 554/1/216
f 555/1/218 563/1/224 562/1/225
f 556/1/217 564/1/226 563/1/224
f 557/1/219 565/1/227 564/1/226
f 559/1/221 567/1/228 566/1/229
f 560/1/222 568/1/230 567/1/228
f 561/1/223 569/1/231 568/1/230
f 563/1/224 569/1/231 562/1/225
f 564/1/226 570/1/232 563/1/224
f 565/1/227 571/1/233 564/1/226
f 566/1/229 574/1/234 573/1/235
f 567/1/228 575/1/236 574/1/234
f 568/1/230 576/1/237 575/1/236
f 570/1/232 576/1/237 569/1/231
f 571/1/233 577/1/238 570/1/232
f 572/1/239 578/1/240 571/1/233
f 573/1/235 581/1/241 580/1/242
f 574/1/234 582/1/243 581/1/241
f 575/1/236 583/1/244 582/1/243
f 577/1/238 583/1/244 576/1/237
f 578/1/240 584/1/245 577/1/238
f 579/1/246 585/1/247 578/1/240
f 142/1/248 157/1/249 11/1/250
f 141/1/251 538/1/203 142/1/248
f 140/1/252 539/1/201 141/1/251
f 139/1/253 540/1/204 140/1/252
f 139/1/253 542/1/210 541/1/206
f 138/1/254 543/1/212 542/1/210
f 137/1/255 544/1/256 543/1/212
f 136/1/257 149/1/258 544/1/256
f 544/1/256 148/1/259 551/1/213
f 551/1/213 147/1/260 558/1/220
f 558/1/220 146/1/261 565/1/227
f 146/1/261 572/1/239 565/1/227
f 145/1/262 579/1/246 572/1/239
f 144/1/263 586/1/264 579/1/246
f 143/1/265 156/1/266 586/1/264
f 586/1/264 155/1/267 585/1/247
f 585/1/247 154/1/268 584/1/245
f 584/1/245 153/1/269 583/1/244
f 582/1/243 153/1/269 152/1/270
f 581/1/241 152/1/270 151/1/271
f 580/1/242 151/1/271 150/1/272
f 163/1/273 150/1/272 14/1/274
f 162/1/275 580/1/242 163/1/273
f 161/1/276 573/1/235 162/1/275
f 160/1/277 566/1/229 161/1/276
f 552/1/214 160/1/277 159/1/278
f 545/1/202 159/1/278 158/1/279
f 538/1/203 158/1/279 157/1/249
f 588/1/280 594/1/281 587/1/282
f 589/1/283 595/1/284 588/1/280
f 590/1/285 596/1/286 589/1/283
f 591/1/287 597/1/288 590/1/285
f 592/1/289 598/1/290 591/1/287
f 593/1/291 599/1/292 592/1/289
f 595/1/284 601/1/293 594/1/281
f 596/1/286 602/1/294 595/1/284
f 597/1/288 603/1/295 596/1/286
f 598/1/290 604/1/296 597/1/288
f 599/1/292 605/1/297 598/1/290
f 600/1/298 606/1/299 599/1/292
f 602/1/294 608/1/300 601/1/293
f 603/1/295 609/1/301 602/1/294
f 604/1/296 610/1/302 603/1/295
f 605/1/297 611/1/303 604/1/296
f 606/1/299 612/1/304 605/1/297
f 607/1/305 613/1/306 606/1/299
f 608/1/300 616/1/307 615/1/308
f 609/1/301 617/1/309 616/1/307
f 610/1/302 618/1/310 617/1/309
f 611/1/303 619/1/311 618/1/310
f 612/1/304 620/1/312 619/1/311
f 613/1/306 621/1/313 620/1/312
f 615/1/308 623/1/314 622/1/315
f 616/1/307 624/1/316 623/1/314
f 617/1/309 625/1/317 624/1/316
f 618/1/310 626/1/318 625/1/317
f 619/1/311 627/1/319 626/1/318
f 620/1/312 628/1/320 627/1/319
f 622/1/315 630/1/321 629/1/322
f 623/1/314 631/1/323 630/1/321
f 624/1/316 632/1/324 631/1/323
f 625/1/317 633/1/325 632/1/324
f 626/1/318 634/1/326 633/1/325
f 627/1/319 635/1/327 634/1/326
f 164/1/328 52/1/80 5/1/78
f 165/1/329 587/1/282 164/1/328
f 166/1/330 588/1/280 165/1/329
f 167/1/331 589/1/283 166/1/330
f 168/1/332 590/1/285 167/1/331
f 169/1/333 591/1/287 168/1/332
f 170/1/334 592/1/289 169/1/333
f 12/1/335 593/1/291 170/1/334
f 136/1/257 600/1/298 593/1/291
f 137/1/255 607/1/305 600/1/298
f 138/1/254 614/1/336 607/1/305
f 614/1/336 140/1/252 621/1/313
f 621/1/313 141/1/251 628/1/320
f 628/1/320 142/1/248 635/1/327
f 635/1/327 11/1/250 171/1/337
f 634/1/326 171/1/337 172/1/338
f 633/1/325 172/1/338 173/1/339
f 632/1/324 173/1/339 174/1/340
f 631/1/323 174/1/340 175/1/341
f 630/1/321 175/1/341 176/1/342
f 629/1/322 176/1/342 177/1/343
f 58/1/87 177/1/343 4/1/86
f 57/1/92 629/1/322 58/1/87
f 56/1/93 622/1/315 57/1/92
f 55/1/82 615/1/308 56/1/93
f 601/1/293 55/1/82 54/1/83
f 594/1/281 54/1/83 53/1/81
f 587/1/282 53/1/81 52/1/80
f 637/1/344 643/1/345 636/1/346
f 638/1/347 644/1/348 637/1/344
f 639/1/349 645/1/350 638/1/347
f 640/1/351 646/1/352 639/1/349
f 641/1/353 647/1/354 640/1/351
f 642/1/355 648/1/356 641/1/353
f 644/1/348 650/1/357 643/1/345
f 645/1/350 651/1/358 644/1/348
f 646/1/352 652/1/359 645/1/350
f 647/1/354 653/1/360 646/1/352
f 648/1/356 654/1/361 647/1/354
f 649/1/362 655/1/363 648/1/356
f 651/1/358 657/1/364 650/1/357
f 652/1/359 658/1/365 651/1/358
f 653/1/360 659/1/366 652/1/359
f 654/1/361 660/1/367 653/1/360
f 655/1/363 661/1/368 654/1/361
f 656/1/369 662/1/370 655/1/363
f 657/1/364 665/1/371 664/1/372
f 658/1/365 666/1/373 665/1/371
f 659/1/366 667/1/374 666/1/373
f 660/1/367 668/1/375 667/1/374
f 661/1/368 669/1/376 668/1/375
f 662/1/370 670/1/377 669/1/376
f 664/1/372 672/1/378 671/1/379
f 665/1/371 673/1/380 672/1/378
f 666/1/373 674/1/381 673/1/380
f 667/1/374 675/1/382 674/1/381
f 668/1/375 676/1/383 675/1/382
f 669/1/376 677/1/384 676/1/383
f 671/1/379 679/1/385 678/1/386
f 672/1/378 680/1/387 679/1/385
f 673/1/380 681/1/388 680/1/387
f 674/1/381 682/1/389 681/1/388
f 675/1/382 683/1/390 682/1/389
f 676/1/383 684/1/391 683/1/390
f 178/1/392 107/1/393 10/1/186
f 178/1/392 637/1/344 636/1/346
f 179/1/394 638/1/347 637/1/344
f 180/1/395 639/1/349 638/1/347
f 182/1/396 639/1/349 181/1/397
f 183/1/398 640/1/351 182/1/396
f 184/1/399 641/1/353 183/1/398
f 13/1/400 642/1/355 184/1/399
f 143/1/265 649/1/362 642/1/355
f 144/1/263 656/1/369 649/1/362
f 145/1/262 663/1/401 656/1/369
f 663/1/401 147/1/260 670/1/377
f 670/1/377 148/1/259 677/1/384
f 677/1/384 149/1/258 684/1/391
f 684/1/391 12/1/335 170/1/334
f 683/1/390 170/1/334 169/1/333
f 682/1/389 169/1/333 168/1/332
f 681/1/388 168/1/332 167/1/331
f 681/1/388 166/1/330 680/1/387
f 680/1/387 165/1/329 679/1/385
f 679/1/385 164/1/328 678/1/386
f 101/1/402 164/1/328 5/1/78
f 102/1/403 678/1/386 101/1/402
f 103/1/404 671/1/379 102/1/403
f 104/1/405 664/1/372 103/1/404
f 650/1/357 104/1/405 105/1/406
f 643/1/345 105/1/406 106/1/407
f 636/1/346 106/1/407 107/1/393
f 686/1/408 692/1/409 685/1/410
f 687/1/411 693/1/412 686/1/408
f 688/1/413 694/1/414 687/1/411
f 689/1/415 695/1/416 688/1/413
f 690/1/417 696/1/418 689/1/415
f 691/1/419 697/1/420 690/1/417
f 693/1/412 699/1/421 692/1/409
f 694/1/414 700/1/422 693/1/412
f 695/1/416 701/1/423 694/1/414
f 696/1/418 702/1/424 695/1/416
f 697/1/420 703/1/425 696/1/418
f 698/1/426 704/1/427 697/1/420
f 700/1/422 706/1/428 699/1/421
f 701/1/423 707/1/429 700/1/422
f 702/1/424 708/1/430 701/1/423
f 703/1/425 709/1/431 702/1/424
f 704/1/427 710/1/432 703/1/425
f 705/1/433 711/1/434 704/1/427
f 706/1/428 714/1/435 713/1/436
f 707/1/429 715/1/437 714/1/435
f 708/1/430 716/1/438 715/1/437
f 709/1/431 717/1/439 716/1/438
f 710/1/432 718/1/440 717/1/439
f 711/1/434 719/1/441 718/1/440
f 713/1/436 721/1/442 720/1/443
f 714/1/435 722/1/444 721/1/442
f 715/1/437 723/1/445 722/1/444
f 716/1/438 724/1/446 723/1/445
f 717/1/439 725/1/447 724/1/446
f 718/1/440 726/1/448 725/1/447
f 720/1/443 728/1/449 727/1/450
f 721/1/442 729/1/451 728/1/449
f 722/1/444 730/1/452 729/1/451
f 723/1/445 731/1/453 730/1/452
f 724/1/446 732/1/454 731/1/453
f 725/1/447 733/1/455 732/1/454
f 185/1/456 93/1/180 9/1/178
f 186/1/457 685/1/410 185/1/456
f 187/1/458 686/1/408 186/1/457
f 188/1/459 687/1/411 187/1/458
f 189/1/460 688/1/413 188/1/459
f 190/1/461 689/1/415 189/1/460
f 191/1/462 690/1/417 190/1/461
f 14/1/274 691/1/419 191/1/462
f 150/1/272 698/1/426 691/1/419
f 151/1/271 705/1/433 698/1/426
f 152/1/270 712/1/463 705/1/433
f 712/1/463 154/1/268 719/1/441
f 719/1/441 155/1/267 726/1/448
f 726/1/448 156/1/266 733/1/455
f 733/1/455 13/1/400 184/1/399
f 732/1/454 184/1/399 183/1/398
f 731/1/453 183/1/398 182/1/396
f 730/1/452 182/1/396 181/1/397
f 729/1/451 181/1/397 180/1/395
f 728/1/449 180/1/395 179/1/394
f 727/1/450 179/1/394 178/1/392
f 87/1/187 178/1/392 10/1/186
f 88/1/192 727/1/450 87/1/187
f 89/1/193 720/1/443 88/1/192
f 90/1/182 713/1/436 89/1/193
f 699/1/421 90/1/182 91/1/183
f 692/1/409 91/1/183 92/1/181
f 685/1/410 92/1/181 93/1/180
f 735/1/464 741/1/465 734/1/466
f 736/1/467 742/1/468 735/1/464
f 737/1/469 743/1/470 736/1/467
f 738/1/471 744/1/472 737/1/469
f 739/1/473 745/1/474 738/1/471
f 740/1/475 746/1/476 739/1/473
f 742/1/468 748/1/477 741/1/465
f 743/1/470 749/1/478 742/1/468
f 744/1/472 750/1/479 743/1/470
f 745/1/474 751/1/480 744/1/472
f 746/1/476 752/1/481 745/1/474
f 747/1/482 753/1/483 746/1/476
f 749/1/478 755/1/484 748/1/477
f 750/1/479 756/1/485 749/1/478
f 751/1/480 757/1/486 750/1/479
f 752/1/481 758/1/487 751/1/480
f 753/1/483 759/1/488 752/1/481
f 754/1/489 760/1/490 753/1/483
f 755/1/484 763/1/491 762/1/492
f 756/1/485 764/1/493 763/1/491
f 757/1/486 765/1/494 764/1/493
f 758/1/487 766/1/495 765/1/494
f 759/1/488 767/1/496 766/1/495
f 760/1/490 768/1/497 767/1/496
f 762/1/492 770/1/498 769/1/499
f 763/1/491 771/1/500 770/1/498
f 764/1/493 772/1/501 771/1/500
f 765/1/494 773/1/502 772/1/501
f 766/1/495 774/1/503 773/1/502
f 767/1/496 775/1/504 774/1/503
f 769/1/499 777/1/505 776/1/506
f 770/1/498 778/1/507 777/1/505
f 771/1/500 779/1/508 778/1/507
f 772/1/501 780/1/509 779/1/508
f 773/1/502 781/1/510 780/1/509
f 774/1/503 782/1/511 781/1/510
f 177/1/343 114/1/512 4/1/86
f 177/1/343 735/1/464 734/1/466
f 176/1/342 736/1/467 735/1/464
f 175/1/341 737/1/469 736/1/467
f 173/1/339 737/1/469 174/1/340
f 172/1/338 738/1/471 173/1/339
f 171/1/337 739/1/473 172/1/338
f 11/1/250 740/1/475 171/1/337
f 157/1/249 747/1/482 740/1/475
f 158/1/279 754/1/489 747/1/482
f 159/1/278 761/1/513 754/1/489
f 761/1/513 161/1/276 768/1/497
f 768/1/497 162/1/275 775/1/504
f 775/1/504 163/1/273 782/1/511
f 782/1/511 14/1/274 191/1/462
f 781/1/510 191/1/462 190/1/461
f 780/1/509 190/1/461 189/1/460
f 779/1/508 189/1/460 188/1/459
f 779/1/508 187/1/458 778/1/507
f 778/1/507 186/1/457 777/1/505
f 777/1/505 185/1/456 776/1/506
f 108/1/514 185/1/456 9/1/178
f 109/1/515 776/1/506 108/1/514
f 110/1/516 769/1/499 109/1/515
f 111/1/517 762/1/492 110/1/516
f 748/1/477 111/1/517 112/1/518
f 741/1/465 112/1/518 113/1/519
f 734/1/466 113/1/519 114/1/512
f 784/1/520 790/1/521 783/1/522
f 785/1/523 791/1/524 784/1/520
f 786/1/525 792/1/526 785/1/523
f 786/1/525 794/1/527 793/1/528
f 787/1/529 795/1/530 794/1/527
f 788/1/531 796/1/532 795/1/530
f 791/1/524 797/1/533 790/1/521
f 792/1/526 798/1/534 791/1/524
f 793/1/528 799/1/535 792/1/526
f 793/1/528 801/1/536 800/1/537
f 794/1/527 802/1/538 801/1/536
f 795/1/530 803/1/539 802/1/538
f 798/1/534 804/1/540 797/1/533
f 799/1/535 805/1/541 798/1/534
f 800/1/537 806/1/542 799/1/535
f 800/1/537 808/1/543 807/1/544
f 801/1/536 809/1/545 808/1/543
f 802/1/538 810/1/546 809/1/545
f 804/1/540 812/1/547 811/1/548
f 805/1/541 813/1/549 812/1/547
f 806/1/542 814/1/550 813/1/549
f 808/1/543 814/1/550 807/1/544
f 809/1/545 815/1/551 808/1/543
f 810/1/546 816/1/552 809/1/545
f 811/1/548 819/1/553 818/1/554
f 812/1/547 820/1/555 819/1/553
f 813/1/549 821/1/556 820/1/555
f 815/1/551 821/1/556 814/1/550
f 816/1/552 822/1/557 815/1/551
f 817/1/558 823/1/559 816/1/552
f 818/1/554 826/1/560 825/1/561
f 819/1/553 827/1/562 826/1/560
f 820/1/555 828/1/563 827/1/562
f 822/1/557 828/1/563 821/1/556
f 823/1/559 829/1/564 822/1/557
f 824/1/565 830/1/566 823/1/559
f 198/1/567 213/1/568 15/1/569
f 197/1/570 783/1/522 198/1/567
f 196/1/571 784/1/520 197/1/570
f 195/1/572 785/1/523 196/1/571
f 195/1/572 787/1/529 786/1/525
f 194/1/573 788/1/531 787/1/529
f 193/1/574 789/1/575 788/1/531
f 192/1/576 205/1/577 789/1/575
f 789/1/575 204/1/578 796/1/532
f 796/1/532 203/1/579 803/1/539
f 803/1/539 202/1/580 810/1/546
f 202/1/580 817/1/558 810/1/546
f 201/1/581 824/1/565 817/1/558
f 200/1/582 831/1/583 824/1/565
f 199/1/584 212/1/585 831/1/583
f 831/1/583 211/1/586 830/1/566
f 830/1/566 210/1/587 829/1/564
f 829/1/564 209/1/588 828/1/563
f 827/1/562 209/1/588 208/1/589
f 826/1/560 208/1/589 207/1/590
f 825/1/561 207/1/590 206/1/591
f 219/1/592 206/1/591 18/1/593
f 218/1/594 825/1/561 219/1/592
f 217/1/595 818/1/554 218/1/594
f 216/1/596 811/1/548 217/1/595
f 797/1/533 216/1/596 215/1/597
f 790/1/521 215/1/597 214/1/598
f 783/1/522 214/1/598 213/1/568
f 833/1/599 839/1/600 832/1/601
f 834/1/602 840/1/603 833/1/599
f 835/1/604 841/1/605 834/1/602
f 836/1/606 842/1/607 835/1/604
f 837/1/608 843/1/609 836/1/606
f 838/1/610 844/1/611 837/1/608
f 840/1/603 846/1/612 839/1/600
f 841/1/605 847/1/613 840/1/603
f 842/1/607 848/1/614 841/1/605
f 843/1/609 849/1/615 842/1/607
f 844/1/611 850/1/616 843/1/609
f 845/1/617 851/1/618 844/1/611
f 847/1/613 853/1/619 846/1/612
f 848/1/614 854/1/620 847/1/613
f 849/1/615 855/1/621 848/1/614
f 850/1/616 856/1/622 849/1/615
f 851/1/618 857/1/623 850/1/616
f 852/1/624 858/1/625 851/1/618
f 853/1/619 861/1/626 860/1/627
f 854/1/620 862/1/628 861/1/626
f 855/1/621 863/1/629 862/1/628
f 856/1/622 864/1/630 863/1/629
f 857/1/623 865/1/631 864/1/630
f 858/1/625 866/1/632 865/1/631
f 860/1/627 868/1/633 867/1/634
f 861/1/626 869/1/635 868/1/633
f 862/1/628 870/1/636 869/1/635
f 863/1/629 871/1/637 870/1/636
f 864/1/630 872/1/638 871/1/637
f 865/1/631 873/1/639 872/1/638
f 867/1/634 875/1/640 874/1/641
f 868/1/633 876/1/642 875/1/640
f 869/1/635 877/1/643 876/1/642
f 870/1/636 878/1/644 877/1/643
f 871/1/637 879/1/645 878/1/644
f 872/1/638 880/1/646 879/1/645
f 220/1/647 38/1/96 3/1/94
f 221/1/648 832/1/601 220/1/647
f 222/1/649 833/1/599 221/1/648
f 223/1/650 834/1/602 222/1/649
f 224/1/651 835/1/604 223/1/650
f 225/1/652 836/1/606 224/1/651
f 226/1/653 837/1/608 225/1/652
f 16/1/654 838/1/610 226/1/653
f 192/1/576 845/1/617 838/1/610
f 193/1/574 852/1/624 845/1/617
f 194/1/573 859/1/655 852/1/624
f 859/1/655 196/1/571 866/1/632
f 866/1/632 197/1/570 873/1/639
f 873/1/639 198/1/567 880/1/646
f 880/1/646 15/1/569 227/1/656
f 879/1/645 227/1/656 228/1/657
f 878/1/644 228/1/657 229/1/658
f 877/1/643 229/1/658 230/1/659
f 876/1/642 230/1/659 231/1/660
f 875/1/640 231/1/660 232/1/661
f 874/1/641 232/1/661 233/1/662
f 44/1/62 233/1/662 2/1/61
f 43/1/67 874/1/641 44/1/62
f 42/1/68 867/1/634 43/1/67
f 41/1/69 860/1/627 42/1/68
f 846/1/612 41/1/69 40/1/98
f 839/1/600 40/1/98 39/1/97
f 832/1/601 39/1/97 38/1/96
f 882/1/663 888/1/664 881/1/665
f 883/1/666 889/1/667 882/1/663
f 884/1/668 890/1/669 883/1/666
f 885/1/670 891/1/671 884/1/668
f 886/1/672 892/1/673 885/1/670
f 887/1/674 893/1/675 886/1/672
f 889/1/667 895/1/676 888/1/664
f 890/1/669 896/1/677 889/1/667
f 891/1/671 897/1/678 890/1/669
f 892/1/673 898/1/679 891/1/671
f 893/1/675 899/1/680 892/1/673
f 894/1/681 900/1/682 893/1/675
f 896/1/677 902/1/683 895/1/676
f 897/1/678 903/1/684 896/1/677
f 898/1/679 904/1/685 897/1/678
f 899/1/680 905/1/686 898/1/679
f 900/1/682 906/1/687 899/1/680
f 901/1/688 907/1/689 900/1/682
f 902/1/683 910/1/690 909/1/691
f 903/1/684 911/1/692 910/1/690
f 904/1/685 912/1/693 911/1/692
f 905/1/686 913/1/694 912/1/693
f 906/1/687 914/1/695 913/1/694
f 907/1/689 915/1/696 914/1/695
f 909/1/691 917/1/697 916/1/698
f 910/1/690 918/1/699 917/1/697
f 911/1/692 919/1/700 918/1/699
f 912/1/693 920/1/701 919/1/700
f 913/1/694 921/1/702 920/1/701
f 914/1/695 922/1/703 921/1/702
f 916/1/698 924/1/704 923/1/705
f 917/1/697 925/1/706 924/1/704
f 918/1/699 926/1/707 925/1/706
f 919/1/700 927/1/708 926/1/707
f 920/1/701 928/1/709 927/1/708
f 921/1/702 929/1/710 928/1/709
f 234/1/711 121/1/712 8/1/170
f 234/1/711 882/1/663 881/1/665
f 235/1/713 883/1/666 882/1/663
f 236/1/714 884/1/668 883/1/666
f 238/1/715 884/1/668 237/1/716
f 239/1/717 885/1/670 238/1/715
f 240/1/718 886/1/672 239/1/717
f 17/1/719 887/1/674 240/1/718
f 199/1/584 894/1/681 887/1/674
f 200/1/582 901/1/688 894/1/681
f 201/1/581 908/1/720 901/1/688
f 908/1/720 203/1/579 915/1/696
f 915/1/696 204/1/578 922/1/703
f 922/1/703 205/1/577 929/1/710
f 929/1/710 16/1/654 226/1/653
f 928/1/709 226/1/653 225/1/652
f 927/1/708 225/1/652 224/1/651
f 926/1/707 224/1/651 223/1/650
f 926/1/707 222/1/649 925/1/706
f 925/1/706 221/1/648 924/1/704
f 924/1/704 220/1/647 923/1/705
f 115/1/721 220/1/647 3/1/94
f 116/1/722 923/1/705 115/1/721
f 117/1/723 916/1/698 116/1/722
f 118/1/724 909/1/691 117/1/723
f 895/1/676 118/1/724 119/1/725
f 888/1/664 119/1/725 120/1/726
f 881/1/665 120/1/726 121/1/712
f 931/1/727 937/1/728 930/1/729
f 932/1/730 938/1/731 931/1/727
f 933/1/732 939/1/733 932/1/730
f 934/1/734 940/1/735 933/1/732
f 935/1/736 941/1/737 934/1/734
f 936/1/738 942/1/739 935/1/736
f 938/1/731 944/1/740 937/1/728
f 939/1/733 945/1/741 938/1/731
f 940/1/735 946/1/742 939/1/733
f 941/1/737 947/1/743 940/1/735
f 942/1/739 948/1/744 941/1/737
f 943/1/745 949/1/746 942/1/739
f 945/1/741 951/1/747 944/1/740
f 946/1/742 952/1/748 945/1/741
f 947/1/743 953/1/749 946/1/742
f 948/1/744 954/1/750 947/1/743
f 949/1/746 955/1/751 948/1/744
f 950/1/752 956/1/753 949/1/746
f 951/1/747 959/1/754 958/1/755
f 952/1/748 960/1/756 959/1/754
f 953/1/749 961/1/757 960/1/756
f 954/1/750 962/1/758 961/1/757
f 955/1/751 963/1/759 962/1/758
f 956/1/753 964/1/760 963/1/759
f 958/1/755 966/1/761 965/1/762
f 959/1/754 967/1/763 966/1/761
f 960/1/756 968/1/764 967/1/763
f 961/1/757 969/1/765 968/1/764
f 962/1/758 970/1/766 969/1/765
f 963/1/759 971/1/767 970/1/766
f 965/1/762 973/1/768 972/1/769
f 966/1/761 974/1/770 973/1/768
f 967/1/763 975/1/771 974/1/770
f 968/1/764 976/1/772 975/1/771
f 969/1/765 977/1/773 976/1/772
f 970/1/766 978/1/774 977/1/773
f 241/1/775 79/1/163 6/1/161
f 242/1/776 930/1/729 241/1/775
f 243/1/777 931/1/727 242/1/776
f 244/1/778 932/1/730 243/1/777
f 245/1/779 933/1/732 244/1/778
f 246/1/780 934/1/734 245/1/779
f 247/1/781 935/1/736 246/1/780
f 18/1/593 936/1/738 247/1/781
f 206/1/591 943/1/745 936/1/738
f 207/1/590 950/1/752 943/1/745
f 208/1/589 957/1/782 950/1/752
f 957/1/782 210/1/587 964/1/760
f 964/1/760 211/1/586 971/1/767
f 971/1/767 212/1/585 978/1/774
f 978/1/774 17/1/719 240/1/718
f 977/1/773 240/1/718 239/1/717
f 976/1/772 239/1/717 238/1/715
f 975/1/771 238/1/715 237/1/716
f 974/1/770 237/1/716 236/1/714
f 973/1/768 236/1/714 235/1/713
f 972/1/769 235/1/713 234/1/711
f 73/1/171 234/1/711 8/1/170
f 74/1/176 972/1/769 73/1/171
f 75/1/177 965/1/762 74/1/176
f 76/1/165 958/1/755 75/1/177
f 944/1/740 76/1/165 77/1/166
f 937/1/728 77/1/166 78/1/164
f 930/1/729 78/1/164 79/1/163
f 980/1/783 986/1/784 979/1/785
f 981/1/786 987/1/787 980/1/783
f 982/1/788 988/1/789 981/1/786
f 983/1/790 989/1/791 982/1/788
f 984/1/792 990/1/793 983/1/790
f 985/1/794 991/1/795 984/1/792
f 987/1/787 993/1/796 986/1/784
f 988/1/789 994/1/797 987/1/787
f 989/1/791 995/1/798 988/1/789
f 990/1/793 996/1/799 989/1/791
f 991/1/795 997/1/800 990/1/793
f 992/1/801 998/1/802 991/1/795
f 994/1/797 1000/1/803 993/1/796
f 995/1/798 1001/1/804 994/1/797
f 996/1/799 1002/1/805 995/1/798
f 997/1/800 1003/1/806 996/1/799
f 998/1/802 1004/1/807 997/1/800
f 999/1/808 1005/1/809 998/1/802
f 1000/1/803 1008/1/810 1007/1/811
f 1001/1/804 1009/1/812 1008/1/810
f 1002/1/805 1010/1/813 1009/1/812
f 1003/1/806 1011/1/814 1010/1/813
f 1004/1/807 1012/1/815 1011/1/814
f 1005/1/809 1013/1/816 1012/1/815
f 1007/1/811 1015/1/817 1014/1/818
f 1008/1/810 1016/1/819 1015/1/817
f 1009/1/812 1017/1/820 1016/1/819
f 1010/1/813 1018/1/821 1017/1/820
f 1011/1/814 1019/1/822 1018/1/821
f 1012/1/815 1020/1/823 1019/1/822
f 1014/1/818 1022/1/824 1021/1/825
f 1015/1/817 1023/1/826 1022/1/824
f 1016/1/819 1024/1/827 1023/1/826
f 1017/1/820 1025/1/828 1024/1/827
f 1018/1/821 1026/1/829 1025/1/828
f 1019/1/822 1027/1/830 1026/1/829
f 233/1/662 128/1/831 2/1/61
f 233/1/662 980/1/783 979/1/785
f 232/1/661 981/1/786 980/1/783
f 231/1/660 982/1/788 981/1/786
f 229/1/658 982/1/788 230/1/659
f 228/1/657 983/1/790 229/1/658
f 227/1/656 984/1/792 228/1/657
f 15/1/569 985/1/794 227/1/656
f 213/1/568 992/1/801 985/1/794
f 214/1/598 999/1/808 992/1/801
f 215/1/597 1006/1/832 999/1/808
f 1006/1/832 217/1/595 1013/1/816
f 1013/1/816 218/1/594 1020/1/823
f 1020/1/823 219/1/592 1027/1/830
f 1027/1/830 18/1/593 247/1/781
f 1026/1/829 247/1/781 246/1/780
f 1025/1/828 246/1/780 245/1/779
f 1024/1/827 245/1/779 244/1/778
f 1024/1/827 243/1/777 1023/1/826
f 1023/1/826 242/1/776 1022/1/824
f 1022/1/824 241/1/775 1021/1/825
f 122/1/833 241/1/775 6/1/161
f 123/1/834 1021/1/825 122/1/833
f 124/1/835 1014/1/818 123/1/834
f 125/1/836 1007/1/811 124/1/835
f 993/1/796 125/1/836 126/1/837
f 986/1/784 126/1/837 127/1/838
f 979/1/785 127/1/838 128/1/831
f 1029/1/839 1035/1/840 1028/1/841
f 1030/1/842 1036/1/843 1029/1/839
f 1031/1/844 1037/1/845 1030/1/842
f 1031/1/844 1039/1/846 1038/1/847
f 1032/1/848 1040/1/849 1039/1/846
f 1033/1/850 1041/1/851 1040/1/849
f 1036/1/843 1042/1/852 1035/1/840
f 1037/1/845 1043/1/853 1036/1/843
f 1038/1/847 1044/1/854 1037/1/845
f 1038/1/847 1046/1/855 1045/1/856
f 1039/1/846 1047/1/857 1046/1/855
f 1040/1/849 1048/1/858 1047/1/857
f 1043/1/853 1049/1/859 1042/1/852
f 1044/1/854 1050/1/860 1043/1/853
f 1045/1/856 1051/1/861 1044/1/854
f 1045/1/856 1053/1/862 1052/1/863
f 1046/1/855 1054/1/864 1053/1/862
f 1047/1/857 1055/1/865 1054/1/864
f 1049/1/859 1057/1/866 1056/1/867
f 1050/1/860 1058/1/868 1057/1/866
f 1051/1/861 1059/1/869 1058/1/868
f 1053/1/862 1059/1/869 1052/1/863
f 1054/1/864 1060/1/870 1053/1/862
f 1055/1/865 1061/1/871 1054/1/864
f 1056/1/867 1064/1/872 1063/1/873
f 1057/1/866 1065/1/874 1064/1/872
f 1058/1/868 1066/1/875 1065/1/874
f 1060/1/870 1066/1/875 1059/1/869
f 1061/1/871 1067/1/876 1060/1/870
f 1062/1/877 1068/1/878 1061/1/871
f 1063/1/873 1071/1/879 1070/1/880
f 1064/1/872 1072/1/881 1071/1/879
f 1065/1/874 1073/1/882 1072/1/881
f 1067/1/876 1073/1/882 1066/1/875
f 1068/1/878 1074/1/883 1067/1/876
f 1069/1/884 1075/1/885 1068/1/878
f 254/1/886 269/1/887 19/1/888
f 253/1/889 1028/1/841 254/1/886
f 252/1/890 1029/1/839 253/1/889
f 251/1/891 1030/1/842 252/1/890
f 251/1/891 1032/1/848 1031/1/844
f 250/1/892 1033/1/850 1032/1/848
f 249/1/893 1034/1/894 1033/1/850
f 248/1/895 261/1/896 1034/1/894
f 1034/1/894 260/1/897 1041/1/851
f 1041/1/851 259/1/898 1048/1/858
f 1048/1/858 258/1/899 1055/1/865
f 258/1/899 1062/1/877 1055/1/865
f 257/1/900 1069/1/884 1062/1/877
f 256/1/901 1076/1/902 1069/1/884
f 255/1/903 268/1/904 1076/1/902
f 1076/1/902 267/1/905 1075/1/885
f 1075/1/885 266/1/906 1074/1/883
f 1074/1/883 265/1/907 1073/1/882
f 1072/1/881 265/1/907 264/1/908
f 1071/1/879 264/1/908 263/1/909
f 1070/1/880 263/1/909 262/1/910
f 275/1/911 262/1/910 22/1/912
f 274/1/913 1070/1/880 275/1/911
f 273/1/914 1063/1/873 274/1/913
f 272/1/915 1056/1/867 273/1/914
f 1042/1/852 272/1/915 271/1/916
f 1035/1/840 271/1/916 270/1/917
f 1028/1/841 270/1/917 269/1/887
f 1078/1/918 1084/1/919 1077/1/920
f 1079/1/921 1085/1/922 1078/1/918
f 1080/1/923 1086/1/924 1079/1/921
f 1081/1/925 1087/1/926 1080/1/923
f 1082/1/927 1088/1/928 1081/1/925
f 1083/1/929 1089/1/930 1082/1/927
f 1085/1/922 1091/1/931 1084/1/919
f 1086/1/924 1092/1/932 1085/1/922
f 1087/1/926 1093/1/933 1086/1/924
f 1088/1/928 1094/1/934 1087/1/926
f 1089/1/930 1095/1/935 1088/1/928
f 1090/1/936 1096/1/937 1089/1/930
f 1092/1/932 1098/1/938 1091/1/931
f 1093/1/933 1099/1/939 1092/1/932
f 1094/1/934 1100/1/940 1093/1/933
f 1095/1/935 1101/1/941 1094/1/934
f 1096/1/937 1102/1/942 1095/1/935
f 1097/1/943 1103/1/944 1096/1/937
f 1098/1/938 1106/1/945 1105/1/946
f 1099/1/939 1107/1/947 1106/1/945
f 1100/1/940 1108/1/948 1107/1/947
f 1101/1/941 1109/1/949 1108/1/948
f 1102/1/942 1110/1/950 1109/1/949
f 1103/1/944 1111/1/951 1110/1/950
f 1105/1/946 1113/1/952 1112/1/953
f 1106/1/945 1114/1/954 1113/1/952
f 1107/1/947 1115/1/955 1114/1/954
f 1108/1/948 1116/1/956 1115/1/955
f 1109/1/949 1117/1/957 1116/1/956
f 1110/1/950 1118/1/958 1117/1/957
f 1112/1/953 1120/1/959 1119/1/960
f 1113/1/952 1121/1/961 1120/1/959
f 1114/1/954 1122/1/962 1121/1/961
f 1115/1/955 1123/1/963 1122/1/962
f 1116/1/956 1124/1/964 1123/1/963
f 1117/1/957 1125/1/965 1124/1/964
f 276/1/966 59/1/72 1/1/70
f 277/1/967 1077/1/920 276/1/966
f 278/1/968 1078/1/918 277/1/967
f 279/1/969 1079/1/921 278/1/968
f 280/1/970 1080/1/923 279/1/969
f 281/1/971 1081/1/925 280/1/970
f 282/1/972 1082/1/927 281/1/971
f 20/1/973 1083/1/929 282/1/972
f 248/1/895 1090/1/936 1083/1/929
f 249/1/893 1097/1/943 1090/1/936
f 250/1/892 1104/1/974 1097/1/943
f 1104/1/974 252/1/890 1111/1/951
f 1111/1/951 253/1/889 1118/1/958
f 1118/1/958 254/1/886 1125/1/965
f 1125/1/965 19/1/888 283/1/975
f 1124/1/964 283/1/975 284/1/976
f 1123/1/963 284/1/976 285/1/977
f 1122/1/962 285/1/977 286/1/978
f 1121/1/961 286/1/978 287/1/979
f 1120/1/959 287/1/979 288/1/980
f 1119/1/960 288/1/980 289/1/981
f 65/1/79 289/1/981 5/1/78
f 64/1/84 1119/1/960 65/1/79
f 63/1/85 1112/1/953 64/1/84
f 62/1/74 1105/1/946 63/1/85
f 1091/1/931 62/1/74 61/1/75
f 1084/1/919 61/1/75 60/1/73
f 1077/1/920 60/1/73 59/1/72
f 1127/1/982 1133/1/983 1126/1/984
f 1128/1/985 1134/1/986 1127/1/982
f 1129/1/987 1135/1/988 1128/1/985
f 1130/1/989 1136/1/990 1129/1/987
f 1131/1/991 1137/1/992 1130/1/989
f 1132/1/993 1138/1/994 1131/1/991
f 1134/1/986 1140/1/995 1133/1/983
f 1135/1/988 1141/1/996 1134/1/986
f 1136/1/990 1142/1/997 1135/1/988
f 1137/1/992 1143/1/998 1136/1/990
f 1138/1/994 1144/1/999 1137/1/992
f 1139/1/1000 1145/1/1001 1138/1/994
f 1141/1/996 1147/1/1002 1140/1/995
f 1142/1/997 1148/1/1003 1141/1/996
f 1143/1/998 1149/1/1004 1142/1/997
f 1144/1/999 1150/1/1005 1143/1/998
f 1145/1/1001 1151/1/1006 1144/1/999
f 1146/1/1007 1152/1/1008 1145/1/1001
f 1147/1/1002 1155/1/1009 1154/1/1010
f 1148/1/1003 1156/1/1011 1155/1/1009
f 1149/1/1004 1157/1/1012 1156/1/1011
f 1150/1/1005 1158/1/1013 1157/1/1012
f 1151/1/1006 1159/1/1014 1158/1/1013
f 1152/1/1008 1160/1/1015 1159/1/1014
f 1154/1/1010 1162/1/1016 1161/1/1017
f 1155/1/1009 1163/1/1018 1162/1/1016
f 1156/1/1011 1164/1/1019 1163/1/1018
f 1157/1/1012 1165/1/1020 1164/1/1019
f 1158/1/1013 1166/1/1021 1165/1/1020
f 1159/1/1014 1167/1/1022 1166/1/1021
f 1161/1/1017 1169/1/1023 1168/1/1024
f 1162/1/1016 1170/1/1025 1169/1/1023
f 1163/1/1018 1171/1/1026 1170/1/1025
f 1164/1/1019 1172/1/1027 1171/1/1026
f 1165/1/1020 1173/1/1028 1172/1/1027
f 1166/1/1021 1174/1/1029 1173/1/1028
f 290/1/1030 135/1/1031 7/1/194
f 290/1/1030 1127/1/982 1126/1/984
f 291/1/1032 1128/1/985 1127/1/982
f 292/1/1033 1129/1/987 1128/1/985
f 294/1/1034 1129/1/987 293/1/1035
f 295/1/1036 1130/1/989 294/1/1034
f 296/1/1037 1131/1/991 295/1/1036
f 21/1/1038 1132/1/993 296/1/1037
f 255/1/903 1139/1/1000 1132/1/993
f 256/1/901 1146/1/1007 1139/1/1000
f 257/1/900 1153/1/1039 1146/1/1007
f 1153/1/1039 259/1/898 1160/1/1015
f 1160/1/1015 260/1/897 1167/1/1022
f 1167/1/1022 261/1/896 1174/1/1029
f 1174/1/1029 20/1/973 282/1/972
f 1173/1/1028 282/1/972 281/1/971
f 1172/1/1027 281/1/971 280/1/970
f 1171/1/1026 280/1/970 279/1/969
f 1171/1/1026 278/1/968 1170/1/1025
f 1170/1/1025 277/1/967 1169/1/1023
f 1169/1/1023 276/1/966 1168/1/1024
f 129/1/1040 276/1/966 1/1/70
f 130/1/1041 1168/1/1024 129/1/1040
f 131/1/1042 1161/1/1017 130/1/1041
f 132/1/1043 1154/1/1010 131/1/1042
f 1140/1/995 132/1/1043 133/1/1044
f 1133/1/983 133/1/1044 134/1/1045
f 1126/1/984 134/1/1045 135/1/1031
f 1176/1/1046 1182/1/1047 1175/1/1048
f 1177/1/1049 1183/1/1050 1176/1/1046
f 1178/1/1051 1184/1/1052 1177/1/1049
f 1179/1/1053 1185/1/1054 1178/1/1051
f 1180/1/1055 1186/1/1056 1179/1/1053
f 1181/1/1057 1187/1/1058 1180/1/1055
f 1183/1/1050 1189/1/1059 1182/1/1047
f 1184/1/1052 1190/1/1060 1183/1/1050
f 1185/1/1054 1191/1/1061 1184/1/1052
f 1186/1/1056 1192/1/1062 1185/1/1054
f 1187/1/1058 1193/1/1063 1186/1/1056
f 1188/1/1064 1194/1/1065 1187/1/1058
f 1190/1/1060 1196/1/1066 1189/1/1059
f 1191/1/1061 1197/1/1067 1190/1/1060
f 1192/1/1062 1198/1/1068 1191/1/1061
f 1193/1/1063 1199/1/1069 1192/1/1062
f 1194/1/1065 1200/1/1070 1193/1/1063
f 1195/1/1071 1201/1/1072 1194/1/1065
f 1196/1/1066 1204/1/1073 1203/1/1074
f 1197/1/1067 1205/1/1075 1204/1/1073
f 1198/1/1068 1206/1/1076 1205/1/1075
f 1199/1/1069 1207/1/1077 1206/1/1076
f 1200/1/1070 1208/1/1078 1207/1/1077
f 1201/1/1072 1209/1/1079 1208/1/1078
f 1203/1/1074 1211/1/1080 1210/1/1081
f 1204/1/1073 1212/1/1082 1211/1/1080
f 1205/1/1075 1213/1/1083 1212/1/1082
f 1206/1/1076 1214/1/1084 1213/1/1083
f 1207/1/1077 1215/1/1085 1214/1/1084
f 1208/1/1078 1216/1/1086 1215/1/1085
f 1210/1/1081 1218/1/1087 1217/1/1088
f 1211/1/1080 1219/1/1089 1218/1/1087
f 1212/1/1082 1220/1/1090 1219/1/1089
f 1213/1/1083 1221/1/1091 1220/1/1090
f 1214/1/1084 1222/1/1092 1221/1/1091
f 1215/1/1085 1223/1/1093 1222/1/1092
f 297/1/1094 100/1/188 10/1/186
f 298/1/1095 1175/1/1048 297/1/1094
f 299/1/1096 1176/1/1046 298/1/1095
f 300/1/1097 1177/1/1049 299/1/1096
f 301/1/1098 1178/1/1051 300/1/1097
f 302/1/1099 1179/1/1053 301/1/1098
f 303/1/1100 1180/1/1055 302/1/1099
f 22/1/912 1181/1/1057 303/1/1100
f 262/1/910 1188/1/1064 1181/1/1057
f 263/1/909 1195/1/1071 1188/1/1064
f 264/1/908 1202/1/1101 1195/1/1071
f 1202/1/1101 266/1/906 1209/1/1079
f 1209/1/1079 267/1/905 1216/1/1086
f 1216/1/1086 268/1/904 1223/1/1093
f 1223/1/1093 21/1/1038 296/1/1037
f 1222/1/1092 296/1/1037 295/1/1036
f 1221/1/1091 295/1/1036 294/1/1034
f 1220/1/1090 294/1/1034 293/1/1035
f 1219/1/1089 293/1/1035 292/1/1033
f 1218/1/1087 292/1/1033 291/1/1032
f 1217/1/1088 291/1/1032 290/1/1030
f 94/1/195 290/1/1030 7/1/194
f 95/1/199 1217/1/1088 94/1/195
f 96/1/200 1210/1/1081 95/1/199
f 97/1/190 1203/1/1074 96/1/200
f 1189/1/1059 97/1/190 98/1/191
f 1182/1/1047 98/1/191 99/1/189
f 1175/1/1048 99/1/189 100/1/188
f 1225/1/1102 1231/1/1103 1224/1/1104
f 1226/1/1105 1232/1/1106 1225/1/1102
f 1227/1/1107 1233/1/1108 1226/1/1105
f 1228/1/1109 1234/1/1110 1227/1/1107
f 1229/1/1111 1235/1/1112 1228/1/1109
f 1230/1/1113 1236/1/1114 1229/1/1111
f 1232/1/1106 1238/1/1115 1231/1/1103
f 1233/1/1108 1239/1/1116 1232/1/1106
f 1234/1/1110 1240/1/1117 1233/1/1108
f 1235/1/1112 1241/1/1118 1234/1/1110
f 1236/1/1114 1242/1/1119 1235/1/1112
f 1237/1/1120 1243/1/1121 1236/1/1114
f 1239/1/1116 1245/1/1122 1238/1/1115
f 1240/1/1117 1246/1/1123 1239/1/1116
f 1241/1/1118 1247/1/1124 1240/1/1117
f 1242/1/1119 1248/1/1125 1241/1/1118
f 1243/1/1121 1249/1/1126 1242/1/1119
f 1244/1/1127 1250/1/1128 1243/1/1121
f 1245/1/1122 1253/1/1129 1252/1/1130
f 1246/1/1123 1254/1/1131 1253/1/1129
f 1247/1/1124 1255/1/1132 1254/1/1131
f 1248/1/1125 1256/1/1133 1255/1/1132
f 1249/1/1126 1257/1/1134 1256/1/1133
f 1250/1/1128 1258/1/1135 1257/1/1134
f 1252/1/1130 1260/1/1136 1259/1/1137
f 1253/1/1129 1261/1/1138 1260/1/1136
f 1254/1/1131 1262/1/1139 1261/1/1138
f 1255/1/1132 1263/1/1140 1262/1/1139
f 1256/1/1133 1264/1/1141 1263/1/1140
f 1257/1/1134 1265/1/1142 1264/1/1141
f 1259/1/1137 1267/1/1143 1266/1/1144
f 1260/1/1136 1268/1/1145 1267/1/1143
f 1261/1/1138 1269/1/1146 1268/1/1145
f 1262/1/1139 1270/1/1147 1269/1/1146
f 1263/1/1140 1271/1/1148 1270/1/1147
f 1264/1/1141 1272/1/1149 1271/1/1148
f 289/1/981 101/1/402 5/1/78
f 289/1/981 1225/1/1102 1224/1/1104
f 288/1/980 1226/1/1105 1225/1/1102
f 287/1/979 1227/1/1107 1226/1/1105
f 285/1/977 1227/1/1107 286/1/978
f 284/1/976 1228/1/1109 285/1/977
f 283/1/975 1229/1/1111 284/1/976
f 19/1/888 1230/1/1113 283/1/975
f 269/1/887 1237/1/1120 1230/1/1113
f 270/1/917 1244/1/1127 1237/1/1120
f 271/1/916 1251/1/1150 1244/1/1127
f 1251/1/1150 273/1/914 1258/1/1135
f 1258/1/1135 274/1/913 1265/1/1142
f 1265/1/1142 275/1/911 1272/1/1149
f 1272/1/1149 22/1/912 303/1/1100
f 1271/1/1148 303/1/1100 302/1/1099
f 1270/1/1147 302/1/1099 301/1/1098
f 1269/1/1146 301/1/1098 300/1/1097
f 1269/1/1146 299/1/1096 1268/1/1145
f 1268/1/1145 298/1/1095 1267/1/1143
f 1267/1/1143 297/1/1094 1266/1/1144
f 107/1/393 297/1/1094 10/1/186
f 106/1/407 1266/1/1144 107/1/393
f 105/1/406 1259/1/1137 106/1/407
f 104/1/405 1252/1/1130 105/1/406
f 1238/1/1115 104/1/405 103/1/404
f 1231/1/1103 103/1/404 102/1/403
f 1224/1/1104 102/1/403 101/1/402
f 1274/1/1151 1280/1/1152 1273/1/1153
f 1275/1/1154 1281/1/1155 1274/1/1151
f 1276/1/1156 1282/1/1157 1275/1/1154
f 1276/1/1156 1284/1/1158 1283/1/1159
f 1277/1/1160 1285/1/1161 1284/1/1158
f 1278/1/1162 1286/1/1163 1285/1/1161
f 1281/1/1155 1287/1/1164 1280/1/1152
f 1282/1/1157 1288/1/1165 1281/1/1155
f 1283/1/1159 1289/1/1166 1282/1/1157
f 1283/1/1159 1291/1/1167 1290/1/1168
f 1284/1/1158 1292/1/1169 1291/1/1167
f 1285/1/1161 1293/1/1170 1292/1/1169
f 1288/1/1165 1294/1/1171 1287/1/1164
f 1289/1/1166 1295/1/1172 1288/1/1165
f 1290/1/1168 1296/1/1173 1289/1/1166
f 1290/1/1168 1298/1/1174 1297/1/1175
f 1291/1/1167 1299/1/1176 1298/1/1174
f 1292/1/1169 1300/1/1177 1299/1/1176
f 1294/1/1171 1302/1/1178 1301/1/1179
f 1295/1/1172 1303/1/1180 1302/1/1178
f 1296/1/1173 1304/1/1181 1303/1/1180
f 1298/1/1174 1304/1/1181 1297/1/1175
f 1299/1/1176 1305/1/1182 1298/1/1174
f 1300/1/1177 1306/1/1183 1299/1/1176
f 1301/1/1179 1309/1/1184 1308/1/1185
f 1302/1/1178 1310/1/1186 1309/1/1184
f 1303/1/1180 1311/1/1187 1310/1/1186
f 1305/1/1182 1311/1/1187 1304/1/1181
f 1306/1/1183 1312/1/1188 1305/1/1182
f 1307/1/1189 1313/1/1190 1306/1/1183
f 1308/1/1185 1316/1/1191 1315/1/1192
f 1309/1/1184 1317/1/1193 1316/1/1191
f 1310/1/1186 1318/1/1194 1317/1/1193
f 1312/1/1188 1318/1/1194 1311/1/1187
f 1313/1/1190 1319/1/1195 1312/1/1188
f 1314/1/1196 1320/1/1197 1313/1/1190
f 310/1/1198 325/1/1199 23/1/1200
f 309/1/1201 1273/1/1153 310/1/1198
f 308/1/1202 1274/1/1151 309/1/1201
f 307/1/1203 1275/1/1154 308/1/1202
f 307/1/1203 1277/1/1160 1276/1/1156
f 306/1/1204 1278/1/1162 1277/1/1160
f 305/1/1205 1279/1/1206 1278/1/1162
f 304/1/1207 317/1/1208 1279/1/1206
f 1279/1/1206 316/1/1209 1286/1/1163
f 1286/1/1163 315/1/1210 1293/1/1170
f 1293/1/1170 314/1/1211 1300/1/1177
f 314/1/1211 1307/1/1189 1300/1/1177
f 313/1/1212 1314/1/1196 1307/1/1189
f 312/1/1213 1321/1/1214 1314/1/1196
f 311/1/1215 324/1/1216 1321/1/1214
f 1321/1/1214 323/1/1217 1320/1/1197
f 1320/1/1197 322/1/1218 1319/1/1195
f 1319/1/1195 321/1/1219 1318/1/1194
f 1317/1/1193 321/1/1219 320/1/1220
f 1316/1/1191 320/1/1220 319/1/1221
f 1315/1/1192 319/1/1221 318/1/1222
f 331/1/1223 318/1/1222 26/1/1224
f 330/1/1225 1315/1/1192 331/1/1223
f 329/1/1226 1308/1/1185 330/1/1225
f 328/1/1227 1301/1/1179 329/1/1226
f 1287/1/1164 328/1/1227 327/1/1228
f 1280/1/1152 327/1/1228 326/1/1229
f 1273/1/1153 326/1/1229 325/1/1199
f 1323/1/1230 1329/1/1231 1322/1/1232
f 1324/1/1233 1330/1/1234 1323/1/1230
f 1325/1/1235 1331/1/1236 1324/1/1233
f 1326/1/1237 1332/1/1238 1325/1/1235
f 1327/1/1239 1333/1/1240 1326/1/1237
f 1328/1/1241 1334/1/1242 1327/1/1239
f 1330/1/1234 1336/1/1243 1329/1/1231
f 1331/1/1236 1337/1/1244 1330/1/1234
f 1332/1/1238 1338/1/1245 1331/1/1236
f 1333/1/1240 1339/1/1246 1332/1/1238
f 1334/1/1242 1340/1/1247 1333/1/1240
f 1335/1/1248 1341/1/1249 1334/1/1242
f 1337/1/1244 1343/1/1250 1336/1/1243
f 1338/1/1245 1344/1/1251 1337/1/1244
f 1339/1/1246 1345/1/1252 1338/1/1245
f 1340/1/1247 1346/1/1253 1339/1/1246
f 1341/1/1249 1347/1/1254 1340/1/1247
f 1342/1/1255 1348/1/1256 1341/1/1249
f 1343/1/1250 1351/1/1257 1350/1/1258
f 1344/1/1251 1352/1/1259 1351/1/1257
f 1345/1/1252 1353/1/1260 1352/1/1259
f 1346/1/1253 1354/1/1261 1353/1/1260
f 1347/1/1254 1355/1/1262 1354/1/1261
f 1348/1/1256 1356/1/1263 1355/1/1262
f 1350/1/1258 1358/1/1264 1357/1/1265
f 1351/1/1257 1359/1/1266 1358/1/1264
f 1352/1/1259 1360/1/1267 1359/1/1266
f 1353/1/1260 1361/1/1268 1360/1/1267
f 1354/1/1261 1362/1/1269 1361/1/1268
f 1355/1/1262 1363/1/1270 1362/1/1269
f 1357/1/1265 1365/1/1271 1364/1/1272
f 1358/1/1264 1366/1/1273 1365/1/1271
f 1359/1/1266 1367/1/1274 1366/1/1273
f 1360/1/1267 1368/1/1275 1367/1/1274
f 1361/1/1268 1369/1/1276 1368/1/1275
f 1362/1/1269 1370/1/1277 1369/1/1276
f 332/1/1278 45/1/88 4/1/86
f 333/1/1279 1322/1/1232 332/1/1278
f 334/1/1280 1323/1/1230 333/1/1279
f 335/1/1281 1324/1/1233 334/1/1280
f 336/1/1282 1325/1/1235 335/1/1281
f 337/1/1283 1326/1/1237 336/1/1282
f 338/1/1284 1327/1/1239 337/1/1283
f 24/1/1285 1328/1/1241 338/1/1284
f 304/1/1207 1335/1/1248 1328/1/1241
f 305/1/1205 1342/1/1255 1335/1/1248
f 306/1/1204 1349/1/1286 1342/1/1255
f 1349/1/1286 308/1/1202 1356/1/1263
f 1356/1/1263 309/1/1201 1363/1/1270
f 1363/1/1270 310/1/1198 1370/1/1277
f 1370/1/1277 23/1/1200 339/1/1287
f 1369/1/1276 339/1/1287 340/1/1288
f 1368/1/1275 340/1/1288 341/1/1289
f 1367/1/1274 341/1/1289 342/1/1290
f 1366/1/1273 342/1/1290 343/1/1291
f 1365/1/1271 343/1/1291 344/1/1292
f 1364/1/1272 344/1/1292 345/1/1293
f 51/1/95 345/1/1293 3/1/94
f 50/1/99 1364/1/1272 51/1/95
f 49/1/100 1357/1/1265 50/1/99
f 48/1/90 1350/1/1258 49/1/100
f 1336/1/1243 48/1/90 47/1/91
f 1329/1/1231 47/1/91 46/1/89
f 1322/1/1232 46/1/89 45/1/88
f 1372/1/1294 1378/1/1295 1371/1/1296
f 1373/1/1297 1379/1/1298 1372/1/1294
f 1374/1/1299 1380/1/1300 1373/1/1297
f 1375/1/1301 1381/1/1302 1374/1/1299
f 1376/1/1303 1382/1/1304 1375/1/1301
f 1377/1/1305 1383/1/1306 1376/1/1303
f 1379/1/1298 1385/1/1307 1378/1/1295
f 1380/1/1300 1386/1/1308 1379/1/1298
f 1381/1/1302 1387/1/1309 1380/1/1300
f 1382/1/1304 1388/1/1310 1381/1/1302
f 1383/1/1306 1389/1/1311 1382/1/1304
f 1384/1/1312 1390/1/1313 1383/1/1306
f 1386/1/1308 1392/1/1314 1385/1/1307
f 1387/1/1309 1393/1/1315 1386/1/1308
f 1388/1/1310 1394/1/1316 1387/1/1309
f 1389/1/1311 1395/1/1317 1388/1/1310
f 1390/1/1313 1396/1/1318 1389/1/1311
f 1391/1/1319 1397/1/1320 1390/1/1313
f 1392/1/1314 1400/1/1321 1399/1/1322
f 1393/1/1315 1401/1/1323 1400/1/1321
f 1394/1/1316 1402/1/1324 1401/1/1323
f 1395/1/1317 1403/1/1325 1402/1/1324
f 1396/1/1318 1404/1/1326 1403/1/1325
f 1397/1/1320 1405/1/1327 1404/1/1326
f 1399/1/1322 1407/1/1328 1406/1/1329
f 1400/1/1321 1408/1/1330 1407/1/1328
f 1401/1/1323 1409/1/1331 1408/1/1330
f 1402/1/1324 1410/1/1332 1409/1/1331
f 1403/1/1325 1411/1/1333 1410/1/1332
f 1404/1/1326 1412/1/1334 1411/1/1333
f 1406/1/1329 1414/1/1335 1413/1/1336
f 1407/1/1328 1415/1/1337 1414/1/1335
f 1408/1/1330 1416/1/1338 1415/1/1337
f 1409/1/1331 1417/1/1339 1416/1/1338
f 1410/1/1332 1418/1/1340 1417/1/1339
f 1411/1/1333 1419/1/1341 1418/1/1340
f 346/1/1342 108/1/514 9/1/178
f 346/1/1342 1372/1/1294 1371/1/1296
f 347/1/1343 1373/1/1297 1372/1/1294
f 348/1/1344 1374/1/1299 1373/1/1297
f 350/1/1345 1374/1/1299 349/1/1346
f 351/1/1347 1375/1/1301 350/1/1345
f 352/1/1348 1376/1/1303 351/1/1347
f 25/1/1349 1377/1/1305 352/1/1348
f 311/1/1215 1384/1/1312 1377/1/1305
f 312/1/1213 1391/1/1319 1384/1/1312
f 313/1/1212 1398/1/1350 1391/1/1319
f 1398/1/1350 315/1/1210 1405/1/1327
f 1405/1/1327 316/1/1209 1412/1/1334
f 1412/1/1334 317/1/1208 1419/1/1341
f 1419/1/1341 24/1/1285 338/1/1284
f 1418/1/1340 338/1/1284 337/1/1283
f 1417/1/1339 337/1/1283 336/1/1282
f 1416/1/1338 336/1/1282 335/1/1281
f 1416/1/1338 334/1/1280 1415/1/1337
f 1415/1/1337 333/1/1279 1414/1/1335
f 1414/1/1335 332/1/1278 1413/1/1336
f 114/1/512 332/1/1278 4/1/86
f 113/1/519 1413/1/1336 114/1/512
f 112/1/518 1406/1/1329 113/1/519
f 111/1/517 1399/1/1322 112/1/518
f 1385/1/1307 111/1/517 110/1/516
f 1378/1/1295 110/1/516 109/1/515
f 1371/1/1296 109/1/515 108/1/514
f 1421/1/1351 1427/1/1352 1420/1/1353
f 1422/1/1354 1428/1/1355 1421/1/1351
f 1423/1/1356 1429/1/1357 1422/1/1354
f 1424/1/1358 1430/1/1359 1423/1/1356
f 1425/1/1360 1431/1/1361 1424/1/1358
f 1426/1/1362 1432/1/1363 1425/1/1360
f 1428/1/1355 1434/1/1364 1427/1/1352
f 1429/1/1357 1435/1/1365 1428/1/1355
f 1430/1/1359 1436/1/1366 1429/1/1357
f 1431/1/1361 1437/1/1367 1430/1/1359
f 1432/1/1363 1438/1/1368 1431/1/1361
f 1433/1/1369 1439/1/1370 1432/1/1363
f 1435/1/1365 1441/1/1371 1434/1/1364
f 1436/1/1366 1442/1/1372 1435/1/1365
f 1437/1/1367 1443/1/1373 1436/1/1366
f 1438/1/1368 1444/1/1374 1437/1/1367
f 1439/1/1370 1445/1/1375 1438/1/1368
f 1440/1/1376 1446/1/1377 1439/1/1370
f 1441/1/1371 1449/1/1378 1448/1/1379
f 1442/1/1372 1450/1/1380 1449/1/1378
f 1443/1/1373 1451/1/1381 1450/1/1380
f 1444/1/1374 1452/1/1382 1451/1/1381
f 1445/1/1375 1453/1/1383 1452/1/1382
f 1446/1/1377 1454/1/1384 1453/1/1383
f 1448/1/1379 1456/1/1385 1455/1/1386
f 1449/1/1378 1457/1/1387 1456/1/1385
f 1450/1/1380 1458/1/1388 1457/1/1387
f 1451/1/1381 1459/1/1389 1458/1/1388
f 1452/1/1382 1460/1/1390 1459/1/1389
f 1453/1/1383 1461/1/1391 1460/1/1390
f 1455/1/1386 1463/1/1392 1462/1/1393
f 1456/1/1385 1464/1/1394 1463/1/1392
f 1457/1/1387 1465/1/1395 1464/1/1394
f 1458/1/1388 1466/1/1396 1465/1/1395
f 1459/1/1389 1467/1/1397 1466/1/1396
f 1460/1/1390 1468/1/1398 1467/1/1397
f 353/1/1399 86/1/172 8/1/170
f 354/1/1400 1420/1/1353 353/1/1399
f 355/1/1401 1421/1/1351 354/1/1400
f 356/1/1402 1422/1/1354 355/1/1401
f 357/1/1403 1423/1/1356 356/1/1402
f 358/1/1404 1424/1/1358 357/1/1403
f 359/1/1405 1425/1/1360 358/1/1404
f 26/1/1224 1426/1/1362 359/1/1405
f 318/1/1222 1433/1/1369 1426/1/1362
f 319/1/1221 1440/1/1376 1433/1/1369
f 320/1/1220 1447/1/1406 1440/1/1376
f 1447/1/1406 322/1/1218 1454/1/1384
f 1454/1/1384 323/1/1217 1461/1/1391
f 1461/1/1391 324/1/1216 1468/1/1398
f 1468/1/1398 25/1/1349 352/1/1348
f 1467/1/1397 352/1/1348 351/1/1347
f 1466/1/1396 351/1/1347 350/1/1345
f 1465/1/1395 350/1/1345 349/1/1346
f 1464/1/1394 349/1/1346 348/1/1344
f 1463/1/1392 348/1/1344 347/1/1343
f 1462/1/1393 347/1/1343 346/1/1342
f 80/1/179 346/1/1342 9/1/178
f 81/1/184 1462/1/1393 80/1/179
f 82/1/185 1455/1/1386 81/1/184
f 83/1/174 1448/1/1379 82/1/185
f 1434/1/1364 83/1/174 84/1/175
f 1427/1/1352 84/1/175 85/1/173
f 1420/1/1353 85/1/173 86/1/172
f 1470/1/1407 1476/1/1408 1469/1/1409
f 1471/1/1410 1477/1/1411 1470/1/1407
f 1472/1/1412 1478/1/1413 1471/1/1410
f 1473/1/1414 1479/1/1415 1472/1/1412
f 1474/1/1416 1480/1/1417 1473/1/1414
f 1475/1/1418 1481/1/1419 1474/1/1416
f 1477/1/1411 1483/1/1420 1476/1/1408
f 1478/1/1413 1484/1/1421 1477/1/1411
f 1479/1/1415 1485/1/1422 1478/1/1413
f 1480/1/1417 1486/1/1423 1479/1/1415
f 1481/1/1419 1487/1/1424 1480/1/1417
f 1482/1/1425 1488/1/1426 1481/1/1419
f 1484/1/1421 1490/1/1427 1483/1/1420
f 1485/1/1422 1491/1/1428 1484/1/1421
f 1486/1/1423 1492/1/1429 1485/1/1422
f 1487/1/1424 1493/1/1430 1486/1/1423
f 1488/1/1426 1494/1/1431 1487/1/1424
f 1489/1/1432 1495/1/1433 1488/1/1426
f 1490/1/1427 1498/1/1434 1497/1/1435
f 1491/1/1428 1499/1/1436 1498/1/1434
f 1492/1/1429 1500/1/1437 1499/1/1436
f 1493/1/1430 1501/1/1438 1500/1/1437
f 1494/1/1431 1502/1/1439 1501/1/1438
f 1495/1/1433 1503/1/1440 1502/1/1439
f 1497/1/1435 1505/1/1441 1504/1/1442
f 1498/1/1434 1506/1/1443 1505/1/1441
f 1499/1/1436 1507/1/1444 1506/1/1443
f 1500/1/1437 1508/1/1445 1507/1/1444
f 1501/1/1438 1509/1/1446 1508/1/1445
f 1502/1/1439 1510/1/1447 1509/1/1446
f 1504/1/1442 1512/1/1448 1511/1/1449
f 1505/1/1441 1513/1/1450 1512/1/1448
f 1506/1/1443 1514/1/1451 1513/1/1450
f 1507/1/1444 1515/1/1452 1514/1/1451
f 1508/1/1445 1516/1/1453 1515/1/1452
f 1509/1/1446 1517/1/1454 1516/1/1453
f 345/1/1293 115/1/721 3/1/94
f 345/1/1293 1470/1/1407 1469/1/1409
f 344/1/1292 1471/1/1410 1470/1/1407
f 343/1/1291 1472/1/1412 1471/1/1410
f 341/1/1289 1472/1/1412 342/1/1290
f 340/1/1288 1473/1/1414 341/1/1289
f 339/1/1287 1474/1/1416 340/1/1288
f 23/1/1200 1475/1/1418 339/1/1287
f 325/1/1199 1482/1/1425 1475/1/1418
f 326/1/1229 1489/1/1432 1482/1/1425
f 327/1/1228 1496/1/1455 1489/1/1432
f 1496/1/1455 329/1/1226 1503/1/1440
f 1503/1/1440 330/1/1225 1510/1/1447
f 1510/1/1447 331/1/1223 1517/1/1454
f 1517/1/1454 26/1/1224 359/1/1405
f 1516/1/1453 359/1/1405 358/1/1404
f 1515/1/1452 358/1/1404 357/1/1403
f 1514/1/1451 357/1/1403 356/1/1402
f 1514/1/1451 355/1/1401 1513/1/1450
f 1513/1/1450 354/1/1400 1512/1/1448
f 1512/1/1448 353/1/1399 1511/1/1449
f 121/1/712 353/1/1399 8/1/170
f 120/1/726 1511/1/1449 121/1/712
f 119/1/725 1504/1/1442 120/1/726
f 118/1/724 1497/1/1435 119/1/725
f 1483/1/1420 118/1/724 117/1/723
f 1476/1/1408 117/1/723 116/1/722
f 1469/1/1409 116/1/722 115/1/721
f 1519/1/1456 1525/1/1457 1518/1/1458
f 1520/1/1459 1526/1/1460 1519/1/1456
f 1521/1/1461 1527/1/1462 1520/1/1459
f 1521/1/1461 1529/1/1463 1528/1/1464
f 1522/1/1465 1530/1/1466 1529/1/1463
f 1523/1/1467 1531/1/1468 1530/1/1466
f 1526/1/1460 1532/1/1469 1525/1/1457
f 1527/1/1462 1533/1/1470 1526/1/1460
f 1528/1/1464 1534/1/1471 1527/1/1462
f 1528/1/1464 1536/1/1472 1535/1/1473
f 1529/1/1463 1537/1/1474 1536/1/1472
f 1530/1/1466 1538/1/1475 1537/1/1474
f 1533/1/1470 1539/1/1476 1532/1/1469
f 1534/1/1471 1540/1/1477 1533/1/1470
f 1535/1/1473 1541/1/1478 1534/1/1471
f 1535/1/1473 1543/1/1479 1542/1/1480
f 1536/1/1472 1544/1/1481 1543/1/1479
f 1537/1/1474 1545/1/1482 1544/1/1481
f 1539/1/1476 1547/1/1483 1546/1/1484
f 1540/1/1477 1548/1/1485 1547/1/1483
f 1541/1/1478 1549/1/1486 1548/1/1485
f 1543/1/1479 1549/1/1486 1542/1/1480
f 1544/1/1481 1550/1/1487 1543/1/1479
f 1545/1/1482 1551/1/1488 1544/1/1481
f 1546/1/1484 1554/1/1489 1553/1/1490
f 1547/1/1483 1555/1/1491 1554/1/1489
f 1548/1/1485 1556/1/1492 1555/1/1491
f 1550/1/1487 1556/1/1492 1549/1/1486
f 1551/1/1488 1557/1/1493 1550/1/1487
f 1552/1/1494 1558/1/1495 1551/1/1488
f 1553/1/1490 1561/1/1496 1560/1/1497
f 1554/1/1489 1562/1/1498 1561/1/1496
f 1555/1/1491 1563/1/1499 1562/1/1498
f 1557/1/1493 1563/1/1499 1556/1/1492
f 1558/1/1495 1564/1/1500 1557/1/1493
f 1559/1/1501 1565/1/1502 1558/1/1495
f 366/1/1503 381/1/1504 27/1/1505
f 365/1/1506 1518/1/1458 366/1/1503
f 364/1/1507 1519/1/1456 365/1/1506
f 363/1/1508 1520/1/1459 364/1/1507
f 363/1/1508 1522/1/1465 1521/1/1461
f 362/1/1509 1523/1/1467 1522/1/1465
f 361/1/1510 1524/1/1511 1523/1/1467
f 360/1/1512 373/1/1513 1524/1/1511
f 1524/1/1511 372/1/1514 1531/1/1468
f 1531/1/1468 371/1/1515 1538/1/1475
f 1538/1/1475 370/1/1516 1545/1/1482
f 370/1/1516 1552/1/1494 1545/1/1482
f 369/1/1517 1559/1/1501 1552/1/1494
f 368/1/1518 1566/1/1519 1559/1/1501
f 367/1/1520 380/1/1521 1566/1/1519
f 1566/1/1519 379/1/1522 1565/1/1502
f 1565/1/1502 378/1/1523 1564/1/1500
f 1564/1/1500 377/1/1524 1563/1/1499
f 1562/1/1498 377/1/1524 376/1/1525
f 1561/1/1496 376/1/1525 375/1/1526
f 1560/1/1497 375/1/1526 374/1/1527
f 387/1/1528 374/1/1527 30/1/1529
f 386/1/1530 1560/1/1497 387/1/1528
f 385/1/1531 1553/1/1490 386/1/1530
f 384/1/1532 1546/1/1484 385/1/1531
f 1532/1/1469 384/1/1532 383/1/1533
f 1525/1/1457 383/1/1533 382/1/1534
f 1518/1/1458 382/1/1534 381/1/1504
f 1568/1/1535 1574/1/1536 1567/1/1537
f 1569/1/1538 1575/1/1539 1568/1/1535
f 1570/1/1540 1576/1/1541 1569/1/1538
f 1571/1/1542 1577/1/1543 1570/1/1540
f 1572/1/1544 1578/1/1545 1571/1/1542
f 1573/1/1546 1579/1/1547 1572/1/1544
f 1575/1/1539 1581/1/1548 1574/1/1536
f 1576/1/1541 1582/1/1549 1575/1/1539
f 1577/1/1543 1583/1/1550 1576/1/1541
f 1578/1/1545 1584/1/1551 1577/1/1543
f 1579/1/1547 1585/1/1552 1578/1/1545
f 1580/1/1553 1586/1/1554 1579/1/1547
f 1582/1/1549 1588/1/1555 1581/1/1548
f 1583/1/1550 1589/1/1556 1582/1/1549
f 1584/1/1551 1590/1/1557 1583/1/1550
f 1585/1/1552 1591/1/1558 1584/1/1551
f 1586/1/1554 1592/1/1559 1585/1/1552
f 1587/1/1560 1593/1/1561 1586/1/1554
f 1588/1/1555 1596/1/1562 1595/1/1563
f 1589/1/1556 1597/1/1564 1596/1/1562
f 1590/1/1557 1598/1/1565 1597/1/1564
f 1591/1/1558 1599/1/1566 1598/1/1565
f 1592/1/1559 1600/1/1567 1599/1/1566
f 1593/1/1561 1601/1/1568 1600/1/1567
f 1595/1/1563 1603/1/1569 1602/1/1570
f 1596/1/1562 1604/1/1571 1603/1/1569
f 1597/1/1564 1605/1/1572 1604/1/1571
f 1598/1/1565 1606/1/1573 1605/1/1572
f 1599/1/1566 1607/1/1574 1606/1/1573
f 1600/1/1567 1608/1/1575 1607/1/1574
f 1602/1/1570 1610/1/1576 1609/1/1577
f 1603/1/1569 1611/1/1578 1610/1/1576
f 1604/1/1571 1612/1/1579 1611/1/1578
f 1605/1/1572 1613/1/1580 1612/1/1579
f 1606/1/1573 1614/1/1581 1613/1/1580
f 1607/1/1574 1615/1/1582 1614/1/1581
f 388/1/1583 31/1/63 2/1/61
f 389/1/1584 1567/1/1537 388/1/1583
f 390/1/1585 1568/1/1535 389/1/1584
f 391/1/1586 1569/1/1538 390/1/1585
f 392/1/1587 1570/1/1540 391/1/1586
f 393/1/1588 1571/1/1542 392/1/1587
f 394/1/1589 1572/1/1544 393/1/1588
f 28/1/1590 1573/1/1546 394/1/1589
f 360/1/1512 1580/1/1553 1573/1/1546
f 361/1/1510 1587/1/1560 1580/1/1553
f 362/1/1509 1594/1/1591 1587/1/1560
f 1594/1/1591 364/1/1507 1601/1/1568
f 1601/1/1568 365/1/1506 1608/1/1575
f 1608/1/1575 366/1/1503 1615/1/1582
f 1615/1/1582 27/1/1505 395/1/1592
f 1614/1/1581 395/1/1592 396/1/1593
f 1613/1/1580 396/1/1593 397/1/1594
f 1612/1/1579 397/1/1594 398/1/1595
f 1611/1/1578 398/1/1595 399/1/1596
f 1610/1/1576 399/1/1596 400/1/1597
f 1609/1/1577 400/1/1597 401/1/1598
f 37/1/71 401/1/1598 1/1/70
f 36/1/76 1609/1/1577 37/1/71
f 35/1/77 1602/1/1570 36/1/76
f 34/1/65 1595/1/1563 35/1/77
f 1581/1/1548 34/1/65 33/1/66
f 1574/1/1536 33/1/66 32/1/64
f 1567/1/1537 32/1/64 31/1/63
f 1617/1/1599 1623/1/1600 1616/1/1601
f 1618/1/1602 1624/1/1603 1617/1/1599
f 1619/1/1604 1625/1/1605 1618/1/1602
f 1620/1/1606 1626/1/1607 1619/1/1604
f 1621/1/1608 1627/1/1609 1620/1/1606
f 1622/1/1610 1628/1/1611 1621/1/1608
f 1624/1/1603 1630/1/1612 1623/1/1600
f 1625/1/1605 1631/1/1613 1624/1/1603
f 1626/1/1607 1632/1/1614 1625/1/1605
f 1627/1/1609 1633/1/1615 1626/1/1607
f 1628/1/1611 1634/1/1616 1627/1/1609
f 1629/1/1617 1635/1/1618 1628/1/1611
f 1631/1/1613 1637/1/1619 1630/1/1612
f 1632/1/1614 1638/1/1620 1631/1/1613
f 1633/1/1615 1639/1/1621 1632/1/1614
f 1634/1/1616 1640/1/1622 1633/1/1615
f 1635/1/1618 1641/1/1623 1634/1/1616
f 1636/1/1624 1642/1/1625 1635/1/1618
f 1637/1/1619 1645/1/1626 1644/1/1627
f 1638/1/1620 1646/1/1628 1645/1/1626
f 1639/1/1621 1647/1/1629 1646/1/1628
f 1640/1/1622 1648/1/1630 1647/1/1629
f 1641/1/1623 1649/1/1631 1648/1/1630
f 1642/1/1625 1650/1/1632 1649/1/1631
f 1644/1/1627 1652/1/1633 1651/1/1634
f 1645/1/1626 1653/1/1635 1652/1/1633
f 1646/1/1628 1654/1/1636 1653/1/1635
f 1647/1/1629 1655/1/1637 1654/1/1636
f 1648/1/1630 1656/1/1638 1655/1/1637
f 1649/1/1631 1657/1/1639 1656/1/1638
f 1651/1/1634 1659/1/1640 1658/1/1641
f 1652/1/1633 1660/1/1642 1659/1/1640
f 1653/1/1635 1661/1/1643 1660/1/1642
f 1654/1/1636 1662/1/1644 1661/1/1643
f 1655/1/1637 1663/1/1645 1662/1/1644
f 1656/1/1638 1664/1/1646 1663/1/1645
f 402/1/1647 122/1/833 6/1/161
f 402/1/1647 1617/1/1599 1616/1/1601
f 403/1/1648 1618/1/1602 1617/1/1599
f 404/1/1649 1619/1/1604 1618/1/1602
f 406/1/1650 1619/1/1604 405/1/1651
f 407/1/1652 1620/1/1606 406/1/1650
f 408/1/1653 1621/1/1608 407/1/1652
f 29/1/1654 1622/1/1610 408/1/1653
f 367/1/1520 1629/1/1617 1622/1/1610
f 368/1/1518 1636/1/1624 1629/1/1617
f 369/1/1517 1643/1/1655 1636/1/1624
f 1643/1/1655 371/1/1515 1650/1/1632
f 1650/1/1632 372/1/1514 1657/1/1639
f 1657/1/1639 373/1/1513 1664/1/1646
f 1664/1/1646 28/1/1590 394/1/1589
f 1663/1/1645 394/1/1589 393/1/1588
f 1662/1/1644 393/1/1588 392/1/1587
f 1661/1/1643 392/1/1587 391/1/1586
f 1661/1/1643 390/1/1585 1660/1/1642
f 1660/1/1642 389/1/1584 1659/1/1640
f 1659/1/1640 388/1/1583 1658/1/1641
f 128/1/831 388/1/1583 2/1/61
f 127/1/838 1658/1/1641 128/1/831
f 126/1/837 1651/1/1634 127/1/838
f 125/1/836 1644/1/1627 126/1/837
f 1630/1/1612 125/1/836 124/1/835
f 1623/1/1600 124/1/835 123/1/834
f 1616/1/1601 123/1/834 122/1/833
f 1666/1/1656 1672/1/1657 1665/1/1658
f 1667/1/1659 1673/1/1660 1666/1/1656
f 1668/1/1661 1674/1/1662 1667/1/1659
f 1669/1/1663 1675/1/1664 1668/1/1661
f 1670/1/1665 1676/1/1666 1669/1/1663
f 1671/1/1667 1677/1/1668 1670/1/1665
f 1673/1/1660 1679/1/1669 1672/1/1657
f 1674/1/1662 1680/1/1670 1673/1/1660
f 1675/1/1664 1681/1/1671 1674/1/1662
f 1676/1/1666 1682/1/1672 1675/1/1664
f 1677/1/1668 1683/1/1673 1676/1/1666
f 1678/1/1674 1684/1/1675 1677/1/1668
f 1680/1/1670 1686/1/1676 1679/1/1669
f 1681/1/1671 1687/1/1677 1680/1/1670
f 1682/1/1672 1688/1/1678 1681/1/1671
f 1683/1/1673 1689/1/1679 1682/1/1672
f 1684/1/1675 1690/1/1680 1683/1/1673
f 1685/1/1681 1691/1/1682 1684/1/1675
f 1686/1/1676 1694/1/1683 1693/1/1684
f 1687/1/1677 1695/1/1685 1694/1/1683
f 1688/1/1678 1696/1/1686 1695/1/1685
f 1689/1/1679 1697/1/1687 1696/1/1686
f 1690/1/1680 1698/1/1688 1697/1/1687
f 1691/1/1682 1699/1/1689 1698/1/1688
f 1693/1/1684 1701/1/1690 1700/1/1691
f 1694/1/1683 1702/1/1692 1701/1/1690
f 1695/1/1685 1703/1/1693 1702/1/1692
f 1696/1/1686 1704/1/1694 1703/1/1693
f 1697/1/1687 1705/1/1695 1704/1/1694
f 1698/1/1688 1706/1/1696 1705/1/1695
f 1700/1/1691 1708/1/1697 1707/1/1698
f 1701/1/1690 1709/1/1699 1708/1/1697
f 1702/1/1692 1710/1/1700 1709/1/1699
f 1703/1/1693 1711/1/1701 1710/1/1700
f 1704/1/1694 1712/1/1702 1711/1/1701
f 1705/1/1695 1713/1/1703 1712/1/1702
f 409/1/1704 72/1/196 7/1/194
f 410/1/1705 1665/1/1658 409/1/1704
f 411/1/1706 1666/1/1656 410/1/1705
f 412/1/1707 1667/1/1659 411/1/1706
f 413/1/1708 1668/1/1661 412/1/1707
f 414/1/1709 1669/1/1663 413/1/1708
f 415/1/1710 1670/1/1665 414/1/1709
f 30/1/1529 1671/1/1667 415/1/1710
f 374/1/1527 1678/1/1674 1671/1/1667
f 375/1/1526 1685/1/1681 1678/1/1674
f 376/1/1525 1692/1/1711 1685/1/1681
f 1692/1/1711 378/1/1523 1699/1/1689
f 1699/1/1689 379/1/1522 1706/1/1696
f 1706/1/1696 380/1/1521 1713/1/1703
f 1713/1/1703 29/1/1654 408/1/1653
f 1712/1/1702 408/1/1653 407/1/1652
f 1711/1/1701 407/1/1652 406/1/1650
f 1710/1/1700 406/1/1650 405/1/1651
f 1709/1/1699 405/1/1651 404/1/1649
f 1708/1/1697 404/1/1649 403/1/1648
f 1707/1/1698 403/1/1648 402/1/1647
f 66/1/162 402/1/1647 6/1/161
f 67/1/167 1707/1/1698 66/1/162
f 68/1/168 1700/1/1691 67/1/167
f 69/1/169 1693/1/1684 68/1/168
f 1679/1/1669 69/1/169 70/1/198
f 1672/1/1657 70/1/198 71/1/197
f 1665/1/1658 71/1/197 72/1/196
f 1715/1/1712 1721/1/1713 1714/1/1714
f 1716/1/1715 1722/1/1716 1715/1/1712
f 1717/1/1717 1723/1/1718 1716/1/1715
f 1718/1/1719 1724/1/1720 1717/1/1717
f 1719/1/1721 1725/1/1722 1718/1/1719
f 1720/1/1723 1726/1/1724 1719/1/1721
f 1722/1/1716 1728/1/1725 1721/1/1713
f 1723/1/1718 1729/1/1726 1722/1/1716
f 1724/1/1720 1730/1/1727 1723/1/1718
f 1725/1/1722 1731/1/1728 1724/1/1720
f 1726/1/1724 1732/1/1729 1725/1/1722
f 1727/1/1730 1733/1/1731 1726/1/1724
f 1729/1/1726 1735/1/1732 1728/1/1725
f 1730/1/1727 1736/1/1733 1729/1/1726
f 1731/1/1728 1737/1/1734 1730/1/1727
f 1732/1/1729 1738/1/1735 1731/1/1728
f 1733/1/1731 1739/1/1736 1732/1/1729
f 1734/1/1737 1740/1/1738 1733/1/1731
f 1735/1/1732 1743/1/1739 1742/1/1740
f 1736/1/1733 1744/1/1741 1743/1/1739
f 1737/1/1734 1745/1/1742 1744/1/1741
f 1738/1/1735 1746/1/1743 1745/1/1742
f 1739/1/1736 1747/1/1744 1746/1/1743
f 1740/1/1738 1748/1/1745 1747/1/1744
f 1742/1/1740 1750/1/1746 1749/1/1747
f 1743/1/1739 1751/1/1748 1750/1/1746
f 1744/1/1741 1752/1/1749 1751/1/1748
f 1745/1/1742 1753/1/1750 1752/1/1749
f 1746/1/1743 1754/1/1751 1753/1/1750
f 1747/1/1744 1755/1/1752 1754/1/1751
f 1749/1/1747 1757/1/1753 1756/1/1754
f 1750/1/1746 1758/1/1755 1757/1/1753
f 1751/1/1748 1759/1/1756 1758/1/1755
f 1752/1/1749 1760/1/1757 1759/1/1756
f 1753/1/1750 1761/1/1758 1760/1/1757
f 1754/1/1751 1762/1/1759 1761/1/1758
f 401/1/1598 129/1/1040 1/1/70
f 401/1/1598 1715/1/1712 1714/1/1714
f 400/1/1597 1716/1/1715 1715/1/1712
f 399/1/1596 1717/1/1717 1716/1/1715
f 397/1/1594 1717/1/1717 398/1/1595
f 396/1/1593 1718/1/1719 397/1/1594
f 395/1/1592 1719/1/1721 396/1/1593
f 27/1/1505 1720/1/1723 395/1/1592
f 381/1/1504 1727/1/1730 1720/1/1723
f 382/1/1534 1734/1/1737 1727/1/1730
f 383/1/1533 1741/1/1760 1734/1/1737
f 1741/1/1760 385/1/1531 1748/1/1745
f 1748/1/1745 386/1/1530 1755/1/1752
f 1755/1/1752 387/1/1528 1762/1/1759
f 1762/1/1759 30/1/1529 415/1/1710
f 1761/1/1758 415/1/1710 414/1/1709
f 1760/1/1757 414/1/1709 413/1/1708
f 1759/1/1756 413/1/1708 412/1/1707
f 1759/1/1756 411/1/1706 1758/1/1755
f 1758/1/1755 410/1/1705 1757/1/1753
f 1757/1/1753 409/1/1704 1756/1/1754
f 135/1/1031 409/1/1704 7/1/194
f 134/1/1045 1756/1/1754 135/1/1031
f 133/1/1044 1749/1/1747 134/1/1045
f 132/1/1043 1742/1/1740 133/1/1044
f 1728/1/1725 132/1/1043 131/1/1042
f 1721/1/1713 131/1/1042 130/1/1041
f 1714/1/1714 130/1/1041 129/1/1040
f 418/1/1 422/1/5 421/1/2
f 419/1/4 423/1/7 422/1/5
f 420/1/6 424/1/10 423/1/7
f 422/1/5 426/1/9 425/1/8
f 423/1/7 427/1/11 426/1/9
f 424/1/10 428/1/56 427/1/11
f 430/1/12 434/1/16 433/1/13
f 431/1/15 435/1/18 434/1/16
f 432/1/17 436/1/21 435/1/18
f 434/1/16 438/1/20 437/1/19
f 435/1/18 439/1/22 438/1/20
f 436/1/21 440/1/58 439/1/22
f 442/1/23 446/1/27 445/1/24
f 443/1/26 447/1/29 446/1/27
f 444/1/28 448/1/32 447/1/29
f 446/1/27 450/1/31 449/1/30
f 447/1/29 451/1/33 450/1/31
f 448/1/32 452/1/59 451/1/33
f 454/1/34 458/1/38 457/1/35
f 455/1/37 459/1/40 458/1/38
f 456/1/39 460/1/43 459/1/40
f 458/1/38 462/1/42 461/1/41
f 459/1/40 463/1/44 462/1/42
f 460/1/43 464/1/60 463/1/44
f 466/1/45 470/1/49 469/1/46
f 467/1/48 471/1/51 470/1/49
f 468/1/50 472/1/54 471/1/51
f 470/1/49 474/1/53 473/1/52
f 471/1/51 475/1/55 474/1/53
f 472/1/54 476/1/57 475/1/55
f 438/1/20 424/1/10 420/1/6
f 439/1/22 428/1/56 424/1/10
f 450/1/31 436/1/21 432/1/17
f 451/1/33 440/1/58 436/1/21
f 462/1/42 448/1/32 444/1/28
f 463/1/44 452/1/59 448/1/32
f 474/1/53 460/1/43 456/1/39
f 475/1/55 464/1/60 460/1/43
f 426/1/9 472/1/54 468/1/50
f 427/1/11 476/1/57 472/1/54
f 428/1/56 416/1/1761 476/1/57
f 440/1/58 416/1/1761 428/1/56
f 452/1/59 416/1/1761 440/1/58
f 464/1/60 416/1/1761 452/1/59
f 476/1/57 416/1/1761 464/1/60
f 2/1/61 31/1/63 417/1/3
f 31/1/63 32/1/64 418/1/1
f 32/1/64 33/1/66 419/1/4
f 34/1/65 420/1/6 419/1/4
f 44/1/62 417/1/3 421/1/2
f 43/1/67 421/1/2 425/1/8
f 425/1/8 468/1/50 41/1/69
f 1/1/70 59/1/72 429/1/14
f 59/1/72 60/1/73 430/1/12
f 60/1/73 61/1/75 431/1/15
f 62/1/74 432/1/17 431/1/15
f 37/1/71 429/1/14 433/1/13
f 36/1/76 433/1/13 437/1/19
f 437/1/19 420/1/6 34/1/65
f 5/1/78 52/1/80 441/1/25
f 52/1/80 53/1/81 442/1/23
f 53/1/81 54/1/83 443/1/26
f 55/1/82 444/1/28 443/1/26
f 65/1/79 441/1/25 445/1/24
f 64/1/84 445/1/24 449/1/30
f 449/1/30 432/1/17 62/1/74
f 4/1/86 45/1/88 453/1/36
f 45/1/88 46/1/89 454/1/34
f 46/1/89 47/1/91 455/1/37
f 48/1/90 456/1/39 455/1/37
f 58/1/87 453/1/36 457/1/35
f 57/1/92 457/1/35 461/1/41
f 461/1/41 444/1/28 55/1/82
f 3/1/94 38/1/96 465/1/47
f 38/1/96 39/1/97 466/1/45
f 39/1/97 40/1/98 467/1/48
f 41/1/69 468/1/50 467/1/48
f 51/1/95 465/1/47 469/1/46
f 50/1/99 469/1/46 473/1/52
f 473/1/52 456/1/39 48/1/90
f 479/1/101 483/1/105 482/1/102
f 480/1/104 484/1/107 483/1/105
f 481/1/106 485/1/110 484/1/107
f 483/1/105 487/1/109 486/1/108
f 484/1/107 488/1/111 487/1/109
f 485/1/110 489/1/156 488/1/111
f 491/1/112 495/1/116 494/1/113
f 492/1/115 496/1/118 495/1/116
f 493/1/117 497/1/121 496/1/118
f 495/1/116 499/1/120 498/1/119
f 496/1/118 500/1/122 499/1/120
f 497/1/121 501/1/158 500/1/122
f 503/1/123 507/1/127 506/1/124
f 504/1/126 508/1/129 507/1/127
f 505/1/128 509/1/132 508/1/129
f 507/1/127 511/1/131 510/1/130
f 508/1/129 512/1/133 511/1/131
f 509/1/132 513/1/159 512/1/133
f 515/1/134 519/1/138 518/1/135
f 516/1/137 520/1/140 519/1/138
f 517/1/139 521/1/143 520/1/140
f 519/1/138 523/1/142 522/1/141
f 520/1/140 524/1/144 523/1/142
f 521/1/143 525/1/160 524/1/144
f 527/1/145 531/1/149 530/1/146
f 528/1/148 532/1/151 531/1/149
f 529/1/150 533/1/154 532/1/151
f 531/1/149 535/1/153 534/1/152
f 532/1/151 536/1/155 535/1/153
f 533/1/154 537/1/157 536/1/155
f 499/1/120 485/1/110 481/1/106
f 500/1/122 489/1/156 485/1/110
f 511/1/131 497/1/121 493/1/117
f 512/1/133 501/1/158 497/1/121
f 523/1/142 509/1/132 505/1/128
f 524/1/144 513/1/159 509/1/132
f 535/1/153 521/1/143 517/1/139
f 536/1/155 525/1/160 521/1/143
f 487/1/109 533/1/154 529/1/150
f 488/1/111 537/1/157 533/1/154
f 489/1/156 477/1/1762 537/1/157
f 501/1/158 477/1/1762 489/1/156
f 513/1/159 477/1/1762 501/1/158
f 525/1/160 477/1/1762 513/1/159
f 537/1/157 477/1/1762 525/1/160
f 6/1/161 79/1/163 478/1/103
f 79/1/163 78/1/164 479/1/101
f 78/1/164 77/1/166 480/1/104
f 76/1/165 481/1/106 480/1/104
f 66/1/162 478/1/103 482/1/102
f 67/1/167 482/1/102 486/1/108
f 486/1/108 529/1/150 69/1/169
f 8/1/170 86/1/172 490/1/114
f 86/1/172 85/1/173 491/1/112
f 85/1/173 84/1/175 492/1/115
f 83/1/174 493/1/117 492/1/115
f 73/1/171 490/1/114 494/1/113
f 74/1/176 494/1/113 498/1/119
f 498/1/119 481/1/106 76/1/165
f 9/1/178 93/1/180 502/1/125
f 93/1/180 92/1/181 503/1/123
f 92/1/181 91/1/183 504/1/126
f 90/1/182 505/1/128 504/1/126
f 80/1/179 502/1/125 506/1/124
f 81/1/184 506/1/124 510/1/130
f 510/1/130 493/1/117 83/1/174
f 10/1/186 100/1/188 514/1/136
f 100/1/188 99/1/189 515/1/134
f 99/1/189 98/1/191 516/1/137
f 97/1/190 517/1/139 516/1/137
f 87/1/187 514/1/136 518/1/135
f 88/1/192 518/1/135 522/1/141
f 522/1/141 505/1/128 90/1/182
f 7/1/194 72/1/196 526/1/147
f 72/1/196 71/1/197 527/1/145
f 71/1/197 70/1/198 528/1/148
f 69/1/169 529/1/150 528/1/148
f 94/1/195 526/1/147 530/1/146
f 95/1/199 530/1/146 534/1/152
f 534/1/152 517/1/139 97/1/190
f 539/1/201 546/1/205 545/1/202
f 540/1/204 547/1/207 546/1/205
f 541/1/206 548/1/209 547/1/207
f 541/1/206 542/1/210 549/1/208
f 542/1/210 543/1/212 550/1/211
f 543/1/212 544/1/256 551/1/213
f 546/1/205 553/1/215 552/1/214
f 547/1/207 554/1/216 553/1/215
f 548/1/209 555/1/218 554/1/216
f 548/1/209 549/1/208 556/1/217
f 549/1/208 550/1/211 557/1/219
f 550/1/211 551/1/213 558/1/220
f 553/1/215 560/1/222 559/1/221
f 554/1/216 561/1/223 560/1/222
f 555/1/218 562/1/225 561/1/223
f 555/1/218 556/1/217 563/1/224
f 556/1/217 557/1/219 564/1/226
f 557/1/219 558/1/220 565/1/227
f 559/1/221 560/1/222 567/1/228
f 560/1/222 561/1/223 568/1/230
f 561/1/223 562/1/225 569/1/231
f 563/1/224 570/1/232 569/1/231
f 564/1/226 571/1/233 570/1/232
f 565/1/227 572/1/239 571/1/233
f 566/1/229 567/1/228 574/1/234
f 567/1/228 568/1/230 575/1/236
f 568/1/230 569/1/231 576/1/237
f 570/1/232 577/1/238 576/1/237
f 571/1/233 578/1/240 577/1/238
f 572/1/239 579/1/246 578/1/240
f 573/1/235 574/1/234 581/1/241
f 574/1/234 575/1/236 582/1/243
f 575/1/236 576/1/237 583/1/244
f 577/1/238 584/1/245 583/1/244
f 578/1/240 585/1/247 584/1/245
f 579/1/246 586/1/264 585/1/247
f 142/1/248 538/1/203 157/1/249
f 141/1/251 539/1/201 538/1/203
f 140/1/252 540/1/204 539/1/201
f 139/1/253 541/1/206 540/1/204
f 139/1/253 138/1/254 542/1/210
f 138/1/254 137/1/255 543/1/212
f 137/1/255 136/1/257 544/1/256
f 136/1/257 12/1/335 149/1/258
f 544/1/256 149/1/258 148/1/259
f 551/1/213 148/1/259 147/1/260
f 558/1/220 147/1/260 146/1/261
f 146/1/261 145/1/262 572/1/239
f 145/1/262 144/1/263 579/1/246
f 144/1/263 143/1/265 586/1/264
f 143/1/265 13/1/400 156/1/266
f 586/1/264 156/1/266 155/1/267
f 585/1/247 155/1/267 154/1/268
f 584/1/245 154/1/268 153/1/269
f 582/1/243 583/1/244 153/1/269
f 581/1/241 582/1/243 152/1/270
f 580/1/242 581/1/241 151/1/271
f 163/1/273 580/1/242 150/1/272
f 162/1/275 573/1/235 580/1/242
f 161/1/276 566/1/229 573/1/235
f 160/1/277 559/1/221 566/1/229
f 552/1/214 559/1/221 160/1/277
f 545/1/202 552/1/214 159/1/278
f 538/1/203 545/1/202 158/1/279
f 588/1/280 595/1/284 594/1/281
f 589/1/283 596/1/286 595/1/284
f 590/1/285 597/1/288 596/1/286
f 591/1/287 598/1/290 597/1/288
f 592/1/289 599/1/292 598/1/290
f 593/1/291 600/1/298 599/1/292
f 595/1/284 602/1/294 601/1/293
f 596/1/286 603/1/295 602/1/294
f 597/1/288 604/1/296 603/1/295
f 598/1/290 605/1/297 604/1/296
f 599/1/292 606/1/299 605/1/297
f 600/1/298 607/1/305 606/1/299
f 602/1/294 609/1/301 608/1/300
f 603/1/295 610/1/302 609/1/301
f 604/1/296 611/1/303 610/1/302
f 605/1/297 612/1/304 611/1/303
f 606/1/299 613/1/306 612/1/304
f 607/1/305 614/1/336 613/1/306
f 608/1/300 609/1/301 616/1/307
f 609/1/301 610/1/302 617/1/309
f 610/1/302 611/1/303 618/1/310
f 611/1/303 612/1/304 619/1/311
f 612/1/304 613/1/306 620/1/312
f 613/1/306 614/1/336 621/1/313
f 615/1/308 616/1/307 623/1/314
f 616/1/307 617/1/309 624/1/316
f 617/1/309 618/1/310 625/1/317
f 618/1/310 619/1/311 626/1/318
f 619/1/311 620/1/312 627/1/319
f 620/1/312 621/1/313 628/1/320
f 622/1/315 623/1/314 630/1/321
f 623/1/314 624/1/316 631/1/323
f 624/1/316 625/1/317 632/1/324
f 625/1/317 626/1/318 633/1/325
f 626/1/318 627/1/319 634/1/326
f 627/1/319 628/1/320 635/1/327
f 164/1/328 587/1/282 52/1/80
f 165/1/329 588/1/280 587/1/282
f 166/1/330 589/1/283 588/1/280
f 167/1/331 590/1/285 589/1/283
f 168/1/332 591/1/287 590/1/285
f 169/1/333 592/1/289 591/1/287
f 170/1/334 593/1/291 592/1/289
f 12/1/335 136/1/257 593/1/291
f 136/1/257 137/1/255 600/1/298
f 137/1/255 138/1/254 607/1/305
f 138/1/254 139/1/253 614/1/336
f 614/1/336 139/1/253 140/1/252
f 621/1/313 140/1/252 141/1/251
f 628/1/320 141/1/251 142/1/248
f 635/1/327 142/1/248 11/1/250
f 634/1/326 635/1/327 171/1/337
f 633/1/325 634/1/326 172/1/338
f 632/1/324 633/1/325 173/1/339
f 631/1/323 632/1/324 174/1/340
f 630/1/321 631/1/323 175/1/341
f 629/1/322 630/1/321 176/1/342
f 58/1/87 629/1/322 177/1/343
f 57/1/92 622/1/315 629/1/322
f 56/1/93 615/1/308 622/1/315
f 55/1/82 608/1/300 615/1/308
f 601/1/293 608/1/300 55/1/82
f 594/1/281 601/1/293 54/1/83
f 587/1/282 594/1/281 53/1/81
f 637/1/344 644/1/348 643/1/345
f 638/1/347 645/1/350 644/1/348
f 639/1/349 646/1/352 645/1/350
f 640/1/351 647/1/354 646/1/352
f 641/1/353 648/1/356 647/1/354
f 642/1/355 649/1/362 648/1/356
f 644/1/348 651/1/358 650/1/357
f 645/1/350 652/1/359 651/1/358
f 646/1/352 653/1/360 652/1/359
f 647/1/354 654/1/361 653/1/360
f 648/1/356 655/1/363 654/1/361
f 649/1/362 656/1/369 655/1/363
f 651/1/358 658/1/365 657/1/364
f 652/1/359 659/1/366 658/1/365
f 653/1/360 660/1/367 659/1/366
f 654/1/361 661/1/368 660/1/367
f 655/1/363 662/1/370 661/1/368
f 656/1/369 663/1/401 662/1/370
f 657/1/364 658/1/365 665/1/371
f 658/1/365 659/1/366 666/1/373
f 659/1/366 660/1/367 667/1/374
f 660/1/367 661/1/368 668/1/375
f 661/1/368 662/1/370 669/1/376
f 662/1/370 663/1/401 670/1/377
f 664/1/372 665/1/371 672/1/378
f 665/1/371 666/1/373 673/1/380
f 666/1/373 667/1/374 674/1/381
f 667/1/374 668/1/375 675/1/382
f 668/1/375 669/1/376 676/1/383
f 669/1/376 670/1/377 677/1/384
f 671/1/379 672/1/378 679/1/385
f 672/1/378 673/1/380 680/1/387
f 673/1/380 674/1/381 681/1/388
f 674/1/381 675/1/382 682/1/389
f 675/1/382 676/1/383 683/1/390
f 676/1/383 677/1/384 684/1/391
f 178/1/392 636/1/346 107/1/393
f 178/1/392 179/1/394 637/1/344
f 179/1/394 180/1/395 638/1/347
f 180/1/395 181/1/397 639/1/349
f 182/1/396 640/1/351 639/1/349
f 183/1/398 641/1/353 640/1/351
f 184/1/399 642/1/355 641/1/353
f 13/1/400 143/1/265 642/1/355
f 143/1/265 144/1/263 649/1/362
f 144/1/263 145/1/262 656/1/369
f 145/1/262 146/1/261 663/1/401
f 663/1/401 146/1/261 147/1/260
f 670/1/377 147/1/260 148/1/259
f 677/1/384 148/1/259 149/1/258
f 684/1/391 149/1/258 12/1/335
f 683/1/390 684/1/391 170/1/334
f 682/1/389 683/1/390 169/1/333
f 681/1/388 682/1/389 168/1/332
f 681/1/388 167/1/331 166/1/330
f 680/1/387 166/1/330 165/1/329
f 679/1/385 165/1/329 164/1/328
f 101/1/402 678/1/386 164/1/328
f 102/1/403 671/1/379 678/1/386
f 103/1/404 664/1/372 671/1/379
f 104/1/405 657/1/364 664/1/372
f 650/1/357 657/1/364 104/1/405
f 643/1/345 650/1/357 105/1/406
f 636/1/346 643/1/345 106/1/407
f 686/1/408 693/1/412 692/1/409
f 687/1/411 694/1/414 693/1/412
f 688/1/413 695/1/416 694/1/414
f 689/1/415 696/1/418 695/1/416
f 690/1/417 697/1/420 696/1/418
f 691/1/419 698/1/426 697/1/420
f 693/1/412 700/1/422 699/1/421
f 694/1/414 701/1/423 700/1/422
f 695/1/416 702/1/424 701/1/423
f 696/1/418 703/1/425 702/1/424
f 697/1/420 704/1/427 703/1/425
f 698/1/426 705/1/433 704/1/427
f 700/1/422 707/1/429 706/1/428
f 701/1/423 708/1/430 707/1/429
f 702/1/424 709/1/431 708/1/430
f 703/1/425 710/1/432 709/1/431
f 704/1/427 711/1/434 710/1/432
f 705/1/433 712/1/463 711/1/434
f 706/1/428 707/1/429 714/1/435
f 707/1/429 708/1/430 715/1/437
f 708/1/430 709/1/431 716/1/438
f 709/1/431 710/1/432 717/1/439
f 710/1/432 711/1/434 718/1/440
f 711/1/434 712/1/463 719/1/441
f 713/1/436 714/1/435 721/1/442
f 714/1/435 715/1/437 722/1/444
f 715/1/437 716/1/438 723/1/445
f 716/1/438 717/1/439 724/1/446
f 717/1/439 718/1/440 725/1/447
f 718/1/440 719/1/441 726/1/448
f 720/1/443 721/1/442 728/1/449
f 721/1/442 722/1/444 729/1/451
f 722/1/444 723/1/445 730/1/452
f 723/1/445 724/1/446 731/1/453
f 724/1/446 725/1/447 732/1/454
f 725/1/447 726/1/448 733/1/455
f 185/1/456 685/1/410 93/1/180
f 186/1/457 686/1/408 685/1/410
f 187/1/458 687/1/411 686/1/408
f 188/1/459 688/1/413 687/1/411
f 189/1/460 689/1/415 688/1/413
f 190/1/461 690/1/417 689/1/415
f 191/1/462 691/1/419 690/1/417
f 14/1/274 150/1/272 691/1/419
f 150/1/272 151/1/271 698/1/426
f 151/1/271 152/1/270 705/1/433
f 152/1/270 153/1/269 712/1/463
f 712/1/463 153/1/269 154/1/268
f 719/1/441 154/1/268 155/1/267
f 726/1/448 155/1/267 156/1/266
f 733/1/455 156/1/266 13/1/400
f 732/1/454 733/1/455 184/1/399
f 731/1/453 732/1/454 183/1/398
f 730/1/452 731/1/453 182/1/396
f 729/1/451 730/1/452 181/1/397
f 728/1/449 729/1/451 180/1/395
f 727/1/450 728/1/449 179/1/394
f 87/1/187 727/1/450 178/1/392
f 88/1/192 720/1/443 727/1/450
f 89/1/193 713/1/436 720/1/443
f 90/1/182 706/1/428 713/1/436
f 699/1/421 706/1/428 90/1/182
f 692/1/409 699/1/421 91/1/183
f 685/1/410 692/1/409 92/1/181
f 735/1/464 742/1/468 741/1/465
f 736/1/467 743/1/470 742/1/468
f 737/1/469 744/1/472 743/1/470
f 738/1/471 745/1/474 744/1/472
f 739/1/473 746/1/476 745/1/474
f 740/1/475 747/1/482 746/1/476
f 742/1/468 749/1/478 748/1/477
f 743/1/470 750/1/479 749/1/478
f 744/1/472 751/1/480 750/1/479
f 745/1/474 752/1/481 751/1/480
f 746/1/476 753/1/483 752/1/481
f 747/1/482 754/1/489 753/1/483
f 749/1/478 756/1/485 755/1/484
f 750/1/479 757/1/486 756/1/485
f 751/1/480 758/1/487 757/1/486
f 752/1/481 759/1/488 758/1/487
f 753/1/483 760/1/490 759/1/488
f 754/1/489 761/1/513 760/1/490
f 755/1/484 756/1/485 763/1/491
f 756/1/485 757/1/486 764/1/493
f 757/1/486 758/1/487 765/1/494
f 758/1/487 759/1/488 766/1/495
f 759/1/488 760/1/490 767/1/496
f 760/1/490 761/1/513 768/1/497
f 762/1/492 763/1/491 770/1/498
f 763/1/491 764/1/493 771/1/500
f 764/1/493 765/1/494 772/1/501
f 765/1/494 766/1/495 773/1/502
f 766/1/495 767/1/496 774/1/503
f 767/1/496 768/1/497 775/1/504
f 769/1/499 770/1/498 777/1/505
f 770/1/498 771/1/500 778/1/507
f 771/1/500 772/1/501 779/1/508
f 772/1/501 773/1/502 780/1/509
f 773/1/502 774/1/503 781/1/510
f 774/1/503 775/1/504 782/1/511
f 177/1/343 734/1/466 114/1/512
f 177/1/343 176/1/342 735/1/464
f 176/1/342 175/1/341 736/1/467
f 175/1/341 174/1/340 737/1/469
f 173/1/339 738/1/471 737/1/469
f 172/1/338 739/1/473 738/1/471
f 171/1/337 740/1/475 739/1/473
f 11/1/250 157/1/249 740/1/475
f 157/1/249 158/1/279 747/1/482
f 158/1/279 159/1/278 754/1/489
f 159/1/278 160/1/277 761/1/513
f 761/1/513 160/1/277 161/1/276
f 768/1/497 161/1/276 162/1/275
f 775/1/504 162/1/275 163/1/273
f 782/1/511 163/1/273 14/1/274
f 781/1/510 782/1/511 191/1/462
f 780/1/509 781/1/510 190/1/461
f 779/1/508 780/1/509 189/1/460
f 779/1/508 188/1/459 187/1/458
f 778/1/507 187/1/458 186/1/457
f 777/1/505 186/1/457 185/1/456
f 108/1/514 776/1/506 185/1/456
f 109/1/515 769/1/499 776/1/506
f 110/1/516 762/1/492 769/1/499
f 111/1/517 755/1/484 762/1/492
f 748/1/477 755/1/484 111/1/517
f 741/1/465 748/1/477 112/1/518
f 734/1/466 741/1/465 113/1/519
f 784/1/520 791/1/524 790/1/521
f 785/1/523 792/1/526 791/1/524
f 786/1/525 793/1/528 792/1/526
f 786/1/525 787/1/529 794/1/527
f 787/1/529 788/1/531 795/1/530
f 788/1/531 789/1/575 796/1/532
f 791/1/524 798/1/534 797/1/533
f 792/1/526 799/1/535 798/1/534
f 793/1/528 800/1/537 799/1/535
f 793/1/528 794/1/527 801/1/536
f 794/1/527 795/1/530 802/1/538
f 795/1/530 796/1/532 803/1/539
f 798/1/534 805/1/541 804/1/540
f 799/1/535 806/1/542 805/1/541
f 800/1/537 807/1/544 806/1/542
f 800/1/537 801/1/536 808/1/543
f 801/1/536 802/1/538 809/1/545
f 802/1/538 803/1/539 810/1/546
f 804/1/540 805/1/541 812/1/547
f 805/1/541 806/1/542 813/1/549
f 806/1/542 807/1/544 814/1/550
f 808/1/543 815/1/551 814/1/550
f 809/1/545 816/1/552 815/1/551
f 810/1/546 817/1/558 816/1/552
f 811/1/548 812/1/547 819/1/553
f 812/1/547 813/1/549 820/1/555
f 813/1/549 814/1/550 821/1/556
f 815/1/551 822/1/557 821/1/556
f 816/1/552 823/1/559 822/1/557
f 817/1/558 824/1/565 823/1/559
f 818/1/554 819/1/553 826/1/560
f 819/1/553 820/1/555 827/1/562
f 820/1/555 821/1/556 828/1/563
f 822/1/557 829/1/564 828/1/563
f 823/1/559 830/1/566 829/1/564
f 824/1/565 831/1/583 830/1/566
f 198/1/567 783/1/522 213/1/568
f 197/1/570 784/1/520 783/1/522
f 196/1/571 785/1/523 784/1/520
f 195/1/572 786/1/525 785/1/523
f 195/1/572 194/1/573 787/1/529
f 194/1/573 193/1/574 788/1/531
f 193/1/574 192/1/576 789/1/575
f 192/1/576 16/1/654 205/1/577
f 789/1/575 205/1/577 204/1/578
f 796/1/532 204/1/578 203/1/579
f 803/1/539 203/1/579 202/1/580
f 202/1/580 201/1/581 817/1/558
f 201/1/581 200/1/582 824/1/565
f 200/1/582 199/1/584 831/1/583
f 199/1/584 17/1/719 212/1/585
f 831/1/583 212/1/585 211/1/586
f 830/1/566 211/1/586 210/1/587
f 829/1/564 210/1/587 209/1/588
f 827/1/562 828/1/563 209/1/588
f 826/1/560 827/1/562 208/1/589
f 825/1/561 826/1/560 207/1/590
f 219/1/592 825/1/561 206/1/591
f 218/1/594 818/1/554 825/1/561
f 217/1/595 811/1/548 818/1/554
f 216/1/596 804/1/540 811/1/548
f 797/1/533 804/1/540 216/1/596
f 790/1/521 797/1/533 215/1/597
f 783/1/522 790/1/521 214/1/598
f 833/1/599 840/1/603 839/1/600
f 834/1/602 841/1/605 840/1/603
f 835/1/604 842/1/607 841/1/605
f 836/1/606 843/1/609 842/1/607
f 837/1/608 844/1/611 843/1/609
f 838/1/610 845/1/617 844/1/611
f 840/1/603 847/1/613 846/1/612
f 841/1/605 848/1/614 847/1/613
f 842/1/607 849/1/615 848/1/614
f 843/1/609 850/1/616 849/1/615
f 844/1/611 851/1/618 850/1/616
f 845/1/617 852/1/624 851/1/618
f 847/1/613 854/1/620 853/1/619
f 848/1/614 855/1/621 854/1/620
f 849/1/615 856/1/622 855/1/621
f 850/1/616 857/1/623 856/1/622
f 851/1/618 858/1/625 857/1/623
f 852/1/624 859/1/655 858/1/625
f 853/1/619 854/1/620 861/1/626
f 854/1/620 855/1/621 862/1/628
f 855/1/621 856/1/622 863/1/629
f 856/1/622 857/1/623 864/1/630
f 857/1/623 858/1/625 865/1/631
f 858/1/625 859/1/655 866/1/632
f 860/1/627 861/1/626 868/1/633
f 861/1/626 862/1/628 869/1/635
f 862/1/628 863/1/629 870/1/636
f 863/1/629 864/1/630 871/1/637
f 864/1/630 865/1/631 872/1/638
f 865/1/631 866/1/632 873/1/639
f 867/1/634 868/1/633 875/1/640
f 868/1/633 869/1/635 876/1/642
f 869/1/635 870/1/636 877/1/643
f 870/1/636 871/1/637 878/1/644
f 871/1/637 872/1/638 879/1/645
f 872/1/638 873/1/639 880/1/646
f 220/1/647 832/1/601 38/1/96
f 221/1/648 833/1/599 832/1/601
f 222/1/649 834/1/602 833/1/599
f 223/1/650 835/1/604 834/1/602
f 224/1/651 836/1/606 835/1/604
f 225/1/652 837/1/608 836/1/606
f 226/1/653 838/1/610 837/1/608
f 16/1/654 192/1/576 838/1/610
f 192/1/576 193/1/574 845/1/617
f 193/1/574 194/1/573 852/1/624
f 194/1/573 195/1/572 859/1/655
f 859/1/655 195/1/572 196/1/571
f 866/1/632 196/1/571 197/1/570
f 873/1/639 197/1/570 198/1/567
f 880/1/646 198/1/567 15/1/569
f 879/1/645 880/1/646 227/1/656
f 878/1/644 879/1/645 228/1/657
f 877/1/643 878/1/644 229/1/658
f 876/1/642 877/1/643 230/1/659
f 875/1/640 876/1/642 231/1/660
f 874/1/641 875/1/640 232/1/661
f 44/1/62 874/1/641 233/1/662
f 43/1/67 867/1/634 874/1/641
f 42/1/68 860/1/627 867/1/634
f 41/1/69 853/1/619 860/1/627
f 846/1/612 853/1/619 41/1/69
f 839/1/600 846/1/612 40/1/98
f 832/1/601 839/1/600 39/1/97
f 882/1/663 889/1/667 888/1/664
f 883/1/666 890/1/669 889/1/667
f 884/1/668 891/1/671 890/1/669
f 885/1/670 892/1/673 891/1/671
f 886/1/672 893/1/675 892/1/673
f 887/1/674 894/1/681 893/1/675
f 889/1/667 896/1/677 895/1/676
f 890/1/669 897/1/678 896/1/677
f 891/1/671 898/1/679 897/1/678
f 892/1/673 899/1/680 898/1/679
f 893/1/675 900/1/682 899/1/680
f 894/1/681 901/1/688 900/1/682
f 896/1/677 903/1/684 902/1/683
f 897/1/678 904/1/685 903/1/684
f 898/1/679 905/1/686 904/1/685
f 899/1/680 906/1/687 905/1/686
f 900/1/682 907/1/689 906/1/687
f 901/1/688 908/1/720 907/1/689
f 902/1/683 903/1/684 910/1/690
f 903/1/684 904/1/685 911/1/692
f 904/1/685 905/1/686 912/1/693
f 905/1/686 906/1/687 913/1/694
f 906/1/687 907/1/689 914/1/695
f 907/1/689 908/1/720 915/1/696
f 909/1/691 910/1/690 917/1/697
f 910/1/690 911/1/692 918/1/699
f 911/1/692 912/1/693 919/1/700
f 912/1/693 913/1/694 920/1/701
f 913/1/694 914/1/695 921/1/702
f 914/1/695 915/1/696 922/1/703
f 916/1/698 917/1/697 924/1/704
f 917/1/697 918/1/699 925/1/706
f 918/1/699 919/1/700 926/1/707
f 919/1/700 920/1/701 927/1/708
f 920/1/701 921/1/702 928/1/709
f 921/1/702 922/1/703 929/1/710
f 234/1/711 881/1/665 121/1/712
f 234/1/711 235/1/713 882/1/663
f 235/1/713 236/1/714 883/1/666
f 236/1/714 237/1/716 884/1/668
f 238/1/715 885/1/670 884/1/668
f 239/1/717 886/1/672 885/1/670
f 240/1/718 887/1/674 886/1/672
f 17/1/719 199/1/584 887/1/674
f 199/1/584 200/1/582 894/1/681
f 200/1/582 201/1/581 901/1/688
f 201/1/581 202/1/580 908/1/720
f 908/1/720 202/1/580 203/1/579
f 915/1/696 203/1/579 204/1/578
f 922/1/703 204/1/578 205/1/577
f 929/1/710 205/1/577 16/1/654
f 928/1/709 929/1/710 226/1/653
f 927/1/708 928/1/709 225/1/652
f 926/1/707 927/1/708 224/1/651
f 926/1/707 223/1/650 222/1/649
f 925/1/706 222/1/649 221/1/648
f 924/1/704 221/1/648 220/1/647
f 115/1/721 923/1/705 220/1/647
f 116/1/722 916/1/698 923/1/705
f 117/1/723 909/1/691 916/1/698
f 118/1/724 902/1/683 909/1/691
f 895/1/676 902/1/683 118/1/724
f 888/1/664 895/1/676 119/1/725
f 881/1/665 888/1/664 120/1/726
f 931/1/727 938/1/731 937/1/728
f 932/1/730 939/1/733 938/1/731
f 933/1/732 940/1/735 939/1/733
f 934/1/734 941/1/737 940/1/735
f 935/1/736 942/1/739 941/1/737
f 936/1/738 943/1/745 942/1/739
f 938/1/731 945/1/741 944/1/740
f 939/1/733 946/1/742 945/1/741
f 940/1/735 947/1/743 946/1/742
f 941/1/737 948/1/744 947/1/743
f 942/1/739 949/1/746 948/1/744
f 943/1/745 950/1/752 949/1/746
f 945/1/741 952/1/748 951/1/747
f 946/1/742 953/1/749 952/1/748
f 947/1/743 954/1/750 953/1/749
f 948/1/744 955/1/751 954/1/750
f 949/1/746 956/1/753 955/1/751
f 950/1/752 957/1/782 956/1/753
f 951/1/747 952/1/748 959/1/754
f 952/1/748 953/1/749 960/1/756
f 953/1/749 954/1/750 961/1/757
f 954/1/750 955/1/751 962/1/758
f 955/1/751 956/1/753 963/1/759
f 956/1/753 957/1/782 964/1/760
f 958/1/755 959/1/754 966/1/761
f 959/1/754 960/1/756 967/1/763
f 960/1/756 961/1/757 968/1/764
f 961/1/757 962/1/758 969/1/765
f 962/1/758 963/1/759 970/1/766
f 963/1/759 964/1/760 971/1/767
f 965/1/762 966/1/761 973/1/768
f 966/1/761 967/1/763 974/1/770
f 967/1/763 968/1/764 975/1/771
f 968/1/764 969/1/765 976/1/772
f 969/1/765 970/1/766 977/1/773
f 970/1/766 971/1/767 978/1/774
f 241/1/775 930/1/729 79/1/163
f 242/1/776 931/1/727 930/1/729
f 243/1/777 932/1/730 931/1/727
f 244/1/778 933/1/732 932/1/730
f 245/1/779 934/1/734 933/1/732
f 246/1/780 935/1/736 934/1/734
f 247/1/781 936/1/738 935/1/736
f 18/1/593 206/1/591 936/1/738
f 206/1/591 207/1/590 943/1/745
f 207/1/590 208/1/589 950/1/752
f 208/1/589 209/1/588 957/1/782
f 957/1/782 209/1/588 210/1/587
f 964/1/760 210/1/587 211/1/586
f 971/1/767 211/1/586 212/1/585
f 978/1/774 212/1/585 17/1/719
f 977/1/773 978/1/774 240/1/718
f 976/1/772 977/1/773 239/1/717
f 975/1/771 976/1/772 238/1/715
f 974/1/770 975/1/771 237/1/716
f 973/1/768 974/1/770 236/1/714
f 972/1/769 973/1/768 235/1/713
f 73/1/171 972/1/769 234/1/711
f 74/1/176 965/1/762 972/1/769
f 75/1/177 958/1/755 965/1/762
f 76/1/165 951/1/747 958/1/755
f 944/1/740 951/1/747 76/1/165
f 937/1/728 944/1/740 77/1/166
f 930/1/729 937/1/728 78/1/164
f 980/1/783 987/1/787 986/1/784
f 981/1/786 988/1/789 987/1/787
f 982/1/788 989/1/791 988/1/789
f 983/1/790 990/1/793 989/1/791
f 984/1/792 991/1/795 990/1/793
f 985/1/794 992/1/801 991/1/795
f 987/1/787 994/1/797 993/1/796
f 988/1/789 995/1/798 994/1/797
f 989/1/791 996/1/799 995/1/798
f 990/1/793 997/1/800 996/1/799
f 991/1/795 998/1/802 997/1/800
f 992/1/801 999/1/808 998/1/802
f 994/1/797 1001/1/804 1000/1/803
f 995/1/798 1002/1/805 1001/1/804
f 996/1/799 1003/1/806 1002/1/805
f 997/1/800 1004/1/807 1003/1/806
f 998/1/802 1005/1/809 1004/1/807
f 999/1/808 1006/1/832 1005/1/809
f 1000/1/803 1001/1/804 1008/1/810
f 1001/1/804 1002/1/805 1009/1/812
f 1002/1/805 1003/1/806 1010/1/813
f 1003/1/806 1004/1/807 1011/1/814
f 1004/1/807 1005/1/809 1012/1/815
f 1005/1/809 1006/1/832 1013/1/816
f 1007/1/811 1008/1/810 1015/1/817
f 1008/1/810 1009/1/812 1016/1/819
f 1009/1/812 1010/1/813 1017/1/820
f 1010/1/813 1011/1/814 1018/1/821
f 1011/1/814 1012/1/815 1019/1/822
f 1012/1/815 1013/1/816 1020/1/823
f 1014/1/818 1015/1/817 1022/1/824
f 1015/1/817 1016/1/819 1023/1/826
f 1016/1/819 1017/1/820 1024/1/827
f 1017/1/820 1018/1/821 1025/1/828
f 1018/1/821 1019/1/822 1026/1/829
f 1019/1/822 1020/1/823 1027/1/830
f 233/1/662 979/1/785 128/1/831
f 233/1/662 232/1/661 980/1/783
f 232/1/661 231/1/660 981/1/786
f 231/1/660 230/1/659 982/1/788
f 229/1/658 983/1/790 982/1/788
f 228/1/657 984/1/792 983/1/790
f 227/1/656 985/1/794 984/1/792
f 15/1/569 213/1/568 985/1/794
f 213/1/568 214/1/598 992/1/801
f 214/1/598 215/1/597 999/1/808
f 215/1/597 216/1/596 1006/1/832
f 1006/1/832 216/1/596 217/1/595
f 1013/1/816 217/1/595 218/1/594
f 1020/1/823 218/1/594 219/1/592
f 1027/1/830 219/1/592 18/1/593
f 1026/1/829 1027/1/830 247/1/781
f 1025/1/828 1026/1/829 246/1/780
f 1024/1/827 1025/1/828 245/1/779
f 1024/1/827 244/1/778 243/1/777
f 1023/1/826 243/1/777 242/1/776
f 1022/1/824 242/1/776 241/1/775
f 122/1/833 1021/1/825 241/1/775
f 123/1/834 1014/1/818 1021/1/825
f 124/1/835 1007/1/811 1014/1/818
f 125/1/836 1000/1/803 1007/1/811
f 993/1/796 1000/1/803 125/1/836
f 986/1/784 993/1/796 126/1/837
f 979/1/785 986/1/784 127/1/838
f 1029/1/839 1036/1/843 1035/1/840
f 1030/1/842 1037/1/845 1036/1/843
f 1031/1/844 1038/1/847 1037/1/845
f 1031/1/844 1032/1/848 1039/1/846
f 1032/1/848 1033/1/850 1040/1/849
f 1033/1/850 1034/1/894 1041/1/851
f 1036/1/843 1043/1/853 1042/1/852
f 1037/1/845 1044/1/854 1043/1/853
f 1038/1/847 1045/1/856 1044/1/854
f 1038/1/847 1039/1/846 1046/1/855
f 1039/1/846 1040/1/849 1047/1/857
f 1040/1/849 1041/1/851 1048/1/858
f 1043/1/853 1050/1/860 1049/1/859
f 1044/1/854 1051/1/861 1050/1/860
f 1045/1/856 1052/1/863 1051/1/861
f 1045/1/856 1046/1/855 1053/1/862
f 1046/1/855 1047/1/857 1054/1/864
f 1047/1/857 1048/1/858 1055/1/865
f 1049/1/859 1050/1/860 1057/1/866
f 1050/1/860 1051/1/861 1058/1/868
f 1051/1/861 1052/1/863 1059/1/869
f 1053/1/862 1060/1/870 1059/1/869
f 1054/1/864 1061/1/871 1060/1/870
f 1055/1/865 1062/1/877 1061/1/871
f 1056/1/867 1057/1/866 1064/1/872
f 1057/1/866 1058/1/868 1065/1/874
f 1058/1/868 1059/1/869 1066/1/875
f 1060/1/870 1067/1/876 1066/1/875
f 1061/1/871 1068/1/878 1067/1/876
f 1062/1/877 1069/1/884 1068/1/878
f 1063/1/873 1064/1/872 1071/1/879
f 1064/1/872 1065/1/874 1072/1/881
f 1065/1/874 1066/1/875 1073/1/882
f 1067/1/876 1074/1/883 1073/1/882
f 1068/1/878 1075/1/885 1074/1/883
f 1069/1/884 1076/1/902 1075/1/885
f 254/1/886 1028/1/841 269/1/887
f 253/1/889 1029/1/839 1028/1/841
f 252/1/890 1030/1/842 1029/1/839
f 251/1/891 1031/1/844 1030/1/842
f 251/1/891 250/1/892 1032/1/848
f 250/1/892 249/1/893 1033/1/850
f 249/1/893 248/1/895 1034/1/894
f 248/1/895 20/1/973 261/1/896
f 1034/1/894 261/1/896 260/1/897
f 1041/1/851 260/1/897 259/1/898
f 1048/1/858 259/1/898 258/1/899
f 258/1/899 257/1/900 1062/1/877
f 257/1/900 256/1/901 1069/1/884
f 256/1/901 255/1/903 1076/1/902
f 255/1/903 21/1/1038 268/1/904
f 1076/1/902 268/1/904 267/1/905
f 1075/1/885 267/1/905 266/1/906
f 1074/1/883 266/1/906 265/1/907
f 1072/1/881 1073/1/882 265/1/907
f 1071/1/879 1072/1/881 264/1/908
f 1070/1/880 1071/1/879 263/1/909
f 275/1/911 1070/1/880 262/1/910
f 274/1/913 1063/1/873 1070/1/880
f 273/1/914 1056/1/867 1063/1/873
f 272/1/915 1049/1/859 1056/1/867
f 1042/1/852 1049/1/859 272/1/915
f 1035/1/840 1042/1/852 271/1/916
f 1028/1/841 1035/1/840 270/1/917
f 1078/1/918 1085/1/922 1084/1/919
f 1079/1/921 1086/1/924 1085/1/922
f 1080/1/923 1087/1/926 1086/1/924
f 1081/1/925 1088/1/928 1087/1/926
f 1082/1/927 1089/1/930 1088/1/928
f 1083/1/929 1090/1/936 1089/1/930
f 1085/1/922 1092/1/932 1091/1/931
f 1086/1/924 1093/1/933 1092/1/932
f 1087/1/926 1094/1/934 1093/1/933
f 1088/1/928 1095/1/935 1094/1/934
f 1089/1/930 1096/1/937 1095/1/935
f 1090/1/936 1097/1/943 1096/1/937
f 1092/1/932 1099/1/939 1098/1/938
f 1093/1/933 1100/1/940 1099/1/939
f 1094/1/934 1101/1/941 1100/1/940
f 1095/1/935 1102/1/942 1101/1/941
f 1096/1/937 1103/1/944 1102/1/942
f 1097/1/943 1104/1/974 1103/1/944
f 1098/1/938 1099/1/939 1106/1/945
f 1099/1/939 1100/1/940 1107/1/947
f 1100/1/940 1101/1/941 1108/1/948
f 1101/1/941 1102/1/942 1109/1/949
f 1102/1/942 1103/1/944 1110/1/950
f 1103/1/944 1104/1/974 1111/1/951
f 1105/1/946 1106/1/945 1113/1/952
f 1106/1/945 1107/1/947 1114/1/954
f 1107/1/947 1108/1/948 1115/1/955
f 1108/1/948 1109/1/949 1116/1/956
f 1109/1/949 1110/1/950 1117/1/957
f 1110/1/950 1111/1/951 1118/1/958
f 1112/1/953 1113/1/952 1120/1/959
f 1113/1/952 1114/1/954 1121/1/961
f 1114/1/954 1115/1/955 1122/1/962
f 1115/1/955 1116/1/956 1123/1/963
f 1116/1/956 1117/1/957 1124/1/964
f 1117/1/957 1118/1/958 1125/1/965
f 276/1/966 1077/1/920 59/1/72
f 277/1/967 1078/1/918 1077/1/920
f 278/1/968 1079/1/921 1078/1/918
f 279/1/969 1080/1/923 1079/1/921
f 280/1/970 1081/1/925 1080/1/923
f 281/1/971 1082/1/927 1081/1/925
f 282/1/972 1083/1/929 1082/1/927
f 20/1/973 248/1/895 1083/1/929
f 248/1/895 249/1/893 1090/1/936
f 249/1/893 250/1/892 1097/1/943
f 250/1/892 251/1/891 1104/1/974
f 1104/1/974 251/1/891 252/1/890
f 1111/1/951 252/1/890 253/1/889
f 1118/1/958 253/1/889 254/1/886
f 1125/1/965 254/1/886 19/1/888
f 1124/1/964 1125/1/965 283/1/975
f 1123/1/963 1124/1/964 284/1/976
f 1122/1/962 1123/1/963 285/1/977
f 1121/1/961 1122/1/962 286/1/978
f 1120/1/959 1121/1/961 287/1/979
f 1119/1/960 1120/1/959 288/1/980
f 65/1/79 1119/1/960 289/1/981
f 64/1/84 1112/1/953 1119/1/960
f 63/1/85 1105/1/946 1112/1/953
f 62/1/74 1098/1/938 1105/1/946
f 1091/1/931 1098/1/938 62/1/74
f 1084/1/919 1091/1/931 61/1/75
f 1077/1/920 1084/1/919 60/1/73
f 1127/1/982 1134/1/986 1133/1/983
f 1128/1/985 1135/1/988 1134/1/986
f 1129/1/987 1136/1/990 1135/1/988
f 1130/1/989 1137/1/992 1136/1/990
f 1131/1/991 1138/1/994 1137/1/992
f 1132/1/993 1139/1/1000 1138/1/994
f 1134/1/986 1141/1/996 1140/1/995
f 1135/1/988 1142/1/997 1141/1/996
f 1136/1/990 1143/1/998 1142/1/997
f 1137/1/992 1144/1/999 1143/1/998
f 1138/1/994 1145/1/1001 1144/1/999
f 1139/1/1000 1146/1/1007 1145/1/1001
f 1141/1/996 1148/1/1003 1147/1/1002
f 1142/1/997 1149/1/1004 1148/1/1003
f 1143/1/998 1150/1/1005 1149/1/1004
f 1144/1/999 1151/1/1006 1150/1/1005
f 1145/1/1001 1152/1/1008 1151/1/1006
f 1146/1/1007 1153/1/1039 1152/1/1008
f 1147/1/1002 1148/1/1003 1155/1/1009
f 1148/1/1003 1149/1/1004 1156/1/1011
f 1149/1/1004 1150/1/1005 1157/1/1012
f 1150/1/1005 1151/1/1006 1158/1/1013
f 1151/1/1006 1152/1/1008 1159/1/1014
f 1152/1/1008 1153/1/1039 1160/1/1015
f 1154/1/1010 1155/1/1009 1162/1/1016
f 1155/1/1009 1156/1/1011 1163/1/1018
f 1156/1/1011 1157/1/1012 1164/1/1019
f 1157/1/1012 1158/1/1013 1165/1/1020
f 1158/1/1013 1159/1/1014 1166/1/1021
f 1159/1/1014 1160/1/1015 1167/1/1022
f 1161/1/1017 1162/1/1016 1169/1/1023
f 1162/1/1016 1163/1/1018 1170/1/1025
f 1163/1/1018 1164/1/1019 1171/1/1026
f 1164/1/1019 1165/1/1020 1172/1/1027
f 1165/1/1020 1166/1/1021 1173/1/1028
f 1166/1/1021 1167/1/1022 1174/1/1029
f 290/1/1030 1126/1/984 135/1/1031
f 290/1/1030 291/1/1032 1127/1/982
f 291/1/1032 292/1/1033 1128/1/985
f 292/1/1033 293/1/1035 1129/1/987
f 294/1/1034 1130/1/989 1129/1/987
f 295/1/1036 1131/1/991 1130/1/989
f 296/1/1037 1132/1/993 1131/1/991
f 21/1/1038 255/1/903 1132/1/993
f 255/1/903 256/1/901 1139/1/1000
f 256/1/901 257/1/900 1146/1/1007
f 257/1/900 258/1/899 1153/1/1039
f 1153/1/1039 258/1/899 259/1/898
f 1160/1/1015 259/1/898 260/1/897
f 1167/1/1022 260/1/897 261/1/896
f 1174/1/1029 261/1/896 20/1/973
f 1173/1/1028 1174/1/1029 282/1/972
f 1172/1/1027 1173/1/1028 281/1/971
f 1171/1/1026 1172/1/1027 280/1/970
f 1171/1/1026 279/1/969 278/1/968
f 1170/1/1025 278/1/968 277/1/967
f 1169/1/1023 277/1/967 276/1/966
f 129/1/1040 1168/1/1024 276/1/966
f 130/1/1041 1161/1/1017 1168/1/1024
f 131/1/1042 1154/1/1010 1161/1/1017
f 132/1/1043 1147/1/1002 1154/1/1010
f 1140/1/995 1147/1/1002 132/1/1043
f 1133/1/983 1140/1/995 133/1/1044
f 1126/1/984 1133/1/983 134/1/1045
f 1176/1/1046 1183/1/1050 1182/1/1047
f 1177/1/1049 1184/1/1052 1183/1/1050
f 1178/1/1051 1185/1/1054 1184/1/1052
f 1179/1/1053 1186/1/1056 1185/1/1054
f 1180/1/1055 1187/1/1058 1186/1/1056
f 1181/1/1057 1188/1/1064 1187/1/1058
f 1183/1/1050 1190/1/1060 1189/1/1059
f 1184/1/1052 1191/1/1061 1190/1/1060
f 1185/1/1054 1192/1/1062 1191/1/1061
f 1186/1/1056 1193/1/1063 1192/1/1062
f 1187/1/1058 1194/1/1065 1193/1/1063
f 1188/1/1064 1195/1/1071 1194/1/1065
f 1190/1/1060 1197/1/1067 1196/1/1066
f 1191/1/1061 1198/1/1068 1197/1/1067
f 1192/1/1062 1199/1/1069 1198/1/1068
f 1193/1/1063 1200/1/1070 1199/1/1069
f 1194/1/1065 1201/1/1072 1200/1/1070
f 1195/1/1071 1202/1/1101 1201/1/1072
f 1196/1/1066 1197/1/1067 1204/1/1073
f 1197/1/1067 1198/1/1068 1205/1/1075
f 1198/1/1068 1199/1/1069 1206/1/1076
f 1199/1/1069 1200/1/1070 1207/1/1077
f 1200/1/1070 1201/1/1072 1208/1/1078
f 1201/1/1072 1202/1/1101 1209/1/1079
f 1203/1/1074 1204/1/1073 1211/1/1080
f 1204/1/1073 1205/1/1075 1212/1/1082
f 1205/1/1075 1206/1/1076 1213/1/1083
f 1206/1/1076 1207/1/1077 1214/1/1084
f 1207/1/1077 1208/1/1078 1215/1/1085
f 1208/1/1078 1209/1/1079 1216/1/1086
f 1210/1/1081 1211/1/1080 1218/1/1087
f 1211/1/1080 1212/1/1082 1219/1/1089
f 1212/1/1082 1213/1/1083 1220/1/1090
f 1213/1/1083 1214/1/1084 1221/1/1091
f 1214/1/1084 1215/1/1085 1222/1/1092
f 1215/1/1085 1216/1/1086 1223/1/1093
f 297/1/1094 1175/1/1048 100/1/188
f 298/1/1095 1176/1/1046 1175/1/1048
f 299/1/1096 1177/1/1049 1176/1/1046
f 300/1/1097 1178/1/1051 1177/1/1049
f 301/1/1098 1179/1/1053 1178/1/1051
f 302/1/1099 1180/1/1055 1179/1/1053
f 303/1/1100 1181/1/1057 1180/1/1055
f 22/1/912 262/1/910 1181/1/1057
f 262/1/910 263/1/909 1188/1/1064
f 263/1/909 264/1/908 1195/1/1071
f 264/1/908 265/1/907 1202/1/1101
f 1202/1/1101 265/1/907 266/1/906
f 1209/1/1079 266/1/906 267/1/905
f 1216/1/1086 267/1/905 268/1/904
f 1223/1/1093 268/1/904 21/1/1038
f 1222/1/1092 1223/1/1093 296/1/1037
f 1221/1/1091 1222/1/1092 295/1/1036
f 1220/1/1090 1221/1/1091 294/1/1034
f 1219/1/1089 1220/1/1090 293/1/1035
f 1218/1/1087 1219/1/1089 292/1/1033
f 1217/1/1088 1218/1/1087 291/1/1032
f 94/1/195 1217/1/1088 290/1/1030
f 95/1/199 1210/1/1081 1217/1/1088
f 96/1/200 1203/1/1074 1210/1/1081
f 97/1/190 1196/1/1066 1203/1/1074
f 1189/1/1059 1196/1/1066 97/1/190
f 1182/1/1047 1189/1/1059 98/1/191
f 1175/1/1048 1182/1/1047 99/1/189
f 1225/1/1102 1232/1/1106 1231/1/1103
f 1226/1/1105 1233/1/1108 1232/1/1106
f 1227/1/1107 1234/1/1110 1233/1/1108
f 1228/1/1109 1235/1/1112 1234/1/1110
f 1229/1/1111 1236/1/1114 1235/1/1112
f 1230/1/1113 1237/1/1120 1236/1/1114
f 1232/1/1106 1239/1/1116 1238/1/1115
f 1233/1/1108 1240/1/1117 1239/1/1116
f 1234/1/1110 1241/1/1118 1240/1/1117
f 1235/1/1112 1242/1/1119 1241/1/1118
f 1236/1/1114 1243/1/1121 1242/1/1119
f 1237/1/1120 1244/1/1127 1243/1/1121
f 1239/1/1116 1246/1/1123 1245/1/1122
f 1240/1/1117 1247/1/1124 1246/1/1123
f 1241/1/1118 1248/1/1125 1247/1/1124
f 1242/1/1119 1249/1/1126 1248/1/1125
f 1243/1/1121 1250/1/1128 1249/1/1126
f 1244/1/1127 1251/1/1150 1250/1/1128
f 1245/1/1122 1246/1/1123 1253/1/1129
f 1246/1/1123 1247/1/1124 1254/1/1131
f 1247/1/1124 1248/1/1125 1255/1/1132
f 1248/1/1125 1249/1/1126 1256/1/1133
f 1249/1/1126 1250/1/1128 1257/1/1134
f 1250/1/1128 1251/1/1150 1258/1/1135
f 1252/1/1130 1253/1/1129 1260/1/1136
f 1253/1/1129 1254/1/1131 1261/1/1138
f 1254/1/1131 1255/1/1132 1262/1/1139
f 1255/1/1132 1256/1/1133 1263/1/1140
f 1256/1/1133 1257/1/1134 1264/1/1141
f 1257/1/1134 1258/1/1135 1265/1/1142
f 1259/1/1137 1260/1/1136 1267/1/1143
f 1260/1/1136 1261/1/1138 1268/1/1145
f 1261/1/1138 1262/1/1139 1269/1/1146
f 1262/1/1139 1263/1/1140 1270/1/1147
f 1263/1/1140 1264/1/1141 1271/1/1148
f 1264/1/1141 1265/1/1142 1272/1/1149
f 289/1/981 1224/1/1104 101/1/402
f 289/1/981 288/1/980 1225/1/1102
f 288/1/980 287/1/979 1226/1/1105
f 287/1/979 286/1/978 1227/1/1107
f 285/1/977 1228/1/1109 1227/1/1107
f 284/1/976 1229/1/1111 1228/1/1109
f 283/1/975 1230/1/1113 1229/1/1111
f 19/1/888 269/1/887 1230/1/1113
f 269/1/887 270/1/917 1237/1/1120
f 270/1/917 271/1/916 1244/1/1127
f 271/1/916 272/1/915 1251/1/1150
f 1251/1/1150 272/1/915 273/1/914
f 1258/1/1135 273/1/914 274/1/913
f 1265/1/1142 274/1/913 275/1/911
f 1272/1/1149 275/1/911 22/1/912
f 1271/1/1148 1272/1/1149 303/1/1100
f 1270/1/1147 1271/1/1148 302/1/1099
f 1269/1/1146 1270/1/1147 301/1/1098
f 1269/1/1146 300/1/1097 299/1/1096
f 1268/1/1145 299/1/1096 298/1/1095
f 1267/1/1143 298/1/1095 297/1/1094
f 107/1/393 1266/1/1144 297/1/1094
f 106/1/407 1259/1/1137 1266/1/1144
f 105/1/406 1252/1/1130 1259/1/1137
f 104/1/405 1245/1/1122 1252/1/1130
f 1238/1/1115 1245/1/1122 104/1/405
f 1231/1/1103 1238/1/1115 103/1/404
f 1224/1/1104 1231/1/1103 102/1/403
f 1274/1/1151 1281/1/1155 1280/1/1152
f 1275/1/1154 1282/1/1157 1281/1/1155
f 1276/1/1156 1283/1/1159 1282/1/1157
f 1276/1/1156 1277/1/1160 1284/1/1158
f 1277/1/1160 1278/1/1162 1285/1/1161
f 1278/1/1162 1279/1/1206 1286/1/1163
f 1281/1/1155 1288/1/1165 1287/1/1164
f 1282/1/1157 1289/1/1166 1288/1/1165
f 1283/1/1159 1290/1/1168 1289/1/1166
f 1283/1/1159 1284/1/1158 1291/1/1167
f 1284/1/1158 1285/1/1161 1292/1/1169
f 1285/1/1161 1286/1/1163 1293/1/1170
f 1288/1/1165 1295/1/1172 1294/1/1171
f 1289/1/1166 1296/1/1173 1295/1/1172
f 1290/1/1168 1297/1/1175 1296/1/1173
f 1290/1/1168 1291/1/1167 1298/1/1174
f 1291/1/1167 1292/1/1169 1299/1/1176
f 1292/1/1169 1293/1/1170 1300/1/1177
f 1294/1/1171 1295/1/1172 1302/1/1178
f 1295/1/1172 1296/1/1173 1303/1/1180
f 1296/1/1173 1297/1/1175 1304/1/1181
f 1298/1/1174 1305/1/1182 1304/1/1181
f 1299/1/1176 1306/1/1183 1305/1/1182
f 1300/1/1177 1307/1/1189 1306/1/1183
f 1301/1/1179 1302/1/1178 1309/1/1184
f 1302/1/1178 1303/1/1180 1310/1/1186
f 1303/1/1180 1304/1/1181 1311/1/1187
f 1305/1/1182 1312/1/1188 1311/1/1187
f 1306/1/1183 1313/1/1190 1312/1/1188
f 1307/1/1189 1314/1/1196 1313/1/1190
f 1308/1/1185 1309/1/1184 1316/1/1191
f 1309/1/1184 1310/1/1186 1317/1/1193
f 1310/1/1186 1311/1/1187 1318/1/1194
f 1312/1/1188 1319/1/1195 1318/1/1194
f 1313/1/1190 1320/1/1197 1319/1/1195
f 1314/1/1196 1321/1/1214 1320/1/1197
f 310/1/1198 1273/1/1153 325/1/1199
f 309/1/1201 1274/1/1151 1273/1/1153
f 308/1/1202 1275/1/1154 1274/1/1151
f 307/1/1203 1276/1/1156 1275/1/1154
f 307/1/1203 306/1/1204 1277/1/1160
f 306/1/1204 305/1/1205 1278/1/1162
f 305/1/1205 304/1/1207 1279/1/1206
f 304/1/1207 24/1/1285 317/1/1208
f 1279/1/1206 317/1/1208 316/1/1209
f 1286/1/1163 316/1/1209 315/1/1210
f 1293/1/1170 315/1/1210 314/1/1211
f 314/1/1211 313/1/1212 1307/1/1189
f 313/1/1212 312/1/1213 1314/1/1196
f 312/1/1213 311/1/1215 1321/1/1214
f 311/1/1215 25/1/1349 324/1/1216
f 1321/1/1214 324/1/1216 323/1/1217
f 1320/1/1197 323/1/1217 322/1/1218
f 1319/1/1195 322/1/1218 321/1/1219
f 1317/1/1193 1318/1/1194 321/1/1219
f 1316/1/1191 1317/1/1193 320/1/1220
f 1315/1/1192 1316/1/1191 319/1/1221
f 331/1/1223 1315/1/1192 318/1/1222
f 330/1/1225 1308/1/1185 1315/1/1192
f 329/1/1226 1301/1/1179 1308/1/1185
f 328/1/1227 1294/1/1171 1301/1/1179
f 1287/1/1164 1294/1/1171 328/1/1227
f 1280/1/1152 1287/1/1164 327/1/1228
f 1273/1/1153 1280/1/1152 326/1/1229
f 1323/1/1230 1330/1/1234 1329/1/1231
f 1324/1/1233 1331/1/1236 1330/1/1234
f 1325/1/1235 1332/1/1238 1331/1/1236
f 1326/1/1237 1333/1/1240 1332/1/1238
f 1327/1/1239 1334/1/1242 1333/1/1240
f 1328/1/1241 1335/1/1248 1334/1/1242
f 1330/1/1234 1337/1/1244 1336/1/1243
f 1331/1/1236 1338/1/1245 1337/1/1244
f 1332/1/1238 1339/1/1246 1338/1/1245
f 1333/1/1240 1340/1/1247 1339/1/1246
f 1334/1/1242 1341/1/1249 1340/1/1247
f 1335/1/1248 1342/1/1255 1341/1/1249
f 1337/1/1244 1344/1/1251 1343/1/1250
f 1338/1/1245 1345/1/1252 1344/1/1251
f 1339/1/1246 1346/1/1253 1345/1/1252
f 1340/1/1247 1347/1/1254 1346/1/1253
f 1341/1/1249 1348/1/1256 1347/1/1254
f 1342/1/1255 1349/1/1286 1348/1/1256
f 1343/1/1250 1344/1/1251 1351/1/1257
f 1344/1/1251 1345/1/1252 1352/1/1259
f 1345/1/1252 1346/1/1253 1353/1/1260
f 1346/1/1253 1347/1/1254 1354/1/1261
f 1347/1/1254 1348/1/1256 1355/1/1262
f 1348/1/1256 1349/1/1286 1356/1/1263
f 1350/1/1258 1351/1/1257 1358/1/1264
f 1351/1/1257 1352/1/1259 1359/1/1266
f 1352/1/1259 1353/1/1260 1360/1/1267
f 1353/1/1260 1354/1/1261 1361/1/1268
f 1354/1/1261 1355/1/1262 1362/1/1269
f 1355/1/1262 1356/1/1263 1363/1/1270
f 1357/1/1265 1358/1/1264 1365/1/1271
f 1358/1/1264 1359/1/1266 1366/1/1273
f 1359/1/1266 1360/1/1267 1367/1/1274
f 1360/1/1267 1361/1/1268 1368/1/1275
f 1361/1/1268 1362/1/1269 1369/1/1276
f 1362/1/1269 1363/1/1270 1370/1/1277
f 332/1/1278 1322/1/1232 45/1/88
f 333/1/1279 1323/1/1230 1322/1/1232
f 334/1/1280 1324/1/1233 1323/1/1230
f 335/1/1281 1325/1/1235 1324/1/1233
f 336/1/1282 1326/1/1237 1325/1/1235
f 337/1/1283 1327/1/1239 1326/1/1237
f 338/1/1284 1328/1/1241 1327/1/1239
f 24/1/1285 304/1/1207 1328/1/1241
f 304/1/1207 305/1/1205 1335/1/1248
f 305/1/1205 306/1/1204 1342/1/1255
f 306/1/1204 307/1/1203 1349/1/1286
f 1349/1/1286 307/1/1203 308/1/1202
f 1356/1/1263 308/1/1202 309/1/1201
f 1363/1/1270 309/1/1201 310/1/1198
f 1370/1/1277 310/1/1198 23/1/1200
f 1369/1/1276 1370/1/1277 339/1/1287
f 1368/1/1275 1369/1/1276 340/1/1288
f 1367/1/1274 1368/1/1275 341/1/1289
f 1366/1/1273 1367/1/1274 342/1/1290
f 1365/1/1271 1366/1/1273 343/1/1291
f 1364/1/1272 1365/1/1271 344/1/1292
f 51/1/95 1364/1/1272 345/1/1293
f 50/1/99 1357/1/1265 1364/1/1272
f 49/1/100 1350/1/1258 1357/1/1265
f 48/1/90 1343/1/1250 1350/1/1258
f 1336/1/1243 1343/1/1250 48/1/90
f 1329/1/1231 1336/1/1243 47/1/91
f 1322/1/1232 1329/1/1231 46/1/89
f 1372/1/1294 1379/1/1298 1378/1/1295
f 1373/1/1297 1380/1/1300 1379/1/1298
f 1374/1/1299 1381/1/1302 1380/1/1300
f 1375/1/1301 1382/1/1304 1381/1/1302
f 1376/1/1303 1383/1/1306 1382/1/1304
f 1377/1/1305 1384/1/1312 1383/1/1306
f 1379/1/1298 1386/1/1308 1385/1/1307
f 1380/1/1300 1387/1/1309 1386/1/1308
f 1381/1/1302 1388/1/1310 1387/1/1309
f 1382/1/1304 1389/1/1311 1388/1/1310
f 1383/1/1306 1390/1/1313 1389/1/1311
f 1384/1/1312 1391/1/1319 1390/1/1313
f 1386/1/1308 1393/1/1315 1392/1/1314
f 1387/1/1309 1394/1/1316 1393/1/1315
f 1388/1/1310 1395/1/1317 1394/1/1316
f 1389/1/1311 1396/1/1318 1395/1/1317
f 1390/1/1313 1397/1/1320 1396/1/1318
f 1391/1/1319 1398/1/1350 1397/1/1320
f 1392/1/1314 1393/1/1315 1400/1/1321
f 1393/1/1315 1394/1/1316 1401/1/1323
f 1394/1/1316 1395/1/1317 1402/1/1324
f 1395/1/1317 1396/1/1318 1403/1/1325
f 1396/1/1318 1397/1/1320 1404/1/1326
f 1397/1/1320 1398/1/1350 1405/1/1327
f 1399/1/1322 1400/1/1321 1407/1/1328
f 1400/1/1321 1401/1/1323 1408/1/1330
f 1401/1/1323 1402/1/1324 1409/1/1331
f 1402/1/1324 1403/1/1325 1410/1/1332
f 1403/1/1325 1404/1/1326 1411/1/1333
f 1404/1/1326 1405/1/1327 1412/1/1334
f 1406/1/1329 1407/1/1328 1414/1/1335
f 1407/1/1328 1408/1/1330 1415/1/1337
f 1408/1/1330 1409/1/1331 1416/1/1338
f 1409/1/1331 1410/1/1332 1417/1/1339
f 1410/1/1332 1411/1/1333 1418/1/1340
f 1411/1/1333 1412/1/1334 1419/1/1341
f 346/1/1342 1371/1/1296 108/1/514
f 346/1/1342 347/1/1343 1372/1/1294
f 347/1/1343 348/1/1344 1373/1/1297
f 348/1/1344 349/1/1346 1374/1/1299
f 350/1/1345 1375/1/1301 1374/1/1299
f 351/1/1347 1376/1/1303 1375/1/1301
f 352/1/1348 1377/1/1305 1376/1/1303
f 25/1/1349 311/1/1215 1377/1/1305
f 311/1/1215 312/1/1213 1384/1/1312
f 312/1/1213 313/1/1212 1391/1/1319
f 313/1/1212 314/1/1211 1398/1/1350
f 1398/1/1350 314/1/1211 315/1/1210
f 1405/1/1327 315/1/1210 316/1/1209
f 1412/1/1334 316/1/1209 317/1/1208
f 1419/1/1341 317/1/1208 24/1/1285
f 1418/1/1340 1419/1/1341 338/1/1284
f 1417/1/1339 1418/1/1340 337/1/1283
f 1416/1/1338 1417/1/1339 336/1/1282
f 1416/1/1338 335/1/1281 334/1/1280
f 1415/1/1337 334/1/1280 333/1/1279
f 1414/1/1335 333/1/1279 332/1/1278
f 114/1/512 1413/1/1336 332/1/1278
f 113/1/519 1406/1/1329 1413/1/1336
f 112/1/518 1399/1/1322 1406/1/1329
f 111/1/517 1392/1/1314 1399/1/1322
f 1385/1/1307 1392/1/1314 111/1/517
f 1378/1/1295 1385/1/1307 110/1/516
f 1371/1/1296 1378/1/1295 109/1/515
f 1421/1/1351 1428/1/1355 1427/1/1352
f 1422/1/1354 1429/1/1357 1428/1/1355
f 1423/1/1356 1430/1/1359 1429/1/1357
f 1424/1/1358 1431/1/1361 1430/1/1359
f 1425/1/1360 1432/1/1363 1431/1/1361
f 1426/1/1362 1433/1/1369 1432/1/1363
f 1428/1/1355 1435/1/1365 1434/1/1364
f 1429/1/1357 1436/1/1366 1435/1/1365
f 1430/1/1359 1437/1/1367 1436/1/1366
f 1431/1/1361 1438/1/1368 1437/1/1367
f 1432/1/1363 1439/1/1370 1438/1/1368
f 1433/1/1369 1440/1/1376 1439/1/1370
f 1435/1/1365 1442/1/1372 1441/1/1371
f 1436/1/1366 1443/1/1373 1442/1/1372
f 1437/1/1367 1444/1/1374 1443/1/1373
f 1438/1/1368 1445/1/1375 1444/1/1374
f 1439/1/1370 1446/1/1377 1445/1/1375
f 1440/1/1376 1447/1/1406 1446/1/1377
f 1441/1/1371 1442/1/1372 1449/1/1378
f 1442/1/1372 1443/1/1373 1450/1/1380
f 1443/1/1373 1444/1/1374 1451/1/1381
f 1444/1/1374 1445/1/1375 1452/1/1382
f 1445/1/1375 1446/1/1377 1453/1/1383
f 1446/1/1377 1447/1/1406 1454/1/1384
f 1448/1/1379 1449/1/1378 1456/1/1385
f 1449/1/1378 1450/1/1380 1457/1/1387
f 1450/1/1380 1451/1/1381 1458/1/1388
f 1451/1/1381 1452/1/1382 1459/1/1389
f 1452/1/1382 1453/1/1383 1460/1/1390
f 1453/1/1383 1454/1/1384 1461/1/1391
f 1455/1/1386 1456/1/1385 1463/1/1392
f 1456/1/1385 1457/1/1387 1464/1/1394
f 1457/1/1387 1458/1/1388 1465/1/1395
f 1458/1/1388 1459/1/1389 1466/1/1396
f 1459/1/1389 1460/1/1390 1467/1/1397
f 1460/1/1390 1461/1/1391 1468/1/1398
f 353/1/1399 1420/1/1353 86/1/172
f 354/1/1400 1421/1/1351 1420/1/1353
f 355/1/1401 1422/1/1354 1421/1/1351
f 356/1/1402 1423/1/1356 1422/1/1354
f 357/1/1403 1424/1/1358 1423/1/1356
f 358/1/1404 1425/1/1360 1424/1/1358
f 359/1/1405 1426/1/1362 1425/1/1360
f 26/1/1224 318/1/1222 1426/1/1362
f 318/1/1222 319/1/1221 1433/1/1369
f 319/1/1221 320/1/1220 1440/1/1376
f 320/1/1220 321/1/1219 1447/1/1406
f 1447/1/1406 321/1/1219 322/1/1218
f 1454/1/1384 322/1/1218 323/1/1217
f 1461/1/1391 323/1/1217 324/1/1216
f 1468/1/1398 324/1/1216 25/1/1349
f 1467/1/1397 1468/1/1398 352/1/1348
f 1466/1/1396 1467/1/1397 351/1/1347
f 1465/1/1395 1466/1/1396 350/1/1345
f 1464/1/1394 1465/1/1395 349/1/1346
f 1463/1/1392 1464/1/1394 348/1/1344
f 1462/1/1393 1463/1/1392 347/1/1343
f 80/1/179 1462/1/1393 346/1/1342
f 81/1/184 1455/1/1386 1462/1/1393
f 82/1/185 1448/1/1379 1455/1/1386
f 83/1/174 1441/1/1371 1448/1/1379
f 1434/1/1364 1441/1/1371 83/1/174
f 1427/1/1352 1434/1/1364 84/1/175
f 1420/1/1353 1427/1/1352 85/1/173
f 1470/1/1407 1477/1/1411 1476/1/1408
f 1471/1/1410 1478/1/1413 1477/1/1411
f 1472/1/1412 1479/1/1415 1478/1/1413
f 1473/1/1414 1480/1/1417 1479/1/1415
f 1474/1/1416 1481/1/1419 1480/1/1417
f 1475/1/1418 1482/1/1425 1481/1/1419
f 1477/1/1411 1484/1/1421 1483/1/1420
f 1478/1/1413 1485/1/1422 1484/1/1421
f 1479/1/1415 1486/1/1423 1485/1/1422
f 1480/1/1417 1487/1/1424 1486/1/1423
f 1481/1/1419 1488/1/1426 1487/1/1424
f 1482/1/1425 1489/1/1432 1488/1/1426
f 1484/1/1421 1491/1/1428 1490/1/1427
f 1485/1/1422 1492/1/1429 1491/1/1428
f 1486/1/1423 1493/1/1430 1492/1/1429
f 1487/1/1424 1494/1/1431 1493/1/1430
f 1488/1/1426 1495/1/1433 1494/1/1431
f 1489/1/1432 1496/1/1455 1495/1/1433
f 1490/1/1427 1491/1/1428 1498/1/1434
f 1491/1/1428 1492/1/1429 1499/1/1436
f 1492/1/1429 1493/1/1430 1500/1/1437
f 1493/1/1430 1494/1/1431 1501/1/1438
f 1494/1/1431 1495/1/1433 1502/1/1439
f 1495/1/1433 1496/1/1455 1503/1/1440
f 1497/1/1435 1498/1/1434 1505/1/1441
f 1498/1/1434 1499/1/1436 1506/1/1443
f 1499/1/1436 1500/1/1437 1507/1/1444
f 1500/1/1437 1501/1/1438 1508/1/1445
f 1501/1/1438 1502/1/1439 1509/1/1446
f 1502/1/1439 1503/1/1440 1510/1/1447
f 1504/1/1442 1505/1/1441 1512/1/1448
f 1505/1/1441 1506/1/1443 1513/1/1450
f 1506/1/1443 1507/1/1444 1514/1/1451
f 1507/1/1444 1508/1/1445 1515/1/1452
f 1508/1/1445 1509/1/1446 1516/1/1453
f 1509/1/1446 1510/1/1447 1517/1/1454
f 345/1/1293 1469/1/1409 115/1/721
f 345/1/1293 344/1/1292 1470/1/1407
f 344/1/1292 343/1/1291 1471/1/1410
f 343/1/1291 342/1/1290 1472/1/1412
f 341/1/1289 1473/1/1414 1472/1/1412
f 340/1/1288 1474/1/1416 1473/1/1414
f 339/1/1287 1475/1/1418 1474/1/1416
f 23/1/1200 325/1/1199 1475/1/1418
f 325/1/1199 326/1/1229 1482/1/1425
f 326/1/1229 327/1/1228 1489/1/1432
f 327/1/1228 328/1/1227 1496/1/1455
f 1496/1/1455 328/1/1227 329/1/1226
f 1503/1/1440 329/1/1226 330/1/1225
f 1510/1/1447 330/1/1225 331/1/1223
f 1517/1/1454 331/1/1223 26/1/1224
f 1516/1/1453 1517/1/1454 359/1/1405
f 1515/1/1452 1516/1/1453 358/1/1404
f 1514/1/1451 1515/1/1452 357/1/1403
f 1514/1/1451 356/1/1402 355/1/1401
f 1513/1/1450 355/1/1401 354/1/1400
f 1512/1/1448 354/1/1400 353/1/1399
f 121/1/712 1511/1/1449 353/1/1399
f 120/1/726 1504/1/1442 1511/1/1449
f 119/1/725 1497/1/1435 1504/1/1442
f 118/1/724 1490/1/1427 1497/1/1435
f 1483/1/1420 1490/1/1427 118/1/724
f 1476/1/1408 1483/1/1420 117/1/723
f 1469/1/1409 1476/1/1408 116/1/722
f 1519/1/1456 1526/1/1460 1525/1/1457
f 1520/1/1459 1527/1/1462 1526/1/1460
f 1521/1/1461 1528/1/1464 1527/1/1462
f 1521/1/1461 1522/1/1465 1529/1/1463
f 1522/1/1465 1523/1/1467 1530/1/1466
f 1523/1/1467 1524/1/1511 1531/1/1468
f 1526/1/1460 1533/1/1470 1532/1/1469
f 1527/1/1462 1534/1/1471 1533/1/1470
f 1528/1/1464 1535/1/1473 1534/1/1471
f 1528/1/1464 1529/1/1463 1536/1/1472
f 1529/1/1463 1530/1/1466 1537/1/1474
f 1530/1/1466 1531/1/1468 1538/1/1475
f 1533/1/1470 1540/1/1477 1539/1/1476
f 1534/1/1471 1541/1/1478 1540/1/1477
f 1535/1/1473 1542/1/1480 1541/1/1478
f 1535/1/1473 1536/1/1472 1543/1/1479
f 1536/1/1472 1537/1/1474 1544/1/1481
f 1537/1/1474 1538/1/1475 1545/1/1482
f 1539/1/1476 1540/1/1477 1547/1/1483
f 1540/1/1477 1541/1/1478 1548/1/1485
f 1541/1/1478 1542/1/1480 1549/1/1486
f 1543/1/1479 1550/1/1487 1549/1/1486
f 1544/1/1481 1551/1/1488 1550/1/1487
f 1545/1/1482 1552/1/1494 1551/1/1488
f 1546/1/1484 1547/1/1483 1554/1/1489
f 1547/1/1483 1548/1/1485 1555/1/1491
f 1548/1/1485 1549/1/1486 1556/1/1492
f 1550/1/1487 1557/1/1493 1556/1/1492
f 1551/1/1488 1558/1/1495 1557/1/1493
f 1552/1/1494 1559/1/1501 1558/1/1495
f 1553/1/1490 1554/1/1489 1561/1/1496
f 1554/1/1489 1555/1/1491 1562/1/1498
f 1555/1/1491 1556/1/1492 1563/1/1499
f 1557/1/1493 1564/1/1500 1563/1/1499
f 1558/1/1495 1565/1/1502 1564/1/1500
f 1559/1/1501 1566/1/1519 1565/1/1502
f 366/1/1503 1518/1/1458 381/1/1504
f 365/1/1506 1519/1/1456 1518/1/1458
f 364/1/1507 1520/1/1459 1519/1/1456
f 363/1/1508 1521/1/1461 1520/1/1459
f 363/1/1508 362/1/1509 1522/1/1465
f 362/1/1509 361/1/1510 1523/1/1467
f 361/1/1510 360/1/1512 1524/1/1511
f 360/1/1512 28/1/1590 373/1/1513
f 1524/1/1511 373/1/1513 372/1/1514
f 1531/1/1468 372/1/1514 371/1/1515
f 1538/1/1475 371/1/1515 370/1/1516
f 370/1/1516 369/1/1517 1552/1/1494
f 369/1/1517 368/1/1518 1559/1/1501
f 368/1/1518 367/1/1520 1566/1/1519
f 367/1/1520 29/1/1654 380/1/1521
f 1566/1/1519 380/1/1521 379/1/1522
f 1565/1/1502 379/1/1522 378/1/1523
f 1564/1/1500 378/1/1523 377/1/1524
f 1562/1/1498 1563/1/1499 377/1/1524
f 1561/1/1496 1562/1/1498 376/1/1525
f 1560/1/1497 1561/1/1496 375/1/1526
f 387/1/1528 1560/1/1497 374/1/1527
f 386/1/1530 1553/1/1490 1560/1/1497
f 385/1/1531 1546/1/1484 1553/1/1490
f 384/1/1532 1539/1/1476 1546/1/1484
f 1532/1/1469 1539/1/1476 384/1/1532
f 1525/1/1457 1532/1/1469 383/1/1533
f 1518/1/1458 1525/1/1457 382/1/1534
f 1568/1/1535 1575/1/1539 1574/1/1536
f 1569/1/1538 1576/1/1541 1575/1/1539
f 1570/1/1540 1577/1/1543 1576/1/1541
f 1571/1/1542 1578/1/1545 1577/1/1543
f 1572/1/1544 1579/1/1547 1578/1/1545
f 1573/1/1546 1580/1/1553 1579/1/1547
f 1575/1/1539 1582/1/1549 1581/1/1548
f 1576/1/1541 1583/1/1550 1582/1/1549
f 1577/1/1543 1584/1/1551 1583/1/1550
f 1578/1/1545 1585/1/1552 1584/1/1551
f 1579/1/1547 1586/1/1554 1585/1/1552
f 1580/1/1553 1587/1/1560 1586/1/1554
f 1582/1/1549 1589/1/1556 1588/1/1555
f 1583/1/1550 1590/1/1557 1589/1/1556
f 1584/1/1551 1591/1/1558 1590/1/1557
f 1585/1/1552 1592/1/1559 1591/1/1558
f 1586/1/1554 1593/1/1561 1592/1/1559
f 1587/1/1560 1594/1/1591 1593/1/1561
f 1588/1/1555 1589/1/1556 1596/1/1562
f 1589/1/1556 1590/1/1557 1597/1/1564
f 1590/1/1557 1591/1/1558 1598/1/1565
f 1591/1/1558 1592/1/1559 1599/1/1566
f 1592/1/1559 1593/1/1561 1600/1/1567
f 1593/1/1561 1594/1/1591 1601/1/1568
f 1595/1/1563 1596/1/1562 1603/1/1569
f 1596/1/1562 1597/1/1564 1604/1/1571
f 1597/1/1564 1598/1/1565 1605/1/1572
f 1598/1/1565 1599/1/1566 1606/1/1573
f 1599/1/1566 1600/1/1567 1607/1/1574
f 1600/1/1567 1601/1/1568 1608/1/1575
f 1602/1/1570 1603/1/1569 1610/1/1576
f 1603/1/1569 1604/1/1571 1611/1/1578
f 1604/1/1571 1605/1/1572 1612/1/1579
f 1605/1/1572 1606/1/1573 1613/1/1580
f 1606/1/1573 1607/1/1574 1614/1/1581
f 1607/1/1574 1608/1/1575 1615/1/1582
f 388/1/1583 1567/1/1537 31/1/63
f 389/1/1584 1568/1/1535 1567/1/1537
f 390/1/1585 1569/1/1538 1568/1/1535
f 391/1/1586 1570/1/1540 1569/1/1538
f 392/1/1587 1571/1/1542 1570/1/1540
f 393/1/1588 1572/1/1544 1571/1/1542
f 394/1/1589 1573/1/1546 1572/1/1544
f 28/1/1590 360/1/1512 1573/1/1546
f 360/1/1512 361/1/1510 1580/1/1553
f 361/1/1510 362/1/1509 1587/1/1560
f 362/1/1509 363/1/1508 1594/1/1591
f 1594/1/1591 363/1/1508 364/1/1507
f 1601/1/1568 364/1/1507 365/1/1506
f 1608/1/1575 365/1/1506 366/1/1503
f 1615/1/1582 366/1/1503 27/1/1505
f 1614/1/1581 1615/1/1582 395/1/1592
f 1613/1/1580 1614/1/1581 396/1/1593
f 1612/1/1579 1613/1/1580 397/1/1594
f 1611/1/1578 1612/1/1579 398/1/1595
f 1610/1/1576 1611/1/1578 399/1/1596
f 1609/1/1577 1610/1/1576 400/1/1597
f 37/1/71 1609/1/1577 401/1/1598
f 36/1/76 1602/1/1570 1609/1/1577
f 35/1/77 1595/1/1563 1602/1/1570
f 34/1/65 1588/1/1555 1595/1/1563
f 1581/1/1548 1588/1/1555 34/1/65
f 1574/1/1536 1581/1/1548 33/1/66
f 1567/1/1537 1574/1/1536 32/1/64
f 1617/1/1599 1624/1/1603 1623/1/1600
f 1618/1/1602 1625/1/1605 1624/1/1603
f 1619/1/1604 1626/1/1607 1625/1/1605
f 1620/1/1606 1627/1/1609 1626/1/1607
f 1621/1/1608 1628/1/1611 1627/1/1609
f 1622/1/1610 1629/1/1617 1628/1/1611
f 1624/1/1603 1631/1/1613 1630/1/1612
f 1625/1/1605 1632/1/1614 1631/1/1613
f 1626/1/1607 1633/1/1615 1632/1/1614
f 1627/1/1609 1634/1/1616 1633/1/1615
f 1628/1/1611 1635/1/1618 1634/1/1616
f 1629/1/1617 1636/1/1624 1635/1/1618
f 1631/1/1613 1638/1/1620 1637/1/1619
f 1632/1/1614 1639/1/1621 1638/1/1620
f 1633/1/1615 1640/1/1622 1639/1/1621
f 1634/1/1616 1641/1/1623 1640/1/1622
f 1635/1/1618 1642/1/1625 1641/1/1623
f 1636/1/1624 1643/1/1655 1642/1/1625
f 1637/1/1619 1638/1/1620 1645/1/1626
f 1638/1/1620 1639/1/1621 1646/1/1628
f 1639/1/1621 1640/1/1622 1647/1/1629
f 1640/1/1622 1641/1/1623 1648/1/1630
f 1641/1/1623 1642/1/1625 1649/1/1631
f 1642/1/1625 1643/1/1655 1650/1/1632
f 1644/1/1627 1645/1/1626 1652/1/1633
f 1645/1/1626 1646/1/1628 1653/1/1635
f 1646/1/1628 1647/1/1629 1654/1/1636
f 1647/1/1629 1648/1/1630 1655/1/1637
f 1648/1/1630 1649/1/1631 1656/1/1638
f 1649/1/1631 1650/1/1632 1657/1/1639
f 1651/1/1634 1652/1/1633 1659/1/1640
f 1652/1/1633 1653/1/1635 1660/1/1642
f 1653/1/1635 1654/1/1636 1661/1/1643
f 1654/1/1636 1655/1/1637 1662/1/1644
f 1655/1/1637 1656/1/1638 1663/1/1645
f 1656/1/1638 1657/1/1639 1664/1/1646
f 402/1/1647 1616/1/1601 122/1/833
f 402/1/1647 403/1/1648 1617/1/1599
f 403/1/1648 404/1/1649 1618/1/1602
f 404/1/1649 405/1/1651 1619/1/1604
f 406/1/1650 1620/1/1606 1619/1/1604
f 407/1/1652 1621/1/1608 1620/1/1606
f 408/1/1653 1622/1/1610 1621/1/1608
f 29/1/1654 367/1/1520 1622/1/1610
f 367/1/1520 368/1/1518 1629/1/1617
f 368/1/1518 369/1/1517 1636/1/1624
f 369/1/1517 370/1/1516 1643/1/1655
f 1643/1/1655 370/1/1516 371/1/1515
f 1650/1/1632 371/1/1515 372/1/1514
f 1657/1/1639 372/1/1514 373/1/1513
f 1664/1/1646 373/1/1513 28/1/1590
f 1663/1/1645 1664/1/1646 394/1/1589
f 1662/1/1644 1663/1/1645 393/1/1588
f 1661/1/1643 1662/1/1644 392/1/1587
f 1661/1/1643 391/1/1586 390/1/1585
f 1660/1/1642 390/1/1585 389/1/1584
f 1659/1/1640 389/1/1584 388/1/1583
f 128/1/831 1658/1/1641 388/1/1583
f 127/1/838 1651/1/1634 1658/1/1641
f 126/1/837 1644/1/1627 1651/1/1634
f 125/1/836 1637/1/1619 1644/1/1627
f 1630/1/1612 1637/1/1619 125/1/836
f 1623/1/1600 1630/1/1612 124/1/835
f 1616/1/1601 1623/1/1600 123/1/834
f 1666/1/1656 1673/1/1660 1672/1/1657
f 1667/1/1659 1674/1/1662 1673/1/1660
f 1668/1/1661 1675/1/1664 1674/1/1662
f 1669/1/1663 1676/1/1666 1675/1/1664
f 1670/1/1665 1677/1/1668 1676/1/1666
f 1671/1/1667 1678/1/1674 1677/1/1668
f 1673/1/1660 1680/1/1670 1679/1/1669
f 1674/1/1662 1681/1/1671 1680/1/1670
f 1675/1/1664 1682/1/1672 1681/1/1671
f 1676/1/1666 1683/1/1673 1682/1/1672
f 1677/1/1668 1684/1/1675 1683/1/1673
f 1678/1/1674 1685/1/1681 1684/1/1675
f 1680/1/1670 1687/1/1677 1686/1/1676
f 1681/1/1671 1688/1/1678 1687/1/1677
f 1682/1/1672 1689/1/1679 1688/1/1678
f 1683/1/1673 1690/1/1680 1689/1/1679
f 1684/1/1675 1691/1/1682 1690/1/1680
f 1685/1/1681 1692/1/1711 1691/1/1682
f 1686/1/1676 1687/1/1677 1694/1/1683
f 1687/1/1677 1688/1/1678 1695/1/1685
f 1688/1/1678 1689/1/1679 1696/1/1686
f 1689/1/1679 1690/1/1680 1697/1/1687
f 1690/1/1680 1691/1/1682 1698/1/1688
f 1691/1/1682 1692/1/1711 1699/1/1689
f 1693/1/1684 1694/1/1683 1701/1/1690
f 1694/1/1683 1695/1/1685 1702/1/1692
f 1695/1/1685 1696/1/1686 1703/1/1693
f 1696/1/1686 1697/1/1687 1704/1/1694
f 1697/1/1687 1698/1/1688 1705/1/1695
f 1698/1/1688 1699/1/1689 1706/1/1696
f 1700/1/1691 1701/1/1690 1708/1/1697
f 1701/1/1690 1702/1/1692 1709/1/1699
f 1702/1/1692 1703/1/1693 1710/1/1700
f 1703/1/1693 1704/1/1694 1711/1/1701
f 1704/1/1694 1705/1/1695 1712/1/1702
f 1705/1/1695 1706/1/1696 1713/1/1703
f 409/1/1704 1665/1/1658 72/1/196
f 410/1/1705 1666/1/1656 1665/1/1658
f 411/1/1706 1667/1/1659 1666/1/1656
f 412/1/1707 1668/1/1661 1667/1/1659
f 413/1/1708 1669/1/1663 1668/1/1661
f 414/1/1709 1670/1/1665 1669/1/1663
f 415/1/1710 1671/1/1667 1670/1/1665
f 30/1/1529 374/1/1527 1671/1/1667
f 374/1/1527 375/1/1526 1678/1/1674
f 375/1/1526 376/1/1525 1685/1/1681
f 376/1/1525 377/1/1524 1692/1/1711
f 1692/1/1711 377/1/1524 378/1/1523
f 1699/1/1689 378/1/1523 379/1/1522
f 1706/1/1696 379/1/1522 380/1/1521
f 1713/1/1703 380/1/1521 29/1/1654
f 1712/1/1702 1713/1/1703 408/1/1653
f 1711/1/1701 1712/1/1702 407/1/1652
f 1710/1/1700 1711/1/1701 406/1/1650
f 1709/1/1699 1710/1/1700 405/1/1651
f 1708/1/1697 1709/1/1699 404/1/1649
f 1707/1/1698 1708/1/1697 403/1/1648
f 66/1/162 1707/1/1698 402/1/1647
f 67/1/167 1700/1/1691 1707/1/1698
f 68/1/168 1693/1/1684 1700/1/1691
f 69/1/169 1686/1/1676 1693/1/1684
f 1679/1/1669 1686/1/1676 69/1/169
f 1672/1/1657 1679/1/1669 70/1/198
f 1665/1/1658 1672/1/1657 71/1/197
f 1715/1/1712 1722/1/1716 1721/1/1713
f 1716/1/1715 1723/1/1718 1722/1/1716
f 1717/1/1717 1724/1/1720 1723/1/1718
f 1718/1/1719 1725/1/1722 1724/1/1720
f 1719/1/1721 1726/1/1724 1725/1/1722
f 1720/1/1723 1727/1/1730 1726/1/1724
f 1722/1/1716 1729/1/1726 1728/1/1725
f 1723/1/1718 1730/1/1727 1729/1/1726
f 1724/1/1720 1731/1/1728 1730/1/1727
f 1725/1/1722 1732/1/1729 1731/1/1728
f 1726/1/1724 1733/1/1731 1732/1/1729
f 1727/1/1730 1734/1/1737 1733/1/1731
f 1729/1/1726 1736/1/1733 1735/1/1732
f 1730/1/1727 1737/1/1734 1736/1/1733
f 1731/1/1728 1738/1/1735 1737/1/1734
f 1732/1/1729 1739/1/1736 1738/1/1735
f 1733/1/1731 1740/1/1738 1739/1/1736
f 1734/1/1737 1741/1/1760 1740/1/1738
f 1735/1/1732 1736/1/1733 1743/1/1739
f 1736/1/1733 1737/1/1734 1744/1/1741
f 1737/1/1734 1738/1/1735 1745/1/1742
f 1738/1/1735 1739/1/1736 1746/1/1743
f 1739/1/1736 1740/1/1738 1747/1/1744
f 1740/1/1738 1741/1/1760 1748/1/1745
f 1742/1/1740 1743/1/1739 1750/1/1746
f 1743/1/1739 1744/1/1741 1751/1/1748
f 1744/1/1741 1745/1/1742 1752/1/1749
f 1745/1/1742 1746/1/1743 1753/1/1750
f 1746/1/1743 1747/1/1744 1754/1/1751
f 1747/1/1744 1748/1/1745 1755/1/1752
f 1749/1/1747 1750/1/1746 1757/1/1753
f 1750/1/1746 1751/1/1748 1758/1/1755
f 1751/1/1748 1752/1/1749 1759/1/1756
f 1752/1/1749 1753/1/1750 1760/1/1757
f 1753/1/1750 1754/1/1751 1761/1/1758
f 1754/1/1751 1755/1/1752 1762/1/1759
f 401/1/1598 1714/1/1714 129/1/1040
f 401/1/1598 400/1/1597 1715/1/1712
f 400/1/1597 399/1/1596 1716/1/1715
f 399/1/1596 398/1/1595 1717/1/1717
f 397/1/1594 1718/1/1719 1717/1/1717
f 396/1/1593 1719/1/1721 1718/1/1719
f 395/1/1592 1720/1/1723 1719/1/1721
f 27/1/1505 381/1/1504 1720/1/1723
f 381/1/1504 382/1/1534 1727/1/1730
f 382/1/1534 383/1/1533 1734/1/1737
f 383/1/1533 384/1/1532 1741/1/1760
f 1741/1/1760 384/1/1532 385/1/1531
f 1748/1/1745 385/1/1531 386/1/1530
f 1755/1/1752 386/1/1530 387/1/1528
f 1762/1/1759 387/1/1528 30/1/1529
f 1761/1/1758 1762/1/1759 415/1/1710
f 1760/1/1757 1761/1/1758 414/1/1709
f 1759/1/1756 1760/1/1757 413/1/1708
f 1759/1/1756 412/1/1707 411/1/1706
f 1758/1/1755 411/1/1706 410/1/1705
f 1757/1/1753 410/1/1705 409/1/1704
f 135/1/1031 1756/1/1754 409/1/1704
f 134/1/1045 1749/1/1747 1756/1/1754
f 133/1/1044 1742/1/1740 1749/1/1747
f 132/1/1043 1735/1/1732 1742/1/1740
f 1728/1/1725 1735/1/1732 132/1/1043
f 1721/1/1713 1728/1/1725 131/1/1042
f 1714/1/1714 1721/1/1713 130/1/1041
