# Blender 4.4.1
# www.blender.org
mtllib jumpBlock.mtl
o 円
v 0.500000 -0.650000 0.099561
v 0.500000 -0.650961 0.109316
v 0.500000 -0.653806 0.118695
v 0.500000 -0.658427 0.127340
v 0.500000 -0.664645 0.134917
v 0.500000 -0.672221 0.141135
v 0.500000 -0.680866 0.145755
v 0.500000 -0.690245 0.148601
v 0.500000 -0.700000 0.149561
v 0.500000 -0.709755 0.148601
v 0.500000 -0.719134 0.145755
v 0.500000 -0.727778 0.141135
v 0.500000 -0.735355 0.134917
v 0.500000 -0.741573 0.127340
v 0.500000 -0.746194 0.118695
v 0.500000 -0.749039 0.109316
v 0.500000 -0.750000 0.099561
v 0.500000 -0.749039 0.089807
v 0.500000 -0.746194 0.080427
v 0.500000 -0.741573 0.071783
v 0.500000 -0.735355 0.064206
v 0.500000 -0.727778 0.057988
v 0.500000 -0.719134 0.053367
v 0.500000 -0.709755 0.050522
v 0.500000 -0.700000 0.049561
v 0.500000 -0.690245 0.050522
v 0.500000 -0.680866 0.053367
v 0.500000 -0.672221 0.057988
v 0.500000 -0.664645 0.064206
v 0.500000 -0.658427 0.071783
v 0.500000 -0.653806 0.080427
v 0.500000 -0.650961 0.089807
v 0.346759 -0.611750 0.130043
v 0.350492 -0.612711 0.139055
v 0.354081 -0.615556 0.147721
v 0.357389 -0.620176 0.155707
v 0.360289 -0.626395 0.162707
v 0.362668 -0.633971 0.168452
v 0.364436 -0.642616 0.172721
v 0.365525 -0.651995 0.175349
v 0.365893 -0.661750 0.176237
v 0.365525 -0.671504 0.175349
v 0.364436 -0.680884 0.172721
v 0.362668 -0.689528 0.168452
v 0.360289 -0.697105 0.162707
v 0.357389 -0.703323 0.155707
v 0.354081 -0.707944 0.147721
v 0.350492 -0.710789 0.139055
v 0.346759 -0.711750 0.130043
v 0.343026 -0.710789 0.121031
v 0.339436 -0.707944 0.112365
v 0.336128 -0.703323 0.104379
v 0.333229 -0.697105 0.097379
v 0.330849 -0.689528 0.091634
v 0.329081 -0.680884 0.087365
v 0.327992 -0.671504 0.084736
v 0.327625 -0.661750 0.083849
v 0.327992 -0.651995 0.084736
v 0.329081 -0.642616 0.087365
v 0.330849 -0.633971 0.091634
v 0.333229 -0.626395 0.097379
v 0.336128 -0.620176 0.104379
v 0.339436 -0.615556 0.112365
v 0.343026 -0.612711 0.121031
v 0.216847 -0.573500 0.216847
v 0.223745 -0.574461 0.223745
v 0.230377 -0.577306 0.230377
v 0.236489 -0.581926 0.236489
v 0.241847 -0.588145 0.241847
v 0.246244 -0.595721 0.246244
v 0.249511 -0.604366 0.249511
v 0.251523 -0.613745 0.251523
v 0.252202 -0.623500 0.252202
v 0.251523 -0.633254 0.251523
v 0.249511 -0.642634 0.249511
v 0.246244 -0.651278 0.246244
v 0.241847 -0.658855 0.241847
v 0.236489 -0.665073 0.236489
v 0.230377 -0.669694 0.230377
v 0.223745 -0.672539 0.223745
v 0.216847 -0.673500 0.216847
v 0.209950 -0.672539 0.209950
v 0.203317 -0.669694 0.203317
v 0.197205 -0.665073 0.197205
v 0.191847 -0.658855 0.191847
v 0.187450 -0.651278 0.187450
v 0.184183 -0.642634 0.184183
v 0.182171 -0.633254 0.182171
v 0.181492 -0.623500 0.181492
v 0.182171 -0.613745 0.182171
v 0.184183 -0.604366 0.184183
v 0.187450 -0.595721 0.187450
v 0.191847 -0.588145 0.191847
v 0.197205 -0.581926 0.197205
v 0.203317 -0.577306 0.203317
v 0.209950 -0.574461 0.209950
v 0.130043 -0.535250 0.346759
v 0.139055 -0.536211 0.350492
v 0.147721 -0.539056 0.354081
v 0.155707 -0.543676 0.357389
v 0.162707 -0.549895 0.360289
v 0.168452 -0.557471 0.362668
v 0.172721 -0.566116 0.364436
v 0.175349 -0.575495 0.365525
v 0.176237 -0.585250 0.365893
v 0.175349 -0.595004 0.365525
v 0.172721 -0.604384 0.364436
v 0.168452 -0.613028 0.362668
v 0.162707 -0.620605 0.360289
v 0.155707 -0.626823 0.357389
v 0.147721 -0.631444 0.354081
v 0.139055 -0.634289 0.350492
v 0.130043 -0.635250 0.346759
v 0.121031 -0.634289 0.343026
v 0.112365 -0.631444 0.339436
v 0.104379 -0.626823 0.336128
v 0.097379 -0.620605 0.333229
v 0.091634 -0.613028 0.330849
v 0.087365 -0.604384 0.329081
v 0.084736 -0.595004 0.327992
v 0.083849 -0.585250 0.327625
v 0.084736 -0.575495 0.327992
v 0.087365 -0.566116 0.329081
v 0.091634 -0.557471 0.330849
v 0.097379 -0.549895 0.333229
v 0.104379 -0.543676 0.336128
v 0.112365 -0.539056 0.339436
v 0.121031 -0.536211 0.343026
v 0.099561 -0.497000 0.500000
v 0.109316 -0.497961 0.500000
v 0.118695 -0.500806 0.500000
v 0.127340 -0.505426 0.500000
v 0.134917 -0.511645 0.500000
v 0.141135 -0.519221 0.500000
v 0.145755 -0.527866 0.500000
v 0.148601 -0.537245 0.500000
v 0.149561 -0.547000 0.500000
v 0.148601 -0.556754 0.500000
v 0.145755 -0.566134 0.500000
v 0.141135 -0.574778 0.500000
v 0.134917 -0.582355 0.500000
v 0.127340 -0.588573 0.500000
v 0.118695 -0.593194 0.500000
v 0.109316 -0.596039 0.500000
v 0.099561 -0.597000 0.500000
v 0.089807 -0.596039 0.500000
v 0.080427 -0.593194 0.500000
v 0.071783 -0.588573 0.500000
v 0.064206 -0.582355 0.500000
v 0.057988 -0.574778 0.500000
v 0.053367 -0.566134 0.500000
v 0.050522 -0.556754 0.500000
v 0.049561 -0.547000 0.500000
v 0.050522 -0.537245 0.500000
v 0.053367 -0.527866 0.500000
v 0.057988 -0.519221 0.500000
v 0.064206 -0.511645 0.500000
v 0.071783 -0.505426 0.500000
v 0.080427 -0.500806 0.500000
v 0.089807 -0.497961 0.500000
v 0.130043 -0.458750 0.653241
v 0.139055 -0.459711 0.649508
v 0.147721 -0.462556 0.645919
v 0.155707 -0.467176 0.642611
v 0.162707 -0.473395 0.639711
v 0.168452 -0.480971 0.637332
v 0.172721 -0.489616 0.635564
v 0.175349 -0.498995 0.634475
v 0.176237 -0.508750 0.634107
v 0.175349 -0.518505 0.634475
v 0.172721 -0.527884 0.635564
v 0.168452 -0.536528 0.637332
v 0.162707 -0.544105 0.639711
v 0.155707 -0.550323 0.642611
v 0.147721 -0.554944 0.645919
v 0.139055 -0.557789 0.649508
v 0.130043 -0.558750 0.653241
v 0.121031 -0.557789 0.656974
v 0.112365 -0.554944 0.660564
v 0.104379 -0.550323 0.663872
v 0.097379 -0.544105 0.666771
v 0.091634 -0.536528 0.669151
v 0.087365 -0.527884 0.670919
v 0.084737 -0.518505 0.672008
v 0.083849 -0.508750 0.672376
v 0.084737 -0.498995 0.672008
v 0.087365 -0.489616 0.670919
v 0.091634 -0.480971 0.669151
v 0.097379 -0.473395 0.666771
v 0.104379 -0.467176 0.663872
v 0.112365 -0.462556 0.660564
v 0.121031 -0.459711 0.656974
v 0.216847 -0.420500 0.783153
v 0.223745 -0.421461 0.776255
v 0.230377 -0.424306 0.769623
v 0.236489 -0.428926 0.763511
v 0.241847 -0.435145 0.758153
v 0.246244 -0.442721 0.753756
v 0.249511 -0.451366 0.750489
v 0.251523 -0.460745 0.748477
v 0.252202 -0.470500 0.747798
v 0.251523 -0.480254 0.748477
v 0.249511 -0.489634 0.750489
v 0.246244 -0.498278 0.753756
v 0.241847 -0.505855 0.758153
v 0.236489 -0.512073 0.763511
v 0.230377 -0.516694 0.769623
v 0.223745 -0.519539 0.776255
v 0.216847 -0.520500 0.783153
v 0.209950 -0.519539 0.790050
v 0.203317 -0.516694 0.796683
v 0.197205 -0.512073 0.802795
v 0.191847 -0.505855 0.808153
v 0.187450 -0.498278 0.812550
v 0.184183 -0.489634 0.815817
v 0.182171 -0.480254 0.817829
v 0.181492 -0.470500 0.818508
v 0.182171 -0.460745 0.817829
v 0.184183 -0.451366 0.815817
v 0.187450 -0.442721 0.812550
v 0.191847 -0.435145 0.808153
v 0.197205 -0.428926 0.802795
v 0.203317 -0.424306 0.796683
v 0.209950 -0.421461 0.790050
v 0.346759 -0.382250 0.869957
v 0.350492 -0.383211 0.860945
v 0.354081 -0.386056 0.852280
v 0.357389 -0.390676 0.844293
v 0.360289 -0.396895 0.837293
v 0.362668 -0.404471 0.831548
v 0.364436 -0.413116 0.827280
v 0.365525 -0.422495 0.824651
v 0.365893 -0.432250 0.823763
v 0.365525 -0.442005 0.824651
v 0.364436 -0.451384 0.827280
v 0.362668 -0.460028 0.831548
v 0.360289 -0.467605 0.837293
v 0.357389 -0.473823 0.844293
v 0.354081 -0.478444 0.852280
v 0.350492 -0.481289 0.860945
v 0.346759 -0.482250 0.869957
v 0.343026 -0.481289 0.878969
v 0.339436 -0.478444 0.887635
v 0.336128 -0.473823 0.895621
v 0.333229 -0.467605 0.902621
v 0.330849 -0.460028 0.908366
v 0.329081 -0.451384 0.912635
v 0.327992 -0.442005 0.915264
v 0.327625 -0.432250 0.916151
v 0.327992 -0.422495 0.915264
v 0.329081 -0.413116 0.912635
v 0.330849 -0.404471 0.908366
v 0.333229 -0.396895 0.902621
v 0.336128 -0.390676 0.895621
v 0.339436 -0.386056 0.887635
v 0.343026 -0.383211 0.878969
v 0.500000 -0.344000 0.900439
v 0.500000 -0.344961 0.890684
v 0.500000 -0.347806 0.881305
v 0.500000 -0.352426 0.872660
v 0.500000 -0.358645 0.865083
v 0.500000 -0.366221 0.858865
v 0.500000 -0.374866 0.854245
v 0.500000 -0.384245 0.851399
v 0.500000 -0.394000 0.850439
v 0.500000 -0.403754 0.851399
v 0.500000 -0.413134 0.854245
v 0.500000 -0.421778 0.858865
v 0.500000 -0.429355 0.865083
v 0.500000 -0.435573 0.872660
v 0.500000 -0.440194 0.881305
v 0.500000 -0.443039 0.890684
v 0.500000 -0.444000 0.900439
v 0.500000 -0.443039 0.910193
v 0.500000 -0.440194 0.919573
v 0.500000 -0.435573 0.928217
v 0.500000 -0.429355 0.935794
v 0.500000 -0.421778 0.942012
v 0.500000 -0.413134 0.946633
v 0.500000 -0.403754 0.949478
v 0.500000 -0.394000 0.950439
v 0.500000 -0.384245 0.949478
v 0.500000 -0.374866 0.946633
v 0.500000 -0.366221 0.942012
v 0.500000 -0.358645 0.935794
v 0.500000 -0.352426 0.928217
v 0.500000 -0.347806 0.919573
v 0.500000 -0.344961 0.910193
v 0.653241 -0.305750 0.869957
v 0.649508 -0.306711 0.860945
v 0.645919 -0.309556 0.852279
v 0.642611 -0.314176 0.844293
v 0.639711 -0.320395 0.837293
v 0.637332 -0.327971 0.831548
v 0.635564 -0.336616 0.827279
v 0.634475 -0.345995 0.824651
v 0.634107 -0.355750 0.823763
v 0.634475 -0.365504 0.824651
v 0.635564 -0.374884 0.827279
v 0.637332 -0.383528 0.831548
v 0.639711 -0.391105 0.837293
v 0.642611 -0.397323 0.844293
v 0.645919 -0.401944 0.852279
v 0.649508 -0.404789 0.860945
v 0.653241 -0.405750 0.869957
v 0.656974 -0.404789 0.878969
v 0.660564 -0.401944 0.887635
v 0.663872 -0.397323 0.895621
v 0.666771 -0.391105 0.902621
v 0.669151 -0.383528 0.908366
v 0.670919 -0.374884 0.912635
v 0.672008 -0.365504 0.915264
v 0.672375 -0.355750 0.916151
v 0.672008 -0.345995 0.915264
v 0.670919 -0.336616 0.912635
v 0.669151 -0.327971 0.908366
v 0.666771 -0.320395 0.902621
v 0.663872 -0.314176 0.895621
v 0.660564 -0.309556 0.887635
v 0.656974 -0.306711 0.878969
v 0.783153 -0.267500 0.783153
v 0.776255 -0.268461 0.776255
v 0.769623 -0.271306 0.769623
v 0.763511 -0.275926 0.763511
v 0.758153 -0.282145 0.758153
v 0.753756 -0.289721 0.753756
v 0.750489 -0.298366 0.750489
v 0.748477 -0.307745 0.748477
v 0.747798 -0.317500 0.747798
v 0.748477 -0.327255 0.748477
v 0.750489 -0.336634 0.750489
v 0.753756 -0.345278 0.753756
v 0.758153 -0.352855 0.758153
v 0.763511 -0.359073 0.763511
v 0.769623 -0.363694 0.769623
v 0.776255 -0.366539 0.776255
v 0.783153 -0.367500 0.783153
v 0.790051 -0.366539 0.790050
v 0.796683 -0.363694 0.796683
v 0.802795 -0.359073 0.802795
v 0.808153 -0.352855 0.808153
v 0.812550 -0.345278 0.812550
v 0.815817 -0.336634 0.815817
v 0.817829 -0.327255 0.817829
v 0.818508 -0.317500 0.818508
v 0.817829 -0.307745 0.817829
v 0.815817 -0.298366 0.815817
v 0.812550 -0.289721 0.812550
v 0.808153 -0.282145 0.808153
v 0.802795 -0.275926 0.802795
v 0.796683 -0.271306 0.796683
v 0.790051 -0.268461 0.790050
v 0.869957 -0.229250 0.653241
v 0.860945 -0.230211 0.649508
v 0.852280 -0.233056 0.645919
v 0.844293 -0.237677 0.642611
v 0.837293 -0.243895 0.639711
v 0.831548 -0.251471 0.637332
v 0.827280 -0.260116 0.635563
v 0.824651 -0.269495 0.634475
v 0.823763 -0.279250 0.634107
v 0.824651 -0.289004 0.634475
v 0.827280 -0.298384 0.635563
v 0.831548 -0.307028 0.637332
v 0.837293 -0.314605 0.639711
v 0.844293 -0.320823 0.642611
v 0.852280 -0.325444 0.645919
v 0.860945 -0.328289 0.649508
v 0.869957 -0.329250 0.653241
v 0.878969 -0.328289 0.656974
v 0.887635 -0.325444 0.660563
v 0.895621 -0.320823 0.663872
v 0.902621 -0.314605 0.666771
v 0.908366 -0.307028 0.669151
v 0.912635 -0.298384 0.670919
v 0.915264 -0.289004 0.672008
v 0.916151 -0.279250 0.672375
v 0.915264 -0.269495 0.672008
v 0.912635 -0.260116 0.670919
v 0.908366 -0.251471 0.669151
v 0.902621 -0.243895 0.666771
v 0.895621 -0.237677 0.663872
v 0.887635 -0.233056 0.660563
v 0.878969 -0.230211 0.656974
v 0.900439 -0.191000 0.500000
v 0.890684 -0.191961 0.500000
v 0.881305 -0.194806 0.500000
v 0.872660 -0.199426 0.500000
v 0.865083 -0.205645 0.500000
v 0.858865 -0.213221 0.500000
v 0.854245 -0.221866 0.500000
v 0.851400 -0.231245 0.500000
v 0.850439 -0.241000 0.500000
v 0.851400 -0.250755 0.500000
v 0.854245 -0.260134 0.500000
v 0.858865 -0.268779 0.500000
v 0.865083 -0.276355 0.500000
v 0.872660 -0.282573 0.500000
v 0.881305 -0.287194 0.500000
v 0.890684 -0.290039 0.500000
v 0.900439 -0.291000 0.500000
v 0.910193 -0.290039 0.500000
v 0.919573 -0.287194 0.500000
v 0.928217 -0.282573 0.500000
v 0.935794 -0.276355 0.500000
v 0.942012 -0.268779 0.500000
v 0.946633 -0.260134 0.500000
v 0.949478 -0.250755 0.500000
v 0.950439 -0.241000 0.500000
v 0.949478 -0.231245 0.500000
v 0.946633 -0.221866 0.500000
v 0.942012 -0.213221 0.500000
v 0.935794 -0.205645 0.500000
v 0.928217 -0.199426 0.500000
v 0.919573 -0.194806 0.500000
v 0.910193 -0.191961 0.500000
v 0.869957 -0.152750 0.346759
v 0.860945 -0.153711 0.350492
v 0.852279 -0.156556 0.354081
v 0.844293 -0.161176 0.357389
v 0.837293 -0.167395 0.360289
v 0.831548 -0.174971 0.362668
v 0.827279 -0.183616 0.364436
v 0.824651 -0.192995 0.365525
v 0.823763 -0.202750 0.365893
v 0.824651 -0.212504 0.365525
v 0.827279 -0.221884 0.364436
v 0.831548 -0.230528 0.362668
v 0.837293 -0.238105 0.360289
v 0.844293 -0.244323 0.357389
v 0.852279 -0.248944 0.354081
v 0.860945 -0.251789 0.350492
v 0.869957 -0.252750 0.346759
v 0.878969 -0.251789 0.343026
v 0.887635 -0.248944 0.339436
v 0.895621 -0.244323 0.336128
v 0.902621 -0.238105 0.333229
v 0.908366 -0.230529 0.330849
v 0.912635 -0.221884 0.329081
v 0.915264 -0.212505 0.327992
v 0.916151 -0.202750 0.327624
v 0.915264 -0.192995 0.327992
v 0.912635 -0.183616 0.329081
v 0.908366 -0.174971 0.330849
v 0.902621 -0.167395 0.333229
v 0.895621 -0.161176 0.336128
v 0.887635 -0.156556 0.339436
v 0.878969 -0.153711 0.343026
v 0.783153 -0.114500 0.216847
v 0.776255 -0.115461 0.223744
v 0.769623 -0.118306 0.230377
v 0.763511 -0.122926 0.236489
v 0.758153 -0.129145 0.241847
v 0.753756 -0.136721 0.246244
v 0.750489 -0.145366 0.249511
v 0.748477 -0.154745 0.251523
v 0.747798 -0.164500 0.252202
v 0.748477 -0.174254 0.251523
v 0.750489 -0.183634 0.249511
v 0.753756 -0.192279 0.246244
v 0.758153 -0.199855 0.241847
v 0.763511 -0.206073 0.236489
v 0.769623 -0.210694 0.230377
v 0.776255 -0.213539 0.223744
v 0.783153 -0.214500 0.216847
v 0.790050 -0.213539 0.209949
v 0.796683 -0.210694 0.203317
v 0.802795 -0.206073 0.197205
v 0.808153 -0.199855 0.191847
v 0.812550 -0.192279 0.187450
v 0.815817 -0.183634 0.184183
v 0.817829 -0.174254 0.182171
v 0.818508 -0.164500 0.181492
v 0.817829 -0.154745 0.182171
v 0.815817 -0.145366 0.184183
v 0.812550 -0.136721 0.187450
v 0.808153 -0.129145 0.191847
v 0.802795 -0.122926 0.197205
v 0.796683 -0.118306 0.203317
v 0.790050 -0.115461 0.209949
v 0.653241 -0.076250 0.130043
v 0.649508 -0.077211 0.139055
v 0.645919 -0.080056 0.147720
v 0.642611 -0.084677 0.155707
v 0.639711 -0.090895 0.162707
v 0.637332 -0.098471 0.168452
v 0.635564 -0.107116 0.172720
v 0.634475 -0.116495 0.175349
v 0.634107 -0.126250 0.176237
v 0.634475 -0.136004 0.175349
v 0.635564 -0.145384 0.172720
v 0.637332 -0.154028 0.168452
v 0.639711 -0.161605 0.162707
v 0.642611 -0.167823 0.155707
v 0.645919 -0.172444 0.147720
v 0.649508 -0.175289 0.139055
v 0.653241 -0.176250 0.130043
v 0.656974 -0.175289 0.121031
v 0.660564 -0.172444 0.112365
v 0.663872 -0.167823 0.104379
v 0.666771 -0.161605 0.097379
v 0.669151 -0.154028 0.091634
v 0.670919 -0.145384 0.087365
v 0.672008 -0.136004 0.084736
v 0.672375 -0.126250 0.083849
v 0.672008 -0.116495 0.084736
v 0.670919 -0.107116 0.087365
v 0.669151 -0.098471 0.091634
v 0.666771 -0.090895 0.097379
v 0.663872 -0.084677 0.104379
v 0.660564 -0.080056 0.112365
v 0.656974 -0.077211 0.121031
v 0.500000 -0.038000 0.099561
v 0.500000 -0.038961 0.109316
v 0.500000 -0.041806 0.118695
v 0.500000 -0.046426 0.127340
v 0.500000 -0.052645 0.134917
v 0.500000 -0.060221 0.141135
v 0.500000 -0.068866 0.145755
v 0.500000 -0.078245 0.148601
v 0.500000 -0.088000 0.149561
v 0.500000 -0.097754 0.148601
v 0.500000 -0.107134 0.145755
v 0.500000 -0.115778 0.141135
v 0.500000 -0.123355 0.134917
v 0.500000 -0.129573 0.127340
v 0.500000 -0.134194 0.118695
v 0.500000 -0.137039 0.109316
v 0.500000 -0.138000 0.099561
v 0.500000 -0.137039 0.089807
v 0.500000 -0.134194 0.080427
v 0.500000 -0.129573 0.071783
v 0.500000 -0.123355 0.064206
v 0.500000 -0.115778 0.057988
v 0.500000 -0.107134 0.053367
v 0.500000 -0.097754 0.050522
v 0.500000 -0.088000 0.049561
v 0.500000 -0.078245 0.050522
v 0.500000 -0.068866 0.053367
v 0.500000 -0.060221 0.057988
v 0.500000 -0.052645 0.064206
v 0.500000 -0.046426 0.071783
v 0.500000 -0.041806 0.080427
v 0.500000 -0.038961 0.089807
v 0.346759 0.000250 0.130043
v 0.350492 -0.000711 0.139055
v 0.354081 -0.003556 0.147721
v 0.357389 -0.008177 0.155707
v 0.360289 -0.014395 0.162707
v 0.362668 -0.021971 0.168452
v 0.364436 -0.030616 0.172721
v 0.365525 -0.039995 0.175349
v 0.365893 -0.049750 0.176237
v 0.365525 -0.059505 0.175349
v 0.364436 -0.068884 0.172721
v 0.362668 -0.077528 0.168452
v 0.360289 -0.085105 0.162707
v 0.357389 -0.091323 0.155707
v 0.354081 -0.095944 0.147721
v 0.350492 -0.098789 0.139055
v 0.346759 -0.099750 0.130043
v 0.343026 -0.098789 0.121031
v 0.339436 -0.095944 0.112365
v 0.336128 -0.091323 0.104379
v 0.333229 -0.085105 0.097379
v 0.330849 -0.077528 0.091634
v 0.329081 -0.068884 0.087365
v 0.327992 -0.059505 0.084737
v 0.327624 -0.049750 0.083849
v 0.327992 -0.039995 0.084737
v 0.329081 -0.030616 0.087365
v 0.330849 -0.021971 0.091634
v 0.333229 -0.014395 0.097379
v 0.336128 -0.008177 0.104379
v 0.339436 -0.003556 0.112365
v 0.343026 -0.000711 0.121031
v 0.216847 0.038500 0.216847
v 0.223745 0.037539 0.223745
v 0.230377 0.034694 0.230377
v 0.236489 0.030074 0.236489
v 0.241847 0.023855 0.241847
v 0.246244 0.016279 0.246244
v 0.249511 0.007634 0.249511
v 0.251523 -0.001745 0.251523
v 0.252202 -0.011500 0.252202
v 0.251523 -0.021254 0.251523
v 0.249511 -0.030634 0.249511
v 0.246244 -0.039279 0.246244
v 0.241847 -0.046855 0.241847
v 0.236489 -0.053073 0.236489
v 0.230377 -0.057694 0.230377
v 0.223745 -0.060539 0.223745
v 0.216847 -0.061500 0.216847
v 0.209950 -0.060539 0.209950
v 0.203317 -0.057694 0.203317
v 0.197205 -0.053073 0.197205
v 0.191847 -0.046855 0.191847
v 0.187450 -0.039279 0.187450
v 0.184183 -0.030634 0.184183
v 0.182171 -0.021254 0.182171
v 0.181492 -0.011500 0.181492
v 0.182171 -0.001745 0.182171
v 0.184183 0.007634 0.184183
v 0.187450 0.016279 0.187450
v 0.191847 0.023855 0.191847
v 0.197205 0.030074 0.197205
v 0.203317 0.034694 0.203317
v 0.209950 0.037539 0.209950
v 0.130043 0.076750 0.346759
v 0.139055 0.075789 0.350492
v 0.147721 0.072944 0.354081
v 0.155707 0.068324 0.357389
v 0.162707 0.062105 0.360289
v 0.168452 0.054529 0.362668
v 0.172720 0.045884 0.364436
v 0.175349 0.036505 0.365525
v 0.176237 0.026750 0.365893
v 0.175349 0.016996 0.365525
v 0.172720 0.007616 0.364436
v 0.168452 -0.001028 0.362668
v 0.162707 -0.008605 0.360289
v 0.155707 -0.014823 0.357389
v 0.147721 -0.019444 0.354081
v 0.139055 -0.022289 0.350492
v 0.130043 -0.023250 0.346759
v 0.121031 -0.022289 0.343026
v 0.112365 -0.019444 0.339436
v 0.104379 -0.014823 0.336128
v 0.097379 -0.008605 0.333229
v 0.091634 -0.001028 0.330849
v 0.087365 0.007616 0.329081
v 0.084736 0.016996 0.327992
v 0.083849 0.026750 0.327625
v 0.084736 0.036505 0.327992
v 0.087365 0.045884 0.329081
v 0.091634 0.054529 0.330849
v 0.097379 0.062105 0.333229
v 0.104379 0.068324 0.336128
v 0.112365 0.072944 0.339436
v 0.121031 0.075789 0.343026
v 0.099561 0.115000 0.500000
v 0.109316 0.114039 0.500000
v 0.118695 0.111194 0.500000
v 0.127340 0.106574 0.500000
v 0.134917 0.100355 0.500000
v 0.141135 0.092779 0.500000
v 0.145755 0.084134 0.500000
v 0.148601 0.074755 0.500000
v 0.149561 0.065000 0.500000
v 0.148601 0.055246 0.500000
v 0.145755 0.045866 0.500000
v 0.141135 0.037221 0.500000
v 0.134917 0.029645 0.500000
v 0.127340 0.023427 0.500000
v 0.118695 0.018806 0.500000
v 0.109316 0.015961 0.500000
v 0.099561 0.015000 0.500000
v 0.089807 0.015961 0.500000
v 0.080427 0.018806 0.500000
v 0.071783 0.023427 0.500000
v 0.064206 0.029645 0.500000
v 0.057988 0.037221 0.500000
v 0.053367 0.045866 0.500000
v 0.050522 0.055246 0.500000
v 0.049561 0.065000 0.500000
v 0.050522 0.074755 0.500000
v 0.053367 0.084134 0.500000
v 0.057988 0.092779 0.500000
v 0.064206 0.100355 0.500000
v 0.071783 0.106574 0.500000
v 0.080427 0.111194 0.500000
v 0.089807 0.114039 0.500000
v 0.130043 0.153250 0.653241
v 0.139055 0.152289 0.649509
v 0.147721 0.149444 0.645919
v 0.155707 0.144824 0.642611
v 0.162707 0.138605 0.639712
v 0.168452 0.131029 0.637332
v 0.172721 0.122384 0.635564
v 0.175349 0.113005 0.634475
v 0.176237 0.103250 0.634107
v 0.175349 0.093496 0.634475
v 0.172721 0.084116 0.635564
v 0.168452 0.075472 0.637332
v 0.162707 0.067895 0.639712
v 0.155707 0.061677 0.642611
v 0.147721 0.057056 0.645919
v 0.139055 0.054211 0.649509
v 0.130043 0.053250 0.653241
v 0.121031 0.054211 0.656974
v 0.112365 0.057056 0.660564
v 0.104379 0.061677 0.663872
v 0.097379 0.067895 0.666771
v 0.091634 0.075472 0.669151
v 0.087365 0.084116 0.670919
v 0.084737 0.093496 0.672008
v 0.083849 0.103250 0.672376
v 0.084737 0.113005 0.672008
v 0.087365 0.122384 0.670919
v 0.091634 0.131029 0.669151
v 0.097379 0.138605 0.666771
v 0.104379 0.144824 0.663872
v 0.112365 0.149444 0.660564
v 0.121031 0.152289 0.656974
v 0.216847 0.191500 0.783153
v 0.223745 0.190539 0.776256
v 0.230377 0.187694 0.769623
v 0.236490 0.183074 0.763511
v 0.241847 0.176856 0.758153
v 0.246244 0.169279 0.753756
v 0.249511 0.160634 0.750489
v 0.251523 0.151255 0.748477
v 0.252203 0.141500 0.747798
v 0.251523 0.131746 0.748477
v 0.249511 0.122366 0.750489
v 0.246244 0.113722 0.753756
v 0.241847 0.106145 0.758153
v 0.236490 0.099927 0.763511
v 0.230377 0.095306 0.769623
v 0.223745 0.092461 0.776256
v 0.216847 0.091500 0.783153
v 0.209950 0.092461 0.790051
v 0.203317 0.095306 0.796683
v 0.197205 0.099927 0.802796
v 0.191847 0.106145 0.808153
v 0.187450 0.113722 0.812550
v 0.184183 0.122366 0.815817
v 0.182171 0.131746 0.817829
v 0.181492 0.141500 0.818509
v 0.182171 0.151255 0.817829
v 0.184183 0.160634 0.815817
v 0.187450 0.169279 0.812550
v 0.191847 0.176856 0.808153
v 0.197205 0.183074 0.802796
v 0.203317 0.187694 0.796683
v 0.209950 0.190539 0.790051
v 0.346759 0.229750 0.869957
v 0.350492 0.228789 0.860945
v 0.354081 0.225944 0.852279
v 0.357389 0.221323 0.844293
v 0.360289 0.215105 0.837293
v 0.362668 0.207529 0.831548
v 0.364436 0.198884 0.827279
v 0.365525 0.189505 0.824651
v 0.365893 0.179750 0.823763
v 0.365525 0.169995 0.824651
v 0.364436 0.160616 0.827279
v 0.362668 0.151971 0.831548
v 0.360289 0.144395 0.837293
v 0.357389 0.138176 0.844293
v 0.354081 0.133556 0.852279
v 0.350492 0.130711 0.860945
v 0.346759 0.129750 0.869957
v 0.343026 0.130711 0.878969
v 0.339436 0.133556 0.887635
v 0.336128 0.138176 0.895621
v 0.333229 0.144395 0.902621
v 0.330849 0.151971 0.908366
v 0.329081 0.160616 0.912635
v 0.327992 0.169995 0.915264
v 0.327625 0.179750 0.916151
v 0.327992 0.189505 0.915264
v 0.329081 0.198884 0.912635
v 0.330849 0.207529 0.908366
v 0.333229 0.215105 0.902621
v 0.336128 0.221323 0.895621
v 0.339436 0.225944 0.887635
v 0.343026 0.228789 0.878969
v 0.500000 0.268000 0.900439
v 0.500000 0.267039 0.890684
v 0.500000 0.264194 0.881305
v 0.500000 0.259574 0.872660
v 0.500000 0.253355 0.865083
v 0.500000 0.245779 0.858865
v 0.500000 0.237134 0.854245
v 0.500000 0.227755 0.851399
v 0.500000 0.218000 0.850439
v 0.500000 0.208246 0.851399
v 0.500000 0.198866 0.854245
v 0.500000 0.190222 0.858865
v 0.500000 0.182645 0.865083
v 0.500000 0.176427 0.872660
v 0.500000 0.171806 0.881305
v 0.500000 0.168961 0.890684
v 0.500000 0.168000 0.900439
v 0.500000 0.168961 0.910193
v 0.500000 0.171806 0.919573
v 0.500000 0.176427 0.928217
v 0.500000 0.182645 0.935794
v 0.500000 0.190222 0.942012
v 0.500000 0.198866 0.946633
v 0.500000 0.208246 0.949478
v 0.500000 0.218000 0.950439
v 0.500000 0.227755 0.949478
v 0.500000 0.237134 0.946633
v 0.500000 0.245779 0.942012
v 0.500000 0.253355 0.935794
v 0.500000 0.259574 0.928217
v 0.500000 0.264194 0.919573
v 0.500000 0.267039 0.910193
v 0.653241 0.306250 0.869957
v 0.649508 0.305289 0.860945
v 0.645919 0.302444 0.852279
v 0.642611 0.297824 0.844293
v 0.639711 0.291605 0.837293
v 0.637332 0.284029 0.831548
v 0.635564 0.275384 0.827279
v 0.634475 0.266005 0.824651
v 0.634107 0.256250 0.823763
v 0.634475 0.246495 0.824651
v 0.635564 0.237116 0.827279
v 0.637332 0.228472 0.831548
v 0.639711 0.220895 0.837293
v 0.642611 0.214676 0.844293
v 0.645919 0.210056 0.852279
v 0.649508 0.207211 0.860945
v 0.653241 0.206250 0.869957
v 0.656974 0.207211 0.878969
v 0.660564 0.210056 0.887635
v 0.663872 0.214676 0.895621
v 0.666771 0.220895 0.902621
v 0.669151 0.228472 0.908366
v 0.670919 0.237116 0.912635
v 0.672008 0.246495 0.915264
v 0.672376 0.256250 0.916151
v 0.672008 0.266005 0.915264
v 0.670919 0.275384 0.912635
v 0.669151 0.284029 0.908366
v 0.666771 0.291605 0.902621
v 0.663872 0.297824 0.895621
v 0.660564 0.302444 0.887635
v 0.656974 0.305289 0.878969
v 0.783153 0.344500 0.783153
v 0.776256 0.343539 0.776255
v 0.769623 0.340694 0.769623
v 0.763511 0.336074 0.763511
v 0.758153 0.329856 0.758153
v 0.753756 0.322279 0.753756
v 0.750489 0.313634 0.750489
v 0.748477 0.304255 0.748477
v 0.747798 0.294500 0.747797
v 0.748477 0.284746 0.748477
v 0.750489 0.275366 0.750489
v 0.753756 0.266722 0.753756
v 0.758153 0.259145 0.758153
v 0.763511 0.252927 0.763511
v 0.769623 0.248306 0.769623
v 0.776256 0.245461 0.776255
v 0.783153 0.244500 0.783153
v 0.790051 0.245461 0.790050
v 0.796683 0.248306 0.796683
v 0.802795 0.252927 0.802795
v 0.808153 0.259145 0.808153
v 0.812550 0.266722 0.812550
v 0.815817 0.275366 0.815817
v 0.817829 0.284746 0.817829
v 0.818508 0.294500 0.818508
v 0.817829 0.304255 0.817829
v 0.815817 0.313634 0.815817
v 0.812550 0.322279 0.812550
v 0.808153 0.329856 0.808153
v 0.802795 0.336074 0.802795
v 0.796683 0.340694 0.796683
v 0.790051 0.343539 0.790050
v 0.869957 0.382750 0.653241
v 0.860945 0.381789 0.649508
v 0.852280 0.378944 0.645919
v 0.844293 0.374324 0.642611
v 0.837293 0.368105 0.639711
v 0.831548 0.360529 0.637332
v 0.827280 0.351884 0.635563
v 0.824651 0.342505 0.634475
v 0.823763 0.332750 0.634107
v 0.824651 0.322995 0.634475
v 0.827280 0.313616 0.635563
v 0.831548 0.304972 0.637332
v 0.837293 0.297395 0.639711
v 0.844293 0.291177 0.642611
v 0.852280 0.286556 0.645919
v 0.860945 0.283711 0.649508
v 0.869957 0.282750 0.653241
v 0.878969 0.283711 0.656974
v 0.887635 0.286556 0.660563
v 0.895621 0.291177 0.663871
v 0.902621 0.297395 0.666771
v 0.908366 0.304972 0.669151
v 0.912635 0.313616 0.670919
v 0.915264 0.322995 0.672008
v 0.916151 0.332750 0.672375
v 0.915264 0.342505 0.672008
v 0.912635 0.351884 0.670919
v 0.908366 0.360529 0.669151
v 0.902621 0.368105 0.666771
v 0.895621 0.374324 0.663871
v 0.887635 0.378944 0.660563
v 0.878969 0.381789 0.656974
v 0.900439 0.421000 0.500000
v 0.890684 0.420039 0.500000
v 0.881305 0.417194 0.500000
v 0.872660 0.412574 0.500000
v 0.865083 0.406355 0.500000
v 0.858865 0.398779 0.500000
v 0.854245 0.390134 0.500000
v 0.851400 0.380755 0.500000
v 0.850439 0.371000 0.500000
v 0.851400 0.361245 0.500000
v 0.854245 0.351866 0.500000
v 0.858865 0.343221 0.500000
v 0.865083 0.335645 0.500000
v 0.872660 0.329426 0.500000
v 0.881305 0.324806 0.500000
v 0.890684 0.321961 0.500000
v 0.900439 0.321000 0.500000
v 0.910193 0.321961 0.500000
v 0.919573 0.324806 0.500000
v 0.928217 0.329426 0.500000
v 0.935794 0.335645 0.500000
v 0.942012 0.343221 0.500000
v 0.946633 0.351866 0.500000
v 0.949478 0.361245 0.500000
v 0.950439 0.371000 0.500000
v 0.949478 0.380755 0.500000
v 0.946633 0.390134 0.500000
v 0.942012 0.398779 0.500000
v 0.935794 0.406355 0.500000
v 0.928217 0.412574 0.500000
v 0.919573 0.417194 0.500000
v 0.910193 0.420039 0.500000
v 0.869957 0.459250 0.346759
v 0.860945 0.458289 0.350492
v 0.852280 0.455444 0.354081
v 0.844293 0.450824 0.357389
v 0.837293 0.444606 0.360289
v 0.831548 0.437029 0.362668
v 0.827280 0.428384 0.364436
v 0.824651 0.419005 0.365525
v 0.823763 0.409250 0.365893
v 0.824651 0.399496 0.365525
v 0.827280 0.390116 0.364436
v 0.831548 0.381472 0.362668
v 0.837293 0.373895 0.360289
v 0.844293 0.367677 0.357389
v 0.852280 0.363056 0.354081
v 0.860945 0.360211 0.350492
v 0.869957 0.359250 0.346759
v 0.878969 0.360211 0.343026
v 0.887635 0.363056 0.339436
v 0.895621 0.367677 0.336128
v 0.902621 0.373895 0.333229
v 0.908366 0.381472 0.330849
v 0.912635 0.390116 0.329081
v 0.915264 0.399496 0.327992
v 0.916151 0.409250 0.327625
v 0.915264 0.419005 0.327992
v 0.912635 0.428384 0.329081
v 0.908366 0.437029 0.330849
v 0.902621 0.444606 0.333229
v 0.895621 0.450824 0.336128
v 0.887635 0.455444 0.339436
v 0.878969 0.458289 0.343026
v 0.783153 0.497500 0.216847
v 0.776255 0.496539 0.223745
v 0.769623 0.493694 0.230377
v 0.763511 0.489074 0.236489
v 0.758153 0.482855 0.241847
v 0.753756 0.475279 0.246244
v 0.750489 0.466634 0.249511
v 0.748477 0.457255 0.251523
v 0.747798 0.447500 0.252202
v 0.748477 0.437746 0.251523
v 0.750489 0.428366 0.249511
v 0.753756 0.419722 0.246244
v 0.758153 0.412145 0.241847
v 0.763511 0.405927 0.236489
v 0.769623 0.401306 0.230377
v 0.776255 0.398461 0.223745
v 0.783153 0.397500 0.216847
v 0.790051 0.398461 0.209950
v 0.796683 0.401306 0.203317
v 0.802795 0.405927 0.197205
v 0.808153 0.412145 0.191847
v 0.812550 0.419722 0.187450
v 0.815817 0.428366 0.184183
v 0.817829 0.437746 0.182171
v 0.818508 0.447500 0.181492
v 0.817829 0.457255 0.182171
v 0.815817 0.466634 0.184183
v 0.812550 0.475279 0.187450
v 0.808153 0.482855 0.191847
v 0.802795 0.489074 0.197205
v 0.796683 0.493694 0.203317
v 0.790051 0.496539 0.209950
v 0.653241 0.535750 0.130043
v 0.649508 0.534789 0.139055
v 0.645919 0.531944 0.147720
v 0.642611 0.527324 0.155707
v 0.639711 0.521105 0.162707
v 0.637332 0.513529 0.168452
v 0.635564 0.504884 0.172720
v 0.634475 0.495505 0.175349
v 0.634107 0.485750 0.176237
v 0.634475 0.475995 0.175349
v 0.635564 0.466616 0.172720
v 0.637332 0.457972 0.168452
v 0.639711 0.450395 0.162707
v 0.642611 0.444176 0.155707
v 0.645919 0.439556 0.147720
v 0.649508 0.436711 0.139055
v 0.653241 0.435750 0.130043
v 0.656974 0.436711 0.121031
v 0.660564 0.439556 0.112365
v 0.663872 0.444176 0.104379
v 0.666771 0.450395 0.097379
v 0.669151 0.457972 0.091634
v 0.670919 0.466616 0.087365
v 0.672008 0.475995 0.084736
v 0.672375 0.485750 0.083849
v 0.672008 0.495505 0.084736
v 0.670919 0.504884 0.087365
v 0.669151 0.513529 0.091634
v 0.666771 0.521105 0.097379
v 0.663872 0.527324 0.104379
v 0.660564 0.531944 0.112365
v 0.656974 0.534789 0.121031
v 0.500000 0.574000 0.099561
v 0.500000 0.573039 0.109316
v 0.500000 0.570194 0.118695
v 0.500000 0.565574 0.127340
v 0.500000 0.559355 0.134917
v 0.500000 0.551779 0.141135
v 0.500000 0.543134 0.145755
v 0.500000 0.533755 0.148601
v 0.500000 0.524000 0.149561
v 0.500000 0.514246 0.148601
v 0.500000 0.504866 0.145755
v 0.500000 0.496222 0.141135
v 0.500000 0.488645 0.134917
v 0.500000 0.482427 0.127340
v 0.500000 0.477806 0.118695
v 0.500000 0.474961 0.109316
v 0.500000 0.474000 0.099561
v 0.500000 0.474961 0.089807
v 0.500000 0.477806 0.080427
v 0.500000 0.482427 0.071783
v 0.500000 0.488645 0.064206
v 0.500000 0.496222 0.057988
v 0.500000 0.504866 0.053367
v 0.500000 0.514246 0.050522
v 0.500000 0.524000 0.049561
v 0.500000 0.533755 0.050522
v 0.500000 0.543134 0.053367
v 0.500000 0.551779 0.057988
v 0.500000 0.559355 0.064206
v 0.500000 0.565574 0.071783
v 0.500000 0.570194 0.080427
v 0.500000 0.573039 0.089807
v 0.346759 0.612250 0.130043
v 0.350491 0.611289 0.139055
v 0.354081 0.608444 0.147721
v 0.357389 0.603824 0.155707
v 0.360289 0.597605 0.162707
v 0.362668 0.590029 0.168452
v 0.364436 0.581384 0.172721
v 0.365525 0.572005 0.175349
v 0.365893 0.562250 0.176237
v 0.365525 0.552496 0.175349
v 0.364436 0.543116 0.172721
v 0.362668 0.534472 0.168452
v 0.360289 0.526895 0.162707
v 0.357389 0.520677 0.155707
v 0.354081 0.516056 0.147721
v 0.350491 0.513211 0.139055
v 0.346759 0.512250 0.130043
v 0.343026 0.513211 0.121031
v 0.339436 0.516056 0.112365
v 0.336128 0.520677 0.104379
v 0.333229 0.526895 0.097379
v 0.330849 0.534472 0.091634
v 0.329081 0.543116 0.087365
v 0.327992 0.552496 0.084737
v 0.327624 0.562250 0.083849
v 0.327992 0.572005 0.084737
v 0.329081 0.581384 0.087365
v 0.330849 0.590029 0.091634
v 0.333229 0.597605 0.097379
v 0.336128 0.603824 0.104379
v 0.339436 0.608444 0.112365
v 0.343026 0.611289 0.121031
v 0.216847 0.650500 0.216847
v 0.223744 0.649539 0.223745
v 0.230377 0.646694 0.230377
v 0.236489 0.642074 0.236490
v 0.241847 0.635855 0.241847
v 0.246244 0.628279 0.246244
v 0.249511 0.619634 0.249511
v 0.251523 0.610255 0.251523
v 0.252202 0.600500 0.252203
v 0.251523 0.590746 0.251523
v 0.249511 0.581366 0.249511
v 0.246244 0.572722 0.246244
v 0.241847 0.565145 0.241847
v 0.236489 0.558927 0.236490
v 0.230377 0.554306 0.230377
v 0.223744 0.551461 0.223745
v 0.216847 0.550500 0.216847
v 0.209949 0.551461 0.209950
v 0.203317 0.554306 0.203317
v 0.197205 0.558927 0.197205
v 0.191847 0.565145 0.191847
v 0.187450 0.572722 0.187450
v 0.184183 0.581366 0.184183
v 0.182171 0.590746 0.182171
v 0.181492 0.600500 0.181492
v 0.182171 0.610255 0.182171
v 0.184183 0.619634 0.184183
v 0.187450 0.628279 0.187450
v 0.191847 0.635855 0.191847
v 0.197205 0.642074 0.197205
v 0.203317 0.646694 0.203317
v 0.209949 0.649539 0.209950
v 0.130043 0.688750 0.346759
v 0.139055 0.687789 0.350492
v 0.147720 0.684944 0.354081
v 0.155707 0.680324 0.357389
v 0.162707 0.674105 0.360289
v 0.168452 0.666529 0.362668
v 0.172720 0.657884 0.364437
v 0.175349 0.648505 0.365526
v 0.176237 0.638750 0.365893
v 0.175349 0.628996 0.365526
v 0.172720 0.619616 0.364437
v 0.168452 0.610972 0.362668
v 0.162707 0.603395 0.360289
v 0.155707 0.597177 0.357389
v 0.147720 0.592556 0.354081
v 0.139055 0.589711 0.350492
v 0.130043 0.588750 0.346759
v 0.121031 0.589711 0.343026
v 0.112365 0.592556 0.339437
v 0.104379 0.597177 0.336129
v 0.097379 0.603395 0.333229
v 0.091634 0.610972 0.330850
v 0.087365 0.619616 0.329081
v 0.084736 0.628996 0.327993
v 0.083849 0.638750 0.327625
v 0.084736 0.648505 0.327993
v 0.087365 0.657884 0.329081
v 0.091634 0.666529 0.330850
v 0.097379 0.674105 0.333229
v 0.104379 0.680324 0.336129
v 0.112365 0.684944 0.339437
v 0.121031 0.687789 0.343026
v 0.099561 0.727000 0.500000
v 0.109316 0.726039 0.500000
v 0.118695 0.723194 0.500000
v 0.127340 0.718574 0.500000
v 0.134917 0.712355 0.500000
v 0.141135 0.704779 0.500000
v 0.145755 0.696134 0.500000
v 0.148601 0.686755 0.500000
v 0.149561 0.677000 0.500000
v 0.148601 0.667246 0.500000
v 0.145755 0.657866 0.500000
v 0.141135 0.649222 0.500000
v 0.134917 0.641645 0.500000
v 0.127340 0.635427 0.500000
v 0.118695 0.630806 0.500000
v 0.109316 0.627961 0.500000
v 0.099561 0.627000 0.500000
v 0.089807 0.627961 0.500000
v 0.080427 0.630806 0.500000
v 0.071783 0.635427 0.500000
v 0.064206 0.641645 0.500000
v 0.057988 0.649222 0.500000
v 0.053367 0.657866 0.500000
v 0.050522 0.667246 0.500000
v 0.049561 0.677000 0.500000
v 0.050522 0.686755 0.500000
v 0.053367 0.696134 0.500000
v 0.057988 0.704779 0.500000
v 0.064206 0.712355 0.500000
v 0.071783 0.718574 0.500000
v 0.080427 0.723194 0.500000
v 0.089807 0.726039 0.500000
v 0.130043 0.765250 0.653241
v 0.139055 0.764289 0.649508
v 0.147721 0.761444 0.645919
v 0.155707 0.756824 0.642611
v 0.162707 0.750605 0.639711
v 0.168452 0.743029 0.637332
v 0.172721 0.734384 0.635564
v 0.175349 0.725005 0.634475
v 0.176237 0.715250 0.634107
v 0.175349 0.705496 0.634475
v 0.172721 0.696116 0.635564
v 0.168452 0.687472 0.637332
v 0.162707 0.679895 0.639711
v 0.155707 0.673677 0.642611
v 0.147721 0.669056 0.645919
v 0.139055 0.666211 0.649508
v 0.130043 0.665250 0.653241
v 0.121031 0.666211 0.656974
v 0.112365 0.669056 0.660564
v 0.104379 0.673677 0.663872
v 0.097379 0.679895 0.666771
v 0.091634 0.687472 0.669151
v 0.087365 0.696116 0.670919
v 0.084737 0.705496 0.672008
v 0.083849 0.715250 0.672376
v 0.084737 0.725005 0.672008
v 0.087365 0.734384 0.670919
v 0.091634 0.743029 0.669151
v 0.097379 0.750605 0.666771
v 0.104379 0.756824 0.663872
v 0.112365 0.761444 0.660564
v 0.121031 0.764289 0.656974
v 0.216847 0.803500 0.783153
v 0.223745 0.802539 0.776256
v 0.230377 0.799694 0.769623
v 0.236490 0.795074 0.763511
v 0.241847 0.788855 0.758153
v 0.246244 0.781279 0.753756
v 0.249511 0.772634 0.750489
v 0.251523 0.763255 0.748477
v 0.252203 0.753500 0.747798
v 0.251523 0.743746 0.748477
v 0.249511 0.734366 0.750489
v 0.246244 0.725722 0.753756
v 0.241847 0.718145 0.758153
v 0.236490 0.711927 0.763511
v 0.230377 0.707306 0.769623
v 0.223745 0.704461 0.776256
v 0.216847 0.703500 0.783153
v 0.209950 0.704461 0.790051
v 0.203317 0.707306 0.796683
v 0.197205 0.711927 0.802795
v 0.191847 0.718145 0.808153
v 0.187450 0.725722 0.812550
v 0.184183 0.734366 0.815817
v 0.182171 0.743746 0.817829
v 0.181492 0.753500 0.818508
v 0.182171 0.763255 0.817829
v 0.184183 0.772634 0.815817
v 0.187450 0.781279 0.812550
v 0.191847 0.788855 0.808153
v 0.197205 0.795074 0.802795
v 0.203317 0.799694 0.796683
v 0.209950 0.802539 0.790051
v 0.346759 0.841750 0.869957
v 0.350492 0.840789 0.860945
v 0.354081 0.837944 0.852280
v 0.357389 0.833324 0.844293
v 0.360289 0.827105 0.837293
v 0.362668 0.819529 0.831548
v 0.364437 0.810884 0.827280
v 0.365525 0.801505 0.824651
v 0.365893 0.791750 0.823763
v 0.365525 0.781995 0.824651
v 0.364437 0.772616 0.827280
v 0.362668 0.763972 0.831548
v 0.360289 0.756395 0.837293
v 0.357389 0.750177 0.844293
v 0.354081 0.745556 0.852280
v 0.350492 0.742711 0.860945
v 0.346759 0.741750 0.869957
v 0.343026 0.742711 0.878969
v 0.339437 0.745556 0.887635
v 0.336129 0.750177 0.895621
v 0.333229 0.756395 0.902621
v 0.330850 0.763972 0.908366
v 0.329081 0.772616 0.912635
v 0.327992 0.781995 0.915264
v 0.327625 0.791750 0.916151
v 0.327992 0.801505 0.915264
v 0.329081 0.810884 0.912635
v 0.330850 0.819529 0.908366
v 0.333229 0.827105 0.902621
v 0.336129 0.833324 0.895621
v 0.339437 0.837944 0.887635
v 0.343026 0.840789 0.878969
v 0.500000 0.880000 0.900439
v 0.500000 0.879039 0.890684
v 0.500000 0.876194 0.881305
v 0.500000 0.871574 0.872660
v 0.500000 0.865355 0.865083
v 0.500000 0.857779 0.858865
v 0.500000 0.849134 0.854245
v 0.500000 0.839755 0.851399
v 0.500000 0.830000 0.850439
v 0.500000 0.820245 0.851399
v 0.500000 0.810866 0.854245
v 0.500000 0.802221 0.858865
v 0.500000 0.794645 0.865083
v 0.500000 0.788427 0.872660
v 0.500000 0.783806 0.881305
v 0.500000 0.780961 0.890684
v 0.500000 0.780000 0.900439
v 0.500000 0.780961 0.910193
v 0.500000 0.783806 0.919573
v 0.500000 0.788427 0.928217
v 0.500000 0.794645 0.935794
v 0.500000 0.802221 0.942012
v 0.500000 0.810866 0.946633
v 0.500000 0.820245 0.949478
v 0.500000 0.830000 0.950439
v 0.500000 0.839755 0.949478
v 0.500000 0.849134 0.946633
v 0.500000 0.857779 0.942012
v 0.500000 0.865355 0.935794
v 0.500000 0.871574 0.928217
v 0.500000 0.876194 0.919573
v 0.500000 0.879039 0.910193
v 0.653241 0.918250 0.869957
v 0.649508 0.917289 0.860945
v 0.645919 0.914444 0.852280
v 0.642611 0.909824 0.844293
v 0.639711 0.903606 0.837293
v 0.637332 0.896029 0.831548
v 0.635564 0.887384 0.827280
v 0.634475 0.878005 0.824651
v 0.634107 0.868250 0.823763
v 0.634475 0.858496 0.824651
v 0.635564 0.849116 0.827280
v 0.637332 0.840472 0.831548
v 0.639711 0.832895 0.837293
v 0.642611 0.826677 0.844293
v 0.645919 0.822056 0.852280
v 0.649508 0.819211 0.860945
v 0.653241 0.818250 0.869957
v 0.656974 0.819211 0.878969
v 0.660564 0.822056 0.887635
v 0.663872 0.826677 0.895621
v 0.666771 0.832895 0.902621
v 0.669151 0.840472 0.908366
v 0.670919 0.849116 0.912635
v 0.672008 0.858496 0.915264
v 0.672376 0.868250 0.916151
v 0.672008 0.878005 0.915264
v 0.670919 0.887384 0.912635
v 0.669151 0.896029 0.908366
v 0.666771 0.903606 0.902621
v 0.663872 0.909824 0.895621
v 0.660564 0.914444 0.887635
v 0.656974 0.917289 0.878969
v 0.783153 0.956500 0.783153
v 0.776256 0.955539 0.776255
v 0.769623 0.952694 0.769623
v 0.763511 0.948074 0.763510
v 0.758153 0.941855 0.758153
v 0.753756 0.934279 0.753756
v 0.750489 0.925634 0.750489
v 0.748477 0.916255 0.748477
v 0.747798 0.906500 0.747797
v 0.748477 0.896746 0.748477
v 0.750489 0.887366 0.750489
v 0.753756 0.878722 0.753756
v 0.758153 0.871145 0.758153
v 0.763511 0.864927 0.763510
v 0.769623 0.860306 0.769623
v 0.776256 0.857461 0.776255
v 0.783153 0.856500 0.783153
v 0.790051 0.857461 0.790050
v 0.796683 0.860306 0.796683
v 0.802796 0.864927 0.802795
v 0.808153 0.871145 0.808153
v 0.812550 0.878722 0.812550
v 0.815817 0.887366 0.815817
v 0.817829 0.896746 0.817829
v 0.818509 0.906500 0.818508
v 0.817829 0.916255 0.817829
v 0.815817 0.925634 0.815817
v 0.812550 0.934279 0.812550
v 0.808153 0.941855 0.808153
v 0.802796 0.948074 0.802795
v 0.796683 0.952694 0.796683
v 0.790051 0.955539 0.790050
v 0.869957 0.994750 0.653241
v 0.860945 0.993789 0.649508
v 0.852280 0.990944 0.645919
v 0.844293 0.986324 0.642611
v 0.837293 0.980105 0.639711
v 0.831548 0.972529 0.637332
v 0.827280 0.963884 0.635563
v 0.824651 0.954505 0.634475
v 0.823763 0.944750 0.634107
v 0.824651 0.934995 0.634475
v 0.827280 0.925616 0.635563
v 0.831548 0.916972 0.637332
v 0.837293 0.909395 0.639711
v 0.844293 0.903176 0.642611
v 0.852280 0.898556 0.645919
v 0.860945 0.895711 0.649508
v 0.869957 0.894750 0.653241
v 0.878969 0.895711 0.656974
v 0.887635 0.898556 0.660564
v 0.895621 0.903176 0.663872
v 0.902621 0.909395 0.666771
v 0.908366 0.916972 0.669151
v 0.912635 0.925616 0.670919
v 0.915264 0.934995 0.672008
v 0.916151 0.944750 0.672375
v 0.915264 0.954505 0.672008
v 0.912635 0.963884 0.670919
v 0.908366 0.972529 0.669151
v 0.902621 0.980105 0.666771
v 0.895621 0.986324 0.663872
v 0.887635 0.990944 0.660564
v 0.878969 0.993789 0.656974
v 0.900439 1.033000 0.499999
v 0.890684 1.032039 0.499999
v 0.881305 1.029194 0.499999
v 0.872660 1.024574 0.500000
v 0.865084 1.018356 0.500000
v 0.858865 1.010779 0.500000
v 0.854245 1.002134 0.500000
v 0.851400 0.992755 0.500000
v 0.850439 0.983000 0.500000
v 0.851400 0.973246 0.500000
v 0.854245 0.963866 0.500000
v 0.858865 0.955222 0.500000
v 0.865083 0.947645 0.500000
v 0.872660 0.941427 0.500000
v 0.881305 0.936806 0.499999
v 0.890684 0.933961 0.499999
v 0.900439 0.933000 0.499999
v 0.910193 0.933961 0.499999
v 0.919573 0.936806 0.499999
v 0.928217 0.941427 0.499999
v 0.935794 0.947645 0.499999
v 0.942012 0.955222 0.499999
v 0.946633 0.963866 0.499999
v 0.949478 0.973246 0.499999
v 0.950439 0.983000 0.499999
v 0.949478 0.992755 0.499999
v 0.946633 1.002134 0.499999
v 0.942012 1.010779 0.499999
v 0.935794 1.018356 0.499999
v 0.928217 1.024574 0.499999
v 0.919573 1.029194 0.499999
v 0.910193 1.032039 0.499999
v 0.869957 1.071250 0.346759
v 0.860945 1.070289 0.350491
v 0.852279 1.067444 0.354081
v 0.844293 1.062824 0.357389
v 0.837293 1.056606 0.360288
v 0.831548 1.049029 0.362668
v 0.827279 1.040384 0.364436
v 0.824651 1.031005 0.365525
v 0.823763 1.021250 0.365893
v 0.824651 1.011496 0.365525
v 0.827279 1.002116 0.364436
v 0.831548 0.993472 0.362668
v 0.837293 0.985895 0.360288
v 0.844293 0.979677 0.357389
v 0.852279 0.975056 0.354081
v 0.860945 0.972211 0.350491
v 0.869957 0.971250 0.346759
v 0.878969 0.972211 0.343026
v 0.887635 0.975056 0.339436
v 0.895621 0.979677 0.336128
v 0.902621 0.985895 0.333229
v 0.908366 0.993472 0.330849
v 0.912635 1.002116 0.329081
v 0.915263 1.011496 0.327992
v 0.916151 1.021250 0.327624
v 0.915263 1.031005 0.327992
v 0.912635 1.040384 0.329081
v 0.908366 1.049029 0.330849
v 0.902621 1.056606 0.333229
v 0.895621 1.062824 0.336128
v 0.887635 1.067444 0.339436
v 0.878969 1.070289 0.343026
v 0.783153 1.109500 0.216847
v 0.776256 1.108539 0.223745
v 0.769623 1.105694 0.230377
v 0.763511 1.101074 0.236490
v 0.758153 1.094855 0.241847
v 0.753756 1.087278 0.246244
v 0.750489 1.078634 0.249511
v 0.748477 1.069255 0.251523
v 0.747798 1.059500 0.252202
v 0.748477 1.049745 0.251523
v 0.750489 1.040366 0.249511
v 0.753756 1.031722 0.246244
v 0.758153 1.024145 0.241847
v 0.763511 1.017926 0.236490
v 0.769623 1.013306 0.230377
v 0.776256 1.010461 0.223745
v 0.783153 1.009500 0.216847
v 0.790051 1.010461 0.209950
v 0.796683 1.013306 0.203317
v 0.802796 1.017926 0.197205
v 0.808153 1.024145 0.191847
v 0.812550 1.031722 0.187450
v 0.815817 1.040366 0.184183
v 0.817829 1.049745 0.182171
v 0.818508 1.059500 0.181492
v 0.817829 1.069255 0.182171
v 0.815817 1.078634 0.184183
v 0.812550 1.087278 0.187450
v 0.808153 1.094855 0.191847
v 0.802796 1.101074 0.197205
v 0.796683 1.105694 0.203317
v 0.790051 1.108539 0.209950
v 0.653241 1.147750 0.130043
v 0.649508 1.146789 0.139055
v 0.645919 1.143944 0.147720
v 0.642611 1.139324 0.155707
v 0.639711 1.133106 0.162707
v 0.637332 1.125529 0.168452
v 0.635563 1.116884 0.172720
v 0.634475 1.107505 0.175349
v 0.634107 1.097750 0.176237
v 0.634475 1.087996 0.175349
v 0.635563 1.078616 0.172720
v 0.637332 1.069972 0.168452
v 0.639711 1.062395 0.162707
v 0.642611 1.056177 0.155707
v 0.645919 1.051556 0.147720
v 0.649508 1.048711 0.139055
v 0.653241 1.047750 0.130043
v 0.656974 1.048711 0.121031
v 0.660563 1.051556 0.112365
v 0.663871 1.056177 0.104379
v 0.666771 1.062395 0.097379
v 0.669150 1.069972 0.091634
v 0.670919 1.078616 0.087365
v 0.672008 1.087996 0.084736
v 0.672375 1.097750 0.083849
v 0.672008 1.107505 0.084736
v 0.670919 1.116884 0.087365
v 0.669150 1.125529 0.091634
v 0.666771 1.133106 0.097379
v 0.663871 1.139324 0.104379
v 0.660563 1.143944 0.112365
v 0.656974 1.146789 0.121031
v 0.500000 1.186000 0.099561
v 0.500000 1.185039 0.109316
v 0.500000 1.182194 0.118695
v 0.500000 1.177574 0.127340
v 0.500000 1.171355 0.134917
v 0.500000 1.163779 0.141135
v 0.500000 1.155134 0.145755
v 0.500000 1.145755 0.148601
v 0.500000 1.136000 0.149561
v 0.500000 1.126245 0.148601
v 0.500000 1.116866 0.145755
v 0.500000 1.108222 0.141135
v 0.500000 1.100645 0.134917
v 0.500000 1.094427 0.127340
v 0.500000 1.089806 0.118695
v 0.500000 1.086961 0.109316
v 0.500000 1.086000 0.099561
v 0.500000 1.086961 0.089807
v 0.500000 1.089806 0.080427
v 0.500000 1.094427 0.071783
v 0.500000 1.100645 0.064206
v 0.500000 1.108222 0.057988
v 0.500000 1.116866 0.053367
v 0.500000 1.126245 0.050522
v 0.500000 1.136000 0.049561
v 0.500000 1.145755 0.050522
v 0.500000 1.155134 0.053367
v 0.500000 1.163779 0.057988
v 0.500000 1.171355 0.064206
v 0.500000 1.177574 0.071783
v 0.500000 1.182194 0.080427
v 0.500000 1.185039 0.089807
vn 0.2387 0.9710 -0.0154
vn 0.2792 0.9437 0.1772
vn 0.3049 0.8823 0.3585
vn 0.3181 0.7895 0.5249
vn 0.3182 0.6688 0.6719
vn 0.3049 0.5237 0.7955
vn 0.2786 0.3577 0.8913
vn 0.2399 0.1755 0.9548
vn 0.1904 -0.0170 0.9816
vn 0.1327 -0.2119 0.9682
vn 0.0699 -0.4000 0.9139
vn 0.0057 -0.5718 0.8203
vn -0.0566 -0.7191 0.6926
vn -0.1140 -0.8354 0.5377
vn -0.1646 -0.9169 0.3637
vn -0.2071 -0.9618 0.1788
vn -0.2443 -0.9696 -0.0113
vn -0.2709 -0.9428 -0.1943
vn -0.2864 -0.8838 -0.3701
vn -0.2932 -0.7945 -0.5318
vn -0.2912 -0.6779 -0.6750
vn -0.2807 -0.5373 -0.7953
vn -0.2616 -0.3765 -0.8887
vn -0.2339 -0.1998 -0.9515
vn -0.1978 -0.0129 -0.9801
vn -0.1538 0.1779 -0.9720
vn -0.1026 0.3649 -0.9254
vn -0.0458 0.5397 -0.8406
vn 0.0146 0.6935 -0.7203
vn 0.0759 0.8184 -0.5695
vn 0.1353 0.9084 -0.3956
vn 0.1897 0.9597 -0.2073
vn 0.2180 0.9703 -0.1047
vn 0.2935 0.9533 0.0712
vn 0.3570 0.9017 0.2440
vn 0.4064 0.8166 0.4098
vn 0.4395 0.6999 0.5629
vn 0.4544 0.5545 0.6972
vn 0.4498 0.3847 0.8060
vn 0.4256 0.1971 0.8832
vn 0.3827 -0.0000 0.9239
vn 0.3236 -0.1971 0.9254
vn 0.2519 -0.3847 0.8880
vn 0.1717 -0.5545 0.8143
vn 0.0873 -0.6999 0.7089
vn 0.0024 -0.8166 0.5772
vn -0.0799 -0.9017 0.4249
vn -0.1572 -0.9533 0.2579
vn -0.2282 -0.9703 0.0801
vn -0.2894 -0.9522 -0.0978
vn -0.3415 -0.8989 -0.2744
vn -0.3825 -0.8116 -0.4415
vn -0.4112 -0.6926 -0.5926
vn -0.4263 -0.5460 -0.7212
vn -0.4270 -0.3770 -0.8219
vn -0.4125 -0.1925 -0.8904
vn -0.3827 -0.0000 -0.9239
vn -0.3379 0.1925 -0.9213
vn -0.2793 0.3770 -0.8831
vn -0.2085 0.5460 -0.8114
vn -0.1283 0.6926 -0.7098
vn -0.0417 0.8116 -0.5827
vn 0.0475 0.8989 -0.4355
vn 0.1355 0.9522 -0.2738
vn 0.1613 0.9703 -0.1802
vn 0.2984 0.9533 -0.0465
vn 0.4232 0.9017 0.0888
vn 0.5323 0.8166 0.2231
vn 0.6215 0.6999 0.3519
vn 0.6866 0.5545 0.4702
vn 0.7240 0.3847 0.5725
vn 0.7312 0.1971 0.6531
vn 0.7071 -0.0000 0.7071
vn 0.6531 -0.1971 0.7312
vn 0.5725 -0.3847 0.7240
vn 0.4702 -0.5545 0.6866
vn 0.3519 -0.6999 0.6215
vn 0.2231 -0.8166 0.5323
vn 0.0888 -0.9017 0.4232
vn -0.0465 -0.9533 0.2984
vn -0.1802 -0.9703 0.1613
vn -0.3048 -0.9522 0.0204
vn -0.4205 -0.8989 -0.1228
vn -0.5224 -0.8116 -0.2615
vn -0.6067 -0.6926 -0.3901
vn -0.6699 -0.5460 -0.5032
vn -0.7090 -0.3770 -0.5960
vn -0.7218 -0.1925 -0.6648
vn -0.7071 -0.0000 -0.7071
vn -0.6648 0.1925 -0.7218
vn -0.5960 0.3770 -0.7090
vn -0.5032 0.5460 -0.6699
vn -0.3901 0.6926 -0.6067
vn -0.2615 0.8116 -0.5224
vn -0.1228 0.8989 -0.4205
vn 0.0204 0.9522 -0.3048
vn 0.0801 0.9703 -0.2282
vn 0.2579 0.9533 -0.1572
vn 0.4249 0.9017 -0.0799
vn 0.5772 0.8166 0.0024
vn 0.7089 0.6999 0.0873
vn 0.8143 0.5545 0.1717
vn 0.8880 0.3847 0.2519
vn 0.9254 0.1971 0.3236
vn 0.9239 -0.0000 0.3827
vn 0.8832 -0.1971 0.4256
vn 0.8060 -0.3847 0.4498
vn 0.6972 -0.5545 0.4544
vn 0.5629 -0.6999 0.4395
vn 0.4098 -0.8166 0.4064
vn 0.2440 -0.9017 0.3570
vn 0.0712 -0.9533 0.2935
vn -0.1047 -0.9703 0.2180
vn -0.2738 -0.9522 0.1355
vn -0.4355 -0.8989 0.0475
vn -0.5827 -0.8116 -0.0417
vn -0.7098 -0.6926 -0.1283
vn -0.8114 -0.5460 -0.2085
vn -0.8831 -0.3770 -0.2793
vn -0.9213 -0.1925 -0.3379
vn -0.9239 -0.0000 -0.3827
vn -0.8904 0.1925 -0.4125
vn -0.8219 0.3770 -0.4270
vn -0.7212 0.5460 -0.4263
vn -0.5926 0.6926 -0.4112
vn -0.4415 0.8116 -0.3825
vn -0.2744 0.8989 -0.3415
vn -0.0978 0.9522 -0.2894
vn -0.0134 0.9703 -0.2414
vn 0.1781 0.9533 -0.2439
vn 0.3620 0.9017 -0.2364
vn 0.5341 0.8166 -0.2187
vn 0.6883 0.6999 -0.1906
vn 0.8180 0.5545 -0.1530
vn 0.9168 0.3847 -0.1071
vn 0.9788 0.1971 -0.0552
vn 1.0000 -0.0000 -0.0000
vn 0.9788 -0.1971 0.0552
vn 0.9168 -0.3847 0.1071
vn 0.8180 -0.5545 0.1530
vn 0.6883 -0.6999 0.1906
vn 0.5341 -0.8166 0.2187
vn 0.3620 -0.9017 0.2364
vn 0.1781 -0.9533 0.2439
vn -0.0134 -0.9703 0.2414
vn -0.2011 -0.9522 0.2299
vn -0.3842 -0.8989 0.2105
vn -0.5543 -0.8116 0.1844
vn -0.7048 -0.6926 0.1531
vn -0.8295 -0.5460 0.1179
vn -0.9227 -0.3770 0.0799
vn -0.9805 -0.1925 0.0404
vn -1.0000 -0.0000 -0.0000
vn -0.9805 0.1925 -0.0404
vn -0.9227 0.3770 -0.0799
vn -0.8295 0.5460 -0.1179
vn -0.7048 0.6926 -0.1531
vn -0.5543 0.8116 -0.1844
vn -0.3842 0.8989 -0.2105
vn -0.2011 0.9522 -0.2299
vn -0.1047 0.9703 -0.2180
vn 0.0712 0.9533 -0.2935
vn 0.2440 0.9017 -0.3570
vn 0.4098 0.8166 -0.4064
vn 0.5629 0.6999 -0.4395
vn 0.6972 0.5545 -0.4544
vn 0.8060 0.3847 -0.4498
vn 0.8832 0.1971 -0.4256
vn 0.9239 -0.0000 -0.3827
vn 0.9254 -0.1971 -0.3236
vn 0.8880 -0.3847 -0.2519
vn 0.8143 -0.5545 -0.1717
vn 0.7089 -0.6999 -0.0873
vn 0.5772 -0.8166 -0.0024
vn 0.4249 -0.9017 0.0799
vn 0.2579 -0.9533 0.1572
vn 0.0801 -0.9703 0.2282
vn -0.0978 -0.9522 0.2894
vn -0.2744 -0.8989 0.3415
vn -0.4415 -0.8116 0.3825
vn -0.5926 -0.6926 0.4112
vn -0.7212 -0.5460 0.4263
vn -0.8219 -0.3770 0.4270
vn -0.8904 -0.1925 0.4125
vn -0.9239 -0.0000 0.3827
vn -0.9213 0.1925 0.3379
vn -0.8831 0.3770 0.2793
vn -0.8114 0.5460 0.2085
vn -0.7098 0.6926 0.1283
vn -0.5827 0.8116 0.0417
vn -0.4355 0.8989 -0.0475
vn -0.2738 0.9522 -0.1355
vn -0.1802 0.9703 -0.1613
vn -0.0465 0.9533 -0.2984
vn 0.0888 0.9017 -0.4232
vn 0.2231 0.8166 -0.5323
vn 0.3519 0.6999 -0.6215
vn 0.4702 0.5545 -0.6866
vn 0.5725 0.3847 -0.7240
vn 0.6531 0.1971 -0.7312
vn 0.7071 -0.0000 -0.7071
vn 0.7312 -0.1971 -0.6531
vn 0.7240 -0.3847 -0.5725
vn 0.6866 -0.5545 -0.4702
vn 0.6215 -0.6999 -0.3519
vn 0.5323 -0.8166 -0.2231
vn 0.4232 -0.9017 -0.0888
vn 0.2984 -0.9533 0.0465
vn 0.1613 -0.9703 0.1802
vn 0.0204 -0.9522 0.3048
vn -0.1228 -0.8989 0.4205
vn -0.2615 -0.8116 0.5224
vn -0.3901 -0.6926 0.6067
vn -0.5032 -0.5460 0.6699
vn -0.5960 -0.3770 0.7090
vn -0.6648 -0.1925 0.7218
vn -0.7071 -0.0000 0.7071
vn -0.7218 0.1925 0.6648
vn -0.7090 0.3770 0.5960
vn -0.6699 0.5460 0.5032
vn -0.6067 0.6926 0.3901
vn -0.5224 0.8116 0.2615
vn -0.4205 0.8989 0.1228
vn -0.3048 0.9522 -0.0204
vn -0.2282 0.9703 -0.0801
vn -0.1572 0.9533 -0.2579
vn -0.0799 0.9017 -0.4249
vn 0.0024 0.8166 -0.5772
vn 0.0873 0.6999 -0.7089
vn 0.1717 0.5545 -0.8143
vn 0.2519 0.3847 -0.8880
vn 0.3236 0.1971 -0.9254
vn 0.3827 -0.0000 -0.9239
vn 0.4256 -0.1971 -0.8832
vn 0.4498 -0.3847 -0.8060
vn 0.4544 -0.5545 -0.6972
vn 0.4395 -0.6999 -0.5629
vn 0.4064 -0.8166 -0.4098
vn 0.3570 -0.9017 -0.2440
vn 0.2935 -0.9533 -0.0712
vn 0.2180 -0.9703 0.1047
vn 0.1355 -0.9522 0.2738
vn 0.0475 -0.8989 0.4355
vn -0.0417 -0.8116 0.5827
vn -0.1283 -0.6926 0.7098
vn -0.2085 -0.5460 0.8114
vn -0.2793 -0.3770 0.8831
vn -0.3379 -0.1925 0.9213
vn -0.3827 -0.0000 0.9239
vn -0.4125 0.1925 0.8904
vn -0.4270 0.3770 0.8219
vn -0.4263 0.5460 0.7212
vn -0.4112 0.6926 0.5926
vn -0.3825 0.8116 0.4415
vn -0.3415 0.8989 0.2744
vn -0.2894 0.9522 0.0978
vn -0.2414 0.9703 0.0134
vn -0.2439 0.9533 -0.1781
vn -0.2364 0.9017 -0.3620
vn -0.2187 0.8166 -0.5341
vn -0.1906 0.6999 -0.6883
vn -0.1530 0.5545 -0.8180
vn -0.1071 0.3847 -0.9168
vn -0.0552 0.1971 -0.9788
vn -0.0000 -0.0000 -1.0000
vn 0.0552 -0.1971 -0.9788
vn 0.1071 -0.3847 -0.9168
vn 0.1530 -0.5545 -0.8180
vn 0.1906 -0.6999 -0.6883
vn 0.2187 -0.8166 -0.5341
vn 0.2364 -0.9017 -0.3620
vn 0.2439 -0.9533 -0.1781
vn 0.2414 -0.9703 0.0134
vn 0.2299 -0.9522 0.2011
vn 0.2105 -0.8989 0.3842
vn 0.1844 -0.8116 0.5543
vn 0.1531 -0.6926 0.7048
vn 0.1179 -0.5460 0.8295
vn 0.0799 -0.3770 0.9227
vn 0.0404 -0.1925 0.9805
vn -0.0000 -0.0000 1.0000
vn -0.0404 0.1925 0.9805
vn -0.0799 0.3770 0.9227
vn -0.1179 0.5460 0.8295
vn -0.1531 0.6926 0.7048
vn -0.1844 0.8116 0.5543
vn -0.2105 0.8989 0.3842
vn -0.2299 0.9522 0.2011
vn -0.2180 0.9703 0.1047
vn -0.2935 0.9533 -0.0712
vn -0.3570 0.9017 -0.2440
vn -0.4064 0.8166 -0.4098
vn -0.4395 0.6999 -0.5629
vn -0.4544 0.5545 -0.6972
vn -0.4498 0.3847 -0.8060
vn -0.4256 0.1971 -0.8832
vn -0.3236 -0.1971 -0.9254
vn -0.2519 -0.3847 -0.8880
vn -0.1717 -0.5545 -0.8143
vn -0.0873 -0.6999 -0.7089
vn -0.0024 -0.8166 -0.5772
vn 0.0799 -0.9017 -0.4249
vn 0.1572 -0.9533 -0.2579
vn 0.2282 -0.9703 -0.0801
vn 0.2894 -0.9522 0.0978
vn 0.3415 -0.8989 0.2744
vn 0.3825 -0.8116 0.4415
vn 0.4112 -0.6926 0.5926
vn 0.4263 -0.5460 0.7212
vn 0.4270 -0.3770 0.8219
vn 0.4125 -0.1925 0.8904
vn 0.3379 0.1925 0.9213
vn 0.2793 0.3770 0.8831
vn 0.2085 0.5460 0.8114
vn 0.1283 0.6926 0.7098
vn 0.0417 0.8116 0.5827
vn -0.0475 0.8989 0.4355
vn -0.1355 0.9522 0.2738
vn -0.1613 0.9703 0.1802
vn -0.2984 0.9533 0.0465
vn -0.4232 0.9017 -0.0888
vn -0.5323 0.8166 -0.2231
vn -0.6215 0.6999 -0.3519
vn -0.6866 0.5545 -0.4702
vn -0.7240 0.3847 -0.5725
vn -0.7312 0.1971 -0.6531
vn -0.6531 -0.1971 -0.7312
vn -0.5725 -0.3847 -0.7240
vn -0.4702 -0.5545 -0.6866
vn -0.3519 -0.6999 -0.6215
vn -0.2231 -0.8166 -0.5323
vn -0.0888 -0.9017 -0.4232
vn 0.0465 -0.9533 -0.2984
vn 0.1802 -0.9703 -0.1613
vn 0.3048 -0.9522 -0.0204
vn 0.4205 -0.8989 0.1228
vn 0.5224 -0.8116 0.2615
vn 0.6067 -0.6926 0.3901
vn 0.6699 -0.5460 0.5032
vn 0.7090 -0.3770 0.5960
vn 0.7218 -0.1925 0.6648
vn 0.6648 0.1925 0.7218
vn 0.5960 0.3770 0.7090
vn 0.5032 0.5460 0.6699
vn 0.3901 0.6926 0.6067
vn 0.2615 0.8116 0.5224
vn 0.1228 0.8989 0.4205
vn -0.0204 0.9522 0.3048
vn -0.0801 0.9703 0.2282
vn -0.2579 0.9533 0.1572
vn -0.4249 0.9017 0.0799
vn -0.5772 0.8166 -0.0024
vn -0.7089 0.6999 -0.0873
vn -0.8143 0.5545 -0.1717
vn -0.8880 0.3847 -0.2519
vn -0.9254 0.1971 -0.3236
vn -0.8832 -0.1971 -0.4256
vn -0.8060 -0.3847 -0.4498
vn -0.6972 -0.5545 -0.4544
vn -0.5629 -0.6999 -0.4395
vn -0.4098 -0.8166 -0.4064
vn -0.2440 -0.9017 -0.3570
vn -0.0712 -0.9533 -0.2935
vn 0.1047 -0.9703 -0.2180
vn 0.2738 -0.9522 -0.1355
vn 0.4355 -0.8989 -0.0475
vn 0.5827 -0.8116 0.0417
vn 0.7098 -0.6926 0.1283
vn 0.8114 -0.5460 0.2085
vn 0.8831 -0.3770 0.2793
vn 0.9213 -0.1925 0.3379
vn 0.8904 0.1925 0.4125
vn 0.8219 0.3770 0.4270
vn 0.7212 0.5460 0.4263
vn 0.5926 0.6926 0.4112
vn 0.4415 0.8116 0.3825
vn 0.2744 0.8989 0.3415
vn 0.0978 0.9522 0.2894
vn 0.0134 0.9703 0.2414
vn -0.1781 0.9533 0.2439
vn -0.3620 0.9017 0.2364
vn -0.5341 0.8166 0.2187
vn -0.6883 0.6999 0.1906
vn -0.8180 0.5545 0.1530
vn -0.9168 0.3847 0.1071
vn -0.9788 0.1971 0.0552
vn -0.9788 -0.1971 -0.0552
vn -0.9168 -0.3847 -0.1071
vn -0.8180 -0.5545 -0.1530
vn -0.6883 -0.6999 -0.1906
vn -0.5341 -0.8166 -0.2187
vn -0.3620 -0.9017 -0.2364
vn -0.1781 -0.9533 -0.2439
vn 0.0134 -0.9703 -0.2414
vn 0.2011 -0.9522 -0.2299
vn 0.3842 -0.8989 -0.2105
vn 0.5543 -0.8116 -0.1844
vn 0.7048 -0.6926 -0.1531
vn 0.8295 -0.5460 -0.1179
vn 0.9227 -0.3770 -0.0799
vn 0.9805 -0.1925 -0.0404
vn 0.9805 0.1925 0.0404
vn 0.9227 0.3770 0.0799
vn 0.8295 0.5460 0.1179
vn 0.7048 0.6926 0.1531
vn 0.5543 0.8116 0.1844
vn 0.3842 0.8989 0.2105
vn 0.2011 0.9522 0.2299
vn 0.1047 0.9703 0.2180
vn -0.0712 0.9533 0.2935
vn -0.2440 0.9017 0.3570
vn -0.4098 0.8166 0.4064
vn -0.5629 0.6999 0.4395
vn -0.6972 0.5545 0.4544
vn -0.8060 0.3847 0.4498
vn -0.8832 0.1971 0.4256
vn -0.9254 -0.1971 0.3236
vn -0.8880 -0.3847 0.2519
vn -0.8143 -0.5545 0.1717
vn -0.7089 -0.6999 0.0873
vn -0.5772 -0.8166 0.0024
vn -0.4249 -0.9017 -0.0799
vn -0.2579 -0.9533 -0.1572
vn -0.0801 -0.9703 -0.2282
vn 0.0978 -0.9522 -0.2894
vn 0.2744 -0.8989 -0.3415
vn 0.4415 -0.8116 -0.3825
vn 0.5926 -0.6926 -0.4112
vn 0.7212 -0.5460 -0.4263
vn 0.8219 -0.3770 -0.4270
vn 0.8904 -0.1925 -0.4125
vn 0.9213 0.1925 -0.3379
vn 0.8831 0.3770 -0.2793
vn 0.8114 0.5460 -0.2085
vn 0.7098 0.6926 -0.1283
vn 0.5827 0.8116 -0.0417
vn 0.4355 0.8989 0.0475
vn 0.2738 0.9522 0.1355
vn 0.1802 0.9703 0.1613
vn 0.0465 0.9533 0.2984
vn -0.0888 0.9017 0.4232
vn -0.2231 0.8166 0.5323
vn -0.3519 0.6999 0.6215
vn -0.4702 0.5545 0.6866
vn -0.5725 0.3847 0.7240
vn -0.6531 0.1971 0.7312
vn -0.7312 -0.1971 0.6531
vn -0.7240 -0.3847 0.5725
vn -0.6866 -0.5545 0.4702
vn -0.6215 -0.6999 0.3519
vn -0.5323 -0.8166 0.2231
vn -0.4232 -0.9017 0.0888
vn -0.2984 -0.9533 -0.0465
vn -0.1613 -0.9703 -0.1802
vn -0.0204 -0.9522 -0.3048
vn 0.1228 -0.8989 -0.4205
vn 0.2615 -0.8116 -0.5224
vn 0.3901 -0.6926 -0.6067
vn 0.5032 -0.5460 -0.6699
vn 0.5960 -0.3770 -0.7090
vn 0.6648 -0.1925 -0.7218
vn 0.7218 0.1925 -0.6648
vn 0.7090 0.3770 -0.5960
vn 0.6699 0.5460 -0.5032
vn 0.6067 0.6926 -0.3901
vn 0.5224 0.8116 -0.2615
vn 0.4205 0.8989 -0.1228
vn 0.3048 0.9522 0.0204
vn 0.2282 0.9703 0.0801
vn 0.1572 0.9533 0.2579
vn 0.0799 0.9017 0.4249
vn -0.0024 0.8166 0.5772
vn -0.0873 0.6999 0.7089
vn -0.1717 0.5545 0.8143
vn -0.2519 0.3847 0.8880
vn -0.3236 0.1971 0.9254
vn -0.4256 -0.1971 0.8832
vn -0.4498 -0.3847 0.8060
vn -0.4544 -0.5545 0.6972
vn -0.4395 -0.6999 0.5629
vn -0.4064 -0.8166 0.4098
vn -0.3570 -0.9017 0.2440
vn -0.2935 -0.9533 0.0712
vn -0.2180 -0.9703 -0.1047
vn -0.1355 -0.9522 -0.2738
vn -0.0475 -0.8989 -0.4355
vn 0.0417 -0.8116 -0.5827
vn 0.1283 -0.6926 -0.7098
vn 0.2085 -0.5460 -0.8114
vn 0.2793 -0.3770 -0.8831
vn 0.3379 -0.1925 -0.9213
vn 0.4125 0.1925 -0.8904
vn 0.4270 0.3770 -0.8219
vn 0.4263 0.5460 -0.7212
vn 0.4112 0.6926 -0.5926
vn 0.3825 0.8116 -0.4415
vn 0.3415 0.8989 -0.2744
vn 0.2894 0.9522 -0.0978
vn 0.2414 0.9703 -0.0134
vn 0.2439 0.9533 0.1781
vn 0.2364 0.9017 0.3620
vn 0.2187 0.8166 0.5341
vn 0.1906 0.6999 0.6883
vn 0.1530 0.5545 0.8180
vn 0.1071 0.3847 0.9168
vn 0.0552 0.1971 0.9788
vn -0.0552 -0.1971 0.9788
vn -0.1071 -0.3847 0.9168
vn -0.1530 -0.5545 0.8180
vn -0.1906 -0.6999 0.6883
vn -0.2187 -0.8166 0.5341
vn -0.2364 -0.9017 0.3620
vn -0.2439 -0.9533 0.1781
vn -0.2414 -0.9703 -0.0134
vn -0.2299 -0.9522 -0.2011
vn -0.2105 -0.8989 -0.3842
vn -0.1844 -0.8116 -0.5543
vn -0.1531 -0.6926 -0.7048
vn -0.1179 -0.5460 -0.8295
vn -0.0799 -0.3770 -0.9227
vn -0.0403 -0.1925 -0.9805
vn 0.0404 0.1925 -0.9805
vn 0.0799 0.3770 -0.9227
vn 0.1179 0.5460 -0.8295
vn 0.1531 0.6926 -0.7048
vn 0.1844 0.8116 -0.5543
vn 0.2105 0.8989 -0.3842
vn 0.2299 0.9522 -0.2011
vn -0.9805 -0.1925 0.0403
vn -0.9805 0.1925 -0.0403
vn -0.0403 0.1925 0.9805
vn -0.5630 0.6999 0.4395
vn -0.0800 -0.9703 -0.2282
vn 0.0403 0.1925 -0.9805
vn 0.0800 0.9703 -0.2282
vn -0.1048 -0.9703 0.2180
vn 0.0403 -0.1925 0.9805
vn -0.5771 0.8166 -0.0024
vn -0.5630 -0.6999 -0.4395
vn 0.9805 0.1925 0.0403
vn -0.4250 -0.9017 -0.0799
vn 0.2443 0.9696 -0.0113
vn 0.2071 0.9618 0.1788
vn 0.1646 0.9169 0.3637
vn 0.1140 0.8354 0.5377
vn 0.0566 0.7191 0.6926
vn -0.0057 0.5718 0.8203
vn -0.0699 0.4000 0.9139
vn -0.1327 0.2119 0.9682
vn -0.1904 0.0170 0.9816
vn -0.2399 -0.1755 0.9548
vn -0.2786 -0.3577 0.8913
vn -0.3049 -0.5237 0.7955
vn -0.3182 -0.6688 0.6719
vn -0.3181 -0.7895 0.5249
vn -0.3049 -0.8823 0.3585
vn -0.2792 -0.9437 0.1772
vn -0.2387 -0.9710 -0.0154
vn -0.1897 -0.9597 -0.2073
vn -0.1353 -0.9084 -0.3956
vn -0.0759 -0.8184 -0.5695
vn -0.0146 -0.6935 -0.7203
vn 0.0458 -0.5397 -0.8406
vn 0.1026 -0.3649 -0.9254
vn 0.1538 -0.1779 -0.9720
vn 0.1979 0.0129 -0.9801
vn 0.2339 0.1998 -0.9515
vn 0.2616 0.3765 -0.8887
vn 0.2807 0.5373 -0.7953
vn 0.2912 0.6779 -0.6750
vn 0.2932 0.7945 -0.5318
vn 0.2864 0.8838 -0.3701
vn 0.2709 0.9428 -0.1943
vt 0.000000 1.000000
vt 0.062500 0.980785
vt 0.000000 0.980785
vt 0.062500 1.000000
vt 0.125000 0.980785
vt 0.125000 1.000000
vt 0.187500 0.980785
vt 0.187500 1.000000
vt 0.250000 0.980785
vt 0.250000 1.000000
vt 0.312500 0.980785
vt 0.312500 1.000000
vt 0.375000 0.980785
vt 0.375000 1.000000
vt 0.437500 0.980785
vt 0.437500 1.000000
vt 0.500000 0.980785
vt 0.500000 1.000000
vt 0.562500 0.980785
vt 0.562500 1.000000
vt 0.625000 0.980785
vt 0.625000 1.000000
vt 0.687500 0.980785
vt 0.687500 1.000000
vt 0.750000 0.980785
vt 0.750000 1.000000
vt 0.812500 0.980785
vt 0.812500 1.000000
vt 0.875000 0.980785
vt 0.875000 1.000000
vt 0.937500 0.980785
vt 0.937500 1.000000
vt 1.000000 0.980785
vt 1.000000 1.000000
vt 1.062500 0.980785
vt 1.062500 1.000000
vt 1.125000 0.980785
vt 1.125000 1.000000
vt 1.187500 0.980785
vt 1.187500 1.000000
vt 1.250000 0.980785
vt 1.250000 1.000000
vt 1.312500 0.980785
vt 1.312500 1.000000
vt 1.375000 0.980785
vt 1.375000 1.000000
vt 1.437500 0.980785
vt 1.437500 1.000000
vt 1.500000 0.980785
vt 1.500000 1.000000
vt 1.562500 0.980785
vt 1.562500 1.000000
vt 1.625000 0.980785
vt 1.625000 1.000000
vt 1.687500 0.980785
vt 1.687500 1.000000
vt 1.750000 0.980785
vt 1.750000 1.000000
vt 1.812500 0.980785
vt 1.812500 1.000000
vt 1.875000 0.980785
vt 1.875000 1.000000
vt 1.937500 0.980785
vt 1.937500 1.000000
vt 2.000000 0.980785
vt 2.000000 1.000000
vt 2.062500 0.980785
vt 2.062500 1.000000
vt 2.125000 0.980785
vt 2.125000 1.000000
vt 2.187500 0.980785
vt 2.187500 1.000000
vt 2.250000 0.980785
vt 2.250000 1.000000
vt 2.312500 0.980785
vt 2.312500 1.000000
vt 2.375000 0.980785
vt 2.375000 1.000000
vt 2.437500 0.980785
vt 2.437500 1.000000
vt 2.500000 0.980785
vt 2.500000 1.000000
vt 2.562500 0.980785
vt 2.562500 1.000000
vt 2.625000 0.980785
vt 2.625000 1.000000
vt 2.687500 0.980785
vt 2.687500 1.000000
vt 2.750000 0.980785
vt 2.750000 1.000000
vt 2.812500 0.980785
vt 2.812500 1.000000
vt 2.875000 0.980785
vt 2.875000 1.000000
vt 2.937500 0.980785
vt 2.937500 1.000000
vt 3.000000 0.980785
vt 0.062500 0.923880
vt 0.000000 0.923880
vt 0.125000 0.923880
vt 0.187500 0.923880
vt 0.250000 0.923880
vt 0.312500 0.923880
vt 0.375000 0.923880
vt 0.437500 0.923880
vt 0.500000 0.923880
vt 0.562500 0.923880
vt 0.625000 0.923880
vt 0.687500 0.923880
vt 0.750000 0.923880
vt 0.812500 0.923880
vt 0.875000 0.923880
vt 0.937500 0.923880
vt 1.000000 0.923880
vt 1.062500 0.923880
vt 1.125000 0.923880
vt 1.187500 0.923880
vt 1.250000 0.923880
vt 1.312500 0.923880
vt 1.375000 0.923880
vt 1.437500 0.923880
vt 1.500000 0.923880
vt 1.562500 0.923880
vt 1.625000 0.923880
vt 1.687500 0.923880
vt 1.750000 0.923880
vt 1.812500 0.923880
vt 1.875000 0.923880
vt 1.937500 0.923880
vt 2.000000 0.923880
vt 2.062500 0.923880
vt 2.125000 0.923880
vt 2.187500 0.923880
vt 2.250000 0.923880
vt 2.312500 0.923880
vt 2.375000 0.923880
vt 2.437500 0.923880
vt 2.500000 0.923880
vt 2.562500 0.923880
vt 2.625000 0.923880
vt 2.687500 0.923880
vt 2.750000 0.923880
vt 2.812500 0.923880
vt 2.875000 0.923880
vt 2.937500 0.923880
vt 3.000000 0.923880
vt 0.062500 0.831470
vt 0.000000 0.831470
vt 0.125000 0.831470
vt 0.187500 0.831470
vt 0.250000 0.831470
vt 0.312500 0.831470
vt 0.375000 0.831470
vt 0.437500 0.831470
vt 0.500000 0.831470
vt 0.562500 0.831470
vt 0.625000 0.831470
vt 0.687500 0.831470
vt 0.750000 0.831470
vt 0.812500 0.831470
vt 0.875000 0.831470
vt 0.937500 0.831470
vt 1.000000 0.831470
vt 1.062500 0.831470
vt 1.125000 0.831470
vt 1.187500 0.831470
vt 1.250000 0.831470
vt 1.312500 0.831470
vt 1.375000 0.831470
vt 1.437500 0.831470
vt 1.500000 0.831470
vt 1.562500 0.831470
vt 1.625000 0.831470
vt 1.687500 0.831470
vt 1.750000 0.831470
vt 1.812500 0.831470
vt 1.875000 0.831470
vt 1.937500 0.831470
vt 2.000000 0.831470
vt 2.062500 0.831470
vt 2.125000 0.831470
vt 2.187500 0.831470
vt 2.250000 0.831470
vt 2.312500 0.831470
vt 2.375000 0.831470
vt 2.437500 0.831470
vt 2.500000 0.831470
vt 2.562500 0.831470
vt 2.625000 0.831470
vt 2.687500 0.831470
vt 2.750000 0.831470
vt 2.812500 0.831470
vt 2.875000 0.831470
vt 2.937500 0.831470
vt 3.000000 0.831470
vt 0.062500 0.707107
vt 0.000000 0.707107
vt 0.125000 0.707107
vt 0.187500 0.707107
vt 0.250000 0.707107
vt 0.312500 0.707107
vt 0.375000 0.707107
vt 0.437500 0.707107
vt 0.500000 0.707107
vt 0.562500 0.707107
vt 0.625000 0.707107
vt 0.687500 0.707107
vt 0.750000 0.707107
vt 0.812500 0.707107
vt 0.875000 0.707107
vt 0.937500 0.707107
vt 1.000000 0.707107
vt 1.062500 0.707107
vt 1.125000 0.707107
vt 1.187500 0.707107
vt 1.250000 0.707107
vt 1.312500 0.707107
vt 1.375000 0.707107
vt 1.437500 0.707107
vt 1.500000 0.707107
vt 1.562500 0.707107
vt 1.625000 0.707107
vt 1.687500 0.707107
vt 1.750000 0.707107
vt 1.812500 0.707107
vt 1.875000 0.707107
vt 1.937500 0.707107
vt 2.000000 0.707107
vt 2.062500 0.707107
vt 2.125000 0.707107
vt 2.187500 0.707107
vt 2.250000 0.707107
vt 2.312500 0.707107
vt 2.375000 0.707107
vt 2.437500 0.707107
vt 2.500000 0.707107
vt 2.562500 0.707107
vt 2.625000 0.707107
vt 2.687500 0.707107
vt 2.750000 0.707107
vt 2.812500 0.707107
vt 2.875000 0.707107
vt 2.937500 0.707107
vt 3.000000 0.707107
vt 0.062500 0.555570
vt 0.000000 0.555570
vt 0.125000 0.555570
vt 0.187500 0.555570
vt 0.250000 0.555570
vt 0.312500 0.555570
vt 0.375000 0.555570
vt 0.437500 0.555570
vt 0.500000 0.555570
vt 0.562500 0.555570
vt 0.625000 0.555570
vt 0.687500 0.555570
vt 0.750000 0.555570
vt 0.812500 0.555570
vt 0.875000 0.555570
vt 0.937500 0.555570
vt 1.000000 0.555570
vt 1.062500 0.555570
vt 1.125000 0.555570
vt 1.187500 0.555570
vt 1.250000 0.555570
vt 1.312500 0.555570
vt 1.375000 0.555570
vt 1.437500 0.555570
vt 1.500000 0.555570
vt 1.562500 0.555570
vt 1.625000 0.555570
vt 1.687500 0.555570
vt 1.750000 0.555570
vt 1.812500 0.555570
vt 1.875000 0.555570
vt 1.937500 0.555570
vt 2.000000 0.555570
vt 2.062500 0.555570
vt 2.125000 0.555570
vt 2.187500 0.555570
vt 2.250000 0.555570
vt 2.312500 0.555570
vt 2.375000 0.555570
vt 2.437500 0.555570
vt 2.500000 0.555570
vt 2.562500 0.555570
vt 2.625000 0.555570
vt 2.687500 0.555570
vt 2.750000 0.555570
vt 2.812500 0.555570
vt 2.875000 0.555570
vt 2.937500 0.555570
vt 3.000000 0.555570
vt 0.062500 0.382683
vt 0.000000 0.382683
vt 0.125000 0.382683
vt 0.187500 0.382683
vt 0.250000 0.382683
vt 0.312500 0.382683
vt 0.375000 0.382683
vt 0.437500 0.382683
vt 0.500000 0.382683
vt 0.562500 0.382683
vt 0.625000 0.382683
vt 0.687500 0.382683
vt 0.750000 0.382683
vt 0.812500 0.382683
vt 0.875000 0.382683
vt 0.937500 0.382683
vt 1.000000 0.382683
vt 1.062500 0.382683
vt 1.125000 0.382683
vt 1.187500 0.382683
vt 1.250000 0.382683
vt 1.312500 0.382683
vt 1.375000 0.382683
vt 1.437500 0.382683
vt 1.500000 0.382683
vt 1.562500 0.382683
vt 1.625000 0.382683
vt 1.687500 0.382683
vt 1.750000 0.382683
vt 1.812500 0.382683
vt 1.875000 0.382683
vt 1.937500 0.382683
vt 2.000000 0.382683
vt 2.062500 0.382683
vt 2.125000 0.382683
vt 2.187500 0.382683
vt 2.250000 0.382683
vt 2.312500 0.382683
vt 2.375000 0.382683
vt 2.437500 0.382683
vt 2.500000 0.382683
vt 2.562500 0.382683
vt 2.625000 0.382683
vt 2.687500 0.382683
vt 2.750000 0.382683
vt 2.812500 0.382683
vt 2.875000 0.382683
vt 2.937500 0.382683
vt 3.000000 0.382683
vt 0.062500 0.195090
vt 0.000000 0.195090
vt 0.125000 0.195090
vt 0.187500 0.195090
vt 0.250000 0.195090
vt 0.312500 0.195090
vt 0.375000 0.195090
vt 0.437500 0.195090
vt 0.500000 0.195090
vt 0.562500 0.195090
vt 0.625000 0.195090
vt 0.687500 0.195090
vt 0.750000 0.195090
vt 0.812500 0.195090
vt 0.875000 0.195090
vt 0.937500 0.195090
vt 1.000000 0.195090
vt 1.062500 0.195090
vt 1.125000 0.195090
vt 1.187500 0.195090
vt 1.250000 0.195090
vt 1.312500 0.195090
vt 1.375000 0.195090
vt 1.437500 0.195090
vt 1.500000 0.195090
vt 1.562500 0.195090
vt 1.625000 0.195090
vt 1.687500 0.195090
vt 1.750000 0.195090
vt 1.812500 0.195090
vt 1.875000 0.195090
vt 1.937500 0.195090
vt 2.000000 0.195090
vt 2.062500 0.195090
vt 2.125000 0.195090
vt 2.187500 0.195090
vt 2.250000 0.195090
vt 2.312500 0.195090
vt 2.375000 0.195090
vt 2.437500 0.195090
vt 2.500000 0.195090
vt 2.562500 0.195090
vt 2.625000 0.195090
vt 2.687500 0.195090
vt 2.750000 0.195090
vt 2.812500 0.195090
vt 2.875000 0.195090
vt 2.937500 0.195090
vt 3.000000 0.195090
vt 0.062500 0.000000
vt 0.000000 0.000000
vt 0.125000 0.000000
vt 0.187500 0.000000
vt 0.250000 0.000000
vt 0.312500 0.000000
vt 0.375000 0.000000
vt 0.437500 0.000000
vt 0.500000 0.000000
vt 0.562500 0.000000
vt 0.625000 0.000000
vt 0.687500 0.000000
vt 0.750000 0.000000
vt 0.812500 0.000000
vt 0.875000 0.000000
vt 0.937500 0.000000
vt 1.000000 0.000000
vt 1.062500 0.000000
vt 1.125000 0.000000
vt 1.187500 0.000000
vt 1.250000 0.000000
vt 1.312500 0.000000
vt 1.375000 0.000000
vt 1.437500 0.000000
vt 1.500000 0.000000
vt 1.562500 0.000000
vt 1.625000 0.000000
vt 1.687500 0.000000
vt 1.750000 0.000000
vt 1.812500 0.000000
vt 1.875000 0.000000
vt 1.937500 0.000000
vt 2.000000 0.000000
vt 2.062500 0.000000
vt 2.125000 0.000000
vt 2.187500 0.000000
vt 2.250000 0.000000
vt 2.312500 0.000000
vt 2.375000 0.000000
vt 2.437500 0.000000
vt 2.500000 0.000000
vt 2.562500 0.000000
vt 2.625000 0.000000
vt 2.687500 0.000000
vt 2.750000 0.000000
vt 2.812500 0.000000
vt 2.875000 0.000000
vt 2.937500 0.000000
vt 3.000000 0.000000
vt 0.062500 -0.195090
vt 0.000000 -0.195090
vt 0.125000 -0.195090
vt 0.187500 -0.195090
vt 0.250000 -0.195090
vt 0.312500 -0.195090
vt 0.375000 -0.195090
vt 0.437500 -0.195090
vt 0.500000 -0.195090
vt 0.562500 -0.195090
vt 0.625000 -0.195090
vt 0.687500 -0.195090
vt 0.750000 -0.195090
vt 0.812500 -0.195090
vt 0.875000 -0.195090
vt 0.937500 -0.195090
vt 1.000000 -0.195090
vt 1.062500 -0.195090
vt 1.125000 -0.195090
vt 1.187500 -0.195090
vt 1.250000 -0.195090
vt 1.312500 -0.195090
vt 1.375000 -0.195090
vt 1.437500 -0.195090
vt 1.500000 -0.195090
vt 1.562500 -0.195090
vt 1.625000 -0.195090
vt 1.687500 -0.195090
vt 1.750000 -0.195090
vt 1.812500 -0.195090
vt 1.875000 -0.195090
vt 1.937500 -0.195090
vt 2.000000 -0.195090
vt 2.062500 -0.195090
vt 2.125000 -0.195090
vt 2.187500 -0.195090
vt 2.250000 -0.195090
vt 2.312500 -0.195090
vt 2.375000 -0.195090
vt 2.437500 -0.195090
vt 2.500000 -0.195090
vt 2.562500 -0.195090
vt 2.625000 -0.195090
vt 2.687500 -0.195090
vt 2.750000 -0.195090
vt 2.812500 -0.195090
vt 2.875000 -0.195090
vt 2.937500 -0.195090
vt 3.000000 -0.195090
vt 0.062500 -0.382683
vt 0.000000 -0.382683
vt 0.125000 -0.382683
vt 0.187500 -0.382683
vt 0.250000 -0.382683
vt 0.312500 -0.382683
vt 0.375000 -0.382683
vt 0.437500 -0.382683
vt 0.500000 -0.382683
vt 0.562500 -0.382683
vt 0.625000 -0.382683
vt 0.687500 -0.382683
vt 0.750000 -0.382683
vt 0.812500 -0.382683
vt 0.875000 -0.382683
vt 0.937500 -0.382683
vt 1.000000 -0.382683
vt 1.062500 -0.382683
vt 1.125000 -0.382683
vt 1.187500 -0.382683
vt 1.250000 -0.382683
vt 1.312500 -0.382683
vt 1.375000 -0.382683
vt 1.437500 -0.382683
vt 1.500000 -0.382683
vt 1.562500 -0.382683
vt 1.625000 -0.382683
vt 1.687500 -0.382683
vt 1.750000 -0.382683
vt 1.812500 -0.382683
vt 1.875000 -0.382683
vt 1.937500 -0.382683
vt 2.000000 -0.382683
vt 2.062500 -0.382683
vt 2.125000 -0.382683
vt 2.187500 -0.382683
vt 2.250000 -0.382683
vt 2.312500 -0.382683
vt 2.375000 -0.382683
vt 2.437500 -0.382683
vt 2.500000 -0.382683
vt 2.562500 -0.382683
vt 2.625000 -0.382683
vt 2.687500 -0.382683
vt 2.750000 -0.382683
vt 2.812500 -0.382683
vt 2.875000 -0.382683
vt 2.937500 -0.382683
vt 3.000000 -0.382683
vt 0.062500 -0.555570
vt 0.000000 -0.555570
vt 0.125000 -0.555570
vt 0.187500 -0.555570
vt 0.250000 -0.555570
vt 0.312500 -0.555570
vt 0.375000 -0.555570
vt 0.437500 -0.555570
vt 0.500000 -0.555570
vt 0.562500 -0.555570
vt 0.625000 -0.555570
vt 0.687500 -0.555570
vt 0.750000 -0.555570
vt 0.812500 -0.555570
vt 0.875000 -0.555570
vt 0.937500 -0.555570
vt 1.000000 -0.555570
vt 1.062500 -0.555570
vt 1.125000 -0.555570
vt 1.187500 -0.555570
vt 1.250000 -0.555570
vt 1.312500 -0.555570
vt 1.375000 -0.555570
vt 1.437500 -0.555570
vt 1.500000 -0.555570
vt 1.562500 -0.555570
vt 1.625000 -0.555570
vt 1.687500 -0.555570
vt 1.750000 -0.555570
vt 1.812500 -0.555570
vt 1.875000 -0.555570
vt 1.937500 -0.555570
vt 2.000000 -0.555570
vt 2.062500 -0.555570
vt 2.125000 -0.555570
vt 2.187500 -0.555570
vt 2.250000 -0.555570
vt 2.312500 -0.555570
vt 2.375000 -0.555570
vt 2.437500 -0.555570
vt 2.500000 -0.555570
vt 2.562500 -0.555570
vt 2.625000 -0.555570
vt 2.687500 -0.555570
vt 2.750000 -0.555570
vt 2.812500 -0.555570
vt 2.875000 -0.555570
vt 2.937500 -0.555570
vt 3.000000 -0.555570
vt 0.062500 -0.707107
vt 0.000000 -0.707107
vt 0.125000 -0.707107
vt 0.187500 -0.707107
vt 0.250000 -0.707107
vt 0.312500 -0.707107
vt 0.375000 -0.707107
vt 0.437500 -0.707107
vt 0.500000 -0.707107
vt 0.562500 -0.707107
vt 0.625000 -0.707107
vt 0.687500 -0.707107
vt 0.750000 -0.707107
vt 0.812500 -0.707107
vt 0.875000 -0.707107
vt 0.937500 -0.707107
vt 1.000000 -0.707107
vt 1.062500 -0.707107
vt 1.125000 -0.707107
vt 1.187500 -0.707107
vt 1.250000 -0.707107
vt 1.312500 -0.707107
vt 1.375000 -0.707107
vt 1.437500 -0.707107
vt 1.500000 -0.707107
vt 1.562500 -0.707107
vt 1.625000 -0.707107
vt 1.687500 -0.707107
vt 1.750000 -0.707107
vt 1.812500 -0.707107
vt 1.875000 -0.707107
vt 1.937500 -0.707107
vt 2.000000 -0.707107
vt 2.062500 -0.707107
vt 2.125000 -0.707107
vt 2.187500 -0.707107
vt 2.250000 -0.707107
vt 2.312500 -0.707107
vt 2.375000 -0.707107
vt 2.437500 -0.707107
vt 2.500000 -0.707107
vt 2.562500 -0.707107
vt 2.625000 -0.707107
vt 2.687500 -0.707107
vt 2.750000 -0.707107
vt 2.812500 -0.707107
vt 2.875000 -0.707107
vt 2.937500 -0.707107
vt 3.000000 -0.707107
vt 0.062500 -0.831470
vt 0.000000 -0.831470
vt 0.125000 -0.831470
vt 0.187500 -0.831470
vt 0.250000 -0.831470
vt 0.312500 -0.831470
vt 0.375000 -0.831470
vt 0.437500 -0.831470
vt 0.500000 -0.831470
vt 0.562500 -0.831470
vt 0.625000 -0.831470
vt 0.687500 -0.831470
vt 0.750000 -0.831470
vt 0.812500 -0.831470
vt 0.875000 -0.831470
vt 0.937500 -0.831470
vt 1.000000 -0.831470
vt 1.062500 -0.831470
vt 1.125000 -0.831470
vt 1.187500 -0.831470
vt 1.250000 -0.831470
vt 1.312500 -0.831470
vt 1.375000 -0.831470
vt 1.437500 -0.831470
vt 1.500000 -0.831470
vt 1.562500 -0.831470
vt 1.625000 -0.831470
vt 1.687500 -0.831470
vt 1.750000 -0.831470
vt 1.812500 -0.831470
vt 1.875000 -0.831470
vt 1.937500 -0.831470
vt 2.000000 -0.831470
vt 2.062500 -0.831470
vt 2.125000 -0.831470
vt 2.187500 -0.831470
vt 2.250000 -0.831470
vt 2.312500 -0.831470
vt 2.375000 -0.831470
vt 2.437500 -0.831470
vt 2.500000 -0.831470
vt 2.562500 -0.831470
vt 2.625000 -0.831470
vt 2.687500 -0.831470
vt 2.750000 -0.831470
vt 2.812500 -0.831470
vt 2.875000 -0.831470
vt 2.937500 -0.831470
vt 3.000000 -0.831470
vt 0.062500 -0.923880
vt 0.000000 -0.923880
vt 0.125000 -0.923880
vt 0.187500 -0.923880
vt 0.250000 -0.923880
vt 0.312500 -0.923880
vt 0.375000 -0.923880
vt 0.437500 -0.923880
vt 0.500000 -0.923880
vt 0.562500 -0.923880
vt 0.625000 -0.923880
vt 0.687500 -0.923880
vt 0.750000 -0.923880
vt 0.812500 -0.923880
vt 0.875000 -0.923880
vt 0.937500 -0.923880
vt 1.000000 -0.923880
vt 1.062500 -0.923880
vt 1.125000 -0.923880
vt 1.187500 -0.923880
vt 1.250000 -0.923880
vt 1.312500 -0.923880
vt 1.375000 -0.923880
vt 1.437500 -0.923880
vt 1.500000 -0.923880
vt 1.562500 -0.923880
vt 1.625000 -0.923880
vt 1.687500 -0.923880
vt 1.750000 -0.923880
vt 1.812500 -0.923880
vt 1.875000 -0.923880
vt 1.937500 -0.923880
vt 2.000000 -0.923880
vt 2.062500 -0.923880
vt 2.125000 -0.923880
vt 2.187500 -0.923880
vt 2.250000 -0.923880
vt 2.312500 -0.923880
vt 2.375000 -0.923880
vt 2.437500 -0.923880
vt 2.500000 -0.923880
vt 2.562500 -0.923880
vt 2.625000 -0.923880
vt 2.687500 -0.923880
vt 2.750000 -0.923880
vt 2.812500 -0.923880
vt 2.875000 -0.923880
vt 2.937500 -0.923880
vt 3.000000 -0.923880
vt 0.062500 -0.980785
vt 0.000000 -0.980785
vt 0.125000 -0.980785
vt 0.187500 -0.980785
vt 0.250000 -0.980785
vt 0.312500 -0.980785
vt 0.375000 -0.980785
vt 0.437500 -0.980785
vt 0.500000 -0.980785
vt 0.562500 -0.980785
vt 0.625000 -0.980785
vt 0.687500 -0.980785
vt 0.750000 -0.980785
vt 0.812500 -0.980785
vt 0.875000 -0.980785
vt 0.937500 -0.980785
vt 1.000000 -0.980785
vt 1.062500 -0.980785
vt 1.125000 -0.980785
vt 1.187500 -0.980785
vt 1.250000 -0.980785
vt 1.312500 -0.980785
vt 1.375000 -0.980785
vt 1.437500 -0.980785
vt 1.500000 -0.980785
vt 1.562500 -0.980785
vt 1.625000 -0.980785
vt 1.687500 -0.980785
vt 1.750000 -0.980785
vt 1.812500 -0.980785
vt 1.875000 -0.980785
vt 1.937500 -0.980785
vt 2.000000 -0.980785
vt 2.062500 -0.980785
vt 2.125000 -0.980785
vt 2.187500 -0.980785
vt 2.250000 -0.980785
vt 2.312500 -0.980785
vt 2.375000 -0.980785
vt 2.437500 -0.980785
vt 2.500000 -0.980785
vt 2.562500 -0.980785
vt 2.625000 -0.980785
vt 2.687500 -0.980785
vt 2.750000 -0.980785
vt 2.812500 -0.980785
vt 2.875000 -0.980785
vt 2.937500 -0.980785
vt 3.000000 -0.980785
vt 0.062500 -1.000000
vt 0.000000 -1.000000
vt 0.125000 -1.000000
vt 0.187500 -1.000000
vt 0.250000 -1.000000
vt 0.312500 -1.000000
vt 0.375000 -1.000000
vt 0.437500 -1.000000
vt 0.500000 -1.000000
vt 0.562500 -1.000000
vt 0.625000 -1.000000
vt 0.687500 -1.000000
vt 0.750000 -1.000000
vt 0.812500 -1.000000
vt 0.875000 -1.000000
vt 0.937500 -1.000000
vt 1.000000 -1.000000
vt 1.062500 -1.000000
vt 1.125000 -1.000000
vt 1.187500 -1.000000
vt 1.250000 -1.000000
vt 1.312500 -1.000000
vt 1.375000 -1.000000
vt 1.437500 -1.000000
vt 1.500000 -1.000000
vt 1.562500 -1.000000
vt 1.625000 -1.000000
vt 1.687500 -1.000000
vt 1.750000 -1.000000
vt 1.812500 -1.000000
vt 1.875000 -1.000000
vt 1.937500 -1.000000
vt 2.000000 -1.000000
vt 2.062500 -1.000000
vt 2.125000 -1.000000
vt 2.187500 -1.000000
vt 2.250000 -1.000000
vt 2.312500 -1.000000
vt 2.375000 -1.000000
vt 2.437500 -1.000000
vt 2.500000 -1.000000
vt 2.562500 -1.000000
vt 2.625000 -1.000000
vt 2.687500 -1.000000
vt 2.750000 -1.000000
vt 2.812500 -1.000000
vt 2.875000 -1.000000
vt 2.937500 -1.000000
vt 3.000000 -1.000000
vt 3.000000 1.000000
s 1
f 1/1/1 34/2/34 2/3/2
f 33/4/33 66/5/66 34/2/34
f 65/6/65 98/7/98 66/5/66
f 97/8/97 130/9/130 98/7/98
f 129/10/129 162/11/162 130/9/130
f 161/12/161 194/13/194 162/11/162
f 193/14/193 226/15/226 194/13/194
f 225/16/225 258/17/258 226/15/226
f 257/18/257 290/19/290 258/17/258
f 289/20/289 322/21/320 290/19/290
f 321/22/319 354/23/350 322/21/320
f 353/24/349 386/25/380 354/23/350
f 385/26/379 418/27/410 386/25/380
f 417/28/409 450/29/440 418/27/410
f 449/30/439 482/31/470 450/29/440
f 481/32/469 514/33/500 482/31/470
f 513/34/499 546/35/34 514/33/500
f 545/36/33 578/37/66 546/35/34
f 577/38/65 610/39/98 578/37/66
f 609/40/97 642/41/130 610/39/98
f 641/42/129 674/43/162 642/41/130
f 673/44/161 706/45/194 674/43/162
f 705/46/193 738/47/226 706/45/194
f 737/48/225 770/49/258 738/47/226
f 769/50/257 802/51/290 770/49/258
f 801/52/289 834/53/320 802/51/290
f 833/54/319 866/55/350 834/53/320
f 865/56/349 898/57/380 866/55/350
f 897/58/379 930/59/410 898/57/380
f 929/60/409 962/61/440 930/59/410
f 961/62/439 994/63/470 962/61/440
f 993/64/469 1026/65/500 994/63/470
f 1025/66/499 1058/67/34 1026/65/500
f 1057/68/33 1090/69/66 1058/67/34
f 1089/70/65 1122/71/98 1090/69/66
f 1121/72/535 1154/73/130 1122/71/98
f 1153/74/129 1186/75/162 1154/73/130
f 1185/76/161 1218/77/194 1186/75/162
f 1217/78/193 1250/79/226 1218/77/194
f 1249/80/225 1282/81/258 1250/79/226
f 1281/82/257 1314/83/290 1282/81/258
f 1313/84/289 1346/85/320 1314/83/290
f 1345/86/319 1378/87/350 1346/85/320
f 1377/88/349 1410/89/380 1378/87/350
f 1409/90/379 1442/91/410 1410/89/380
f 1441/92/409 1474/93/440 1442/91/410
f 1473/94/439 1506/95/470 1474/93/440
f 1505/96/469 1538/97/543 1506/95/470
f 2/3/2 35/98/35 3/99/3
f 34/2/34 67/100/67 35/98/35
f 66/5/66 99/101/99 67/100/67
f 98/7/98 131/102/131 99/101/99
f 130/9/130 163/103/163 131/102/131
f 162/11/162 195/104/195 163/103/163
f 194/13/194 227/105/227 195/104/195
f 226/15/226 259/106/259 227/105/227
f 258/17/258 291/107/291 259/106/259
f 290/19/290 323/108/321 291/107/291
f 322/21/320 355/109/351 323/108/321
f 354/23/350 387/110/381 355/109/351
f 386/25/380 419/111/411 387/110/381
f 418/27/410 451/112/441 419/111/411
f 450/29/440 483/113/471 451/112/441
f 482/31/470 515/114/501 483/113/471
f 514/33/500 547/115/35 515/114/501
f 546/35/34 579/116/67 547/115/35
f 578/37/66 611/117/99 579/116/67
f 610/39/98 643/118/131 611/117/99
f 642/41/130 675/119/163 643/118/131
f 674/43/162 707/120/195 675/119/163
f 706/45/194 739/121/227 707/120/195
f 738/47/226 771/122/259 739/121/227
f 770/49/258 803/123/291 771/122/259
f 802/51/290 835/124/321 803/123/291
f 834/53/320 867/125/351 835/124/321
f 866/55/350 899/126/381 867/125/351
f 898/57/380 931/127/411 899/126/381
f 930/59/410 963/128/441 931/127/411
f 962/61/440 995/129/471 963/128/441
f 994/63/470 1027/130/501 995/129/471
f 1026/65/500 1059/131/35 1027/130/501
f 1058/67/34 1091/132/67 1059/131/35
f 1090/69/66 1123/133/99 1091/132/67
f 1122/71/98 1155/134/131 1123/133/99
f 1154/73/130 1187/135/163 1155/134/131
f 1186/75/162 1219/136/195 1187/135/163
f 1218/77/194 1251/137/227 1219/136/195
f 1250/79/226 1283/138/259 1251/137/227
f 1282/81/258 1315/139/291 1283/138/259
f 1314/83/290 1347/140/321 1315/139/291
f 1346/85/320 1379/141/351 1347/140/321
f 1378/87/350 1411/142/381 1379/141/351
f 1410/89/380 1443/143/411 1411/142/381
f 1442/91/410 1475/144/441 1443/143/411
f 1474/93/440 1507/145/471 1475/144/441
f 1506/95/470 1539/146/544 1507/145/471
f 3/99/3 36/147/36 4/148/4
f 35/98/35 68/149/68 36/147/36
f 67/100/67 100/150/100 68/149/68
f 99/101/99 132/151/132 100/150/100
f 131/102/131 164/152/164 132/151/132
f 163/103/163 196/153/196 164/152/164
f 195/104/195 228/154/228 196/153/196
f 227/105/227 260/155/260 228/154/228
f 259/106/259 292/156/292 260/155/260
f 291/107/291 324/157/322 292/156/292
f 323/108/321 356/158/352 324/157/322
f 355/109/351 388/159/382 356/158/352
f 387/110/381 420/160/412 388/159/382
f 419/111/411 452/161/442 420/160/412
f 451/112/441 484/162/472 452/161/442
f 483/113/471 516/163/502 484/162/472
f 515/114/501 548/164/36 516/163/502
f 547/115/35 580/165/68 548/164/36
f 579/116/67 612/166/100 580/165/68
f 611/117/99 644/167/132 612/166/100
f 643/118/131 676/168/164 644/167/132
f 675/119/163 708/169/196 676/168/164
f 707/120/195 740/170/228 708/169/196
f 739/121/227 772/171/260 740/170/228
f 771/122/259 804/172/292 772/171/260
f 803/123/291 836/173/322 804/172/292
f 835/124/321 868/174/352 836/173/322
f 867/125/351 900/175/382 868/174/352
f 899/126/381 932/176/412 900/175/382
f 931/127/411 964/177/442 932/176/412
f 963/128/441 996/178/472 964/177/442
f 995/129/471 1028/179/502 996/178/472
f 1027/130/501 1060/180/36 1028/179/502
f 1059/131/35 1092/181/68 1060/180/36
f 1091/132/67 1124/182/100 1092/181/68
f 1123/133/99 1156/183/132 1124/182/100
f 1155/134/131 1188/184/164 1156/183/132
f 1187/135/163 1220/185/196 1188/184/164
f 1219/136/195 1252/186/228 1220/185/196
f 1251/137/227 1284/187/260 1252/186/228
f 1283/138/259 1316/188/292 1284/187/260
f 1315/139/291 1348/189/322 1316/188/292
f 1347/140/321 1380/190/538 1348/189/322
f 1379/141/351 1412/191/382 1380/190/538
f 1411/142/381 1444/192/412 1412/191/382
f 1443/143/411 1476/193/442 1444/192/412
f 1475/144/441 1508/194/472 1476/193/442
f 1507/145/471 1540/195/545 1508/194/472
f 4/148/4 37/196/37 5/197/5
f 36/147/36 69/198/69 37/196/37
f 68/149/68 101/199/101 69/198/69
f 100/150/100 133/200/133 101/199/101
f 132/151/132 165/201/165 133/200/133
f 164/152/164 197/202/197 165/201/165
f 196/153/196 229/203/229 197/202/197
f 228/154/228 261/204/261 229/203/229
f 260/155/260 293/205/293 261/204/261
f 292/156/292 325/206/323 293/205/293
f 324/157/322 357/207/353 325/206/323
f 356/158/352 389/208/383 357/207/353
f 388/159/382 421/209/413 389/208/383
f 420/160/412 453/210/443 421/209/413
f 452/161/442 485/211/473 453/210/443
f 484/162/472 517/212/503 485/211/473
f 516/163/502 549/213/37 517/212/503
f 548/164/36 581/214/69 549/213/37
f 580/165/68 613/215/101 581/214/69
f 612/166/100 645/216/133 613/215/101
f 644/167/132 677/217/165 645/216/133
f 676/168/164 709/218/197 677/217/165
f 708/169/196 741/219/229 709/218/197
f 740/170/228 773/220/261 741/219/229
f 772/171/260 805/221/293 773/220/261
f 804/172/292 837/222/323 805/221/293
f 836/173/322 869/223/353 837/222/323
f 868/174/352 901/224/383 869/223/353
f 900/175/382 933/225/532 901/224/383
f 932/176/412 965/226/443 933/225/532
f 964/177/442 997/227/473 965/226/443
f 996/178/472 1029/228/503 997/227/473
f 1028/179/502 1061/229/37 1029/228/503
f 1060/180/36 1093/230/69 1061/229/37
f 1092/181/68 1125/231/101 1093/230/69
f 1124/182/100 1157/232/133 1125/231/101
f 1156/183/132 1189/233/165 1157/232/133
f 1188/184/164 1221/234/197 1189/233/165
f 1220/185/196 1253/235/229 1221/234/197
f 1252/186/228 1285/236/261 1253/235/229
f 1284/187/260 1317/237/293 1285/236/261
f 1316/188/292 1349/238/323 1317/237/293
f 1348/189/322 1381/239/353 1349/238/323
f 1380/190/538 1413/240/383 1381/239/353
f 1412/191/382 1445/241/532 1413/240/383
f 1444/192/412 1477/242/443 1445/241/532
f 1476/193/442 1509/243/473 1477/242/443
f 1508/194/472 1541/244/546 1509/243/473
f 5/197/5 38/245/38 6/246/6
f 37/196/37 70/247/70 38/245/38
f 69/198/69 102/248/102 70/247/70
f 101/199/101 134/249/134 102/248/102
f 133/200/133 166/250/166 134/249/134
f 165/201/165 198/251/198 166/250/166
f 197/202/197 230/252/230 198/251/198
f 229/203/229 262/253/262 230/252/230
f 261/204/261 294/254/294 262/253/262
f 293/205/293 326/255/324 294/254/294
f 325/206/323 358/256/354 326/255/324
f 357/207/353 390/257/384 358/256/354
f 389/208/383 422/258/414 390/257/384
f 421/209/413 454/259/444 422/258/414
f 453/210/443 486/260/474 454/259/444
f 485/211/473 518/261/504 486/260/474
f 517/212/503 550/262/38 518/261/504
f 549/213/37 582/263/70 550/262/38
f 581/214/69 614/264/102 582/263/70
f 613/215/101 646/265/134 614/264/102
f 645/216/133 678/266/166 646/265/134
f 677/217/165 710/267/198 678/266/166
f 709/218/197 742/268/230 710/267/198
f 741/219/229 774/269/262 742/268/230
f 773/220/261 806/270/294 774/269/262
f 805/221/293 838/271/324 806/270/294
f 837/222/323 870/272/354 838/271/324
f 869/223/353 902/273/384 870/272/354
f 901/224/383 934/274/414 902/273/384
f 933/225/532 966/275/444 934/274/414
f 965/226/443 998/276/474 966/275/444
f 997/227/473 1030/277/504 998/276/474
f 1029/228/503 1062/278/38 1030/277/504
f 1061/229/37 1094/279/70 1062/278/38
f 1093/230/69 1126/280/102 1094/279/70
f 1125/231/101 1158/281/134 1126/280/102
f 1157/232/133 1190/282/166 1158/281/134
f 1189/233/165 1222/283/198 1190/282/166
f 1221/234/197 1254/284/230 1222/283/198
f 1253/235/229 1286/285/262 1254/284/230
f 1285/236/261 1318/286/294 1286/285/262
f 1317/237/293 1350/287/324 1318/286/294
f 1349/238/323 1382/288/354 1350/287/324
f 1381/239/353 1414/289/384 1382/288/354
f 1413/240/383 1446/290/414 1414/289/384
f 1445/241/532 1478/291/444 1446/290/414
f 1477/242/443 1510/292/474 1478/291/444
f 1509/243/473 1542/293/547 1510/292/474
f 6/246/6 39/294/39 7/295/7
f 38/245/38 71/296/71 39/294/39
f 70/247/70 103/297/103 71/296/71
f 102/248/102 135/298/135 103/297/103
f 134/249/134 167/299/167 135/298/135
f 166/250/166 199/300/199 167/299/167
f 198/251/198 231/301/231 199/300/199
f 230/252/230 263/302/263 231/301/231
f 262/253/262 295/303/295 263/302/263
f 294/254/294 327/304/325 295/303/295
f 326/255/324 359/305/355 327/304/325
f 358/256/354 391/306/385 359/305/355
f 390/257/384 423/307/415 391/306/385
f 422/258/414 455/308/445 423/307/415
f 454/259/444 487/309/475 455/308/445
f 486/260/474 519/310/505 487/309/475
f 518/261/504 551/311/39 519/310/505
f 550/262/38 583/312/71 551/311/39
f 582/263/70 615/313/103 583/312/71
f 614/264/102 647/314/135 615/313/103
f 646/265/134 679/315/167 647/314/135
f 678/266/166 711/316/199 679/315/167
f 710/267/198 743/317/231 711/316/199
f 742/268/230 775/318/263 743/317/231
f 774/269/262 807/319/295 775/318/263
f 806/270/294 839/320/325 807/319/295
f 838/271/324 871/321/355 839/320/325
f 870/272/354 903/322/385 871/321/355
f 902/273/384 935/323/415 903/322/385
f 934/274/414 967/324/445 935/323/415
f 966/275/444 999/325/475 967/324/445
f 998/276/474 1031/326/505 999/325/475
f 1030/277/504 1063/327/39 1031/326/505
f 1062/278/38 1095/328/71 1063/327/39
f 1094/279/70 1127/329/103 1095/328/71
f 1126/280/102 1159/330/135 1127/329/103
f 1158/281/134 1191/331/167 1159/330/135
f 1190/282/166 1223/332/199 1191/331/167
f 1222/283/198 1255/333/231 1223/332/199
f 1254/284/230 1287/334/263 1255/333/231
f 1286/285/262 1319/335/295 1287/334/263
f 1318/286/294 1351/336/325 1319/335/295
f 1350/287/324 1383/337/355 1351/336/325
f 1382/288/354 1415/338/385 1383/337/355
f 1414/289/384 1447/339/415 1415/338/385
f 1446/290/414 1479/340/445 1447/339/415
f 1478/291/444 1511/341/475 1479/340/445
f 1510/292/474 1543/342/548 1511/341/475
f 7/295/7 40/343/40 8/344/8
f 39/294/39 72/345/72 40/343/40
f 71/296/71 104/346/104 72/345/72
f 103/297/103 136/347/136 104/346/104
f 135/298/135 168/348/168 136/347/136
f 167/299/167 200/349/200 168/348/168
f 199/300/199 232/350/232 200/349/200
f 231/301/231 264/351/264 232/350/232
f 263/302/263 296/352/296 264/351/264
f 295/303/295 328/353/326 296/352/296
f 327/304/325 360/354/356 328/353/326
f 359/305/355 392/355/386 360/354/356
f 391/306/385 424/356/416 392/355/386
f 423/307/415 456/357/446 424/356/416
f 455/308/445 488/358/476 456/357/446
f 487/309/475 520/359/506 488/358/476
f 519/310/505 552/360/40 520/359/506
f 551/311/39 584/361/72 552/360/40
f 583/312/71 616/362/104 584/361/72
f 615/313/103 648/363/136 616/362/104
f 647/314/135 680/364/168 648/363/136
f 679/315/167 712/365/200 680/364/168
f 711/316/199 744/366/232 712/365/200
f 743/317/231 776/367/264 744/366/232
f 775/318/263 808/368/296 776/367/264
f 807/319/295 840/369/326 808/368/296
f 839/320/325 872/370/356 840/369/326
f 871/321/355 904/371/386 872/370/356
f 903/322/385 936/372/416 904/371/386
f 935/323/415 968/373/446 936/372/416
f 967/324/445 1000/374/476 968/373/446
f 999/325/475 1032/375/506 1000/374/476
f 1031/326/505 1064/376/40 1032/375/506
f 1063/327/39 1096/377/72 1064/376/40
f 1095/328/71 1128/378/104 1096/377/72
f 1127/329/103 1160/379/136 1128/378/104
f 1159/330/135 1192/380/168 1160/379/136
f 1191/331/167 1224/381/200 1192/380/168
f 1223/332/199 1256/382/232 1224/381/200
f 1255/333/231 1288/383/264 1256/382/232
f 1287/334/263 1320/384/296 1288/383/264
f 1319/335/295 1352/385/326 1320/384/296
f 1351/336/325 1384/386/356 1352/385/326
f 1383/337/355 1416/387/386 1384/386/356
f 1415/338/385 1448/388/416 1416/387/386
f 1447/339/415 1480/389/446 1448/388/416
f 1479/340/445 1512/390/476 1480/389/446
f 1511/341/475 1544/391/549 1512/390/476
f 8/344/8 41/392/41 9/393/9
f 40/343/40 73/394/73 41/392/41
f 72/345/72 105/395/105 73/394/73
f 104/346/104 137/396/137 105/395/105
f 136/347/136 169/397/169 137/396/137
f 168/348/168 201/398/201 169/397/169
f 200/349/200 233/399/233 201/398/201
f 232/350/232 265/400/265 233/399/233
f 264/351/264 297/401/57 265/400/265
f 296/352/296 329/402/89 297/401/57
f 328/353/326 361/403/121 329/402/89
f 360/354/356 393/404/153 361/403/121
f 392/355/386 425/405/185 393/404/153
f 424/356/416 457/406/217 425/405/185
f 456/357/446 489/407/249 457/406/217
f 488/358/476 521/408/281 489/407/249
f 520/359/506 553/409/41 521/408/281
f 552/360/40 585/410/73 553/409/41
f 584/361/72 617/411/105 585/410/73
f 616/362/104 649/412/137 617/411/105
f 648/363/136 681/413/169 649/412/137
f 680/364/168 713/414/201 681/413/169
f 712/365/200 745/415/233 713/414/201
f 744/366/232 777/416/265 745/415/233
f 776/367/264 809/417/57 777/416/265
f 808/368/296 841/418/89 809/417/57
f 840/369/326 873/419/121 841/418/89
f 872/370/356 905/420/153 873/419/121
f 904/371/386 937/421/185 905/420/153
f 936/372/416 969/422/217 937/421/185
f 968/373/446 1001/423/249 969/422/217
f 1000/374/476 1033/424/281 1001/423/249
f 1032/375/506 1065/425/41 1033/424/281
f 1064/376/40 1097/426/73 1065/425/41
f 1096/377/72 1129/427/105 1097/426/73
f 1128/378/104 1161/428/137 1129/427/105
f 1160/379/136 1193/429/169 1161/428/137
f 1192/380/168 1225/430/201 1193/429/169
f 1224/381/200 1257/431/233 1225/430/201
f 1256/382/232 1289/432/265 1257/431/233
f 1288/383/264 1321/433/57 1289/432/265
f 1320/384/296 1353/434/89 1321/433/57
f 1352/385/326 1385/435/121 1353/434/89
f 1384/386/356 1417/436/153 1385/435/121
f 1416/387/386 1449/437/185 1417/436/153
f 1448/388/416 1481/438/217 1449/437/185
f 1480/389/446 1513/439/249 1481/438/217
f 1512/390/476 1545/440/550 1513/439/249
f 9/393/9 42/441/42 10/442/10
f 41/392/41 74/443/74 42/441/42
f 73/394/73 106/444/106 74/443/74
f 105/395/105 138/445/138 106/444/106
f 137/396/137 170/446/170 138/445/138
f 169/397/169 202/447/202 170/446/170
f 201/398/201 234/448/234 202/447/202
f 233/399/233 266/449/266 234/448/234
f 265/400/265 298/450/297 266/449/266
f 297/401/57 330/451/327 298/450/297
f 329/402/89 362/452/357 330/451/327
f 361/403/121 394/453/387 362/452/357
f 393/404/153 426/454/417 394/453/387
f 425/405/185 458/455/447 426/454/417
f 457/406/217 490/456/477 458/455/447
f 489/407/249 522/457/507 490/456/477
f 521/408/281 554/458/42 522/457/507
f 553/409/41 586/459/74 554/458/42
f 585/410/73 618/460/106 586/459/74
f 617/411/105 650/461/138 618/460/106
f 649/412/137 682/462/170 650/461/138
f 681/413/169 714/463/202 682/462/170
f 713/414/201 746/464/234 714/463/202
f 745/415/233 778/465/266 746/464/234
f 777/416/265 810/466/297 778/465/266
f 809/417/57 842/467/327 810/466/297
f 841/418/89 874/468/357 842/467/327
f 873/419/121 906/469/387 874/468/357
f 905/420/153 938/470/417 906/469/387
f 937/421/185 970/471/447 938/470/417
f 969/422/217 1002/472/477 970/471/447
f 1001/423/249 1034/473/507 1002/472/477
f 1033/424/281 1066/474/42 1034/473/507
f 1065/425/41 1098/475/74 1066/474/42
f 1097/426/73 1130/476/106 1098/475/74
f 1129/427/105 1162/477/138 1130/476/106
f 1161/428/137 1194/478/170 1162/477/138
f 1193/429/169 1226/479/202 1194/478/170
f 1225/430/201 1258/480/234 1226/479/202
f 1257/431/233 1290/481/266 1258/480/234
f 1289/432/265 1322/482/297 1290/481/266
f 1321/433/57 1354/483/327 1322/482/297
f 1353/434/89 1386/484/357 1354/483/327
f 1385/435/121 1418/485/387 1386/484/357
f 1417/436/153 1450/486/417 1418/485/387
f 1449/437/185 1482/487/447 1450/486/417
f 1481/438/217 1514/488/477 1482/487/447
f 1513/439/249 1546/489/551 1514/488/477
f 10/442/10 43/490/43 11/491/11
f 42/441/42 75/492/75 43/490/43
f 74/443/74 107/493/107 75/492/75
f 106/444/106 139/494/139 107/493/107
f 138/445/138 171/495/171 139/494/139
f 170/446/170 203/496/203 171/495/171
f 202/447/202 235/497/235 203/496/203
f 234/448/234 267/498/267 235/497/235
f 266/449/266 299/499/298 267/498/267
f 298/450/297 331/500/328 299/499/298
f 330/451/327 363/501/358 331/500/328
f 362/452/357 395/502/388 363/501/358
f 394/453/387 427/503/418 395/502/388
f 426/454/417 459/504/448 427/503/418
f 458/455/447 491/505/478 459/504/448
f 490/456/477 523/506/508 491/505/478
f 522/457/507 555/507/43 523/506/508
f 554/458/42 587/508/75 555/507/43
f 586/459/74 619/509/107 587/508/75
f 618/460/106 651/510/139 619/509/107
f 650/461/138 683/511/171 651/510/139
f 682/462/170 715/512/203 683/511/171
f 714/463/202 747/513/235 715/512/203
f 746/464/234 779/514/267 747/513/235
f 778/465/266 811/515/298 779/514/267
f 810/466/297 843/516/328 811/515/298
f 842/467/327 875/517/358 843/516/328
f 874/468/357 907/518/388 875/517/358
f 906/469/387 939/519/418 907/518/388
f 938/470/417 971/520/448 939/519/418
f 970/471/447 1003/521/478 971/520/448
f 1002/472/477 1035/522/508 1003/521/478
f 1034/473/507 1067/523/43 1035/522/508
f 1066/474/42 1099/524/75 1067/523/43
f 1098/475/74 1131/525/107 1099/524/75
f 1130/476/106 1163/526/139 1131/525/107
f 1162/477/138 1195/527/171 1163/526/139
f 1194/478/170 1227/528/203 1195/527/171
f 1226/479/202 1259/529/235 1227/528/203
f 1258/480/234 1291/530/267 1259/529/235
f 1290/481/266 1323/531/298 1291/530/267
f 1322/482/297 1355/532/328 1323/531/298
f 1354/483/327 1387/533/358 1355/532/328
f 1386/484/357 1419/534/388 1387/533/358
f 1418/485/387 1451/535/418 1419/534/388
f 1450/486/417 1483/536/448 1451/535/418
f 1482/487/447 1515/537/478 1483/536/448
f 1514/488/477 1547/538/552 1515/537/478
f 11/491/11 44/539/44 12/540/12
f 43/490/43 76/541/76 44/539/44
f 75/492/75 108/542/108 76/541/76
f 107/493/107 140/543/140 108/542/108
f 139/494/139 172/544/172 140/543/140
f 171/495/171 204/545/204 172/544/172
f 203/496/203 236/546/236 204/545/204
f 235/497/235 268/547/268 236/546/236
f 267/498/267 300/548/299 268/547/268
f 299/499/298 332/549/329 300/548/299
f 331/500/328 364/550/359 332/549/329
f 363/501/358 396/551/389 364/550/359
f 395/502/388 428/552/419 396/551/389
f 427/503/418 460/553/449 428/552/419
f 459/504/448 492/554/479 460/553/449
f 491/505/478 524/555/509 492/554/479
f 523/506/508 556/556/44 524/555/509
f 555/507/43 588/557/76 556/556/44
f 587/508/75 620/558/108 588/557/76
f 619/509/107 652/559/140 620/558/108
f 651/510/139 684/560/172 652/559/140
f 683/511/171 716/561/204 684/560/172
f 715/512/203 748/562/236 716/561/204
f 747/513/235 780/563/268 748/562/236
f 779/514/267 812/564/299 780/563/268
f 811/515/298 844/565/329 812/564/299
f 843/516/328 876/566/359 844/565/329
f 875/517/358 908/567/389 876/566/359
f 907/518/388 940/568/419 908/567/389
f 939/519/418 972/569/449 940/568/419
f 971/520/448 1004/570/479 972/569/449
f 1003/521/478 1036/571/509 1004/570/479
f 1035/522/508 1068/572/44 1036/571/509
f 1067/523/43 1100/573/76 1068/572/44
f 1099/524/75 1132/574/108 1100/573/76
f 1131/525/107 1164/575/140 1132/574/108
f 1163/526/139 1196/576/172 1164/575/140
f 1195/527/171 1228/577/204 1196/576/172
f 1227/528/203 1260/578/236 1228/577/204
f 1259/529/235 1292/579/268 1260/578/236
f 1291/530/267 1324/580/299 1292/579/268
f 1323/531/298 1356/581/329 1324/580/299
f 1355/532/328 1388/582/359 1356/581/329
f 1387/533/358 1420/583/389 1388/582/359
f 1419/534/388 1452/584/419 1420/583/389
f 1451/535/418 1484/585/449 1452/584/419
f 1483/536/448 1516/586/479 1484/585/449
f 1515/537/478 1548/587/553 1516/586/479
f 12/540/12 45/588/45 13/589/13
f 44/539/44 77/590/77 45/588/45
f 76/541/76 109/591/109 77/590/77
f 108/542/108 141/592/141 109/591/109
f 140/543/140 173/593/173 141/592/141
f 172/544/172 205/594/205 173/593/173
f 204/545/204 237/595/237 205/594/205
f 236/546/236 269/596/269 237/595/237
f 268/547/268 301/597/300 269/596/269
f 300/548/299 333/598/330 301/597/300
f 332/549/329 365/599/360 333/598/330
f 364/550/359 397/600/390 365/599/360
f 396/551/389 429/601/420 397/600/390
f 428/552/419 461/602/450 429/601/420
f 460/553/449 493/603/480 461/602/450
f 492/554/479 525/604/510 493/603/480
f 524/555/509 557/605/45 525/604/510
f 556/556/44 589/606/77 557/605/45
f 588/557/76 621/607/109 589/606/77
f 620/558/108 653/608/141 621/607/109
f 652/559/140 685/609/173 653/608/141
f 684/560/172 717/610/205 685/609/173
f 716/561/204 749/611/237 717/610/205
f 748/562/236 781/612/269 749/611/237
f 780/563/268 813/613/300 781/612/269
f 812/564/299 845/614/330 813/613/300
f 844/565/329 877/615/360 845/614/330
f 876/566/359 909/616/390 877/615/360
f 908/567/389 941/617/420 909/616/390
f 940/568/419 973/618/450 941/617/420
f 972/569/449 1005/619/480 973/618/450
f 1004/570/479 1037/620/510 1005/619/480
f 1036/571/509 1069/621/45 1037/620/510
f 1068/572/44 1101/622/77 1069/621/45
f 1100/573/76 1133/623/109 1101/622/77
f 1132/574/108 1165/624/141 1133/623/109
f 1164/575/140 1197/625/173 1165/624/141
f 1196/576/172 1229/626/205 1197/625/173
f 1228/577/204 1261/627/237 1229/626/205
f 1260/578/236 1293/628/269 1261/627/237
f 1292/579/268 1325/629/300 1293/628/269
f 1324/580/299 1357/630/330 1325/629/300
f 1356/581/329 1389/631/539 1357/630/330
f 1388/582/359 1421/632/390 1389/631/539
f 1420/583/389 1453/633/420 1421/632/390
f 1452/584/419 1485/634/450 1453/633/420
f 1484/585/449 1517/635/480 1485/634/450
f 1516/586/479 1549/636/554 1517/635/480
f 13/589/13 46/637/46 14/638/14
f 45/588/45 78/639/78 46/637/46
f 77/590/77 110/640/110 78/639/78
f 109/591/109 142/641/142 110/640/110
f 141/592/141 174/642/174 142/641/142
f 173/593/173 206/643/206 174/642/174
f 205/594/205 238/644/238 206/643/206
f 237/595/237 270/645/270 238/644/238
f 269/596/269 302/646/301 270/645/270
f 301/597/300 334/647/331 302/646/301
f 333/598/330 366/648/361 334/647/331
f 365/599/360 398/649/391 366/648/361
f 397/600/390 430/650/421 398/649/391
f 429/601/420 462/651/451 430/650/421
f 461/602/450 494/652/481 462/651/451
f 493/603/480 526/653/511 494/652/481
f 525/604/510 558/654/46 526/653/511
f 557/605/45 590/655/78 558/654/46
f 589/606/77 622/656/110 590/655/78
f 621/607/109 654/657/142 622/656/110
f 653/608/141 686/658/174 654/657/142
f 685/609/173 718/659/206 686/658/174
f 717/610/205 750/660/238 718/659/206
f 749/611/237 782/661/270 750/660/238
f 781/612/269 814/662/301 782/661/270
f 813/613/300 846/663/331 814/662/301
f 845/614/330 878/664/361 846/663/331
f 877/615/360 910/665/391 878/664/361
f 909/616/390 942/666/421 910/665/391
f 941/617/420 974/667/451 942/666/421
f 973/618/450 1006/668/481 974/667/451
f 1005/619/480 1038/669/511 1006/668/481
f 1037/620/510 1070/670/46 1038/669/511
f 1069/621/45 1102/671/78 1070/670/46
f 1101/622/77 1134/672/110 1102/671/78
f 1133/623/109 1166/673/142 1134/672/110
f 1165/624/141 1198/674/174 1166/673/142
f 1197/625/173 1230/675/206 1198/674/174
f 1229/626/205 1262/676/238 1230/675/206
f 1261/627/237 1294/677/270 1262/676/238
f 1293/628/269 1326/678/301 1294/677/270
f 1325/629/300 1358/679/331 1326/678/301
f 1357/630/330 1390/680/361 1358/679/331
f 1389/631/539 1422/681/391 1390/680/361
f 1421/632/390 1454/682/421 1422/681/391
f 1453/633/420 1486/683/451 1454/682/421
f 1485/634/450 1518/684/481 1486/683/451
f 1517/635/480 1550/685/555 1518/684/481
f 14/638/14 47/686/47 15/687/15
f 46/637/46 79/688/79 47/686/47
f 78/639/78 111/689/111 79/688/79
f 110/640/110 143/690/143 111/689/111
f 142/641/142 175/691/175 143/690/143
f 174/642/174 207/692/207 175/691/175
f 206/643/206 239/693/239 207/692/207
f 238/644/238 271/694/271 239/693/239
f 270/645/270 303/695/302 271/694/271
f 302/646/301 335/696/332 303/695/302
f 334/647/331 367/697/362 335/696/332
f 366/648/361 399/698/392 367/697/362
f 398/649/391 431/699/422 399/698/392
f 430/650/421 463/700/452 431/699/422
f 462/651/451 495/701/482 463/700/452
f 494/652/481 527/702/512 495/701/482
f 526/653/511 559/703/47 527/702/512
f 558/654/46 591/704/79 559/703/47
f 590/655/78 623/705/111 591/704/79
f 622/656/110 655/706/143 623/705/111
f 654/657/142 687/707/175 655/706/143
f 686/658/174 719/708/207 687/707/175
f 718/659/206 751/709/239 719/708/207
f 750/660/238 783/710/271 751/709/239
f 782/661/270 815/711/302 783/710/271
f 814/662/301 847/712/332 815/711/302
f 846/663/331 879/713/362 847/712/332
f 878/664/361 911/714/392 879/713/362
f 910/665/391 943/715/422 911/714/392
f 942/666/421 975/716/452 943/715/422
f 974/667/451 1007/717/482 975/716/452
f 1006/668/481 1039/718/512 1007/717/482
f 1038/669/511 1071/719/47 1039/718/512
f 1070/670/46 1103/720/79 1071/719/47
f 1102/671/78 1135/721/111 1103/720/79
f 1134/672/110 1167/722/143 1135/721/111
f 1166/673/142 1199/723/175 1167/722/143
f 1198/674/174 1231/724/207 1199/723/175
f 1230/675/206 1263/725/239 1231/724/207
f 1262/676/238 1295/726/271 1263/725/239
f 1294/677/270 1327/727/302 1295/726/271
f 1326/678/301 1359/728/332 1327/727/302
f 1358/679/331 1391/729/362 1359/728/332
f 1390/680/361 1423/730/392 1391/729/362
f 1422/681/391 1455/731/541 1423/730/392
f 1454/682/421 1487/732/452 1455/731/541
f 1486/683/451 1519/733/482 1487/732/452
f 1518/684/481 1551/734/556 1519/733/482
f 15/687/15 48/735/48 16/736/16
f 47/686/47 80/737/80 48/735/48
f 79/688/79 112/738/112 80/737/80
f 111/689/111 144/739/144 112/738/112
f 143/690/143 176/740/176 144/739/144
f 175/691/175 208/741/208 176/740/176
f 207/692/207 240/742/240 208/741/208
f 239/693/239 272/743/272 240/742/240
f 271/694/271 304/744/303 272/743/272
f 303/695/302 336/745/333 304/744/303
f 335/696/332 368/746/363 336/745/333
f 367/697/362 400/747/393 368/746/363
f 399/698/392 432/748/423 400/747/393
f 431/699/422 464/749/453 432/748/423
f 463/700/452 496/750/483 464/749/453
f 495/701/482 528/751/513 496/750/483
f 527/702/512 560/752/48 528/751/513
f 559/703/47 592/753/80 560/752/48
f 591/704/79 624/754/112 592/753/80
f 623/705/111 656/755/144 624/754/112
f 655/706/143 688/756/176 656/755/144
f 687/707/175 720/757/208 688/756/176
f 719/708/207 752/758/240 720/757/208
f 751/709/239 784/759/272 752/758/240
f 783/710/271 816/760/303 784/759/272
f 815/711/302 848/761/333 816/760/303
f 847/712/332 880/762/363 848/761/333
f 879/713/362 912/763/393 880/762/363
f 911/714/392 944/764/423 912/763/393
f 943/715/422 976/765/453 944/764/423
f 975/716/452 1008/766/483 976/765/453
f 1007/717/482 1040/767/513 1008/766/483
f 1039/718/512 1072/768/48 1040/767/513
f 1071/719/47 1104/769/80 1072/768/48
f 1103/720/79 1136/770/112 1104/769/80
f 1135/721/111 1168/771/144 1136/770/112
f 1167/722/143 1200/772/176 1168/771/144
f 1199/723/175 1232/773/208 1200/772/176
f 1231/724/207 1264/774/240 1232/773/208
f 1263/725/239 1296/775/272 1264/774/240
f 1295/726/271 1328/776/303 1296/775/272
f 1327/727/302 1360/777/333 1328/776/303
f 1359/728/332 1392/778/363 1360/777/333
f 1391/729/362 1424/779/393 1392/778/363
f 1423/730/392 1456/780/423 1424/779/393
f 1455/731/541 1488/781/453 1456/780/423
f 1487/732/452 1520/782/483 1488/781/453
f 1519/733/482 1552/783/557 1520/782/483
f 16/736/16 49/784/49 17/785/17
f 48/735/48 81/786/81 49/784/49
f 80/737/80 113/787/113 81/786/81
f 112/738/112 145/788/145 113/787/113
f 144/739/144 177/789/177 145/788/145
f 176/740/176 209/790/209 177/789/177
f 208/741/208 241/791/241 209/790/209
f 240/742/240 273/792/273 241/791/241
f 272/743/272 305/793/304 273/792/273
f 304/744/303 337/794/334 305/793/304
f 336/745/333 369/795/364 337/794/334
f 368/746/363 401/796/394 369/795/364
f 400/747/393 433/797/424 401/796/394
f 432/748/423 465/798/454 433/797/424
f 464/749/453 497/799/484 465/798/454
f 496/750/483 529/800/514 497/799/484
f 528/751/513 561/801/49 529/800/514
f 560/752/48 593/802/81 561/801/49
f 592/753/80 625/803/113 593/802/81
f 624/754/112 657/804/145 625/803/113
f 656/755/144 689/805/177 657/804/145
f 688/756/176 721/806/209 689/805/177
f 720/757/208 753/807/241 721/806/209
f 752/758/240 785/808/273 753/807/241
f 784/759/272 817/809/304 785/808/273
f 816/760/303 849/810/334 817/809/304
f 848/761/333 881/811/364 849/810/334
f 880/762/363 913/812/394 881/811/364
f 912/763/393 945/813/533 913/812/394
f 944/764/423 977/814/454 945/813/533
f 976/765/453 1009/815/484 977/814/454
f 1008/766/483 1041/816/514 1009/815/484
f 1040/767/513 1073/817/49 1041/816/514
f 1072/768/48 1105/818/81 1073/817/49
f 1104/769/80 1137/819/536 1105/818/81
f 1136/770/112 1169/820/145 1137/819/536
f 1168/771/144 1201/821/177 1169/820/145
f 1200/772/176 1233/822/209 1201/821/177
f 1232/773/208 1265/823/241 1233/822/209
f 1264/774/240 1297/824/273 1265/823/241
f 1296/775/272 1329/825/304 1297/824/273
f 1328/776/303 1361/826/334 1329/825/304
f 1360/777/333 1393/827/364 1361/826/334
f 1392/778/363 1425/828/394 1393/827/364
f 1424/779/393 1457/829/424 1425/828/394
f 1456/780/423 1489/830/454 1457/829/424
f 1488/781/453 1521/831/484 1489/830/454
f 1520/782/483 1553/832/558 1521/831/484
f 18/736/18 49/784/49 50/735/50
f 50/735/50 81/786/81 82/737/82
f 82/737/82 113/787/113 114/738/114
f 114/738/114 145/788/145 146/739/146
f 146/739/146 177/789/177 178/740/178
f 178/740/178 209/790/209 210/741/210
f 210/741/210 241/791/241 242/742/242
f 242/742/242 273/792/273 274/743/274
f 274/743/274 305/793/304 306/744/305
f 306/744/305 337/794/334 338/745/335
f 338/745/335 369/795/364 370/746/365
f 370/746/365 401/796/394 402/747/395
f 402/747/395 433/797/424 434/748/425
f 434/748/425 465/798/454 466/749/455
f 466/749/455 497/799/484 498/750/485
f 498/750/485 529/800/514 530/751/515
f 530/751/515 561/801/49 562/752/50
f 562/752/50 593/802/81 594/753/82
f 594/753/82 625/803/113 626/754/114
f 626/754/114 657/804/145 658/755/146
f 658/755/146 689/805/177 690/756/178
f 690/756/178 721/806/209 722/757/210
f 722/757/210 753/807/241 754/758/242
f 754/758/242 785/808/273 786/759/274
f 786/759/274 817/809/304 818/760/305
f 818/760/305 849/810/334 850/761/335
f 850/761/335 881/811/364 882/762/365
f 882/762/365 913/812/394 914/763/395
f 914/763/395 945/813/533 946/764/425
f 946/764/425 977/814/454 978/765/455
f 978/765/455 1009/815/484 1010/766/485
f 1010/766/485 1041/816/514 1042/767/515
f 1042/767/515 1073/817/49 1074/768/50
f 1074/768/50 1105/818/81 1106/769/82
f 1106/769/82 1137/819/536 1138/770/114
f 1138/770/114 1169/820/145 1170/771/146
f 1170/771/146 1201/821/177 1202/772/178
f 1202/772/178 1233/822/209 1234/773/210
f 1234/773/210 1265/823/241 1266/774/242
f 1266/774/242 1297/824/273 1298/775/274
f 1298/775/274 1329/825/304 1330/776/305
f 1330/776/305 1361/826/334 1362/777/335
f 1362/777/335 1393/827/364 1394/778/365
f 1394/778/365 1425/828/394 1426/779/395
f 1426/779/395 1457/829/424 1458/780/425
f 1458/780/425 1489/830/454 1490/781/455
f 1490/781/455 1521/831/484 1522/782/485
f 1522/782/485 1553/832/558 1554/783/559
f 19/687/19 50/735/50 51/686/51
f 51/686/51 82/737/82 83/688/83
f 83/688/83 114/738/114 115/689/115
f 115/689/115 146/739/146 147/690/147
f 147/690/147 178/740/178 179/691/179
f 179/691/179 210/741/210 211/692/211
f 211/692/211 242/742/242 243/693/243
f 243/693/243 274/743/274 275/694/275
f 275/694/275 306/744/305 307/695/306
f 307/695/306 338/745/335 339/696/336
f 339/696/336 370/746/365 371/697/366
f 371/697/366 402/747/395 403/698/396
f 403/698/396 434/748/425 435/699/426
f 435/699/426 466/749/455 467/700/456
f 467/700/456 498/750/485 499/701/486
f 499/701/486 530/751/515 531/702/516
f 531/702/516 562/752/50 563/703/51
f 563/703/51 594/753/82 595/704/83
f 595/704/83 626/754/114 627/705/115
f 627/705/115 658/755/146 659/706/147
f 659/706/147 690/756/178 691/707/179
f 691/707/179 722/757/210 723/708/211
f 723/708/211 754/758/242 755/709/243
f 755/709/243 786/759/274 787/710/275
f 787/710/275 818/760/305 819/711/306
f 819/711/306 850/761/335 851/712/336
f 851/712/336 882/762/365 883/713/366
f 883/713/366 914/763/395 915/714/396
f 915/714/396 946/764/425 947/715/426
f 947/715/426 978/765/455 979/716/456
f 979/716/456 1010/766/485 1011/717/486
f 1011/717/486 1042/767/515 1043/718/516
f 1043/718/516 1074/768/50 1075/719/51
f 1075/719/51 1106/769/82 1107/720/83
f 1107/720/83 1138/770/114 1139/721/115
f 1139/721/115 1170/771/146 1171/722/147
f 1171/722/147 1202/772/178 1203/723/179
f 1203/723/179 1234/773/210 1235/724/211
f 1235/724/211 1266/774/242 1267/725/243
f 1267/725/243 1298/775/274 1299/726/275
f 1299/726/275 1330/776/305 1331/727/306
f 1331/727/306 1362/777/335 1363/728/336
f 1363/728/336 1394/778/365 1395/729/366
f 1395/729/366 1426/779/395 1427/730/396
f 1427/730/396 1458/780/425 1459/731/426
f 1459/731/426 1490/781/455 1491/732/456
f 1491/732/456 1522/782/485 1523/733/486
f 1523/733/486 1554/783/559 1555/734/560
f 20/638/20 51/686/51 52/637/52
f 52/637/52 83/688/83 84/639/84
f 84/639/84 115/689/115 116/640/116
f 116/640/116 147/690/147 148/641/148
f 148/641/148 179/691/179 180/642/180
f 180/642/180 211/692/211 212/643/212
f 212/643/212 243/693/243 244/644/244
f 244/644/244 275/694/275 276/645/276
f 276/645/276 307/695/306 308/646/307
f 308/646/307 339/696/336 340/647/337
f 340/647/337 371/697/366 372/648/367
f 372/648/367 403/698/396 404/649/397
f 404/649/397 435/699/426 436/650/427
f 436/650/427 467/700/456 468/651/457
f 468/651/457 499/701/486 500/652/487
f 500/652/487 531/702/516 532/653/517
f 532/653/517 563/703/51 564/654/52
f 564/654/52 595/704/83 596/655/84
f 596/655/84 627/705/115 628/656/116
f 628/656/116 659/706/147 660/657/148
f 660/657/148 691/707/179 692/658/180
f 692/658/180 723/708/211 724/659/212
f 724/659/212 755/709/243 756/660/244
f 756/660/244 787/710/275 788/661/276
f 788/661/276 819/711/306 820/662/307
f 820/662/307 851/712/336 852/663/337
f 852/663/337 883/713/366 884/664/367
f 884/664/367 915/714/396 916/665/397
f 916/665/397 947/715/426 948/666/427
f 948/666/427 979/716/456 980/667/457
f 980/667/457 1011/717/486 1012/668/487
f 1012/668/487 1043/718/516 1044/669/517
f 1044/669/517 1075/719/51 1076/670/52
f 1076/670/52 1107/720/83 1108/671/84
f 1108/671/84 1139/721/115 1140/672/116
f 1140/672/116 1171/722/147 1172/673/148
f 1172/673/148 1203/723/179 1204/674/180
f 1204/674/180 1235/724/211 1236/675/212
f 1236/675/212 1267/725/243 1268/676/244
f 1268/676/244 1299/726/275 1300/677/276
f 1300/677/276 1331/727/306 1332/678/307
f 1332/678/307 1363/728/336 1364/679/337
f 1364/679/337 1395/729/366 1396/680/367
f 1396/680/367 1427/730/396 1428/681/397
f 1428/681/397 1459/731/426 1460/682/427
f 1460/682/427 1491/732/456 1492/683/457
f 1492/683/457 1523/733/486 1524/684/487
f 1524/684/487 1555/734/560 1556/685/561
f 21/589/21 52/637/52 53/588/53
f 53/588/53 84/639/84 85/590/85
f 85/590/85 116/640/116 117/591/117
f 117/591/117 148/641/148 149/592/149
f 149/592/149 180/642/180 181/593/181
f 181/593/181 212/643/212 213/594/213
f 213/594/213 244/644/244 245/595/245
f 245/595/245 276/645/276 277/596/277
f 277/596/277 308/646/307 309/597/308
f 309/597/308 340/647/337 341/598/338
f 341/598/338 372/648/367 373/599/368
f 373/599/368 404/649/397 405/600/398
f 405/600/398 436/650/427 437/601/428
f 437/601/428 468/651/457 469/602/458
f 469/602/458 500/652/487 501/603/488
f 501/603/488 532/653/517 533/604/518
f 533/604/518 564/654/52 565/605/53
f 565/605/53 596/655/84 597/606/85
f 597/606/85 628/656/116 629/607/117
f 629/607/117 660/657/148 661/608/149
f 661/608/149 692/658/180 693/609/181
f 693/609/181 724/659/212 725/610/213
f 725/610/213 756/660/244 757/611/245
f 757/611/245 788/661/276 789/612/277
f 789/612/277 820/662/307 821/613/308
f 821/613/308 852/663/337 853/614/338
f 853/614/338 884/664/367 885/615/368
f 885/615/368 916/665/397 917/616/398
f 917/616/398 948/666/427 949/617/428
f 949/617/428 980/667/457 981/618/458
f 981/618/458 1012/668/487 1013/619/488
f 1013/619/488 1044/669/517 1045/620/518
f 1045/620/518 1076/670/52 1077/621/53
f 1077/621/53 1108/671/84 1109/622/85
f 1109/622/85 1140/672/116 1141/623/117
f 1141/623/117 1172/673/148 1173/624/149
f 1173/624/149 1204/674/180 1205/625/181
f 1205/625/181 1236/675/212 1237/626/213
f 1237/626/213 1268/676/244 1269/627/245
f 1269/627/245 1300/677/276 1301/628/277
f 1301/628/277 1332/678/307 1333/629/308
f 1333/629/308 1364/679/337 1365/630/338
f 1365/630/338 1396/680/367 1397/631/368
f 1397/631/368 1428/681/397 1429/632/398
f 1429/632/398 1460/682/427 1461/633/428
f 1461/633/428 1492/683/457 1493/634/458
f 1493/634/458 1524/684/487 1525/635/488
f 1525/635/488 1556/685/561 1557/636/562
f 22/540/22 53/588/53 54/539/54
f 54/539/54 85/590/85 86/541/86
f 86/541/86 117/591/117 118/542/118
f 118/542/118 149/592/149 150/543/150
f 150/543/150 181/593/181 182/544/182
f 182/544/182 213/594/213 214/545/214
f 214/545/214 245/595/245 246/546/246
f 246/546/246 277/596/277 278/547/278
f 278/547/278 309/597/308 310/548/309
f 310/548/309 341/598/338 342/549/339
f 342/549/339 373/599/368 374/550/369
f 374/550/369 405/600/398 406/551/399
f 406/551/399 437/601/428 438/552/429
f 438/552/429 469/602/458 470/553/459
f 470/553/459 501/603/488 502/554/489
f 502/554/489 533/604/518 534/555/519
f 534/555/519 565/605/53 566/556/54
f 566/556/54 597/606/85 598/557/86
f 598/557/86 629/607/117 630/558/118
f 630/558/118 661/608/149 662/559/150
f 662/559/150 693/609/181 694/560/182
f 694/560/182 725/610/213 726/561/214
f 726/561/214 757/611/245 758/562/246
f 758/562/246 789/612/277 790/563/278
f 790/563/278 821/613/308 822/564/309
f 822/564/309 853/614/338 854/565/339
f 854/565/339 885/615/368 886/566/369
f 886/566/369 917/616/398 918/567/399
f 918/567/399 949/617/428 950/568/429
f 950/568/429 981/618/458 982/569/459
f 982/569/459 1013/619/488 1014/570/489
f 1014/570/489 1045/620/518 1046/571/519
f 1046/571/519 1077/621/53 1078/572/54
f 1078/572/54 1109/622/85 1110/573/86
f 1110/573/86 1141/623/117 1142/574/118
f 1142/574/118 1173/624/149 1174/575/150
f 1174/575/150 1205/625/181 1206/576/182
f 1206/576/182 1237/626/213 1238/577/214
f 1238/577/214 1269/627/245 1270/578/246
f 1270/578/246 1301/628/277 1302/579/278
f 1302/579/278 1333/629/308 1334/580/309
f 1334/580/309 1365/630/338 1366/581/339
f 1366/581/339 1397/631/368 1398/582/369
f 1398/582/369 1429/632/398 1430/583/399
f 1430/583/399 1461/633/428 1462/584/429
f 1462/584/429 1493/634/458 1494/585/459
f 1494/585/459 1525/635/488 1526/586/489
f 1526/586/489 1557/636/562 1558/587/563
f 23/491/23 54/539/54 55/490/55
f 55/490/55 86/541/86 87/492/87
f 87/492/87 118/542/118 119/493/119
f 119/493/119 150/543/150 151/494/151
f 151/494/151 182/544/182 183/495/183
f 183/495/183 214/545/214 215/496/215
f 215/496/215 246/546/246 247/497/247
f 247/497/247 278/547/278 279/498/279
f 279/498/279 310/548/309 311/499/310
f 311/499/310 342/549/339 343/500/340
f 343/500/340 374/550/369 375/501/370
f 375/501/370 406/551/399 407/502/400
f 407/502/400 438/552/429 439/503/430
f 439/503/430 470/553/459 471/504/460
f 471/504/460 502/554/489 503/505/490
f 503/505/490 534/555/519 535/506/520
f 535/506/520 566/556/54 567/507/55
f 567/507/55 598/557/86 599/508/87
f 599/508/87 630/558/118 631/509/119
f 631/509/119 662/559/150 663/510/151
f 663/510/151 694/560/182 695/511/183
f 695/511/183 726/561/214 727/512/215
f 727/512/215 758/562/246 759/513/247
f 759/513/247 790/563/278 791/514/279
f 791/514/279 822/564/309 823/515/310
f 823/515/310 854/565/339 855/516/340
f 855/516/340 886/566/369 887/517/370
f 887/517/370 918/567/399 919/518/400
f 919/518/400 950/568/429 951/519/430
f 951/519/430 982/569/459 983/520/460
f 983/520/460 1014/570/489 1015/521/490
f 1015/521/490 1046/571/519 1047/522/520
f 1047/522/520 1078/572/54 1079/523/55
f 1079/523/55 1110/573/86 1111/524/87
f 1111/524/87 1142/574/118 1143/525/119
f 1143/525/119 1174/575/150 1175/526/151
f 1175/526/151 1206/576/182 1207/527/183
f 1207/527/183 1238/577/214 1239/528/215
f 1239/528/215 1270/578/246 1271/529/247
f 1271/529/247 1302/579/278 1303/530/279
f 1303/530/279 1334/580/309 1335/531/310
f 1335/531/310 1366/581/339 1367/532/340
f 1367/532/340 1398/582/369 1399/533/370
f 1399/533/370 1430/583/399 1431/534/400
f 1431/534/400 1462/584/429 1463/535/430
f 1463/535/430 1494/585/459 1495/536/460
f 1495/536/460 1526/586/489 1527/537/490
f 1527/537/490 1558/587/563 1559/538/564
f 24/442/24 55/490/55 56/441/56
f 56/441/56 87/492/87 88/443/88
f 88/443/88 119/493/119 120/444/120
f 120/444/120 151/494/151 152/445/152
f 152/445/152 183/495/183 184/446/184
f 184/446/184 215/496/215 216/447/216
f 216/447/216 247/497/247 248/448/248
f 248/448/248 279/498/279 280/449/280
f 280/449/280 311/499/310 312/450/311
f 312/450/311 343/500/340 344/451/341
f 344/451/341 375/501/370 376/452/371
f 376/452/371 407/502/400 408/453/401
f 408/453/401 439/503/430 440/454/431
f 440/454/431 471/504/460 472/455/461
f 472/455/461 503/505/490 504/456/491
f 504/456/491 535/506/520 536/457/521
f 536/457/521 567/507/55 568/458/56
f 568/458/56 599/508/87 600/459/88
f 600/459/88 631/509/119 632/460/120
f 632/460/120 663/510/151 664/461/529
f 664/461/529 695/511/183 696/462/184
f 696/462/184 727/512/215 728/463/216
f 728/463/216 759/513/247 760/464/248
f 760/464/248 791/514/279 792/465/280
f 792/465/280 823/515/310 824/466/311
f 824/466/311 855/516/340 856/467/341
f 856/467/341 887/517/370 888/468/371
f 888/468/371 919/518/400 920/469/401
f 920/469/401 951/519/430 952/470/431
f 952/470/431 983/520/460 984/471/461
f 984/471/461 1015/521/490 1016/472/491
f 1016/472/491 1047/522/520 1048/473/521
f 1048/473/521 1079/523/55 1080/474/56
f 1080/474/56 1111/524/87 1112/475/88
f 1112/475/88 1143/525/119 1144/476/120
f 1144/476/120 1175/526/151 1176/477/152
f 1176/477/152 1207/527/183 1208/478/184
f 1208/478/184 1239/528/215 1240/479/216
f 1240/479/216 1271/529/247 1272/480/248
f 1272/480/248 1303/530/279 1304/481/537
f 1304/481/537 1335/531/310 1336/482/311
f 1336/482/311 1367/532/340 1368/483/341
f 1368/483/341 1399/533/370 1400/484/371
f 1400/484/371 1431/534/400 1432/485/401
f 1432/485/401 1463/535/430 1464/486/431
f 1464/486/431 1495/536/460 1496/487/461
f 1496/487/461 1527/537/490 1528/488/491
f 1528/488/491 1559/538/564 1560/489/565
f 25/393/25 56/441/56 57/392/57
f 57/392/57 88/443/88 89/394/89
f 89/394/89 120/444/120 121/395/121
f 121/395/121 152/445/152 153/396/153
f 153/396/153 184/446/184 185/397/185
f 185/397/185 216/447/216 217/398/217
f 217/398/217 248/448/248 249/399/249
f 249/399/249 280/449/280 281/400/281
f 281/400/281 312/450/311 313/401/41
f 313/401/41 344/451/341 345/402/73
f 345/402/73 376/452/371 377/403/105
f 377/403/105 408/453/401 409/404/137
f 409/404/137 440/454/431 441/405/169
f 441/405/169 472/455/461 473/406/201
f 473/406/201 504/456/491 505/407/233
f 505/407/233 536/457/521 537/408/265
f 537/408/265 568/458/56 569/409/57
f 569/409/57 600/459/88 601/410/89
f 601/410/89 632/460/120 633/411/121
f 633/411/121 664/461/529 665/412/153
f 665/412/153 696/462/184 697/413/185
f 697/413/185 728/463/216 729/414/217
f 729/414/217 760/464/248 761/415/249
f 761/415/249 792/465/280 793/416/281
f 793/416/281 824/466/311 825/417/41
f 825/417/41 856/467/341 857/418/73
f 857/418/73 888/468/371 889/419/105
f 889/419/105 920/469/401 921/420/137
f 921/420/137 952/470/431 953/421/169
f 953/421/169 984/471/461 985/422/201
f 985/422/201 1016/472/491 1017/423/233
f 1017/423/233 1048/473/521 1049/424/265
f 1049/424/265 1080/474/56 1081/425/57
f 1081/425/57 1112/475/88 1113/426/89
f 1113/426/89 1144/476/120 1145/427/121
f 1145/427/121 1176/477/152 1177/428/153
f 1177/428/153 1208/478/184 1209/429/185
f 1209/429/185 1240/479/216 1241/430/217
f 1241/430/217 1272/480/248 1273/431/249
f 1273/431/249 1304/481/537 1305/432/281
f 1305/432/281 1336/482/311 1337/433/41
f 1337/433/41 1368/483/341 1369/434/73
f 1369/434/73 1400/484/371 1401/435/105
f 1401/435/105 1432/485/401 1433/436/137
f 1433/436/137 1464/486/431 1465/437/169
f 1465/437/169 1496/487/461 1497/438/201
f 1497/438/201 1528/488/491 1529/439/233
f 1529/439/233 1560/489/565 1561/440/566
f 26/344/26 57/392/57 58/343/58
f 58/343/58 89/394/89 90/345/90
f 90/345/90 121/395/121 122/346/122
f 122/346/122 153/396/153 154/347/154
f 154/347/154 185/397/185 186/348/186
f 186/348/186 217/398/217 218/349/218
f 218/349/218 249/399/249 250/350/250
f 250/350/250 281/400/281 282/351/282
f 282/351/282 313/401/41 314/352/312
f 314/352/312 345/402/73 346/353/342
f 346/353/342 377/403/105 378/354/372
f 378/354/372 409/404/137 410/355/402
f 410/355/402 441/405/169 442/356/432
f 442/356/432 473/406/201 474/357/462
f 474/357/462 505/407/233 506/358/492
f 506/358/492 537/408/265 538/359/522
f 538/359/522 569/409/57 570/360/58
f 570/360/58 601/410/89 602/361/90
f 602/361/90 633/411/121 634/362/122
f 634/362/122 665/412/153 666/363/530
f 666/363/530 697/413/185 698/364/186
f 698/364/186 729/414/217 730/365/218
f 730/365/218 761/415/249 762/366/250
f 762/366/250 793/416/281 794/367/531
f 794/367/531 825/417/41 826/368/312
f 826/368/312 857/418/73 858/369/342
f 858/369/342 889/419/105 890/370/372
f 890/370/372 921/420/137 922/371/402
f 922/371/402 953/421/169 954/372/432
f 954/372/432 985/422/201 986/373/462
f 986/373/462 1017/423/233 1018/374/492
f 1018/374/492 1049/424/265 1050/375/534
f 1050/375/534 1081/425/57 1082/376/58
f 1082/376/58 1113/426/89 1114/377/90
f 1114/377/90 1145/427/121 1146/378/122
f 1146/378/122 1177/428/153 1178/379/530
f 1178/379/530 1209/429/185 1210/380/186
f 1210/380/186 1241/430/217 1242/381/218
f 1242/381/218 1273/431/249 1274/382/250
f 1274/382/250 1305/432/281 1306/383/282
f 1306/383/282 1337/433/41 1338/384/312
f 1338/384/312 1369/434/73 1370/385/342
f 1370/385/342 1401/435/105 1402/386/372
f 1402/386/372 1433/436/137 1434/387/540
f 1434/387/540 1465/437/169 1466/388/432
f 1466/388/432 1497/438/201 1498/389/462
f 1498/389/462 1529/439/233 1530/390/492
f 1530/390/492 1561/440/566 1562/391/567
f 27/295/27 58/343/58 59/294/59
f 59/294/59 90/345/90 91/296/91
f 91/296/91 122/346/122 123/297/123
f 123/297/123 154/347/154 155/298/155
f 155/298/155 186/348/186 187/299/187
f 187/299/187 218/349/218 219/300/219
f 219/300/219 250/350/250 251/301/251
f 251/301/251 282/351/282 283/302/283
f 283/302/283 314/352/312 315/303/313
f 315/303/313 346/353/342 347/304/343
f 347/304/343 378/354/372 379/305/373
f 379/305/373 410/355/402 411/306/403
f 411/306/403 442/356/432 443/307/433
f 443/307/433 474/357/462 475/308/463
f 475/308/463 506/358/492 507/309/493
f 507/309/493 538/359/522 539/310/523
f 539/310/523 570/360/58 571/311/59
f 571/311/59 602/361/90 603/312/91
f 603/312/91 634/362/122 635/313/123
f 635/313/123 666/363/530 667/314/155
f 667/314/155 698/364/186 699/315/187
f 699/315/187 730/365/218 731/316/219
f 731/316/219 762/366/250 763/317/251
f 763/317/251 794/367/531 795/318/283
f 795/318/283 826/368/312 827/319/313
f 827/319/313 858/369/342 859/320/343
f 859/320/343 890/370/372 891/321/373
f 891/321/373 922/371/402 923/322/403
f 923/322/403 954/372/432 955/323/433
f 955/323/433 986/373/462 987/324/463
f 987/324/463 1018/374/492 1019/325/493
f 1019/325/493 1050/375/534 1051/326/523
f 1051/326/523 1082/376/58 1083/327/59
f 1083/327/59 1114/377/90 1115/328/91
f 1115/328/91 1146/378/122 1147/329/123
f 1147/329/123 1178/379/530 1179/330/155
f 1179/330/155 1210/380/186 1211/331/187
f 1211/331/187 1242/381/218 1243/332/219
f 1243/332/219 1274/382/250 1275/333/251
f 1275/333/251 1306/383/282 1307/334/283
f 1307/334/283 1338/384/312 1339/335/313
f 1339/335/313 1370/385/342 1371/336/343
f 1371/336/343 1402/386/372 1403/337/373
f 1403/337/373 1434/387/540 1435/338/403
f 1435/338/403 1466/388/432 1467/339/433
f 1467/339/433 1498/389/462 1499/340/463
f 1499/340/463 1530/390/492 1531/341/493
f 1531/341/493 1562/391/567 1563/342/568
f 28/246/28 59/294/59 60/245/60
f 60/245/60 91/296/91 92/247/92
f 92/247/92 123/297/123 124/248/124
f 124/248/124 155/298/155 156/249/156
f 156/249/156 187/299/187 188/250/188
f 188/250/188 219/300/219 220/251/220
f 220/251/220 251/301/251 252/252/252
f 252/252/252 283/302/283 284/253/284
f 284/253/284 315/303/313 316/254/314
f 316/254/314 347/304/343 348/255/344
f 348/255/344 379/305/373 380/256/374
f 380/256/374 411/306/403 412/257/404
f 412/257/404 443/307/433 444/258/434
f 444/258/434 475/308/463 476/259/464
f 476/259/464 507/309/493 508/260/494
f 508/260/494 539/310/523 540/261/524
f 540/261/524 571/311/59 572/262/60
f 572/262/60 603/312/91 604/263/92
f 604/263/92 635/313/123 636/264/124
f 636/264/124 667/314/155 668/265/156
f 668/265/156 699/315/187 700/266/188
f 700/266/188 731/316/219 732/267/220
f 732/267/220 763/317/251 764/268/252
f 764/268/252 795/318/283 796/269/284
f 796/269/284 827/319/313 828/270/314
f 828/270/314 859/320/343 860/271/344
f 860/271/344 891/321/373 892/272/374
f 892/272/374 923/322/403 924/273/404
f 924/273/404 955/323/433 956/274/434
f 956/274/434 987/324/463 988/275/464
f 988/275/464 1019/325/493 1020/276/494
f 1020/276/494 1051/326/523 1052/277/524
f 1052/277/524 1083/327/59 1084/278/60
f 1084/278/60 1115/328/91 1116/279/92
f 1116/279/92 1147/329/123 1148/280/124
f 1148/280/124 1179/330/155 1180/281/156
f 1180/281/156 1211/331/187 1212/282/188
f 1212/282/188 1243/332/219 1244/283/220
f 1244/283/220 1275/333/251 1276/284/252
f 1276/284/252 1307/334/283 1308/285/284
f 1308/285/284 1339/335/313 1340/286/314
f 1340/286/314 1371/336/343 1372/287/344
f 1372/287/344 1403/337/373 1404/288/374
f 1404/288/374 1435/338/403 1436/289/404
f 1436/289/404 1467/339/433 1468/290/434
f 1468/290/434 1499/340/463 1500/291/464
f 1500/291/464 1531/341/493 1532/292/494
f 1532/292/494 1563/342/568 1564/293/569
f 29/197/29 60/245/60 61/196/61
f 61/196/61 92/247/92 93/198/93
f 93/198/93 124/248/124 125/199/125
f 125/199/125 156/249/156 157/200/157
f 157/200/157 188/250/188 189/201/189
f 189/201/189 220/251/220 221/202/221
f 221/202/221 252/252/252 253/203/253
f 253/203/253 284/253/284 285/204/285
f 285/204/285 316/254/314 317/205/315
f 317/205/315 348/255/344 349/206/345
f 349/206/345 380/256/374 381/207/375
f 381/207/375 412/257/404 413/208/405
f 413/208/405 444/258/434 445/209/435
f 445/209/435 476/259/464 477/210/465
f 477/210/465 508/260/494 509/211/495
f 509/211/495 540/261/524 541/212/525
f 541/212/525 572/262/60 573/213/61
f 573/213/61 604/263/92 605/214/93
f 605/214/93 636/264/124 637/215/125
f 637/215/125 668/265/156 669/216/157
f 669/216/157 700/266/188 701/217/189
f 701/217/189 732/267/220 733/218/221
f 733/218/221 764/268/252 765/219/253
f 765/219/253 796/269/284 797/220/285
f 797/220/285 828/270/314 829/221/315
f 829/221/315 860/271/344 861/222/345
f 861/222/345 892/272/374 893/223/375
f 893/223/375 924/273/404 925/224/405
f 925/224/405 956/274/434 957/225/435
f 957/225/435 988/275/464 989/226/465
f 989/226/465 1020/276/494 1021/227/495
f 1021/227/495 1052/277/524 1053/228/525
f 1053/228/525 1084/278/60 1085/229/61
f 1085/229/61 1116/279/92 1117/230/93
f 1117/230/93 1148/280/124 1149/231/125
f 1149/231/125 1180/281/156 1181/232/157
f 1181/232/157 1212/282/188 1213/233/189
f 1213/233/189 1244/283/220 1245/234/221
f 1245/234/221 1276/284/252 1277/235/253
f 1277/235/253 1308/285/284 1309/236/285
f 1309/236/285 1340/286/314 1341/237/315
f 1341/237/315 1372/287/344 1373/238/345
f 1373/238/345 1404/288/374 1405/239/375
f 1405/239/375 1436/289/404 1437/240/405
f 1437/240/405 1468/290/434 1469/241/435
f 1469/241/435 1500/291/464 1501/242/465
f 1501/242/465 1532/292/494 1533/243/495
f 1533/243/495 1564/293/569 1565/244/570
f 30/148/30 61/196/61 62/147/62
f 62/147/62 93/198/93 94/149/94
f 94/149/94 125/199/125 126/150/126
f 126/150/126 157/200/157 158/151/158
f 158/151/158 189/201/189 190/152/190
f 190/152/190 221/202/221 222/153/222
f 222/153/222 253/203/253 254/154/254
f 254/154/254 285/204/285 286/155/286
f 286/155/286 317/205/315 318/156/316
f 318/156/316 349/206/345 350/157/346
f 350/157/346 381/207/375 382/158/376
f 382/158/376 413/208/405 414/159/406
f 414/159/406 445/209/435 446/160/436
f 446/160/436 477/210/465 478/161/466
f 478/161/466 509/211/495 510/162/496
f 510/162/496 541/212/525 542/163/526
f 542/163/526 573/213/61 574/164/62
f 574/164/62 605/214/93 606/165/94
f 606/165/94 637/215/125 638/166/126
f 638/166/126 669/216/157 670/167/158
f 670/167/158 701/217/189 702/168/190
f 702/168/190 733/218/221 734/169/222
f 734/169/222 765/219/253 766/170/254
f 766/170/254 797/220/285 798/171/286
f 798/171/286 829/221/315 830/172/316
f 830/172/316 861/222/345 862/173/346
f 862/173/346 893/223/375 894/174/376
f 894/174/376 925/224/405 926/175/406
f 926/175/406 957/225/435 958/176/436
f 958/176/436 989/226/465 990/177/466
f 990/177/466 1021/227/495 1022/178/496
f 1022/178/496 1053/228/525 1054/179/526
f 1054/179/526 1085/229/61 1086/180/62
f 1086/180/62 1117/230/93 1118/181/94
f 1118/181/94 1149/231/125 1150/182/126
f 1150/182/126 1181/232/157 1182/183/158
f 1182/183/158 1213/233/189 1214/184/190
f 1214/184/190 1245/234/221 1246/185/222
f 1246/185/222 1277/235/253 1278/186/254
f 1278/186/254 1309/236/285 1310/187/286
f 1310/187/286 1341/237/315 1342/188/316
f 1342/188/316 1373/238/345 1374/189/346
f 1374/189/346 1405/239/375 1406/190/376
f 1406/190/376 1437/240/405 1438/191/406
f 1438/191/406 1469/241/435 1470/192/436
f 1470/192/436 1501/242/465 1502/193/466
f 1502/193/466 1533/243/495 1534/194/496
f 1534/194/496 1565/244/570 1566/195/571
f 31/99/31 62/147/62 63/98/63
f 63/98/63 94/149/94 95/100/95
f 95/100/95 126/150/126 127/101/127
f 127/101/127 158/151/158 159/102/159
f 159/102/159 190/152/190 191/103/191
f 191/103/191 222/153/222 223/104/223
f 223/104/223 254/154/254 255/105/255
f 255/105/255 286/155/286 287/106/287
f 287/106/287 318/156/316 319/107/317
f 319/107/317 350/157/346 351/108/347
f 351/108/347 382/158/376 383/109/377
f 383/109/377 414/159/406 415/110/407
f 415/110/407 446/160/436 447/111/437
f 447/111/437 478/161/466 479/112/467
f 479/112/467 510/162/496 511/113/497
f 511/113/497 542/163/526 543/114/527
f 543/114/527 574/164/62 575/115/63
f 575/115/63 606/165/94 607/116/95
f 607/116/95 638/166/126 639/117/127
f 639/117/127 670/167/158 671/118/159
f 671/118/159 702/168/190 703/119/191
f 703/119/191 734/169/222 735/120/223
f 735/120/223 766/170/254 767/121/255
f 767/121/255 798/171/286 799/122/287
f 799/122/287 830/172/316 831/123/317
f 831/123/317 862/173/346 863/124/347
f 863/124/347 894/174/376 895/125/377
f 895/125/377 926/175/406 927/126/407
f 927/126/407 958/176/436 959/127/437
f 959/127/437 990/177/466 991/128/467
f 991/128/467 1022/178/496 1023/129/497
f 1023/129/497 1054/179/526 1055/130/527
f 1055/130/527 1086/180/62 1087/131/63
f 1087/131/63 1118/181/94 1119/132/95
f 1119/132/95 1150/182/126 1151/133/127
f 1151/133/127 1182/183/158 1183/134/159
f 1183/134/159 1214/184/190 1215/135/191
f 1215/135/191 1246/185/222 1247/136/223
f 1247/136/223 1278/186/254 1279/137/255
f 1279/137/255 1310/187/286 1311/138/287
f 1311/138/287 1342/188/316 1343/139/317
f 1343/139/317 1374/189/346 1375/140/347
f 1375/140/347 1406/190/376 1407/141/377
f 1407/141/377 1438/191/406 1439/142/407
f 1439/142/407 1470/192/436 1471/143/437
f 1471/143/437 1502/193/466 1503/144/467
f 1503/144/467 1534/194/496 1535/145/497
f 1535/145/497 1566/195/571 1567/146/572
f 32/3/32 63/98/63 64/2/64
f 64/2/64 95/100/95 96/5/96
f 96/5/96 127/101/127 128/7/128
f 128/7/128 159/102/159 160/9/160
f 160/9/160 191/103/191 192/11/192
f 192/11/192 223/104/223 224/13/224
f 224/13/224 255/105/255 256/15/256
f 256/15/256 287/106/287 288/17/288
f 288/17/288 319/107/317 320/19/318
f 320/19/318 351/108/347 352/21/348
f 352/21/348 383/109/377 384/23/378
f 384/23/378 415/110/407 416/25/408
f 416/25/408 447/111/437 448/27/438
f 448/27/438 479/112/467 480/29/468
f 480/29/468 511/113/497 512/31/498
f 512/31/498 543/114/527 544/33/528
f 544/33/528 575/115/63 576/35/64
f 576/35/64 607/116/95 608/37/96
f 608/37/96 639/117/127 640/39/128
f 640/39/128 671/118/159 672/41/160
f 672/41/160 703/119/191 704/43/192
f 704/43/192 735/120/223 736/45/224
f 736/45/224 767/121/255 768/47/256
f 768/47/256 799/122/287 800/49/288
f 800/49/288 831/123/317 832/51/318
f 832/51/318 863/124/347 864/53/348
f 864/53/348 895/125/377 896/55/378
f 896/55/378 927/126/407 928/57/408
f 928/57/408 959/127/437 960/59/438
f 960/59/438 991/128/467 992/61/468
f 992/61/468 1023/129/497 1024/63/498
f 1024/63/498 1055/130/527 1056/65/528
f 1056/65/528 1087/131/63 1088/67/64
f 1088/67/64 1119/132/95 1120/69/96
f 1120/69/96 1151/133/127 1152/71/128
f 1152/71/128 1183/134/159 1184/73/160
f 1184/73/160 1215/135/191 1216/75/192
f 1216/75/192 1247/136/223 1248/77/224
f 1248/77/224 1279/137/255 1280/79/256
f 1280/79/256 1311/138/287 1312/81/288
f 1312/81/288 1343/139/317 1344/83/318
f 1344/83/318 1375/140/347 1376/85/348
f 1376/85/348 1407/141/377 1408/87/378
f 1408/87/378 1439/142/407 1440/89/408
f 1440/89/408 1471/143/437 1472/91/438
f 1472/91/438 1503/144/467 1504/93/468
f 1504/93/468 1535/145/497 1536/95/498
f 1536/95/498 1567/146/572 1568/97/573
f 1/1/1 64/2/64 33/4/33
f 33/4/33 96/5/96 65/6/65
f 65/6/65 128/7/128 97/8/97
f 97/8/97 160/9/160 129/10/129
f 129/10/129 192/11/192 161/12/161
f 161/12/161 224/13/224 193/14/193
f 193/14/193 256/15/256 225/16/225
f 225/16/225 288/17/288 257/18/257
f 257/18/257 320/19/318 289/20/289
f 289/20/289 352/21/348 321/22/319
f 321/22/319 384/23/378 353/24/349
f 353/24/349 416/25/408 385/26/379
f 385/26/379 448/27/438 417/28/409
f 417/28/409 480/29/468 449/30/439
f 449/30/439 512/31/498 481/32/469
f 481/32/469 544/33/528 513/34/499
f 513/34/499 576/35/64 545/36/33
f 545/36/33 608/37/96 577/38/65
f 577/38/65 640/39/128 609/40/97
f 609/40/97 672/41/160 641/42/129
f 641/42/129 704/43/192 673/44/161
f 673/44/161 736/45/224 705/46/193
f 705/46/193 768/47/256 737/48/225
f 737/48/225 800/49/288 769/50/257
f 769/50/257 832/51/318 801/52/289
f 801/52/289 864/53/348 833/54/319
f 833/54/319 896/55/378 865/56/349
f 865/56/349 928/57/408 897/58/379
f 897/58/379 960/59/438 929/60/409
f 929/60/409 992/61/468 961/62/439
f 961/62/439 1024/63/498 993/64/469
f 993/64/469 1056/65/528 1025/66/499
f 1025/66/499 1088/67/64 1057/68/33
f 1057/68/33 1120/69/96 1089/70/65
f 1089/70/65 1152/71/128 1121/72/535
f 1121/72/535 1184/73/160 1153/74/129
f 1153/74/129 1216/75/192 1185/76/161
f 1185/76/161 1248/77/224 1217/78/193
f 1217/78/193 1280/79/256 1249/80/225
f 1249/80/225 1312/81/288 1281/82/257
f 1281/82/257 1344/83/318 1313/84/289
f 1313/84/289 1376/85/348 1345/86/319
f 1345/86/319 1408/87/378 1377/88/349
f 1377/88/349 1440/89/408 1409/90/379
f 1409/90/379 1472/91/438 1441/92/409
f 1441/92/409 1504/93/468 1473/94/439
f 1473/94/439 1536/95/498 1505/96/469
f 1505/96/469 1568/97/573 1537/833/542
f 1/1/1 33/4/33 34/2/34
f 33/4/33 65/6/65 66/5/66
f 65/6/65 97/8/97 98/7/98
f 97/8/97 129/10/129 130/9/130
f 129/10/129 161/12/161 162/11/162
f 161/12/161 193/14/193 194/13/194
f 193/14/193 225/16/225 226/15/226
f 225/16/225 257/18/257 258/17/258
f 257/18/257 289/20/289 290/19/290
f 289/20/289 321/22/319 322/21/320
f 321/22/319 353/24/349 354/23/350
f 353/24/349 385/26/379 386/25/380
f 385/26/379 417/28/409 418/27/410
f 417/28/409 449/30/439 450/29/440
f 449/30/439 481/32/469 482/31/470
f 481/32/469 513/34/499 514/33/500
f 513/34/499 545/36/33 546/35/34
f 545/36/33 577/38/65 578/37/66
f 577/38/65 609/40/97 610/39/98
f 609/40/97 641/42/129 642/41/130
f 641/42/129 673/44/161 674/43/162
f 673/44/161 705/46/193 706/45/194
f 705/46/193 737/48/225 738/47/226
f 737/48/225 769/50/257 770/49/258
f 769/50/257 801/52/289 802/51/290
f 801/52/289 833/54/319 834/53/320
f 833/54/319 865/56/349 866/55/350
f 865/56/349 897/58/379 898/57/380
f 897/58/379 929/60/409 930/59/410
f 929/60/409 961/62/439 962/61/440
f 961/62/439 993/64/469 994/63/470
f 993/64/469 1025/66/499 1026/65/500
f 1025/66/499 1057/68/33 1058/67/34
f 1057/68/33 1089/70/65 1090/69/66
f 1089/70/65 1121/72/535 1122/71/98
f 1121/72/535 1153/74/129 1154/73/130
f 1153/74/129 1185/76/161 1186/75/162
f 1185/76/161 1217/78/193 1218/77/194
f 1217/78/193 1249/80/225 1250/79/226
f 1249/80/225 1281/82/257 1282/81/258
f 1281/82/257 1313/84/289 1314/83/290
f 1313/84/289 1345/86/319 1346/85/320
f 1345/86/319 1377/88/349 1378/87/350
f 1377/88/349 1409/90/379 1410/89/380
f 1409/90/379 1441/92/409 1442/91/410
f 1441/92/409 1473/94/439 1474/93/440
f 1473/94/439 1505/96/469 1506/95/470
f 1505/96/469 1537/833/542 1538/97/543
f 2/3/2 34/2/34 35/98/35
f 34/2/34 66/5/66 67/100/67
f 66/5/66 98/7/98 99/101/99
f 98/7/98 130/9/130 131/102/131
f 130/9/130 162/11/162 163/103/163
f 162/11/162 194/13/194 195/104/195
f 194/13/194 226/15/226 227/105/227
f 226/15/226 258/17/258 259/106/259
f 258/17/258 290/19/290 291/107/291
f 290/19/290 322/21/320 323/108/321
f 322/21/320 354/23/350 355/109/351
f 354/23/350 386/25/380 387/110/381
f 386/25/380 418/27/410 419/111/411
f 418/27/410 450/29/440 451/112/441
f 450/29/440 482/31/470 483/113/471
f 482/31/470 514/33/500 515/114/501
f 514/33/500 546/35/34 547/115/35
f 546/35/34 578/37/66 579/116/67
f 578/37/66 610/39/98 611/117/99
f 610/39/98 642/41/130 643/118/131
f 642/41/130 674/43/162 675/119/163
f 674/43/162 706/45/194 707/120/195
f 706/45/194 738/47/226 739/121/227
f 738/47/226 770/49/258 771/122/259
f 770/49/258 802/51/290 803/123/291
f 802/51/290 834/53/320 835/124/321
f 834/53/320 866/55/350 867/125/351
f 866/55/350 898/57/380 899/126/381
f 898/57/380 930/59/410 931/127/411
f 930/59/410 962/61/440 963/128/441
f 962/61/440 994/63/470 995/129/471
f 994/63/470 1026/65/500 1027/130/501
f 1026/65/500 1058/67/34 1059/131/35
f 1058/67/34 1090/69/66 1091/132/67
f 1090/69/66 1122/71/98 1123/133/99
f 1122/71/98 1154/73/130 1155/134/131
f 1154/73/130 1186/75/162 1187/135/163
f 1186/75/162 1218/77/194 1219/136/195
f 1218/77/194 1250/79/226 1251/137/227
f 1250/79/226 1282/81/258 1283/138/259
f 1282/81/258 1314/83/290 1315/139/291
f 1314/83/290 1346/85/320 1347/140/321
f 1346/85/320 1378/87/350 1379/141/351
f 1378/87/350 1410/89/380 1411/142/381
f 1410/89/380 1442/91/410 1443/143/411
f 1442/91/410 1474/93/440 1475/144/441
f 1474/93/440 1506/95/470 1507/145/471
f 1506/95/470 1538/97/543 1539/146/544
f 3/99/3 35/98/35 36/147/36
f 35/98/35 67/100/67 68/149/68
f 67/100/67 99/101/99 100/150/100
f 99/101/99 131/102/131 132/151/132
f 131/102/131 163/103/163 164/152/164
f 163/103/163 195/104/195 196/153/196
f 195/104/195 227/105/227 228/154/228
f 227/105/227 259/106/259 260/155/260
f 259/106/259 291/107/291 292/156/292
f 291/107/291 323/108/321 324/157/322
f 323/108/321 355/109/351 356/158/352
f 355/109/351 387/110/381 388/159/382
f 387/110/381 419/111/411 420/160/412
f 419/111/411 451/112/441 452/161/442
f 451/112/441 483/113/471 484/162/472
f 483/113/471 515/114/501 516/163/502
f 515/114/501 547/115/35 548/164/36
f 547/115/35 579/116/67 580/165/68
f 579/116/67 611/117/99 612/166/100
f 611/117/99 643/118/131 644/167/132
f 643/118/131 675/119/163 676/168/164
f 675/119/163 707/120/195 708/169/196
f 707/120/195 739/121/227 740/170/228
f 739/121/227 771/122/259 772/171/260
f 771/122/259 803/123/291 804/172/292
f 803/123/291 835/124/321 836/173/322
f 835/124/321 867/125/351 868/174/352
f 867/125/351 899/126/381 900/175/382
f 899/126/381 931/127/411 932/176/412
f 931/127/411 963/128/441 964/177/442
f 963/128/441 995/129/471 996/178/472
f 995/129/471 1027/130/501 1028/179/502
f 1027/130/501 1059/131/35 1060/180/36
f 1059/131/35 1091/132/67 1092/181/68
f 1091/132/67 1123/133/99 1124/182/100
f 1123/133/99 1155/134/131 1156/183/132
f 1155/134/131 1187/135/163 1188/184/164
f 1187/135/163 1219/136/195 1220/185/196
f 1219/136/195 1251/137/227 1252/186/228
f 1251/137/227 1283/138/259 1284/187/260
f 1283/138/259 1315/139/291 1316/188/292
f 1315/139/291 1347/140/321 1348/189/322
f 1347/140/321 1379/141/351 1380/190/538
f 1379/141/351 1411/142/381 1412/191/382
f 1411/142/381 1443/143/411 1444/192/412
f 1443/143/411 1475/144/441 1476/193/442
f 1475/144/441 1507/145/471 1508/194/472
f 1507/145/471 1539/146/544 1540/195/545
f 4/148/4 36/147/36 37/196/37
f 36/147/36 68/149/68 69/198/69
f 68/149/68 100/150/100 101/199/101
f 100/150/100 132/151/132 133/200/133
f 132/151/132 164/152/164 165/201/165
f 164/152/164 196/153/196 197/202/197
f 196/153/196 228/154/228 229/203/229
f 228/154/228 260/155/260 261/204/261
f 260/155/260 292/156/292 293/205/293
f 292/156/292 324/157/322 325/206/323
f 324/157/322 356/158/352 357/207/353
f 356/158/352 388/159/382 389/208/383
f 388/159/382 420/160/412 421/209/413
f 420/160/412 452/161/442 453/210/443
f 452/161/442 484/162/472 485/211/473
f 484/162/472 516/163/502 517/212/503
f 516/163/502 548/164/36 549/213/37
f 548/164/36 580/165/68 581/214/69
f 580/165/68 612/166/100 613/215/101
f 612/166/100 644/167/132 645/216/133
f 644/167/132 676/168/164 677/217/165
f 676/168/164 708/169/196 709/218/197
f 708/169/196 740/170/228 741/219/229
f 740/170/228 772/171/260 773/220/261
f 772/171/260 804/172/292 805/221/293
f 804/172/292 836/173/322 837/222/323
f 836/173/322 868/174/352 869/223/353
f 868/174/352 900/175/382 901/224/383
f 900/175/382 932/176/412 933/225/532
f 932/176/412 964/177/442 965/226/443
f 964/177/442 996/178/472 997/227/473
f 996/178/472 1028/179/502 1029/228/503
f 1028/179/502 1060/180/36 1061/229/37
f 1060/180/36 1092/181/68 1093/230/69
f 1092/181/68 1124/182/100 1125/231/101
f 1124/182/100 1156/183/132 1157/232/133
f 1156/183/132 1188/184/164 1189/233/165
f 1188/184/164 1220/185/196 1221/234/197
f 1220/185/196 1252/186/228 1253/235/229
f 1252/186/228 1284/187/260 1285/236/261
f 1284/187/260 1316/188/292 1317/237/293
f 1316/188/292 1348/189/322 1349/238/323
f 1348/189/322 1380/190/538 1381/239/353
f 1380/190/538 1412/191/382 1413/240/383
f 1412/191/382 1444/192/412 1445/241/532
f 1444/192/412 1476/193/442 1477/242/443
f 1476/193/442 1508/194/472 1509/243/473
f 1508/194/472 1540/195/545 1541/244/546
f 5/197/5 37/196/37 38/245/38
f 37/196/37 69/198/69 70/247/70
f 69/198/69 101/199/101 102/248/102
f 101/199/101 133/200/133 134/249/134
f 133/200/133 165/201/165 166/250/166
f 165/201/165 197/202/197 198/251/198
f 197/202/197 229/203/229 230/252/230
f 229/203/229 261/204/261 262/253/262
f 261/204/261 293/205/293 294/254/294
f 293/205/293 325/206/323 326/255/324
f 325/206/323 357/207/353 358/256/354
f 357/207/353 389/208/383 390/257/384
f 389/208/383 421/209/413 422/258/414
f 421/209/413 453/210/443 454/259/444
f 453/210/443 485/211/473 486/260/474
f 485/211/473 517/212/503 518/261/504
f 517/212/503 549/213/37 550/262/38
f 549/213/37 581/214/69 582/263/70
f 581/214/69 613/215/101 614/264/102
f 613/215/101 645/216/133 646/265/134
f 645/216/133 677/217/165 678/266/166
f 677/217/165 709/218/197 710/267/198
f 709/218/197 741/219/229 742/268/230
f 741/219/229 773/220/261 774/269/262
f 773/220/261 805/221/293 806/270/294
f 805/221/293 837/222/323 838/271/324
f 837/222/323 869/223/353 870/272/354
f 869/223/353 901/224/383 902/273/384
f 901/224/383 933/225/532 934/274/414
f 933/225/532 965/226/443 966/275/444
f 965/226/443 997/227/473 998/276/474
f 997/227/473 1029/228/503 1030/277/504
f 1029/228/503 1061/229/37 1062/278/38
f 1061/229/37 1093/230/69 1094/279/70
f 1093/230/69 1125/231/101 1126/280/102
f 1125/231/101 1157/232/133 1158/281/134
f 1157/232/133 1189/233/165 1190/282/166
f 1189/233/165 1221/234/197 1222/283/198
f 1221/234/197 1253/235/229 1254/284/230
f 1253/235/229 1285/236/261 1286/285/262
f 1285/236/261 1317/237/293 1318/286/294
f 1317/237/293 1349/238/323 1350/287/324
f 1349/238/323 1381/239/353 1382/288/354
f 1381/239/353 1413/240/383 1414/289/384
f 1413/240/383 1445/241/532 1446/290/414
f 1445/241/532 1477/242/443 1478/291/444
f 1477/242/443 1509/243/473 1510/292/474
f 1509/243/473 1541/244/546 1542/293/547
f 6/246/6 38/245/38 39/294/39
f 38/245/38 70/247/70 71/296/71
f 70/247/70 102/248/102 103/297/103
f 102/248/102 134/249/134 135/298/135
f 134/249/134 166/250/166 167/299/167
f 166/250/166 198/251/198 199/300/199
f 198/251/198 230/252/230 231/301/231
f 230/252/230 262/253/262 263/302/263
f 262/253/262 294/254/294 295/303/295
f 294/254/294 326/255/324 327/304/325
f 326/255/324 358/256/354 359/305/355
f 358/256/354 390/257/384 391/306/385
f 390/257/384 422/258/414 423/307/415
f 422/258/414 454/259/444 455/308/445
f 454/259/444 486/260/474 487/309/475
f 486/260/474 518/261/504 519/310/505
f 518/261/504 550/262/38 551/311/39
f 550/262/38 582/263/70 583/312/71
f 582/263/70 614/264/102 615/313/103
f 614/264/102 646/265/134 647/314/135
f 646/265/134 678/266/166 679/315/167
f 678/266/166 710/267/198 711/316/199
f 710/267/198 742/268/230 743/317/231
f 742/268/230 774/269/262 775/318/263
f 774/269/262 806/270/294 807/319/295
f 806/270/294 838/271/324 839/320/325
f 838/271/324 870/272/354 871/321/355
f 870/272/354 902/273/384 903/322/385
f 902/273/384 934/274/414 935/323/415
f 934/274/414 966/275/444 967/324/445
f 966/275/444 998/276/474 999/325/475
f 998/276/474 1030/277/504 1031/326/505
f 1030/277/504 1062/278/38 1063/327/39
f 1062/278/38 1094/279/70 1095/328/71
f 1094/279/70 1126/280/102 1127/329/103
f 1126/280/102 1158/281/134 1159/330/135
f 1158/281/134 1190/282/166 1191/331/167
f 1190/282/166 1222/283/198 1223/332/199
f 1222/283/198 1254/284/230 1255/333/231
f 1254/284/230 1286/285/262 1287/334/263
f 1286/285/262 1318/286/294 1319/335/295
f 1318/286/294 1350/287/324 1351/336/325
f 1350/287/324 1382/288/354 1383/337/355
f 1382/288/354 1414/289/384 1415/338/385
f 1414/289/384 1446/290/414 1447/339/415
f 1446/290/414 1478/291/444 1479/340/445
f 1478/291/444 1510/292/474 1511/341/475
f 1510/292/474 1542/293/547 1543/342/548
f 7/295/7 39/294/39 40/343/40
f 39/294/39 71/296/71 72/345/72
f 71/296/71 103/297/103 104/346/104
f 103/297/103 135/298/135 136/347/136
f 135/298/135 167/299/167 168/348/168
f 167/299/167 199/300/199 200/349/200
f 199/300/199 231/301/231 232/350/232
f 231/301/231 263/302/263 264/351/264
f 263/302/263 295/303/295 296/352/296
f 295/303/295 327/304/325 328/353/326
f 327/304/325 359/305/355 360/354/356
f 359/305/355 391/306/385 392/355/386
f 391/306/385 423/307/415 424/356/416
f 423/307/415 455/308/445 456/357/446
f 455/308/445 487/309/475 488/358/476
f 487/309/475 519/310/505 520/359/506
f 519/310/505 551/311/39 552/360/40
f 551/311/39 583/312/71 584/361/72
f 583/312/71 615/313/103 616/362/104
f 615/313/103 647/314/135 648/363/136
f 647/314/135 679/315/167 680/364/168
f 679/315/167 711/316/199 712/365/200
f 711/316/199 743/317/231 744/366/232
f 743/317/231 775/318/263 776/367/264
f 775/318/263 807/319/295 808/368/296
f 807/319/295 839/320/325 840/369/326
f 839/320/325 871/321/355 872/370/356
f 871/321/355 903/322/385 904/371/386
f 903/322/385 935/323/415 936/372/416
f 935/323/415 967/324/445 968/373/446
f 967/324/445 999/325/475 1000/374/476
f 999/325/475 1031/326/505 1032/375/506
f 1031/326/505 1063/327/39 1064/376/40
f 1063/327/39 1095/328/71 1096/377/72
f 1095/328/71 1127/329/103 1128/378/104
f 1127/329/103 1159/330/135 1160/379/136
f 1159/330/135 1191/331/167 1192/380/168
f 1191/331/167 1223/332/199 1224/381/200
f 1223/332/199 1255/333/231 1256/382/232
f 1255/333/231 1287/334/263 1288/383/264
f 1287/334/263 1319/335/295 1320/384/296
f 1319/335/295 1351/336/325 1352/385/326
f 1351/336/325 1383/337/355 1384/386/356
f 1383/337/355 1415/338/385 1416/387/386
f 1415/338/385 1447/339/415 1448/388/416
f 1447/339/415 1479/340/445 1480/389/446
f 1479/340/445 1511/341/475 1512/390/476
f 1511/341/475 1543/342/548 1544/391/549
f 8/344/8 40/343/40 41/392/41
f 40/343/40 72/345/72 73/394/73
f 72/345/72 104/346/104 105/395/105
f 104/346/104 136/347/136 137/396/137
f 136/347/136 168/348/168 169/397/169
f 168/348/168 200/349/200 201/398/201
f 200/349/200 232/350/232 233/399/233
f 232/350/232 264/351/264 265/400/265
f 264/351/264 296/352/296 297/401/57
f 296/352/296 328/353/326 329/402/89
f 328/353/326 360/354/356 361/403/121
f 360/354/356 392/355/386 393/404/153
f 392/355/386 424/356/416 425/405/185
f 424/356/416 456/357/446 457/406/217
f 456/357/446 488/358/476 489/407/249
f 488/358/476 520/359/506 521/408/281
f 520/359/506 552/360/40 553/409/41
f 552/360/40 584/361/72 585/410/73
f 584/361/72 616/362/104 617/411/105
f 616/362/104 648/363/136 649/412/137
f 648/363/136 680/364/168 681/413/169
f 680/364/168 712/365/200 713/414/201
f 712/365/200 744/366/232 745/415/233
f 744/366/232 776/367/264 777/416/265
f 776/367/264 808/368/296 809/417/57
f 808/368/296 840/369/326 841/418/89
f 840/369/326 872/370/356 873/419/121
f 872/370/356 904/371/386 905/420/153
f 904/371/386 936/372/416 937/421/185
f 936/372/416 968/373/446 969/422/217
f 968/373/446 1000/374/476 1001/423/249
f 1000/374/476 1032/375/506 1033/424/281
f 1032/375/506 1064/376/40 1065/425/41
f 1064/376/40 1096/377/72 1097/426/73
f 1096/377/72 1128/378/104 1129/427/105
f 1128/378/104 1160/379/136 1161/428/137
f 1160/379/136 1192/380/168 1193/429/169
f 1192/380/168 1224/381/200 1225/430/201
f 1224/381/200 1256/382/232 1257/431/233
f 1256/382/232 1288/383/264 1289/432/265
f 1288/383/264 1320/384/296 1321/433/57
f 1320/384/296 1352/385/326 1353/434/89
f 1352/385/326 1384/386/356 1385/435/121
f 1384/386/356 1416/387/386 1417/436/153
f 1416/387/386 1448/388/416 1449/437/185
f 1448/388/416 1480/389/446 1481/438/217
f 1480/389/446 1512/390/476 1513/439/249
f 1512/390/476 1544/391/549 1545/440/550
f 9/393/9 41/392/41 42/441/42
f 41/392/41 73/394/73 74/443/74
f 73/394/73 105/395/105 106/444/106
f 105/395/105 137/396/137 138/445/138
f 137/396/137 169/397/169 170/446/170
f 169/397/169 201/398/201 202/447/202
f 201/398/201 233/399/233 234/448/234
f 233/399/233 265/400/265 266/449/266
f 265/400/265 297/401/57 298/450/297
f 297/401/57 329/402/89 330/451/327
f 329/402/89 361/403/121 362/452/357
f 361/403/121 393/404/153 394/453/387
f 393/404/153 425/405/185 426/454/417
f 425/405/185 457/406/217 458/455/447
f 457/406/217 489/407/249 490/456/477
f 489/407/249 521/408/281 522/457/507
f 521/408/281 553/409/41 554/458/42
f 553/409/41 585/410/73 586/459/74
f 585/410/73 617/411/105 618/460/106
f 617/411/105 649/412/137 650/461/138
f 649/412/137 681/413/169 682/462/170
f 681/413/169 713/414/201 714/463/202
f 713/414/201 745/415/233 746/464/234
f 745/415/233 777/416/265 778/465/266
f 777/416/265 809/417/57 810/466/297
f 809/417/57 841/418/89 842/467/327
f 841/418/89 873/419/121 874/468/357
f 873/419/121 905/420/153 906/469/387
f 905/420/153 937/421/185 938/470/417
f 937/421/185 969/422/217 970/471/447
f 969/422/217 1001/423/249 1002/472/477
f 1001/423/249 1033/424/281 1034/473/507
f 1033/424/281 1065/425/41 1066/474/42
f 1065/425/41 1097/426/73 1098/475/74
f 1097/426/73 1129/427/105 1130/476/106
f 1129/427/105 1161/428/137 1162/477/138
f 1161/428/137 1193/429/169 1194/478/170
f 1193/429/169 1225/430/201 1226/479/202
f 1225/430/201 1257/431/233 1258/480/234
f 1257/431/233 1289/432/265 1290/481/266
f 1289/432/265 1321/433/57 1322/482/297
f 1321/433/57 1353/434/89 1354/483/327
f 1353/434/89 1385/435/121 1386/484/357
f 1385/435/121 1417/436/153 1418/485/387
f 1417/436/153 1449/437/185 1450/486/417
f 1449/437/185 1481/438/217 1482/487/447
f 1481/438/217 1513/439/249 1514/488/477
f 1513/439/249 1545/440/550 1546/489/551
f 10/442/10 42/441/42 43/490/43
f 42/441/42 74/443/74 75/492/75
f 74/443/74 106/444/106 107/493/107
f 106/444/106 138/445/138 139/494/139
f 138/445/138 170/446/170 171/495/171
f 170/446/170 202/447/202 203/496/203
f 202/447/202 234/448/234 235/497/235
f 234/448/234 266/449/266 267/498/267
f 266/449/266 298/450/297 299/499/298
f 298/450/297 330/451/327 331/500/328
f 330/451/327 362/452/357 363/501/358
f 362/452/357 394/453/387 395/502/388
f 394/453/387 426/454/417 427/503/418
f 426/454/417 458/455/447 459/504/448
f 458/455/447 490/456/477 491/505/478
f 490/456/477 522/457/507 523/506/508
f 522/457/507 554/458/42 555/507/43
f 554/458/42 586/459/74 587/508/75
f 586/459/74 618/460/106 619/509/107
f 618/460/106 650/461/138 651/510/139
f 650/461/138 682/462/170 683/511/171
f 682/462/170 714/463/202 715/512/203
f 714/463/202 746/464/234 747/513/235
f 746/464/234 778/465/266 779/514/267
f 778/465/266 810/466/297 811/515/298
f 810/466/297 842/467/327 843/516/328
f 842/467/327 874/468/357 875/517/358
f 874/468/357 906/469/387 907/518/388
f 906/469/387 938/470/417 939/519/418
f 938/470/417 970/471/447 971/520/448
f 970/471/447 1002/472/477 1003/521/478
f 1002/472/477 1034/473/507 1035/522/508
f 1034/473/507 1066/474/42 1067/523/43
f 1066/474/42 1098/475/74 1099/524/75
f 1098/475/74 1130/476/106 1131/525/107
f 1130/476/106 1162/477/138 1163/526/139
f 1162/477/138 1194/478/170 1195/527/171
f 1194/478/170 1226/479/202 1227/528/203
f 1226/479/202 1258/480/234 1259/529/235
f 1258/480/234 1290/481/266 1291/530/267
f 1290/481/266 1322/482/297 1323/531/298
f 1322/482/297 1354/483/327 1355/532/328
f 1354/483/327 1386/484/357 1387/533/358
f 1386/484/357 1418/485/387 1419/534/388
f 1418/485/387 1450/486/417 1451/535/418
f 1450/486/417 1482/487/447 1483/536/448
f 1482/487/447 1514/488/477 1515/537/478
f 1514/488/477 1546/489/551 1547/538/552
f 11/491/11 43/490/43 44/539/44
f 43/490/43 75/492/75 76/541/76
f 75/492/75 107/493/107 108/542/108
f 107/493/107 139/494/139 140/543/140
f 139/494/139 171/495/171 172/544/172
f 171/495/171 203/496/203 204/545/204
f 203/496/203 235/497/235 236/546/236
f 235/497/235 267/498/267 268/547/268
f 267/498/267 299/499/298 300/548/299
f 299/499/298 331/500/328 332/549/329
f 331/500/328 363/501/358 364/550/359
f 363/501/358 395/502/388 396/551/389
f 395/502/388 427/503/418 428/552/419
f 427/503/418 459/504/448 460/553/449
f 459/504/448 491/505/478 492/554/479
f 491/505/478 523/506/508 524/555/509
f 523/506/508 555/507/43 556/556/44
f 555/507/43 587/508/75 588/557/76
f 587/508/75 619/509/107 620/558/108
f 619/509/107 651/510/139 652/559/140
f 651/510/139 683/511/171 684/560/172
f 683/511/171 715/512/203 716/561/204
f 715/512/203 747/513/235 748/562/236
f 747/513/235 779/514/267 780/563/268
f 779/514/267 811/515/298 812/564/299
f 811/515/298 843/516/328 844/565/329
f 843/516/328 875/517/358 876/566/359
f 875/517/358 907/518/388 908/567/389
f 907/518/388 939/519/418 940/568/419
f 939/519/418 971/520/448 972/569/449
f 971/520/448 1003/521/478 1004/570/479
f 1003/521/478 1035/522/508 1036/571/509
f 1035/522/508 1067/523/43 1068/572/44
f 1067/523/43 1099/524/75 1100/573/76
f 1099/524/75 1131/525/107 1132/574/108
f 1131/525/107 1163/526/139 1164/575/140
f 1163/526/139 1195/527/171 1196/576/172
f 1195/527/171 1227/528/203 1228/577/204
f 1227/528/203 1259/529/235 1260/578/236
f 1259/529/235 1291/530/267 1292/579/268
f 1291/530/267 1323/531/298 1324/580/299
f 1323/531/298 1355/532/328 1356/581/329
f 1355/532/328 1387/533/358 1388/582/359
f 1387/533/358 1419/534/388 1420/583/389
f 1419/534/388 1451/535/418 1452/584/419
f 1451/535/418 1483/536/448 1484/585/449
f 1483/536/448 1515/537/478 1516/586/479
f 1515/537/478 1547/538/552 1548/587/553
f 12/540/12 44/539/44 45/588/45
f 44/539/44 76/541/76 77/590/77
f 76/541/76 108/542/108 109/591/109
f 108/542/108 140/543/140 141/592/141
f 140/543/140 172/544/172 173/593/173
f 172/544/172 204/545/204 205/594/205
f 204/545/204 236/546/236 237/595/237
f 236/546/236 268/547/268 269/596/269
f 268/547/268 300/548/299 301/597/300
f 300/548/299 332/549/329 333/598/330
f 332/549/329 364/550/359 365/599/360
f 364/550/359 396/551/389 397/600/390
f 396/551/389 428/552/419 429/601/420
f 428/552/419 460/553/449 461/602/450
f 460/553/449 492/554/479 493/603/480
f 492/554/479 524/555/509 525/604/510
f 524/555/509 556/556/44 557/605/45
f 556/556/44 588/557/76 589/606/77
f 588/557/76 620/558/108 621/607/109
f 620/558/108 652/559/140 653/608/141
f 652/559/140 684/560/172 685/609/173
f 684/560/172 716/561/204 717/610/205
f 716/561/204 748/562/236 749/611/237
f 748/562/236 780/563/268 781/612/269
f 780/563/268 812/564/299 813/613/300
f 812/564/299 844/565/329 845/614/330
f 844/565/329 876/566/359 877/615/360
f 876/566/359 908/567/389 909/616/390
f 908/567/389 940/568/419 941/617/420
f 940/568/419 972/569/449 973/618/450
f 972/569/449 1004/570/479 1005/619/480
f 1004/570/479 1036/571/509 1037/620/510
f 1036/571/509 1068/572/44 1069/621/45
f 1068/572/44 1100/573/76 1101/622/77
f 1100/573/76 1132/574/108 1133/623/109
f 1132/574/108 1164/575/140 1165/624/141
f 1164/575/140 1196/576/172 1197/625/173
f 1196/576/172 1228/577/204 1229/626/205
f 1228/577/204 1260/578/236 1261/627/237
f 1260/578/236 1292/579/268 1293/628/269
f 1292/579/268 1324/580/299 1325/629/300
f 1324/580/299 1356/581/329 1357/630/330
f 1356/581/329 1388/582/359 1389/631/539
f 1388/582/359 1420/583/389 1421/632/390
f 1420/583/389 1452/584/419 1453/633/420
f 1452/584/419 1484/585/449 1485/634/450
f 1484/585/449 1516/586/479 1517/635/480
f 1516/586/479 1548/587/553 1549/636/554
f 13/589/13 45/588/45 46/637/46
f 45/588/45 77/590/77 78/639/78
f 77/590/77 109/591/109 110/640/110
f 109/591/109 141/592/141 142/641/142
f 141/592/141 173/593/173 174/642/174
f 173/593/173 205/594/205 206/643/206
f 205/594/205 237/595/237 238/644/238
f 237/595/237 269/596/269 270/645/270
f 269/596/269 301/597/300 302/646/301
f 301/597/300 333/598/330 334/647/331
f 333/598/330 365/599/360 366/648/361
f 365/599/360 397/600/390 398/649/391
f 397/600/390 429/601/420 430/650/421
f 429/601/420 461/602/450 462/651/451
f 461/602/450 493/603/480 494/652/481
f 493/603/480 525/604/510 526/653/511
f 525/604/510 557/605/45 558/654/46
f 557/605/45 589/606/77 590/655/78
f 589/606/77 621/607/109 622/656/110
f 621/607/109 653/608/141 654/657/142
f 653/608/141 685/609/173 686/658/174
f 685/609/173 717/610/205 718/659/206
f 717/610/205 749/611/237 750/660/238
f 749/611/237 781/612/269 782/661/270
f 781/612/269 813/613/300 814/662/301
f 813/613/300 845/614/330 846/663/331
f 845/614/330 877/615/360 878/664/361
f 877/615/360 909/616/390 910/665/391
f 909/616/390 941/617/420 942/666/421
f 941/617/420 973/618/450 974/667/451
f 973/618/450 1005/619/480 1006/668/481
f 1005/619/480 1037/620/510 1038/669/511
f 1037/620/510 1069/621/45 1070/670/46
f 1069/621/45 1101/622/77 1102/671/78
f 1101/622/77 1133/623/109 1134/672/110
f 1133/623/109 1165/624/141 1166/673/142
f 1165/624/141 1197/625/173 1198/674/174
f 1197/625/173 1229/626/205 1230/675/206
f 1229/626/205 1261/627/237 1262/676/238
f 1261/627/237 1293/628/269 1294/677/270
f 1293/628/269 1325/629/300 1326/678/301
f 1325/629/300 1357/630/330 1358/679/331
f 1357/630/330 1389/631/539 1390/680/361
f 1389/631/539 1421/632/390 1422/681/391
f 1421/632/390 1453/633/420 1454/682/421
f 1453/633/420 1485/634/450 1486/683/451
f 1485/634/450 1517/635/480 1518/684/481
f 1517/635/480 1549/636/554 1550/685/555
f 14/638/14 46/637/46 47/686/47
f 46/637/46 78/639/78 79/688/79
f 78/639/78 110/640/110 111/689/111
f 110/640/110 142/641/142 143/690/143
f 142/641/142 174/642/174 175/691/175
f 174/642/174 206/643/206 207/692/207
f 206/643/206 238/644/238 239/693/239
f 238/644/238 270/645/270 271/694/271
f 270/645/270 302/646/301 303/695/302
f 302/646/301 334/647/331 335/696/332
f 334/647/331 366/648/361 367/697/362
f 366/648/361 398/649/391 399/698/392
f 398/649/391 430/650/421 431/699/422
f 430/650/421 462/651/451 463/700/452
f 462/651/451 494/652/481 495/701/482
f 494/652/481 526/653/511 527/702/512
f 526/653/511 558/654/46 559/703/47
f 558/654/46 590/655/78 591/704/79
f 590/655/78 622/656/110 623/705/111
f 622/656/110 654/657/142 655/706/143
f 654/657/142 686/658/174 687/707/175
f 686/658/174 718/659/206 719/708/207
f 718/659/206 750/660/238 751/709/239
f 750/660/238 782/661/270 783/710/271
f 782/661/270 814/662/301 815/711/302
f 814/662/301 846/663/331 847/712/332
f 846/663/331 878/664/361 879/713/362
f 878/664/361 910/665/391 911/714/392
f 910/665/391 942/666/421 943/715/422
f 942/666/421 974/667/451 975/716/452
f 974/667/451 1006/668/481 1007/717/482
f 1006/668/481 1038/669/511 1039/718/512
f 1038/669/511 1070/670/46 1071/719/47
f 1070/670/46 1102/671/78 1103/720/79
f 1102/671/78 1134/672/110 1135/721/111
f 1134/672/110 1166/673/142 1167/722/143
f 1166/673/142 1198/674/174 1199/723/175
f 1198/674/174 1230/675/206 1231/724/207
f 1230/675/206 1262/676/238 1263/725/239
f 1262/676/238 1294/677/270 1295/726/271
f 1294/677/270 1326/678/301 1327/727/302
f 1326/678/301 1358/679/331 1359/728/332
f 1358/679/331 1390/680/361 1391/729/362
f 1390/680/361 1422/681/391 1423/730/392
f 1422/681/391 1454/682/421 1455/731/541
f 1454/682/421 1486/683/451 1487/732/452
f 1486/683/451 1518/684/481 1519/733/482
f 1518/684/481 1550/685/555 1551/734/556
f 15/687/15 47/686/47 48/735/48
f 47/686/47 79/688/79 80/737/80
f 79/688/79 111/689/111 112/738/112
f 111/689/111 143/690/143 144/739/144
f 143/690/143 175/691/175 176/740/176
f 175/691/175 207/692/207 208/741/208
f 207/692/207 239/693/239 240/742/240
f 239/693/239 271/694/271 272/743/272
f 271/694/271 303/695/302 304/744/303
f 303/695/302 335/696/332 336/745/333
f 335/696/332 367/697/362 368/746/363
f 367/697/362 399/698/392 400/747/393
f 399/698/392 431/699/422 432/748/423
f 431/699/422 463/700/452 464/749/453
f 463/700/452 495/701/482 496/750/483
f 495/701/482 527/702/512 528/751/513
f 527/702/512 559/703/47 560/752/48
f 559/703/47 591/704/79 592/753/80
f 591/704/79 623/705/111 624/754/112
f 623/705/111 655/706/143 656/755/144
f 655/706/143 687/707/175 688/756/176
f 687/707/175 719/708/207 720/757/208
f 719/708/207 751/709/239 752/758/240
f 751/709/239 783/710/271 784/759/272
f 783/710/271 815/711/302 816/760/303
f 815/711/302 847/712/332 848/761/333
f 847/712/332 879/713/362 880/762/363
f 879/713/362 911/714/392 912/763/393
f 911/714/392 943/715/422 944/764/423
f 943/715/422 975/716/452 976/765/453
f 975/716/452 1007/717/482 1008/766/483
f 1007/717/482 1039/718/512 1040/767/513
f 1039/718/512 1071/719/47 1072/768/48
f 1071/719/47 1103/720/79 1104/769/80
f 1103/720/79 1135/721/111 1136/770/112
f 1135/721/111 1167/722/143 1168/771/144
f 1167/722/143 1199/723/175 1200/772/176
f 1199/723/175 1231/724/207 1232/773/208
f 1231/724/207 1263/725/239 1264/774/240
f 1263/725/239 1295/726/271 1296/775/272
f 1295/726/271 1327/727/302 1328/776/303
f 1327/727/302 1359/728/332 1360/777/333
f 1359/728/332 1391/729/362 1392/778/363
f 1391/729/362 1423/730/392 1424/779/393
f 1423/730/392 1455/731/541 1456/780/423
f 1455/731/541 1487/732/452 1488/781/453
f 1487/732/452 1519/733/482 1520/782/483
f 1519/733/482 1551/734/556 1552/783/557
f 16/736/16 48/735/48 49/784/49
f 48/735/48 80/737/80 81/786/81
f 80/737/80 112/738/112 113/787/113
f 112/738/112 144/739/144 145/788/145
f 144/739/144 176/740/176 177/789/177
f 176/740/176 208/741/208 209/790/209
f 208/741/208 240/742/240 241/791/241
f 240/742/240 272/743/272 273/792/273
f 272/743/272 304/744/303 305/793/304
f 304/744/303 336/745/333 337/794/334
f 336/745/333 368/746/363 369/795/364
f 368/746/363 400/747/393 401/796/394
f 400/747/393 432/748/423 433/797/424
f 432/748/423 464/749/453 465/798/454
f 464/749/453 496/750/483 497/799/484
f 496/750/483 528/751/513 529/800/514
f 528/751/513 560/752/48 561/801/49
f 560/752/48 592/753/80 593/802/81
f 592/753/80 624/754/112 625/803/113
f 624/754/112 656/755/144 657/804/145
f 656/755/144 688/756/176 689/805/177
f 688/756/176 720/757/208 721/806/209
f 720/757/208 752/758/240 753/807/241
f 752/758/240 784/759/272 785/808/273
f 784/759/272 816/760/303 817/809/304
f 816/760/303 848/761/333 849/810/334
f 848/761/333 880/762/363 881/811/364
f 880/762/363 912/763/393 913/812/394
f 912/763/393 944/764/423 945/813/533
f 944/764/423 976/765/453 977/814/454
f 976/765/453 1008/766/483 1009/815/484
f 1008/766/483 1040/767/513 1041/816/514
f 1040/767/513 1072/768/48 1073/817/49
f 1072/768/48 1104/769/80 1105/818/81
f 1104/769/80 1136/770/112 1137/819/536
f 1136/770/112 1168/771/144 1169/820/145
f 1168/771/144 1200/772/176 1201/821/177
f 1200/772/176 1232/773/208 1233/822/209
f 1232/773/208 1264/774/240 1265/823/241
f 1264/774/240 1296/775/272 1297/824/273
f 1296/775/272 1328/776/303 1329/825/304
f 1328/776/303 1360/777/333 1361/826/334
f 1360/777/333 1392/778/363 1393/827/364
f 1392/778/363 1424/779/393 1425/828/394
f 1424/779/393 1456/780/423 1457/829/424
f 1456/780/423 1488/781/453 1489/830/454
f 1488/781/453 1520/782/483 1521/831/484
f 1520/782/483 1552/783/557 1553/832/558
f 18/736/18 17/785/17 49/784/49
f 50/735/50 49/784/49 81/786/81
f 82/737/82 81/786/81 113/787/113
f 114/738/114 113/787/113 145/788/145
f 146/739/146 145/788/145 177/789/177
f 178/740/178 177/789/177 209/790/209
f 210/741/210 209/790/209 241/791/241
f 242/742/242 241/791/241 273/792/273
f 274/743/274 273/792/273 305/793/304
f 306/744/305 305/793/304 337/794/334
f 338/745/335 337/794/334 369/795/364
f 370/746/365 369/795/364 401/796/394
f 402/747/395 401/796/394 433/797/424
f 434/748/425 433/797/424 465/798/454
f 466/749/455 465/798/454 497/799/484
f 498/750/485 497/799/484 529/800/514
f 530/751/515 529/800/514 561/801/49
f 562/752/50 561/801/49 593/802/81
f 594/753/82 593/802/81 625/803/113
f 626/754/114 625/803/113 657/804/145
f 658/755/146 657/804/145 689/805/177
f 690/756/178 689/805/177 721/806/209
f 722/757/210 721/806/209 753/807/241
f 754/758/242 753/807/241 785/808/273
f 786/759/274 785/808/273 817/809/304
f 818/760/305 817/809/304 849/810/334
f 850/761/335 849/810/334 881/811/364
f 882/762/365 881/811/364 913/812/394
f 914/763/395 913/812/394 945/813/533
f 946/764/425 945/813/533 977/814/454
f 978/765/455 977/814/454 1009/815/484
f 1010/766/485 1009/815/484 1041/816/514
f 1042/767/515 1041/816/514 1073/817/49
f 1074/768/50 1073/817/49 1105/818/81
f 1106/769/82 1105/818/81 1137/819/536
f 1138/770/114 1137/819/536 1169/820/145
f 1170/771/146 1169/820/145 1201/821/177
f 1202/772/178 1201/821/177 1233/822/209
f 1234/773/210 1233/822/209 1265/823/241
f 1266/774/242 1265/823/241 1297/824/273
f 1298/775/274 1297/824/273 1329/825/304
f 1330/776/305 1329/825/304 1361/826/334
f 1362/777/335 1361/826/334 1393/827/364
f 1394/778/365 1393/827/364 1425/828/394
f 1426/779/395 1425/828/394 1457/829/424
f 1458/780/425 1457/829/424 1489/830/454
f 1490/781/455 1489/830/454 1521/831/484
f 1522/782/485 1521/831/484 1553/832/558
f 19/687/19 18/736/18 50/735/50
f 51/686/51 50/735/50 82/737/82
f 83/688/83 82/737/82 114/738/114
f 115/689/115 114/738/114 146/739/146
f 147/690/147 146/739/146 178/740/178
f 179/691/179 178/740/178 210/741/210
f 211/692/211 210/741/210 242/742/242
f 243/693/243 242/742/242 274/743/274
f 275/694/275 274/743/274 306/744/305
f 307/695/306 306/744/305 338/745/335
f 339/696/336 338/745/335 370/746/365
f 371/697/366 370/746/365 402/747/395
f 403/698/396 402/747/395 434/748/425
f 435/699/426 434/748/425 466/749/455
f 467/700/456 466/749/455 498/750/485
f 499/701/486 498/750/485 530/751/515
f 531/702/516 530/751/515 562/752/50
f 563/703/51 562/752/50 594/753/82
f 595/704/83 594/753/82 626/754/114
f 627/705/115 626/754/114 658/755/146
f 659/706/147 658/755/146 690/756/178
f 691/707/179 690/756/178 722/757/210
f 723/708/211 722/757/210 754/758/242
f 755/709/243 754/758/242 786/759/274
f 787/710/275 786/759/274 818/760/305
f 819/711/306 818/760/305 850/761/335
f 851/712/336 850/761/335 882/762/365
f 883/713/366 882/762/365 914/763/395
f 915/714/396 914/763/395 946/764/425
f 947/715/426 946/764/425 978/765/455
f 979/716/456 978/765/455 1010/766/485
f 1011/717/486 1010/766/485 1042/767/515
f 1043/718/516 1042/767/515 1074/768/50
f 1075/719/51 1074/768/50 1106/769/82
f 1107/720/83 1106/769/82 1138/770/114
f 1139/721/115 1138/770/114 1170/771/146
f 1171/722/147 1170/771/146 1202/772/178
f 1203/723/179 1202/772/178 1234/773/210
f 1235/724/211 1234/773/210 1266/774/242
f 1267/725/243 1266/774/242 1298/775/274
f 1299/726/275 1298/775/274 1330/776/305
f 1331/727/306 1330/776/305 1362/777/335
f 1363/728/336 1362/777/335 1394/778/365
f 1395/729/366 1394/778/365 1426/779/395
f 1427/730/396 1426/779/395 1458/780/425
f 1459/731/426 1458/780/425 1490/781/455
f 1491/732/456 1490/781/455 1522/782/485
f 1523/733/486 1522/782/485 1554/783/559
f 20/638/20 19/687/19 51/686/51
f 52/637/52 51/686/51 83/688/83
f 84/639/84 83/688/83 115/689/115
f 116/640/116 115/689/115 147/690/147
f 148/641/148 147/690/147 179/691/179
f 180/642/180 179/691/179 211/692/211
f 212/643/212 211/692/211 243/693/243
f 244/644/244 243/693/243 275/694/275
f 276/645/276 275/694/275 307/695/306
f 308/646/307 307/695/306 339/696/336
f 340/647/337 339/696/336 371/697/366
f 372/648/367 371/697/366 403/698/396
f 404/649/397 403/698/396 435/699/426
f 436/650/427 435/699/426 467/700/456
f 468/651/457 467/700/456 499/701/486
f 500/652/487 499/701/486 531/702/516
f 532/653/517 531/702/516 563/703/51
f 564/654/52 563/703/51 595/704/83
f 596/655/84 595/704/83 627/705/115
f 628/656/116 627/705/115 659/706/147
f 660/657/148 659/706/147 691/707/179
f 692/658/180 691/707/179 723/708/211
f 724/659/212 723/708/211 755/709/243
f 756/660/244 755/709/243 787/710/275
f 788/661/276 787/710/275 819/711/306
f 820/662/307 819/711/306 851/712/336
f 852/663/337 851/712/336 883/713/366
f 884/664/367 883/713/366 915/714/396
f 916/665/397 915/714/396 947/715/426
f 948/666/427 947/715/426 979/716/456
f 980/667/457 979/716/456 1011/717/486
f 1012/668/487 1011/717/486 1043/718/516
f 1044/669/517 1043/718/516 1075/719/51
f 1076/670/52 1075/719/51 1107/720/83
f 1108/671/84 1107/720/83 1139/721/115
f 1140/672/116 1139/721/115 1171/722/147
f 1172/673/148 1171/722/147 1203/723/179
f 1204/674/180 1203/723/179 1235/724/211
f 1236/675/212 1235/724/211 1267/725/243
f 1268/676/244 1267/725/243 1299/726/275
f 1300/677/276 1299/726/275 1331/727/306
f 1332/678/307 1331/727/306 1363/728/336
f 1364/679/337 1363/728/336 1395/729/366
f 1396/680/367 1395/729/366 1427/730/396
f 1428/681/397 1427/730/396 1459/731/426
f 1460/682/427 1459/731/426 1491/732/456
f 1492/683/457 1491/732/456 1523/733/486
f 1524/684/487 1523/733/486 1555/734/560
f 21/589/21 20/638/20 52/637/52
f 53/588/53 52/637/52 84/639/84
f 85/590/85 84/639/84 116/640/116
f 117/591/117 116/640/116 148/641/148
f 149/592/149 148/641/148 180/642/180
f 181/593/181 180/642/180 212/643/212
f 213/594/213 212/643/212 244/644/244
f 245/595/245 244/644/244 276/645/276
f 277/596/277 276/645/276 308/646/307
f 309/597/308 308/646/307 340/647/337
f 341/598/338 340/647/337 372/648/367
f 373/599/368 372/648/367 404/649/397
f 405/600/398 404/649/397 436/650/427
f 437/601/428 436/650/427 468/651/457
f 469/602/458 468/651/457 500/652/487
f 501/603/488 500/652/487 532/653/517
f 533/604/518 532/653/517 564/654/52
f 565/605/53 564/654/52 596/655/84
f 597/606/85 596/655/84 628/656/116
f 629/607/117 628/656/116 660/657/148
f 661/608/149 660/657/148 692/658/180
f 693/609/181 692/658/180 724/659/212
f 725/610/213 724/659/212 756/660/244
f 757/611/245 756/660/244 788/661/276
f 789/612/277 788/661/276 820/662/307
f 821/613/308 820/662/307 852/663/337
f 853/614/338 852/663/337 884/664/367
f 885/615/368 884/664/367 916/665/397
f 917/616/398 916/665/397 948/666/427
f 949/617/428 948/666/427 980/667/457
f 981/618/458 980/667/457 1012/668/487
f 1013/619/488 1012/668/487 1044/669/517
f 1045/620/518 1044/669/517 1076/670/52
f 1077/621/53 1076/670/52 1108/671/84
f 1109/622/85 1108/671/84 1140/672/116
f 1141/623/117 1140/672/116 1172/673/148
f 1173/624/149 1172/673/148 1204/674/180
f 1205/625/181 1204/674/180 1236/675/212
f 1237/626/213 1236/675/212 1268/676/244
f 1269/627/245 1268/676/244 1300/677/276
f 1301/628/277 1300/677/276 1332/678/307
f 1333/629/308 1332/678/307 1364/679/337
f 1365/630/338 1364/679/337 1396/680/367
f 1397/631/368 1396/680/367 1428/681/397
f 1429/632/398 1428/681/397 1460/682/427
f 1461/633/428 1460/682/427 1492/683/457
f 1493/634/458 1492/683/457 1524/684/487
f 1525/635/488 1524/684/487 1556/685/561
f 22/540/22 21/589/21 53/588/53
f 54/539/54 53/588/53 85/590/85
f 86/541/86 85/590/85 117/591/117
f 118/542/118 117/591/117 149/592/149
f 150/543/150 149/592/149 181/593/181
f 182/544/182 181/593/181 213/594/213
f 214/545/214 213/594/213 245/595/245
f 246/546/246 245/595/245 277/596/277
f 278/547/278 277/596/277 309/597/308
f 310/548/309 309/597/308 341/598/338
f 342/549/339 341/598/338 373/599/368
f 374/550/369 373/599/368 405/600/398
f 406/551/399 405/600/398 437/601/428
f 438/552/429 437/601/428 469/602/458
f 470/553/459 469/602/458 501/603/488
f 502/554/489 501/603/488 533/604/518
f 534/555/519 533/604/518 565/605/53
f 566/556/54 565/605/53 597/606/85
f 598/557/86 597/606/85 629/607/117
f 630/558/118 629/607/117 661/608/149
f 662/559/150 661/608/149 693/609/181
f 694/560/182 693/609/181 725/610/213
f 726/561/214 725/610/213 757/611/245
f 758/562/246 757/611/245 789/612/277
f 790/563/278 789/612/277 821/613/308
f 822/564/309 821/613/308 853/614/338
f 854/565/339 853/614/338 885/615/368
f 886/566/369 885/615/368 917/616/398
f 918/567/399 917/616/398 949/617/428
f 950/568/429 949/617/428 981/618/458
f 982/569/459 981/618/458 1013/619/488
f 1014/570/489 1013/619/488 1045/620/518
f 1046/571/519 1045/620/518 1077/621/53
f 1078/572/54 1077/621/53 1109/622/85
f 1110/573/86 1109/622/85 1141/623/117
f 1142/574/118 1141/623/117 1173/624/149
f 1174/575/150 1173/624/149 1205/625/181
f 1206/576/182 1205/625/181 1237/626/213
f 1238/577/214 1237/626/213 1269/627/245
f 1270/578/246 1269/627/245 1301/628/277
f 1302/579/278 1301/628/277 1333/629/308
f 1334/580/309 1333/629/308 1365/630/338
f 1366/581/339 1365/630/338 1397/631/368
f 1398/582/369 1397/631/368 1429/632/398
f 1430/583/399 1429/632/398 1461/633/428
f 1462/584/429 1461/633/428 1493/634/458
f 1494/585/459 1493/634/458 1525/635/488
f 1526/586/489 1525/635/488 1557/636/562
f 23/491/23 22/540/22 54/539/54
f 55/490/55 54/539/54 86/541/86
f 87/492/87 86/541/86 118/542/118
f 119/493/119 118/542/118 150/543/150
f 151/494/151 150/543/150 182/544/182
f 183/495/183 182/544/182 214/545/214
f 215/496/215 214/545/214 246/546/246
f 247/497/247 246/546/246 278/547/278
f 279/498/279 278/547/278 310/548/309
f 311/499/310 310/548/309 342/549/339
f 343/500/340 342/549/339 374/550/369
f 375/501/370 374/550/369 406/551/399
f 407/502/400 406/551/399 438/552/429
f 439/503/430 438/552/429 470/553/459
f 471/504/460 470/553/459 502/554/489
f 503/505/490 502/554/489 534/555/519
f 535/506/520 534/555/519 566/556/54
f 567/507/55 566/556/54 598/557/86
f 599/508/87 598/557/86 630/558/118
f 631/509/119 630/558/118 662/559/150
f 663/510/151 662/559/150 694/560/182
f 695/511/183 694/560/182 726/561/214
f 727/512/215 726/561/214 758/562/246
f 759/513/247 758/562/246 790/563/278
f 791/514/279 790/563/278 822/564/309
f 823/515/310 822/564/309 854/565/339
f 855/516/340 854/565/339 886/566/369
f 887/517/370 886/566/369 918/567/399
f 919/518/400 918/567/399 950/568/429
f 951/519/430 950/568/429 982/569/459
f 983/520/460 982/569/459 1014/570/489
f 1015/521/490 1014/570/489 1046/571/519
f 1047/522/520 1046/571/519 1078/572/54
f 1079/523/55 1078/572/54 1110/573/86
f 1111/524/87 1110/573/86 1142/574/118
f 1143/525/119 1142/574/118 1174/575/150
f 1175/526/151 1174/575/150 1206/576/182
f 1207/527/183 1206/576/182 1238/577/214
f 1239/528/215 1238/577/214 1270/578/246
f 1271/529/247 1270/578/246 1302/579/278
f 1303/530/279 1302/579/278 1334/580/309
f 1335/531/310 1334/580/309 1366/581/339
f 1367/532/340 1366/581/339 1398/582/369
f 1399/533/370 1398/582/369 1430/583/399
f 1431/534/400 1430/583/399 1462/584/429
f 1463/535/430 1462/584/429 1494/585/459
f 1495/536/460 1494/585/459 1526/586/489
f 1527/537/490 1526/586/489 1558/587/563
f 24/442/24 23/491/23 55/490/55
f 56/441/56 55/490/55 87/492/87
f 88/443/88 87/492/87 119/493/119
f 120/444/120 119/493/119 151/494/151
f 152/445/152 151/494/151 183/495/183
f 184/446/184 183/495/183 215/496/215
f 216/447/216 215/496/215 247/497/247
f 248/448/248 247/497/247 279/498/279
f 280/449/280 279/498/279 311/499/310
f 312/450/311 311/499/310 343/500/340
f 344/451/341 343/500/340 375/501/370
f 376/452/371 375/501/370 407/502/400
f 408/453/401 407/502/400 439/503/430
f 440/454/431 439/503/430 471/504/460
f 472/455/461 471/504/460 503/505/490
f 504/456/491 503/505/490 535/506/520
f 536/457/521 535/506/520 567/507/55
f 568/458/56 567/507/55 599/508/87
f 600/459/88 599/508/87 631/509/119
f 632/460/120 631/509/119 663/510/151
f 664/461/529 663/510/151 695/511/183
f 696/462/184 695/511/183 727/512/215
f 728/463/216 727/512/215 759/513/247
f 760/464/248 759/513/247 791/514/279
f 792/465/280 791/514/279 823/515/310
f 824/466/311 823/515/310 855/516/340
f 856/467/341 855/516/340 887/517/370
f 888/468/371 887/517/370 919/518/400
f 920/469/401 919/518/400 951/519/430
f 952/470/431 951/519/430 983/520/460
f 984/471/461 983/520/460 1015/521/490
f 1016/472/491 1015/521/490 1047/522/520
f 1048/473/521 1047/522/520 1079/523/55
f 1080/474/56 1079/523/55 1111/524/87
f 1112/475/88 1111/524/87 1143/525/119
f 1144/476/120 1143/525/119 1175/526/151
f 1176/477/152 1175/526/151 1207/527/183
f 1208/478/184 1207/527/183 1239/528/215
f 1240/479/216 1239/528/215 1271/529/247
f 1272/480/248 1271/529/247 1303/530/279
f 1304/481/537 1303/530/279 1335/531/310
f 1336/482/311 1335/531/310 1367/532/340
f 1368/483/341 1367/532/340 1399/533/370
f 1400/484/371 1399/533/370 1431/534/400
f 1432/485/401 1431/534/400 1463/535/430
f 1464/486/431 1463/535/430 1495/536/460
f 1496/487/461 1495/536/460 1527/537/490
f 1528/488/491 1527/537/490 1559/538/564
f 25/393/25 24/442/24 56/441/56
f 57/392/57 56/441/56 88/443/88
f 89/394/89 88/443/88 120/444/120
f 121/395/121 120/444/120 152/445/152
f 153/396/153 152/445/152 184/446/184
f 185/397/185 184/446/184 216/447/216
f 217/398/217 216/447/216 248/448/248
f 249/399/249 248/448/248 280/449/280
f 281/400/281 280/449/280 312/450/311
f 313/401/41 312/450/311 344/451/341
f 345/402/73 344/451/341 376/452/371
f 377/403/105 376/452/371 408/453/401
f 409/404/137 408/453/401 440/454/431
f 441/405/169 440/454/431 472/455/461
f 473/406/201 472/455/461 504/456/491
f 505/407/233 504/456/491 536/457/521
f 537/408/265 536/457/521 568/458/56
f 569/409/57 568/458/56 600/459/88
f 601/410/89 600/459/88 632/460/120
f 633/411/121 632/460/120 664/461/529
f 665/412/153 664/461/529 696/462/184
f 697/413/185 696/462/184 728/463/216
f 729/414/217 728/463/216 760/464/248
f 761/415/249 760/464/248 792/465/280
f 793/416/281 792/465/280 824/466/311
f 825/417/41 824/466/311 856/467/341
f 857/418/73 856/467/341 888/468/371
f 889/419/105 888/468/371 920/469/401
f 921/420/137 920/469/401 952/470/431
f 953/421/169 952/470/431 984/471/461
f 985/422/201 984/471/461 1016/472/491
f 1017/423/233 1016/472/491 1048/473/521
f 1049/424/265 1048/473/521 1080/474/56
f 1081/425/57 1080/474/56 1112/475/88
f 1113/426/89 1112/475/88 1144/476/120
f 1145/427/121 1144/476/120 1176/477/152
f 1177/428/153 1176/477/152 1208/478/184
f 1209/429/185 1208/478/184 1240/479/216
f 1241/430/217 1240/479/216 1272/480/248
f 1273/431/249 1272/480/248 1304/481/537
f 1305/432/281 1304/481/537 1336/482/311
f 1337/433/41 1336/482/311 1368/483/341
f 1369/434/73 1368/483/341 1400/484/371
f 1401/435/105 1400/484/371 1432/485/401
f 1433/436/137 1432/485/401 1464/486/431
f 1465/437/169 1464/486/431 1496/487/461
f 1497/438/201 1496/487/461 1528/488/491
f 1529/439/233 1528/488/491 1560/489/565
f 26/344/26 25/393/25 57/392/57
f 58/343/58 57/392/57 89/394/89
f 90/345/90 89/394/89 121/395/121
f 122/346/122 121/395/121 153/396/153
f 154/347/154 153/396/153 185/397/185
f 186/348/186 185/397/185 217/398/217
f 218/349/218 217/398/217 249/399/249
f 250/350/250 249/399/249 281/400/281
f 282/351/282 281/400/281 313/401/41
f 314/352/312 313/401/41 345/402/73
f 346/353/342 345/402/73 377/403/105
f 378/354/372 377/403/105 409/404/137
f 410/355/402 409/404/137 441/405/169
f 442/356/432 441/405/169 473/406/201
f 474/357/462 473/406/201 505/407/233
f 506/358/492 505/407/233 537/408/265
f 538/359/522 537/408/265 569/409/57
f 570/360/58 569/409/57 601/410/89
f 602/361/90 601/410/89 633/411/121
f 634/362/122 633/411/121 665/412/153
f 666/363/530 665/412/153 697/413/185
f 698/364/186 697/413/185 729/414/217
f 730/365/218 729/414/217 761/415/249
f 762/366/250 761/415/249 793/416/281
f 794/367/531 793/416/281 825/417/41
f 826/368/312 825/417/41 857/418/73
f 858/369/342 857/418/73 889/419/105
f 890/370/372 889/419/105 921/420/137
f 922/371/402 921/420/137 953/421/169
f 954/372/432 953/421/169 985/422/201
f 986/373/462 985/422/201 1017/423/233
f 1018/374/492 1017/423/233 1049/424/265
f 1050/375/534 1049/424/265 1081/425/57
f 1082/376/58 1081/425/57 1113/426/89
f 1114/377/90 1113/426/89 1145/427/121
f 1146/378/122 1145/427/121 1177/428/153
f 1178/379/530 1177/428/153 1209/429/185
f 1210/380/186 1209/429/185 1241/430/217
f 1242/381/218 1241/430/217 1273/431/249
f 1274/382/250 1273/431/249 1305/432/281
f 1306/383/282 1305/432/281 1337/433/41
f 1338/384/312 1337/433/41 1369/434/73
f 1370/385/342 1369/434/73 1401/435/105
f 1402/386/372 1401/435/105 1433/436/137
f 1434/387/540 1433/436/137 1465/437/169
f 1466/388/432 1465/437/169 1497/438/201
f 1498/389/462 1497/438/201 1529/439/233
f 1530/390/492 1529/439/233 1561/440/566
f 27/295/27 26/344/26 58/343/58
f 59/294/59 58/343/58 90/345/90
f 91/296/91 90/345/90 122/346/122
f 123/297/123 122/346/122 154/347/154
f 155/298/155 154/347/154 186/348/186
f 187/299/187 186/348/186 218/349/218
f 219/300/219 218/349/218 250/350/250
f 251/301/251 250/350/250 282/351/282
f 283/302/283 282/351/282 314/352/312
f 315/303/313 314/352/312 346/353/342
f 347/304/343 346/353/342 378/354/372
f 379/305/373 378/354/372 410/355/402
f 411/306/403 410/355/402 442/356/432
f 443/307/433 442/356/432 474/357/462
f 475/308/463 474/357/462 506/358/492
f 507/309/493 506/358/492 538/359/522
f 539/310/523 538/359/522 570/360/58
f 571/311/59 570/360/58 602/361/90
f 603/312/91 602/361/90 634/362/122
f 635/313/123 634/362/122 666/363/530
f 667/314/155 666/363/530 698/364/186
f 699/315/187 698/364/186 730/365/218
f 731/316/219 730/365/218 762/366/250
f 763/317/251 762/366/250 794/367/531
f 795/318/283 794/367/531 826/368/312
f 827/319/313 826/368/312 858/369/342
f 859/320/343 858/369/342 890/370/372
f 891/321/373 890/370/372 922/371/402
f 923/322/403 922/371/402 954/372/432
f 955/323/433 954/372/432 986/373/462
f 987/324/463 986/373/462 1018/374/492
f 1019/325/493 1018/374/492 1050/375/534
f 1051/326/523 1050/375/534 1082/376/58
f 1083/327/59 1082/376/58 1114/377/90
f 1115/328/91 1114/377/90 1146/378/122
f 1147/329/123 1146/378/122 1178/379/530
f 1179/330/155 1178/379/530 1210/380/186
f 1211/331/187 1210/380/186 1242/381/218
f 1243/332/219 1242/381/218 1274/382/250
f 1275/333/251 1274/382/250 1306/383/282
f 1307/334/283 1306/383/282 1338/384/312
f 1339/335/313 1338/384/312 1370/385/342
f 1371/336/343 1370/385/342 1402/386/372
f 1403/337/373 1402/386/372 1434/387/540
f 1435/338/403 1434/387/540 1466/388/432
f 1467/339/433 1466/388/432 1498/389/462
f 1499/340/463 1498/389/462 1530/390/492
f 1531/341/493 1530/390/492 1562/391/567
f 28/246/28 27/295/27 59/294/59
f 60/245/60 59/294/59 91/296/91
f 92/247/92 91/296/91 123/297/123
f 124/248/124 123/297/123 155/298/155
f 156/249/156 155/298/155 187/299/187
f 188/250/188 187/299/187 219/300/219
f 220/251/220 219/300/219 251/301/251
f 252/252/252 251/301/251 283/302/283
f 284/253/284 283/302/283 315/303/313
f 316/254/314 315/303/313 347/304/343
f 348/255/344 347/304/343 379/305/373
f 380/256/374 379/305/373 411/306/403
f 412/257/404 411/306/403 443/307/433
f 444/258/434 443/307/433 475/308/463
f 476/259/464 475/308/463 507/309/493
f 508/260/494 507/309/493 539/310/523
f 540/261/524 539/310/523 571/311/59
f 572/262/60 571/311/59 603/312/91
f 604/263/92 603/312/91 635/313/123
f 636/264/124 635/313/123 667/314/155
f 668/265/156 667/314/155 699/315/187
f 700/266/188 699/315/187 731/316/219
f 732/267/220 731/316/219 763/317/251
f 764/268/252 763/317/251 795/318/283
f 796/269/284 795/318/283 827/319/313
f 828/270/314 827/319/313 859/320/343
f 860/271/344 859/320/343 891/321/373
f 892/272/374 891/321/373 923/322/403
f 924/273/404 923/322/403 955/323/433
f 956/274/434 955/323/433 987/324/463
f 988/275/464 987/324/463 1019/325/493
f 1020/276/494 1019/325/493 1051/326/523
f 1052/277/524 1051/326/523 1083/327/59
f 1084/278/60 1083/327/59 1115/328/91
f 1116/279/92 1115/328/91 1147/329/123
f 1148/280/124 1147/329/123 1179/330/155
f 1180/281/156 1179/330/155 1211/331/187
f 1212/282/188 1211/331/187 1243/332/219
f 1244/283/220 1243/332/219 1275/333/251
f 1276/284/252 1275/333/251 1307/334/283
f 1308/285/284 1307/334/283 1339/335/313
f 1340/286/314 1339/335/313 1371/336/343
f 1372/287/344 1371/336/343 1403/337/373
f 1404/288/374 1403/337/373 1435/338/403
f 1436/289/404 1435/338/403 1467/339/433
f 1468/290/434 1467/339/433 1499/340/463
f 1500/291/464 1499/340/463 1531/341/493
f 1532/292/494 1531/341/493 1563/342/568
f 29/197/29 28/246/28 60/245/60
f 61/196/61 60/245/60 92/247/92
f 93/198/93 92/247/92 124/248/124
f 125/199/125 124/248/124 156/249/156
f 157/200/157 156/249/156 188/250/188
f 189/201/189 188/250/188 220/251/220
f 221/202/221 220/251/220 252/252/252
f 253/203/253 252/252/252 284/253/284
f 285/204/285 284/253/284 316/254/314
f 317/205/315 316/254/314 348/255/344
f 349/206/345 348/255/344 380/256/374
f 381/207/375 380/256/374 412/257/404
f 413/208/405 412/257/404 444/258/434
f 445/209/435 444/258/434 476/259/464
f 477/210/465 476/259/464 508/260/494
f 509/211/495 508/260/494 540/261/524
f 541/212/525 540/261/524 572/262/60
f 573/213/61 572/262/60 604/263/92
f 605/214/93 604/263/92 636/264/124
f 637/215/125 636/264/124 668/265/156
f 669/216/157 668/265/156 700/266/188
f 701/217/189 700/266/188 732/267/220
f 733/218/221 732/267/220 764/268/252
f 765/219/253 764/268/252 796/269/284
f 797/220/285 796/269/284 828/270/314
f 829/221/315 828/270/314 860/271/344
f 861/222/345 860/271/344 892/272/374
f 893/223/375 892/272/374 924/273/404
f 925/224/405 924/273/404 956/274/434
f 957/225/435 956/274/434 988/275/464
f 989/226/465 988/275/464 1020/276/494
f 1021/227/495 1020/276/494 1052/277/524
f 1053/228/525 1052/277/524 1084/278/60
f 1085/229/61 1084/278/60 1116/279/92
f 1117/230/93 1116/279/92 1148/280/124
f 1149/231/125 1148/280/124 1180/281/156
f 1181/232/157 1180/281/156 1212/282/188
f 1213/233/189 1212/282/188 1244/283/220
f 1245/234/221 1244/283/220 1276/284/252
f 1277/235/253 1276/284/252 1308/285/284
f 1309/236/285 1308/285/284 1340/286/314
f 1341/237/315 1340/286/314 1372/287/344
f 1373/238/345 1372/287/344 1404/288/374
f 1405/239/375 1404/288/374 1436/289/404
f 1437/240/405 1436/289/404 1468/290/434
f 1469/241/435 1468/290/434 1500/291/464
f 1501/242/465 1500/291/464 1532/292/494
f 1533/243/495 1532/292/494 1564/293/569
f 30/148/30 29/197/29 61/196/61
f 62/147/62 61/196/61 93/198/93
f 94/149/94 93/198/93 125/199/125
f 126/150/126 125/199/125 157/200/157
f 158/151/158 157/200/157 189/201/189
f 190/152/190 189/201/189 221/202/221
f 222/153/222 221/202/221 253/203/253
f 254/154/254 253/203/253 285/204/285
f 286/155/286 285/204/285 317/205/315
f 318/156/316 317/205/315 349/206/345
f 350/157/346 349/206/345 381/207/375
f 382/158/376 381/207/375 413/208/405
f 414/159/406 413/208/405 445/209/435
f 446/160/436 445/209/435 477/210/465
f 478/161/466 477/210/465 509/211/495
f 510/162/496 509/211/495 541/212/525
f 542/163/526 541/212/525 573/213/61
f 574/164/62 573/213/61 605/214/93
f 606/165/94 605/214/93 637/215/125
f 638/166/126 637/215/125 669/216/157
f 670/167/158 669/216/157 701/217/189
f 702/168/190 701/217/189 733/218/221
f 734/169/222 733/218/221 765/219/253
f 766/170/254 765/219/253 797/220/285
f 798/171/286 797/220/285 829/221/315
f 830/172/316 829/221/315 861/222/345
f 862/173/346 861/222/345 893/223/375
f 894/174/376 893/223/375 925/224/405
f 926/175/406 925/224/405 957/225/435
f 958/176/436 957/225/435 989/226/465
f 990/177/466 989/226/465 1021/227/495
f 1022/178/496 1021/227/495 1053/228/525
f 1054/179/526 1053/228/525 1085/229/61
f 1086/180/62 1085/229/61 1117/230/93
f 1118/181/94 1117/230/93 1149/231/125
f 1150/182/126 1149/231/125 1181/232/157
f 1182/183/158 1181/232/157 1213/233/189
f 1214/184/190 1213/233/189 1245/234/221
f 1246/185/222 1245/234/221 1277/235/253
f 1278/186/254 1277/235/253 1309/236/285
f 1310/187/286 1309/236/285 1341/237/315
f 1342/188/316 1341/237/315 1373/238/345
f 1374/189/346 1373/238/345 1405/239/375
f 1406/190/376 1405/239/375 1437/240/405
f 1438/191/406 1437/240/405 1469/241/435
f 1470/192/436 1469/241/435 1501/242/465
f 1502/193/466 1501/242/465 1533/243/495
f 1534/194/496 1533/243/495 1565/244/570
f 31/99/31 30/148/30 62/147/62
f 63/98/63 62/147/62 94/149/94
f 95/100/95 94/149/94 126/150/126
f 127/101/127 126/150/126 158/151/158
f 159/102/159 158/151/158 190/152/190
f 191/103/191 190/152/190 222/153/222
f 223/104/223 222/153/222 254/154/254
f 255/105/255 254/154/254 286/155/286
f 287/106/287 286/155/286 318/156/316
f 319/107/317 318/156/316 350/157/346
f 351/108/347 350/157/346 382/158/376
f 383/109/377 382/158/376 414/159/406
f 415/110/407 414/159/406 446/160/436
f 447/111/437 446/160/436 478/161/466
f 479/112/467 478/161/466 510/162/496
f 511/113/497 510/162/496 542/163/526
f 543/114/527 542/163/526 574/164/62
f 575/115/63 574/164/62 606/165/94
f 607/116/95 606/165/94 638/166/126
f 639/117/127 638/166/126 670/167/158
f 671/118/159 670/167/158 702/168/190
f 703/119/191 702/168/190 734/169/222
f 735/120/223 734/169/222 766/170/254
f 767/121/255 766/170/254 798/171/286
f 799/122/287 798/171/286 830/172/316
f 831/123/317 830/172/316 862/173/346
f 863/124/347 862/173/346 894/174/376
f 895/125/377 894/174/376 926/175/406
f 927/126/407 926/175/406 958/176/436
f 959/127/437 958/176/436 990/177/466
f 991/128/467 990/177/466 1022/178/496
f 1023/129/497 1022/178/496 1054/179/526
f 1055/130/527 1054/179/526 1086/180/62
f 1087/131/63 1086/180/62 1118/181/94
f 1119/132/95 1118/181/94 1150/182/126
f 1151/133/127 1150/182/126 1182/183/158
f 1183/134/159 1182/183/158 1214/184/190
f 1215/135/191 1214/184/190 1246/185/222
f 1247/136/223 1246/185/222 1278/186/254
f 1279/137/255 1278/186/254 1310/187/286
f 1311/138/287 1310/187/286 1342/188/316
f 1343/139/317 1342/188/316 1374/189/346
f 1375/140/347 1374/189/346 1406/190/376
f 1407/141/377 1406/190/376 1438/191/406
f 1439/142/407 1438/191/406 1470/192/436
f 1471/143/437 1470/192/436 1502/193/466
f 1503/144/467 1502/193/466 1534/194/496
f 1535/145/497 1534/194/496 1566/195/571
f 32/3/32 31/99/31 63/98/63
f 64/2/64 63/98/63 95/100/95
f 96/5/96 95/100/95 127/101/127
f 128/7/128 127/101/127 159/102/159
f 160/9/160 159/102/159 191/103/191
f 192/11/192 191/103/191 223/104/223
f 224/13/224 223/104/223 255/105/255
f 256/15/256 255/105/255 287/106/287
f 288/17/288 287/106/287 319/107/317
f 320/19/318 319/107/317 351/108/347
f 352/21/348 351/108/347 383/109/377
f 384/23/378 383/109/377 415/110/407
f 416/25/408 415/110/407 447/111/437
f 448/27/438 447/111/437 479/112/467
f 480/29/468 479/112/467 511/113/497
f 512/31/498 511/113/497 543/114/527
f 544/33/528 543/114/527 575/115/63
f 576/35/64 575/115/63 607/116/95
f 608/37/96 607/116/95 639/117/127
f 640/39/128 639/117/127 671/118/159
f 672/41/160 671/118/159 703/119/191
f 704/43/192 703/119/191 735/120/223
f 736/45/224 735/120/223 767/121/255
f 768/47/256 767/121/255 799/122/287
f 800/49/288 799/122/287 831/123/317
f 832/51/318 831/123/317 863/124/347
f 864/53/348 863/124/347 895/125/377
f 896/55/378 895/125/377 927/126/407
f 928/57/408 927/126/407 959/127/437
f 960/59/438 959/127/437 991/128/467
f 992/61/468 991/128/467 1023/129/497
f 1024/63/498 1023/129/497 1055/130/527
f 1056/65/528 1055/130/527 1087/131/63
f 1088/67/64 1087/131/63 1119/132/95
f 1120/69/96 1119/132/95 1151/133/127
f 1152/71/128 1151/133/127 1183/134/159
f 1184/73/160 1183/134/159 1215/135/191
f 1216/75/192 1215/135/191 1247/136/223
f 1248/77/224 1247/136/223 1279/137/255
f 1280/79/256 1279/137/255 1311/138/287
f 1312/81/288 1311/138/287 1343/139/317
f 1344/83/318 1343/139/317 1375/140/347
f 1376/85/348 1375/140/347 1407/141/377
f 1408/87/378 1407/141/377 1439/142/407
f 1440/89/408 1439/142/407 1471/143/437
f 1472/91/438 1471/143/437 1503/144/467
f 1504/93/468 1503/144/467 1535/145/497
f 1536/95/498 1535/145/497 1567/146/572
f 1/1/1 32/3/32 64/2/64
f 33/4/33 64/2/64 96/5/96
f 65/6/65 96/5/96 128/7/128
f 97/8/97 128/7/128 160/9/160
f 129/10/129 160/9/160 192/11/192
f 161/12/161 192/11/192 224/13/224
f 193/14/193 224/13/224 256/15/256
f 225/16/225 256/15/256 288/17/288
f 257/18/257 288/17/288 320/19/318
f 289/20/289 320/19/318 352/21/348
f 321/22/319 352/21/348 384/23/378
f 353/24/349 384/23/378 416/25/408
f 385/26/379 416/25/408 448/27/438
f 417/28/409 448/27/438 480/29/468
f 449/30/439 480/29/468 512/31/498
f 481/32/469 512/31/498 544/33/528
f 513/34/499 544/33/528 576/35/64
f 545/36/33 576/35/64 608/37/96
f 577/38/65 608/37/96 640/39/128
f 609/40/97 640/39/128 672/41/160
f 641/42/129 672/41/160 704/43/192
f 673/44/161 704/43/192 736/45/224
f 705/46/193 736/45/224 768/47/256
f 737/48/225 768/47/256 800/49/288
f 769/50/257 800/49/288 832/51/318
f 801/52/289 832/51/318 864/53/348
f 833/54/319 864/53/348 896/55/378
f 865/56/349 896/55/378 928/57/408
f 897/58/379 928/57/408 960/59/438
f 929/60/409 960/59/438 992/61/468
f 961/62/439 992/61/468 1024/63/498
f 993/64/469 1024/63/498 1056/65/528
f 1025/66/499 1056/65/528 1088/67/64
f 1057/68/33 1088/67/64 1120/69/96
f 1089/70/65 1120/69/96 1152/71/128
f 1121/72/535 1152/71/128 1184/73/160
f 1153/74/129 1184/73/160 1216/75/192
f 1185/76/161 1216/75/192 1248/77/224
f 1217/78/193 1248/77/224 1280/79/256
f 1249/80/225 1280/79/256 1312/81/288
f 1281/82/257 1312/81/288 1344/83/318
f 1313/84/289 1344/83/318 1376/85/348
f 1345/86/319 1376/85/348 1408/87/378
f 1377/88/349 1408/87/378 1440/89/408
f 1409/90/379 1440/89/408 1472/91/438
f 1441/92/409 1472/91/438 1504/93/468
f 1473/94/439 1504/93/468 1536/95/498
f 1505/96/469 1536/95/498 1568/97/573
o 立方体
v -1.000000 1.052868 1.000000
v -1.000000 1.452868 1.000000
v -1.000000 1.052868 -1.000000
v -1.000000 1.452868 -1.000000
v 1.000000 1.052868 1.000000
v 1.000000 1.452868 1.000000
v 1.000000 1.052868 -1.000000
v 1.000000 1.452868 -1.000000
vn -1.0000 -0.0000 -0.0000
vn -0.0000 -0.0000 -1.0000
vn 1.0000 -0.0000 -0.0000
vn -0.0000 -0.0000 1.0000
vn -0.0000 -1.0000 -0.0000
vn -0.0000 1.0000 -0.0000
vt 0.625000 0.000000
vt 0.375000 0.250000
vt 0.375000 0.000000
vt 0.625000 0.250000
vt 0.375000 0.500000
vt 0.625000 0.500000
vt 0.375000 0.750000
vt 0.625000 0.750000
vt 0.375000 1.000000
vt 0.125000 0.750000
vt 0.125000 0.500000
vt 0.875000 0.500000
vt 0.625000 1.000000
vt 0.875000 0.750000
s 0
f 1570/834/574 1571/835/574 1569/836/574
f 1572/837/575 1575/838/575 1571/835/575
f 1576/839/576 1573/840/576 1575/838/576
f 1574/841/577 1569/842/577 1573/840/577
f 1575/838/578 1569/843/578 1571/844/578
f 1572/845/579 1574/841/579 1576/839/579
f 1570/834/574 1572/837/574 1571/835/574
f 1572/837/575 1576/839/575 1575/838/575
f 1576/839/576 1574/841/576 1573/840/576
f 1574/841/577 1570/846/577 1569/842/577
f 1575/838/578 1573/840/578 1569/843/578
f 1572/845/579 1570/847/579 1574/841/579
o 円.001
v -0.500000 -0.650000 0.099561
v -0.500000 -0.650961 0.109316
v -0.500000 -0.653806 0.118695
v -0.500000 -0.658427 0.127340
v -0.500000 -0.664645 0.134917
v -0.500000 -0.672221 0.141135
v -0.500000 -0.680866 0.145755
v -0.500000 -0.690245 0.148601
v -0.500000 -0.700000 0.149561
v -0.500000 -0.709755 0.148601
v -0.500000 -0.719134 0.145755
v -0.500000 -0.727778 0.141135
v -0.500000 -0.735355 0.134917
v -0.500000 -0.741573 0.127340
v -0.500000 -0.746194 0.118695
v -0.500000 -0.749039 0.109316
v -0.500000 -0.750000 0.099561
v -0.500000 -0.749039 0.089807
v -0.500000 -0.746194 0.080427
v -0.500000 -0.741573 0.071783
v -0.500000 -0.735355 0.064206
v -0.500000 -0.727778 0.057988
v -0.500000 -0.719134 0.053367
v -0.500000 -0.709755 0.050522
v -0.500000 -0.700000 0.049561
v -0.500000 -0.690245 0.050522
v -0.500000 -0.680866 0.053367
v -0.500000 -0.672221 0.057988
v -0.500000 -0.664645 0.064206
v -0.500000 -0.658427 0.071783
v -0.500000 -0.653806 0.080427
v -0.500000 -0.650961 0.089807
v -0.653241 -0.611750 0.130043
v -0.649508 -0.612711 0.139055
v -0.645919 -0.615556 0.147721
v -0.642611 -0.620176 0.155707
v -0.639711 -0.626395 0.162707
v -0.637332 -0.633971 0.168452
v -0.635564 -0.642616 0.172721
v -0.634475 -0.651995 0.175349
v -0.634107 -0.661750 0.176237
v -0.634475 -0.671504 0.175349
v -0.635564 -0.680884 0.172721
v -0.637332 -0.689528 0.168452
v -0.639711 -0.697105 0.162707
v -0.642611 -0.703323 0.155707
v -0.645919 -0.707944 0.147721
v -0.649508 -0.710789 0.139055
v -0.653241 -0.711750 0.130043
v -0.656974 -0.710789 0.121031
v -0.660564 -0.707944 0.112365
v -0.663872 -0.703323 0.104379
v -0.666771 -0.697105 0.097379
v -0.669151 -0.689528 0.091634
v -0.670919 -0.680884 0.087365
v -0.672008 -0.671504 0.084736
v -0.672375 -0.661750 0.083849
v -0.672008 -0.651995 0.084736
v -0.670919 -0.642616 0.087365
v -0.669151 -0.633971 0.091634
v -0.666771 -0.626395 0.097379
v -0.663872 -0.620176 0.104379
v -0.660564 -0.615556 0.112365
v -0.656974 -0.612711 0.121031
v -0.783153 -0.573500 0.216847
v -0.776255 -0.574461 0.223745
v -0.769623 -0.577306 0.230377
v -0.763511 -0.581926 0.236489
v -0.758153 -0.588145 0.241847
v -0.753756 -0.595721 0.246244
v -0.750489 -0.604366 0.249511
v -0.748477 -0.613745 0.251523
v -0.747798 -0.623500 0.252202
v -0.748477 -0.633254 0.251523
v -0.750489 -0.642634 0.249511
v -0.753756 -0.651278 0.246244
v -0.758153 -0.658855 0.241847
v -0.763511 -0.665073 0.236489
v -0.769623 -0.669694 0.230377
v -0.776255 -0.672539 0.223745
v -0.783153 -0.673500 0.216847
v -0.790050 -0.672539 0.209950
v -0.796683 -0.669694 0.203317
v -0.802795 -0.665073 0.197205
v -0.808153 -0.658855 0.191847
v -0.812550 -0.651278 0.187450
v -0.815817 -0.642634 0.184183
v -0.817829 -0.633254 0.182171
v -0.818508 -0.623500 0.181492
v -0.817829 -0.613745 0.182171
v -0.815817 -0.604366 0.184183
v -0.812550 -0.595721 0.187450
v -0.808153 -0.588145 0.191847
v -0.802795 -0.581926 0.197205
v -0.796683 -0.577306 0.203317
v -0.790050 -0.574461 0.209950
v -0.869957 -0.535250 0.346759
v -0.860945 -0.536211 0.350492
v -0.852279 -0.539056 0.354081
v -0.844293 -0.543676 0.357389
v -0.837293 -0.549895 0.360289
v -0.831548 -0.557471 0.362668
v -0.827279 -0.566116 0.364436
v -0.824651 -0.575495 0.365525
v -0.823763 -0.585250 0.365893
v -0.824651 -0.595004 0.365525
v -0.827279 -0.604384 0.364436
v -0.831548 -0.613028 0.362668
v -0.837293 -0.620605 0.360289
v -0.844293 -0.626823 0.357389
v -0.852279 -0.631444 0.354081
v -0.860945 -0.634289 0.350492
v -0.869957 -0.635250 0.346759
v -0.878969 -0.634289 0.343026
v -0.887635 -0.631444 0.339436
v -0.895621 -0.626823 0.336128
v -0.902621 -0.620605 0.333229
v -0.908366 -0.613028 0.330849
v -0.912635 -0.604384 0.329081
v -0.915264 -0.595004 0.327992
v -0.916151 -0.585250 0.327625
v -0.915264 -0.575495 0.327992
v -0.912635 -0.566116 0.329081
v -0.908366 -0.557471 0.330849
v -0.902621 -0.549895 0.333229
v -0.895621 -0.543676 0.336128
v -0.887635 -0.539056 0.339436
v -0.878969 -0.536211 0.343026
v -0.900439 -0.497000 0.500000
v -0.890684 -0.497961 0.500000
v -0.881305 -0.500806 0.500000
v -0.872660 -0.505426 0.500000
v -0.865083 -0.511645 0.500000
v -0.858865 -0.519221 0.500000
v -0.854245 -0.527866 0.500000
v -0.851399 -0.537245 0.500000
v -0.850439 -0.547000 0.500000
v -0.851399 -0.556754 0.500000
v -0.854245 -0.566134 0.500000
v -0.858865 -0.574778 0.500000
v -0.865083 -0.582355 0.500000
v -0.872660 -0.588573 0.500000
v -0.881305 -0.593194 0.500000
v -0.890684 -0.596039 0.500000
v -0.900439 -0.597000 0.500000
v -0.910193 -0.596039 0.500000
v -0.919573 -0.593194 0.500000
v -0.928217 -0.588573 0.500000
v -0.935794 -0.582355 0.500000
v -0.942012 -0.574778 0.500000
v -0.946633 -0.566134 0.500000
v -0.949478 -0.556754 0.500000
v -0.950439 -0.547000 0.500000
v -0.949478 -0.537245 0.500000
v -0.946633 -0.527866 0.500000
v -0.942012 -0.519221 0.500000
v -0.935794 -0.511645 0.500000
v -0.928217 -0.505426 0.500000
v -0.919573 -0.500806 0.500000
v -0.910193 -0.497961 0.500000
v -0.869957 -0.458750 0.653241
v -0.860945 -0.459711 0.649508
v -0.852279 -0.462556 0.645919
v -0.844293 -0.467176 0.642611
v -0.837293 -0.473395 0.639711
v -0.831548 -0.480971 0.637332
v -0.827279 -0.489616 0.635564
v -0.824651 -0.498995 0.634475
v -0.823763 -0.508750 0.634107
v -0.824651 -0.518505 0.634475
v -0.827279 -0.527884 0.635564
v -0.831548 -0.536528 0.637332
v -0.837293 -0.544105 0.639711
v -0.844293 -0.550323 0.642611
v -0.852279 -0.554944 0.645919
v -0.860945 -0.557789 0.649508
v -0.869957 -0.558750 0.653241
v -0.878969 -0.557789 0.656974
v -0.887635 -0.554944 0.660564
v -0.895621 -0.550323 0.663872
v -0.902621 -0.544105 0.666771
v -0.908366 -0.536528 0.669151
v -0.912635 -0.527884 0.670919
v -0.915263 -0.518505 0.672008
v -0.916151 -0.508750 0.672376
v -0.915263 -0.498995 0.672008
v -0.912635 -0.489616 0.670919
v -0.908366 -0.480971 0.669151
v -0.902621 -0.473395 0.666771
v -0.895621 -0.467176 0.663872
v -0.887635 -0.462556 0.660564
v -0.878969 -0.459711 0.656974
v -0.783153 -0.420500 0.783153
v -0.776255 -0.421461 0.776255
v -0.769623 -0.424306 0.769623
v -0.763511 -0.428926 0.763511
v -0.758153 -0.435145 0.758153
v -0.753756 -0.442721 0.753756
v -0.750489 -0.451366 0.750489
v -0.748477 -0.460745 0.748477
v -0.747798 -0.470500 0.747798
v -0.748477 -0.480254 0.748477
v -0.750489 -0.489634 0.750489
v -0.753756 -0.498278 0.753756
v -0.758153 -0.505855 0.758153
v -0.763511 -0.512073 0.763511
v -0.769623 -0.516694 0.769623
v -0.776255 -0.519539 0.776255
v -0.783153 -0.520500 0.783153
v -0.790050 -0.519539 0.790050
v -0.796683 -0.516694 0.796683
v -0.802795 -0.512073 0.802795
v -0.808153 -0.505855 0.808153
v -0.812550 -0.498278 0.812550
v -0.815817 -0.489634 0.815817
v -0.817829 -0.480254 0.817829
v -0.818508 -0.470500 0.818508
v -0.817829 -0.460745 0.817829
v -0.815817 -0.451366 0.815817
v -0.812550 -0.442721 0.812550
v -0.808153 -0.435145 0.808153
v -0.802795 -0.428926 0.802795
v -0.796683 -0.424306 0.796683
v -0.790050 -0.421461 0.790050
v -0.653241 -0.382250 0.869957
v -0.649508 -0.383211 0.860945
v -0.645919 -0.386056 0.852280
v -0.642611 -0.390676 0.844293
v -0.639711 -0.396895 0.837293
v -0.637332 -0.404471 0.831548
v -0.635563 -0.413116 0.827280
v -0.634475 -0.422495 0.824651
v -0.634107 -0.432250 0.823763
v -0.634475 -0.442005 0.824651
v -0.635563 -0.451384 0.827280
v -0.637332 -0.460028 0.831548
v -0.639711 -0.467605 0.837293
v -0.642611 -0.473823 0.844293
v -0.645919 -0.478444 0.852280
v -0.649508 -0.481289 0.860945
v -0.653241 -0.482250 0.869957
v -0.656974 -0.481289 0.878969
v -0.660564 -0.478444 0.887635
v -0.663872 -0.473823 0.895621
v -0.666771 -0.467605 0.902621
v -0.669151 -0.460028 0.908366
v -0.670919 -0.451384 0.912635
v -0.672008 -0.442005 0.915264
v -0.672375 -0.432250 0.916151
v -0.672008 -0.422495 0.915264
v -0.670919 -0.413116 0.912635
v -0.669151 -0.404471 0.908366
v -0.666771 -0.396895 0.902621
v -0.663872 -0.390676 0.895621
v -0.660564 -0.386056 0.887635
v -0.656974 -0.383211 0.878969
v -0.500000 -0.344000 0.900439
v -0.500000 -0.344961 0.890684
v -0.500000 -0.347806 0.881305
v -0.500000 -0.352426 0.872660
v -0.500000 -0.358645 0.865083
v -0.500000 -0.366221 0.858865
v -0.500000 -0.374866 0.854245
v -0.500000 -0.384245 0.851399
v -0.500000 -0.394000 0.850439
v -0.500000 -0.403754 0.851399
v -0.500000 -0.413134 0.854245
v -0.500000 -0.421778 0.858865
v -0.500000 -0.429355 0.865083
v -0.500000 -0.435573 0.872660
v -0.500000 -0.440194 0.881305
v -0.500000 -0.443039 0.890684
v -0.500000 -0.444000 0.900439
v -0.500000 -0.443039 0.910193
v -0.500000 -0.440194 0.919573
v -0.500000 -0.435573 0.928217
v -0.500000 -0.429355 0.935794
v -0.500000 -0.421778 0.942012
v -0.500000 -0.413134 0.946633
v -0.500000 -0.403754 0.949478
v -0.500000 -0.394000 0.950439
v -0.500000 -0.384245 0.949478
v -0.500000 -0.374866 0.946633
v -0.500000 -0.366221 0.942012
v -0.500000 -0.358645 0.935794
v -0.500000 -0.352426 0.928217
v -0.500000 -0.347806 0.919573
v -0.500000 -0.344961 0.910193
v -0.346759 -0.305750 0.869957
v -0.350492 -0.306711 0.860945
v -0.354081 -0.309556 0.852279
v -0.357389 -0.314176 0.844293
v -0.360289 -0.320395 0.837293
v -0.362668 -0.327971 0.831548
v -0.364436 -0.336616 0.827279
v -0.365525 -0.345995 0.824651
v -0.365893 -0.355750 0.823763
v -0.365525 -0.365504 0.824651
v -0.364436 -0.374884 0.827279
v -0.362668 -0.383528 0.831548
v -0.360289 -0.391105 0.837293
v -0.357389 -0.397323 0.844293
v -0.354081 -0.401944 0.852279
v -0.350492 -0.404789 0.860945
v -0.346759 -0.405750 0.869957
v -0.343026 -0.404789 0.878969
v -0.339436 -0.401944 0.887635
v -0.336128 -0.397323 0.895621
v -0.333229 -0.391105 0.902621
v -0.330849 -0.383528 0.908366
v -0.329081 -0.374884 0.912635
v -0.327992 -0.365504 0.915264
v -0.327625 -0.355750 0.916151
v -0.327992 -0.345995 0.915264
v -0.329081 -0.336616 0.912635
v -0.330849 -0.327971 0.908366
v -0.333229 -0.320395 0.902621
v -0.336128 -0.314176 0.895621
v -0.339436 -0.309556 0.887635
v -0.343026 -0.306711 0.878969
v -0.216847 -0.267500 0.783153
v -0.223744 -0.268461 0.776255
v -0.230377 -0.271306 0.769623
v -0.236489 -0.275926 0.763511
v -0.241847 -0.282145 0.758153
v -0.246244 -0.289721 0.753756
v -0.249511 -0.298366 0.750489
v -0.251523 -0.307745 0.748477
v -0.252202 -0.317500 0.747798
v -0.251523 -0.327255 0.748477
v -0.249511 -0.336634 0.750489
v -0.246244 -0.345278 0.753756
v -0.241847 -0.352855 0.758153
v -0.236489 -0.359073 0.763511
v -0.230377 -0.363694 0.769623
v -0.223744 -0.366539 0.776255
v -0.216847 -0.367500 0.783153
v -0.209949 -0.366539 0.790050
v -0.203317 -0.363694 0.796683
v -0.197205 -0.359073 0.802795
v -0.191847 -0.352855 0.808153
v -0.187450 -0.345278 0.812550
v -0.184183 -0.336634 0.815817
v -0.182171 -0.327255 0.817829
v -0.181492 -0.317500 0.818508
v -0.182171 -0.307745 0.817829
v -0.184183 -0.298366 0.815817
v -0.187450 -0.289721 0.812550
v -0.191847 -0.282145 0.808153
v -0.197205 -0.275926 0.802795
v -0.203317 -0.271306 0.796683
v -0.209949 -0.268461 0.790050
v -0.130043 -0.229250 0.653241
v -0.139055 -0.230211 0.649508
v -0.147720 -0.233056 0.645919
v -0.155707 -0.237677 0.642611
v -0.162707 -0.243895 0.639711
v -0.168452 -0.251471 0.637332
v -0.172720 -0.260116 0.635563
v -0.175349 -0.269495 0.634475
v -0.176237 -0.279250 0.634107
v -0.175349 -0.289004 0.634475
v -0.172720 -0.298384 0.635563
v -0.168452 -0.307028 0.637332
v -0.162707 -0.314605 0.639711
v -0.155707 -0.320823 0.642611
v -0.147720 -0.325444 0.645919
v -0.139055 -0.328289 0.649508
v -0.130043 -0.329250 0.653241
v -0.121031 -0.328289 0.656974
v -0.112365 -0.325444 0.660563
v -0.104379 -0.320823 0.663872
v -0.097379 -0.314605 0.666771
v -0.091634 -0.307028 0.669151
v -0.087365 -0.298384 0.670919
v -0.084736 -0.289004 0.672008
v -0.083849 -0.279250 0.672375
v -0.084736 -0.269495 0.672008
v -0.087365 -0.260116 0.670919
v -0.091634 -0.251471 0.669151
v -0.097379 -0.243895 0.666771
v -0.104379 -0.237677 0.663872
v -0.112365 -0.233056 0.660563
v -0.121031 -0.230211 0.656974
v -0.099561 -0.191000 0.500000
v -0.109316 -0.191961 0.500000
v -0.118695 -0.194806 0.500000
v -0.127340 -0.199426 0.500000
v -0.134917 -0.205645 0.500000
v -0.141135 -0.213221 0.500000
v -0.145755 -0.221866 0.500000
v -0.148600 -0.231245 0.500000
v -0.149561 -0.241000 0.500000
v -0.148600 -0.250755 0.500000
v -0.145755 -0.260134 0.500000
v -0.141135 -0.268779 0.500000
v -0.134917 -0.276355 0.500000
v -0.127340 -0.282573 0.500000
v -0.118695 -0.287194 0.500000
v -0.109316 -0.290039 0.500000
v -0.099561 -0.291000 0.500000
v -0.089807 -0.290039 0.500000
v -0.080427 -0.287194 0.500000
v -0.071783 -0.282573 0.500000
v -0.064206 -0.276355 0.500000
v -0.057988 -0.268779 0.500000
v -0.053367 -0.260134 0.500000
v -0.050522 -0.250755 0.500000
v -0.049561 -0.241000 0.500000
v -0.050522 -0.231245 0.500000
v -0.053367 -0.221866 0.500000
v -0.057988 -0.213221 0.500000
v -0.064206 -0.205645 0.500000
v -0.071783 -0.199426 0.500000
v -0.080427 -0.194806 0.500000
v -0.089807 -0.191961 0.500000
v -0.130043 -0.152750 0.346759
v -0.139055 -0.153711 0.350492
v -0.147721 -0.156556 0.354081
v -0.155707 -0.161176 0.357389
v -0.162707 -0.167395 0.360289
v -0.168452 -0.174971 0.362668
v -0.172721 -0.183616 0.364436
v -0.175349 -0.192995 0.365525
v -0.176237 -0.202750 0.365893
v -0.175349 -0.212504 0.365525
v -0.172721 -0.221884 0.364436
v -0.168452 -0.230528 0.362668
v -0.162707 -0.238105 0.360289
v -0.155707 -0.244323 0.357389
v -0.147721 -0.248944 0.354081
v -0.139055 -0.251789 0.350492
v -0.130043 -0.252750 0.346759
v -0.121031 -0.251789 0.343026
v -0.112365 -0.248944 0.339436
v -0.104379 -0.244323 0.336128
v -0.097379 -0.238105 0.333229
v -0.091634 -0.230529 0.330849
v -0.087365 -0.221884 0.329081
v -0.084736 -0.212505 0.327992
v -0.083849 -0.202750 0.327624
v -0.084736 -0.192995 0.327992
v -0.087365 -0.183616 0.329081
v -0.091634 -0.174971 0.330849
v -0.097379 -0.167395 0.333229
v -0.104379 -0.161176 0.336128
v -0.112365 -0.156556 0.339436
v -0.121031 -0.153711 0.343026
v -0.216847 -0.114500 0.216847
v -0.223745 -0.115461 0.223744
v -0.230377 -0.118306 0.230377
v -0.236489 -0.122926 0.236489
v -0.241847 -0.129145 0.241847
v -0.246244 -0.136721 0.246244
v -0.249511 -0.145366 0.249511
v -0.251523 -0.154745 0.251523
v -0.252202 -0.164500 0.252202
v -0.251523 -0.174254 0.251523
v -0.249511 -0.183634 0.249511
v -0.246244 -0.192279 0.246244
v -0.241847 -0.199855 0.241847
v -0.236489 -0.206073 0.236489
v -0.230377 -0.210694 0.230377
v -0.223745 -0.213539 0.223744
v -0.216847 -0.214500 0.216847
v -0.209950 -0.213539 0.209949
v -0.203317 -0.210694 0.203317
v -0.197205 -0.206073 0.197205
v -0.191847 -0.199855 0.191847
v -0.187450 -0.192279 0.187450
v -0.184183 -0.183634 0.184183
v -0.182171 -0.174254 0.182171
v -0.181492 -0.164500 0.181492
v -0.182171 -0.154745 0.182171
v -0.184183 -0.145366 0.184183
v -0.187450 -0.136721 0.187450
v -0.191847 -0.129145 0.191847
v -0.197205 -0.122926 0.197205
v -0.203317 -0.118306 0.203317
v -0.209950 -0.115461 0.209949
v -0.346759 -0.076250 0.130043
v -0.350492 -0.077211 0.139055
v -0.354081 -0.080056 0.147720
v -0.357389 -0.084677 0.155707
v -0.360289 -0.090895 0.162707
v -0.362668 -0.098471 0.168452
v -0.364436 -0.107116 0.172720
v -0.365525 -0.116495 0.175349
v -0.365893 -0.126250 0.176237
v -0.365525 -0.136004 0.175349
v -0.364436 -0.145384 0.172720
v -0.362668 -0.154028 0.168452
v -0.360289 -0.161605 0.162707
v -0.357389 -0.167823 0.155707
v -0.354081 -0.172444 0.147720
v -0.350492 -0.175289 0.139055
v -0.346759 -0.176250 0.130043
v -0.343026 -0.175289 0.121031
v -0.339436 -0.172444 0.112365
v -0.336128 -0.167823 0.104379
v -0.333229 -0.161605 0.097379
v -0.330849 -0.154028 0.091634
v -0.329081 -0.145384 0.087365
v -0.327992 -0.136004 0.084736
v -0.327625 -0.126250 0.083849
v -0.327992 -0.116495 0.084736
v -0.329081 -0.107116 0.087365
v -0.330849 -0.098471 0.091634
v -0.333229 -0.090895 0.097379
v -0.336128 -0.084677 0.104379
v -0.339436 -0.080056 0.112365
v -0.343026 -0.077211 0.121031
v -0.500000 -0.038000 0.099561
v -0.500000 -0.038961 0.109316
v -0.500000 -0.041806 0.118695
v -0.500000 -0.046426 0.127340
v -0.500000 -0.052645 0.134917
v -0.500000 -0.060221 0.141135
v -0.500000 -0.068866 0.145755
v -0.500000 -0.078245 0.148601
v -0.500000 -0.088000 0.149561
v -0.500000 -0.097754 0.148601
v -0.500000 -0.107134 0.145755
v -0.500000 -0.115778 0.141135
v -0.500000 -0.123355 0.134917
v -0.500000 -0.129573 0.127340
v -0.500000 -0.134194 0.118695
v -0.500000 -0.137039 0.109316
v -0.500000 -0.138000 0.099561
v -0.500000 -0.137039 0.089807
v -0.500000 -0.134194 0.080427
v -0.500000 -0.129573 0.071783
v -0.500000 -0.123355 0.064206
v -0.500000 -0.115778 0.057988
v -0.500000 -0.107134 0.053367
v -0.500000 -0.097754 0.050522
v -0.500000 -0.088000 0.049561
v -0.500000 -0.078245 0.050522
v -0.500000 -0.068866 0.053367
v -0.500000 -0.060221 0.057988
v -0.500000 -0.052645 0.064206
v -0.500000 -0.046426 0.071783
v -0.500000 -0.041806 0.080427
v -0.500000 -0.038961 0.089807
v -0.653241 0.000250 0.130043
v -0.649508 -0.000711 0.139055
v -0.645919 -0.003556 0.147721
v -0.642611 -0.008177 0.155707
v -0.639711 -0.014395 0.162707
v -0.637332 -0.021971 0.168452
v -0.635564 -0.030616 0.172721
v -0.634475 -0.039995 0.175349
v -0.634107 -0.049750 0.176237
v -0.634475 -0.059505 0.175349
v -0.635564 -0.068884 0.172721
v -0.637332 -0.077528 0.168452
v -0.639711 -0.085105 0.162707
v -0.642611 -0.091323 0.155707
v -0.645919 -0.095944 0.147721
v -0.649508 -0.098789 0.139055
v -0.653241 -0.099750 0.130043
v -0.656974 -0.098789 0.121031
v -0.660564 -0.095944 0.112365
v -0.663872 -0.091323 0.104379
v -0.666771 -0.085105 0.097379
v -0.669151 -0.077528 0.091634
v -0.670919 -0.068884 0.087365
v -0.672008 -0.059505 0.084737
v -0.672376 -0.049750 0.083849
v -0.672008 -0.039995 0.084737
v -0.670919 -0.030616 0.087365
v -0.669151 -0.021971 0.091634
v -0.666771 -0.014395 0.097379
v -0.663872 -0.008177 0.104379
v -0.660564 -0.003556 0.112365
v -0.656974 -0.000711 0.121031
v -0.783153 0.038500 0.216847
v -0.776255 0.037539 0.223745
v -0.769623 0.034694 0.230377
v -0.763511 0.030074 0.236489
v -0.758153 0.023855 0.241847
v -0.753756 0.016279 0.246244
v -0.750489 0.007634 0.249511
v -0.748477 -0.001745 0.251523
v -0.747798 -0.011500 0.252202
v -0.748477 -0.021254 0.251523
v -0.750489 -0.030634 0.249511
v -0.753756 -0.039279 0.246244
v -0.758153 -0.046855 0.241847
v -0.763511 -0.053073 0.236489
v -0.769623 -0.057694 0.230377
v -0.776255 -0.060539 0.223745
v -0.783153 -0.061500 0.216847
v -0.790050 -0.060539 0.209950
v -0.796683 -0.057694 0.203317
v -0.802795 -0.053073 0.197205
v -0.808153 -0.046855 0.191847
v -0.812550 -0.039279 0.187450
v -0.815817 -0.030634 0.184183
v -0.817829 -0.021254 0.182171
v -0.818508 -0.011500 0.181492
v -0.817829 -0.001745 0.182171
v -0.815817 0.007634 0.184183
v -0.812550 0.016279 0.187450
v -0.808153 0.023855 0.191847
v -0.802795 0.030074 0.197205
v -0.796683 0.034694 0.203317
v -0.790050 0.037539 0.209950
v -0.869957 0.076750 0.346759
v -0.860945 0.075789 0.350492
v -0.852279 0.072944 0.354081
v -0.844293 0.068324 0.357389
v -0.837293 0.062105 0.360289
v -0.831548 0.054529 0.362668
v -0.827280 0.045884 0.364436
v -0.824651 0.036505 0.365525
v -0.823763 0.026750 0.365893
v -0.824651 0.016996 0.365525
v -0.827280 0.007616 0.364436
v -0.831548 -0.001028 0.362668
v -0.837293 -0.008605 0.360289
v -0.844293 -0.014823 0.357389
v -0.852279 -0.019444 0.354081
v -0.860945 -0.022289 0.350492
v -0.869957 -0.023250 0.346759
v -0.878969 -0.022289 0.343026
v -0.887635 -0.019444 0.339436
v -0.895621 -0.014823 0.336128
v -0.902621 -0.008605 0.333229
v -0.908366 -0.001028 0.330849
v -0.912635 0.007616 0.329081
v -0.915264 0.016996 0.327992
v -0.916151 0.026750 0.327625
v -0.915264 0.036505 0.327992
v -0.912635 0.045884 0.329081
v -0.908366 0.054529 0.330849
v -0.902621 0.062105 0.333229
v -0.895621 0.068324 0.336128
v -0.887635 0.072944 0.339436
v -0.878969 0.075789 0.343026
v -0.900439 0.115000 0.500000
v -0.890684 0.114039 0.500000
v -0.881305 0.111194 0.500000
v -0.872660 0.106574 0.500000
v -0.865083 0.100355 0.500000
v -0.858865 0.092779 0.500000
v -0.854245 0.084134 0.500000
v -0.851399 0.074755 0.500000
v -0.850439 0.065000 0.500000
v -0.851399 0.055246 0.500000
v -0.854245 0.045866 0.500000
v -0.858865 0.037221 0.500000
v -0.865083 0.029645 0.500000
v -0.872660 0.023427 0.500000
v -0.881305 0.018806 0.500000
v -0.890684 0.015961 0.500000
v -0.900439 0.015000 0.500000
v -0.910193 0.015961 0.500000
v -0.919573 0.018806 0.500000
v -0.928217 0.023427 0.500000
v -0.935794 0.029645 0.500000
v -0.942012 0.037221 0.500000
v -0.946633 0.045866 0.500000
v -0.949478 0.055246 0.500000
v -0.950439 0.065000 0.500000
v -0.949478 0.074755 0.500000
v -0.946633 0.084134 0.500000
v -0.942012 0.092779 0.500000
v -0.935794 0.100355 0.500000
v -0.928217 0.106574 0.500000
v -0.919573 0.111194 0.500000
v -0.910193 0.114039 0.500000
v -0.869957 0.153250 0.653241
v -0.860945 0.152289 0.649509
v -0.852279 0.149444 0.645919
v -0.844293 0.144824 0.642611
v -0.837293 0.138605 0.639712
v -0.831548 0.131029 0.637332
v -0.827279 0.122384 0.635564
v -0.824651 0.113005 0.634475
v -0.823763 0.103250 0.634107
v -0.824651 0.093496 0.634475
v -0.827279 0.084116 0.635564
v -0.831548 0.075472 0.637332
v -0.837293 0.067895 0.639712
v -0.844293 0.061677 0.642611
v -0.852279 0.057056 0.645919
v -0.860945 0.054211 0.649509
v -0.869957 0.053250 0.653241
v -0.878969 0.054211 0.656974
v -0.887635 0.057056 0.660564
v -0.895621 0.061677 0.663872
v -0.902621 0.067895 0.666771
v -0.908366 0.075472 0.669151
v -0.912635 0.084116 0.670919
v -0.915263 0.093496 0.672008
v -0.916151 0.103250 0.672376
v -0.915263 0.113005 0.672008
v -0.912635 0.122384 0.670919
v -0.908366 0.131029 0.669151
v -0.902621 0.138605 0.666771
v -0.895621 0.144824 0.663872
v -0.887635 0.149444 0.660564
v -0.878969 0.152289 0.656974
v -0.783153 0.191500 0.783153
v -0.776255 0.190539 0.776256
v -0.769623 0.187694 0.769623
v -0.763510 0.183074 0.763511
v -0.758153 0.176856 0.758153
v -0.753756 0.169279 0.753756
v -0.750489 0.160634 0.750489
v -0.748477 0.151255 0.748477
v -0.747797 0.141500 0.747798
v -0.748477 0.131746 0.748477
v -0.750489 0.122366 0.750489
v -0.753756 0.113722 0.753756
v -0.758153 0.106145 0.758153
v -0.763510 0.099927 0.763511
v -0.769623 0.095306 0.769623
v -0.776255 0.092461 0.776256
v -0.783153 0.091500 0.783153
v -0.790050 0.092461 0.790051
v -0.796683 0.095306 0.796683
v -0.802795 0.099927 0.802796
v -0.808153 0.106145 0.808153
v -0.812550 0.113722 0.812550
v -0.815817 0.122366 0.815817
v -0.817829 0.131746 0.817829
v -0.818508 0.141500 0.818509
v -0.817829 0.151255 0.817829
v -0.815817 0.160634 0.815817
v -0.812550 0.169279 0.812550
v -0.808153 0.176856 0.808153
v -0.802795 0.183074 0.802796
v -0.796683 0.187694 0.796683
v -0.790050 0.190539 0.790051
v -0.653241 0.229750 0.869957
v -0.649508 0.228789 0.860945
v -0.645919 0.225944 0.852279
v -0.642611 0.221323 0.844293
v -0.639711 0.215105 0.837293
v -0.637332 0.207529 0.831548
v -0.635564 0.198884 0.827279
v -0.634475 0.189505 0.824651
v -0.634107 0.179750 0.823763
v -0.634475 0.169995 0.824651
v -0.635564 0.160616 0.827279
v -0.637332 0.151971 0.831548
v -0.639711 0.144395 0.837293
v -0.642611 0.138176 0.844293
v -0.645919 0.133556 0.852279
v -0.649508 0.130711 0.860945
v -0.653241 0.129750 0.869957
v -0.656974 0.130711 0.878969
v -0.660564 0.133556 0.887635
v -0.663872 0.138176 0.895621
v -0.666771 0.144395 0.902621
v -0.669151 0.151971 0.908366
v -0.670919 0.160616 0.912635
v -0.672008 0.169995 0.915264
v -0.672375 0.179750 0.916151
v -0.672008 0.189505 0.915264
v -0.670919 0.198884 0.912635
v -0.669151 0.207529 0.908366
v -0.666771 0.215105 0.902621
v -0.663872 0.221323 0.895621
v -0.660564 0.225944 0.887635
v -0.656974 0.228789 0.878969
v -0.500000 0.268000 0.900439
v -0.500000 0.267039 0.890684
v -0.500000 0.264194 0.881305
v -0.500000 0.259574 0.872660
v -0.500000 0.253355 0.865083
v -0.500000 0.245779 0.858865
v -0.500000 0.237134 0.854245
v -0.500000 0.227755 0.851399
v -0.500000 0.218000 0.850439
v -0.500000 0.208246 0.851399
v -0.500000 0.198866 0.854245
v -0.500000 0.190222 0.858865
v -0.500000 0.182645 0.865083
v -0.500000 0.176427 0.872660
v -0.500000 0.171806 0.881305
v -0.500000 0.168961 0.890684
v -0.500000 0.168000 0.900439
v -0.500000 0.168961 0.910193
v -0.500000 0.171806 0.919573
v -0.500000 0.176427 0.928217
v -0.500000 0.182645 0.935794
v -0.500000 0.190222 0.942012
v -0.500000 0.198866 0.946633
v -0.500000 0.208246 0.949478
v -0.500000 0.218000 0.950439
v -0.500000 0.227755 0.949478
v -0.500000 0.237134 0.946633
v -0.500000 0.245779 0.942012
v -0.500000 0.253355 0.935794
v -0.500000 0.259574 0.928217
v -0.500000 0.264194 0.919573
v -0.500000 0.267039 0.910193
v -0.346759 0.306250 0.869957
v -0.350491 0.305289 0.860945
v -0.354081 0.302444 0.852279
v -0.357389 0.297824 0.844293
v -0.360289 0.291605 0.837293
v -0.362668 0.284029 0.831548
v -0.364436 0.275384 0.827279
v -0.365525 0.266005 0.824651
v -0.365893 0.256250 0.823763
v -0.365525 0.246495 0.824651
v -0.364436 0.237116 0.827279
v -0.362668 0.228472 0.831548
v -0.360289 0.220895 0.837293
v -0.357389 0.214676 0.844293
v -0.354081 0.210056 0.852279
v -0.350491 0.207211 0.860945
v -0.346759 0.206250 0.869957
v -0.343026 0.207211 0.878969
v -0.339436 0.210056 0.887635
v -0.336128 0.214676 0.895621
v -0.333229 0.220895 0.902621
v -0.330849 0.228472 0.908366
v -0.329081 0.237116 0.912635
v -0.327992 0.246495 0.915264
v -0.327624 0.256250 0.916151
v -0.327992 0.266005 0.915264
v -0.329081 0.275384 0.912635
v -0.330849 0.284029 0.908366
v -0.333229 0.291605 0.902621
v -0.336128 0.297824 0.895621
v -0.339436 0.302444 0.887635
v -0.343026 0.305289 0.878969
v -0.216847 0.344500 0.783153
v -0.223744 0.343539 0.776255
v -0.230377 0.340694 0.769623
v -0.236489 0.336074 0.763511
v -0.241847 0.329856 0.758153
v -0.246244 0.322279 0.753756
v -0.249511 0.313634 0.750489
v -0.251523 0.304255 0.748477
v -0.252202 0.294500 0.747797
v -0.251523 0.284746 0.748477
v -0.249511 0.275366 0.750489
v -0.246244 0.266722 0.753756
v -0.241847 0.259145 0.758153
v -0.236489 0.252927 0.763511
v -0.230377 0.248306 0.769623
v -0.223744 0.245461 0.776255
v -0.216847 0.244500 0.783153
v -0.209949 0.245461 0.790050
v -0.203317 0.248306 0.796683
v -0.197205 0.252927 0.802795
v -0.191847 0.259145 0.808153
v -0.187450 0.266722 0.812550
v -0.184183 0.275366 0.815817
v -0.182171 0.284746 0.817829
v -0.181492 0.294500 0.818508
v -0.182171 0.304255 0.817829
v -0.184183 0.313634 0.815817
v -0.187450 0.322279 0.812550
v -0.191847 0.329856 0.808153
v -0.197205 0.336074 0.802795
v -0.203317 0.340694 0.796683
v -0.209949 0.343539 0.790050
v -0.130043 0.382750 0.653241
v -0.139055 0.381789 0.649508
v -0.147720 0.378944 0.645919
v -0.155707 0.374324 0.642611
v -0.162707 0.368105 0.639711
v -0.168452 0.360529 0.637332
v -0.172720 0.351884 0.635563
v -0.175349 0.342505 0.634475
v -0.176237 0.332750 0.634107
v -0.175349 0.322995 0.634475
v -0.172720 0.313616 0.635563
v -0.168452 0.304972 0.637332
v -0.162707 0.297395 0.639711
v -0.155707 0.291177 0.642611
v -0.147720 0.286556 0.645919
v -0.139055 0.283711 0.649508
v -0.130043 0.282750 0.653241
v -0.121031 0.283711 0.656974
v -0.112365 0.286556 0.660563
v -0.104379 0.291177 0.663871
v -0.097379 0.297395 0.666771
v -0.091634 0.304972 0.669151
v -0.087365 0.313616 0.670919
v -0.084736 0.322995 0.672008
v -0.083849 0.332750 0.672375
v -0.084736 0.342505 0.672008
v -0.087365 0.351884 0.670919
v -0.091634 0.360529 0.669151
v -0.097379 0.368105 0.666771
v -0.104379 0.374324 0.663871
v -0.112365 0.378944 0.660563
v -0.121031 0.381789 0.656974
v -0.099561 0.421000 0.500000
v -0.109316 0.420039 0.500000
v -0.118695 0.417194 0.500000
v -0.127340 0.412574 0.500000
v -0.134917 0.406355 0.500000
v -0.141135 0.398779 0.500000
v -0.145755 0.390134 0.500000
v -0.148600 0.380755 0.500000
v -0.149561 0.371000 0.500000
v -0.148600 0.361245 0.500000
v -0.145755 0.351866 0.500000
v -0.141135 0.343221 0.500000
v -0.134917 0.335645 0.500000
v -0.127340 0.329426 0.500000
v -0.118695 0.324806 0.500000
v -0.109316 0.321961 0.500000
v -0.099561 0.321000 0.500000
v -0.089807 0.321961 0.500000
v -0.080427 0.324806 0.500000
v -0.071783 0.329426 0.500000
v -0.064206 0.335645 0.500000
v -0.057988 0.343221 0.500000
v -0.053367 0.351866 0.500000
v -0.050522 0.361245 0.500000
v -0.049561 0.371000 0.500000
v -0.050522 0.380755 0.500000
v -0.053367 0.390134 0.500000
v -0.057988 0.398779 0.500000
v -0.064206 0.406355 0.500000
v -0.071783 0.412574 0.500000
v -0.080427 0.417194 0.500000
v -0.089807 0.420039 0.500000
v -0.130043 0.459250 0.346759
v -0.139055 0.458289 0.350492
v -0.147720 0.455444 0.354081
v -0.155707 0.450824 0.357389
v -0.162707 0.444606 0.360289
v -0.168452 0.437029 0.362668
v -0.172720 0.428384 0.364436
v -0.175349 0.419005 0.365525
v -0.176237 0.409250 0.365893
v -0.175349 0.399496 0.365525
v -0.172720 0.390116 0.364436
v -0.168452 0.381472 0.362668
v -0.162707 0.373895 0.360289
v -0.155707 0.367677 0.357389
v -0.147720 0.363056 0.354081
v -0.139055 0.360211 0.350492
v -0.130043 0.359250 0.346759
v -0.121031 0.360211 0.343026
v -0.112365 0.363056 0.339436
v -0.104379 0.367677 0.336128
v -0.097379 0.373895 0.333229
v -0.091634 0.381472 0.330849
v -0.087365 0.390116 0.329081
v -0.084736 0.399496 0.327992
v -0.083849 0.409250 0.327625
v -0.084736 0.419005 0.327992
v -0.087365 0.428384 0.329081
v -0.091634 0.437029 0.330849
v -0.097379 0.444606 0.333229
v -0.104379 0.450824 0.336128
v -0.112365 0.455444 0.339436
v -0.121031 0.458289 0.343026
v -0.216847 0.497500 0.216847
v -0.223744 0.496539 0.223745
v -0.230377 0.493694 0.230377
v -0.236489 0.489074 0.236489
v -0.241847 0.482855 0.241847
v -0.246244 0.475279 0.246244
v -0.249511 0.466634 0.249511
v -0.251523 0.457255 0.251523
v -0.252202 0.447500 0.252202
v -0.251523 0.437746 0.251523
v -0.249511 0.428366 0.249511
v -0.246244 0.419722 0.246244
v -0.241847 0.412145 0.241847
v -0.236489 0.405927 0.236489
v -0.230377 0.401306 0.230377
v -0.223744 0.398461 0.223745
v -0.216847 0.397500 0.216847
v -0.209949 0.398461 0.209950
v -0.203317 0.401306 0.203317
v -0.197205 0.405927 0.197205
v -0.191847 0.412145 0.191847
v -0.187450 0.419722 0.187450
v -0.184183 0.428366 0.184183
v -0.182171 0.437746 0.182171
v -0.181492 0.447500 0.181492
v -0.182171 0.457255 0.182171
v -0.184183 0.466634 0.184183
v -0.187450 0.475279 0.187450
v -0.191847 0.482855 0.191847
v -0.197205 0.489074 0.197205
v -0.203317 0.493694 0.203317
v -0.209949 0.496539 0.209950
v -0.346759 0.535750 0.130043
v -0.350492 0.534789 0.139055
v -0.354081 0.531944 0.147720
v -0.357389 0.527324 0.155707
v -0.360289 0.521105 0.162707
v -0.362668 0.513529 0.168452
v -0.364436 0.504884 0.172720
v -0.365525 0.495505 0.175349
v -0.365893 0.485750 0.176237
v -0.365525 0.475995 0.175349
v -0.364436 0.466616 0.172720
v -0.362668 0.457972 0.168452
v -0.360289 0.450395 0.162707
v -0.357389 0.444176 0.155707
v -0.354081 0.439556 0.147720
v -0.350492 0.436711 0.139055
v -0.346759 0.435750 0.130043
v -0.343026 0.436711 0.121031
v -0.339436 0.439556 0.112365
v -0.336128 0.444176 0.104379
v -0.333229 0.450395 0.097379
v -0.330849 0.457972 0.091634
v -0.329081 0.466616 0.087365
v -0.327992 0.475995 0.084736
v -0.327625 0.485750 0.083849
v -0.327992 0.495505 0.084736
v -0.329081 0.504884 0.087365
v -0.330849 0.513529 0.091634
v -0.333229 0.521105 0.097379
v -0.336128 0.527324 0.104379
v -0.339436 0.531944 0.112365
v -0.343026 0.534789 0.121031
v -0.500000 0.574000 0.099561
v -0.500000 0.573039 0.109316
v -0.500000 0.570194 0.118695
v -0.500000 0.565574 0.127340
v -0.500000 0.559355 0.134917
v -0.500000 0.551779 0.141135
v -0.500000 0.543134 0.145755
v -0.500000 0.533755 0.148601
v -0.500000 0.524000 0.149561
v -0.500000 0.514246 0.148601
v -0.500000 0.504866 0.145755
v -0.500000 0.496222 0.141135
v -0.500000 0.488645 0.134917
v -0.500000 0.482427 0.127340
v -0.500000 0.477806 0.118695
v -0.500000 0.474961 0.109316
v -0.500000 0.474000 0.099561
v -0.500000 0.474961 0.089807
v -0.500000 0.477806 0.080427
v -0.500000 0.482427 0.071783
v -0.500000 0.488645 0.064206
v -0.500000 0.496222 0.057988
v -0.500000 0.504866 0.053367
v -0.500000 0.514246 0.050522
v -0.500000 0.524000 0.049561
v -0.500000 0.533755 0.050522
v -0.500000 0.543134 0.053367
v -0.500000 0.551779 0.057988
v -0.500000 0.559355 0.064206
v -0.500000 0.565574 0.071783
v -0.500000 0.570194 0.080427
v -0.500000 0.573039 0.089807
v -0.653241 0.612250 0.130043
v -0.649508 0.611289 0.139055
v -0.645919 0.608444 0.147721
v -0.642611 0.603824 0.155707
v -0.639711 0.597605 0.162707
v -0.637332 0.590029 0.168452
v -0.635564 0.581384 0.172721
v -0.634475 0.572005 0.175349
v -0.634107 0.562250 0.176237
v -0.634475 0.552496 0.175349
v -0.635564 0.543116 0.172721
v -0.637332 0.534472 0.168452
v -0.639711 0.526895 0.162707
v -0.642611 0.520677 0.155707
v -0.645919 0.516056 0.147721
v -0.649508 0.513211 0.139055
v -0.653241 0.512250 0.130043
v -0.656974 0.513211 0.121031
v -0.660564 0.516056 0.112365
v -0.663872 0.520677 0.104379
v -0.666771 0.526895 0.097379
v -0.669151 0.534472 0.091634
v -0.670919 0.543116 0.087365
v -0.672008 0.552496 0.084737
v -0.672376 0.562250 0.083849
v -0.672008 0.572005 0.084737
v -0.670919 0.581384 0.087365
v -0.669151 0.590029 0.091634
v -0.666771 0.597605 0.097379
v -0.663872 0.603824 0.104379
v -0.660564 0.608444 0.112365
v -0.656974 0.611289 0.121031
v -0.783153 0.650500 0.216847
v -0.776256 0.649539 0.223745
v -0.769623 0.646694 0.230377
v -0.763511 0.642074 0.236490
v -0.758153 0.635855 0.241847
v -0.753756 0.628279 0.246244
v -0.750489 0.619634 0.249511
v -0.748477 0.610255 0.251523
v -0.747798 0.600500 0.252203
v -0.748477 0.590746 0.251523
v -0.750489 0.581366 0.249511
v -0.753756 0.572722 0.246244
v -0.758153 0.565145 0.241847
v -0.763511 0.558927 0.236490
v -0.769623 0.554306 0.230377
v -0.776256 0.551461 0.223745
v -0.783153 0.550500 0.216847
v -0.790051 0.551461 0.209950
v -0.796683 0.554306 0.203317
v -0.802795 0.558927 0.197205
v -0.808153 0.565145 0.191847
v -0.812550 0.572722 0.187450
v -0.815817 0.581366 0.184183
v -0.817829 0.590746 0.182171
v -0.818508 0.600500 0.181492
v -0.817829 0.610255 0.182171
v -0.815817 0.619634 0.184183
v -0.812550 0.628279 0.187450
v -0.808153 0.635855 0.191847
v -0.802795 0.642074 0.197205
v -0.796683 0.646694 0.203317
v -0.790051 0.649539 0.209950
v -0.869957 0.688750 0.346759
v -0.860945 0.687789 0.350492
v -0.852280 0.684944 0.354081
v -0.844293 0.680324 0.357389
v -0.837293 0.674105 0.360289
v -0.831548 0.666529 0.362668
v -0.827280 0.657884 0.364437
v -0.824651 0.648505 0.365526
v -0.823763 0.638750 0.365893
v -0.824651 0.628996 0.365526
v -0.827280 0.619616 0.364437
v -0.831548 0.610972 0.362668
v -0.837293 0.603395 0.360289
v -0.844293 0.597177 0.357389
v -0.852280 0.592556 0.354081
v -0.860945 0.589711 0.350492
v -0.869957 0.588750 0.346759
v -0.878969 0.589711 0.343026
v -0.887635 0.592556 0.339437
v -0.895621 0.597177 0.336129
v -0.902621 0.603395 0.333229
v -0.908366 0.610972 0.330850
v -0.912635 0.619616 0.329081
v -0.915264 0.628996 0.327993
v -0.916151 0.638750 0.327625
v -0.915264 0.648505 0.327993
v -0.912635 0.657884 0.329081
v -0.908366 0.666529 0.330850
v -0.902621 0.674105 0.333229
v -0.895621 0.680324 0.336129
v -0.887635 0.684944 0.339437
v -0.878969 0.687789 0.343026
v -0.900439 0.727000 0.500000
v -0.890684 0.726039 0.500000
v -0.881305 0.723194 0.500000
v -0.872660 0.718574 0.500000
v -0.865083 0.712355 0.500000
v -0.858865 0.704779 0.500000
v -0.854245 0.696134 0.500000
v -0.851399 0.686755 0.500000
v -0.850439 0.677000 0.500000
v -0.851399 0.667246 0.500000
v -0.854245 0.657866 0.500000
v -0.858865 0.649222 0.500000
v -0.865083 0.641645 0.500000
v -0.872660 0.635427 0.500000
v -0.881305 0.630806 0.500000
v -0.890684 0.627961 0.500000
v -0.900439 0.627000 0.500000
v -0.910193 0.627961 0.500000
v -0.919573 0.630806 0.500000
v -0.928217 0.635427 0.500000
v -0.935794 0.641645 0.500000
v -0.942012 0.649222 0.500000
v -0.946633 0.657866 0.500000
v -0.949478 0.667246 0.500000
v -0.950439 0.677000 0.500000
v -0.949478 0.686755 0.500000
v -0.946633 0.696134 0.500000
v -0.942012 0.704779 0.500000
v -0.935794 0.712355 0.500000
v -0.928217 0.718574 0.500000
v -0.919573 0.723194 0.500000
v -0.910193 0.726039 0.500000
v -0.869957 0.765250 0.653241
v -0.860945 0.764289 0.649508
v -0.852279 0.761444 0.645919
v -0.844293 0.756824 0.642611
v -0.837293 0.750605 0.639711
v -0.831548 0.743029 0.637332
v -0.827279 0.734384 0.635564
v -0.824651 0.725005 0.634475
v -0.823763 0.715250 0.634107
v -0.824651 0.705496 0.634475
v -0.827279 0.696116 0.635564
v -0.831548 0.687472 0.637332
v -0.837293 0.679895 0.639711
v -0.844293 0.673677 0.642611
v -0.852279 0.669056 0.645919
v -0.860945 0.666211 0.649508
v -0.869957 0.665250 0.653241
v -0.878969 0.666211 0.656974
v -0.887635 0.669056 0.660564
v -0.895621 0.673677 0.663872
v -0.902621 0.679895 0.666771
v -0.908366 0.687472 0.669151
v -0.912635 0.696116 0.670919
v -0.915263 0.705496 0.672008
v -0.916151 0.715250 0.672376
v -0.915263 0.725005 0.672008
v -0.912635 0.734384 0.670919
v -0.908366 0.743029 0.669151
v -0.902621 0.750605 0.666771
v -0.895621 0.756824 0.663872
v -0.887635 0.761444 0.660564
v -0.878969 0.764289 0.656974
v -0.783153 0.803500 0.783153
v -0.776255 0.802539 0.776256
v -0.769623 0.799694 0.769623
v -0.763510 0.795074 0.763511
v -0.758153 0.788855 0.758153
v -0.753756 0.781279 0.753756
v -0.750489 0.772634 0.750489
v -0.748477 0.763255 0.748477
v -0.747797 0.753500 0.747798
v -0.748477 0.743746 0.748477
v -0.750489 0.734366 0.750489
v -0.753756 0.725722 0.753756
v -0.758153 0.718145 0.758153
v -0.763510 0.711927 0.763511
v -0.769623 0.707306 0.769623
v -0.776255 0.704461 0.776256
v -0.783153 0.703500 0.783153
v -0.790050 0.704461 0.790051
v -0.796683 0.707306 0.796683
v -0.802795 0.711927 0.802795
v -0.808153 0.718145 0.808153
v -0.812550 0.725722 0.812550
v -0.815817 0.734366 0.815817
v -0.817829 0.743746 0.817829
v -0.818508 0.753500 0.818508
v -0.817829 0.763255 0.817829
v -0.815817 0.772634 0.815817
v -0.812550 0.781279 0.812550
v -0.808153 0.788855 0.808153
v -0.802795 0.795074 0.802795
v -0.796683 0.799694 0.796683
v -0.790050 0.802539 0.790051
v -0.653241 0.841750 0.869957
v -0.649508 0.840789 0.860945
v -0.645919 0.837944 0.852280
v -0.642611 0.833324 0.844293
v -0.639711 0.827105 0.837293
v -0.637332 0.819529 0.831548
v -0.635563 0.810884 0.827280
v -0.634475 0.801505 0.824651
v -0.634107 0.791750 0.823763
v -0.634475 0.781995 0.824651
v -0.635563 0.772616 0.827280
v -0.637332 0.763972 0.831548
v -0.639711 0.756395 0.837293
v -0.642611 0.750177 0.844293
v -0.645919 0.745556 0.852280
v -0.649508 0.742711 0.860945
v -0.653241 0.741750 0.869957
v -0.656974 0.742711 0.878969
v -0.660563 0.745556 0.887635
v -0.663871 0.750177 0.895621
v -0.666771 0.756395 0.902621
v -0.669150 0.763972 0.908366
v -0.670919 0.772616 0.912635
v -0.672008 0.781995 0.915264
v -0.672375 0.791750 0.916151
v -0.672008 0.801505 0.915264
v -0.670919 0.810884 0.912635
v -0.669150 0.819529 0.908366
v -0.666771 0.827105 0.902621
v -0.663871 0.833324 0.895621
v -0.660563 0.837944 0.887635
v -0.656974 0.840789 0.878969
v -0.500000 0.880000 0.900439
v -0.500000 0.879039 0.890684
v -0.500000 0.876194 0.881305
v -0.500000 0.871574 0.872660
v -0.500000 0.865355 0.865083
v -0.500000 0.857779 0.858865
v -0.500000 0.849134 0.854245
v -0.500000 0.839755 0.851399
v -0.500000 0.830000 0.850439
v -0.500000 0.820245 0.851399
v -0.500000 0.810866 0.854245
v -0.500000 0.802221 0.858865
v -0.500000 0.794645 0.865083
v -0.500000 0.788427 0.872660
v -0.500000 0.783806 0.881305
v -0.500000 0.780961 0.890684
v -0.500000 0.780000 0.900439
v -0.500000 0.780961 0.910193
v -0.500000 0.783806 0.919573
v -0.500000 0.788427 0.928217
v -0.500000 0.794645 0.935794
v -0.500000 0.802221 0.942012
v -0.500000 0.810866 0.946633
v -0.500000 0.820245 0.949478
v -0.500000 0.830000 0.950439
v -0.500000 0.839755 0.949478
v -0.500000 0.849134 0.946633
v -0.500000 0.857779 0.942012
v -0.500000 0.865355 0.935794
v -0.500000 0.871574 0.928217
v -0.500000 0.876194 0.919573
v -0.500000 0.879039 0.910193
v -0.346759 0.918250 0.869957
v -0.350492 0.917289 0.860945
v -0.354081 0.914444 0.852280
v -0.357389 0.909824 0.844293
v -0.360289 0.903606 0.837293
v -0.362668 0.896029 0.831548
v -0.364436 0.887384 0.827280
v -0.365525 0.878005 0.824651
v -0.365893 0.868250 0.823763
v -0.365525 0.858496 0.824651
v -0.364436 0.849116 0.827280
v -0.362668 0.840472 0.831548
v -0.360289 0.832895 0.837293
v -0.357389 0.826677 0.844293
v -0.354081 0.822056 0.852280
v -0.350492 0.819211 0.860945
v -0.346759 0.818250 0.869957
v -0.343026 0.819211 0.878969
v -0.339436 0.822056 0.887635
v -0.336128 0.826677 0.895621
v -0.333229 0.832895 0.902621
v -0.330849 0.840472 0.908366
v -0.329081 0.849116 0.912635
v -0.327992 0.858496 0.915264
v -0.327624 0.868250 0.916151
v -0.327992 0.878005 0.915264
v -0.329081 0.887384 0.912635
v -0.330849 0.896029 0.908366
v -0.333229 0.903606 0.902621
v -0.336128 0.909824 0.895621
v -0.339436 0.914444 0.887635
v -0.343026 0.917289 0.878969
v -0.216847 0.956500 0.783153
v -0.223744 0.955539 0.776255
v -0.230377 0.952694 0.769623
v -0.236489 0.948074 0.763510
v -0.241847 0.941855 0.758153
v -0.246244 0.934279 0.753756
v -0.249511 0.925634 0.750489
v -0.251523 0.916255 0.748477
v -0.252202 0.906500 0.747797
v -0.251523 0.896746 0.748477
v -0.249511 0.887366 0.750489
v -0.246244 0.878722 0.753756
v -0.241847 0.871145 0.758153
v -0.236489 0.864927 0.763510
v -0.230377 0.860306 0.769623
v -0.223744 0.857461 0.776255
v -0.216847 0.856500 0.783153
v -0.209949 0.857461 0.790050
v -0.203317 0.860306 0.796683
v -0.197204 0.864927 0.802795
v -0.191847 0.871145 0.808153
v -0.187450 0.878722 0.812550
v -0.184183 0.887366 0.815817
v -0.182171 0.896746 0.817829
v -0.181491 0.906500 0.818508
v -0.182171 0.916255 0.817829
v -0.184183 0.925634 0.815817
v -0.187450 0.934279 0.812550
v -0.191847 0.941855 0.808153
v -0.197204 0.948074 0.802795
v -0.203317 0.952694 0.796683
v -0.209949 0.955539 0.790050
v -0.130043 0.994750 0.653241
v -0.139055 0.993789 0.649508
v -0.147720 0.990944 0.645919
v -0.155707 0.986324 0.642611
v -0.162707 0.980105 0.639711
v -0.168452 0.972529 0.637332
v -0.172720 0.963884 0.635563
v -0.175349 0.954505 0.634475
v -0.176237 0.944750 0.634107
v -0.175349 0.934995 0.634475
v -0.172720 0.925616 0.635563
v -0.168452 0.916972 0.637332
v -0.162707 0.909395 0.639711
v -0.155707 0.903176 0.642611
v -0.147720 0.898556 0.645919
v -0.139055 0.895711 0.649508
v -0.130043 0.894750 0.653241
v -0.121031 0.895711 0.656974
v -0.112365 0.898556 0.660564
v -0.104379 0.903176 0.663872
v -0.097379 0.909395 0.666771
v -0.091634 0.916972 0.669151
v -0.087365 0.925616 0.670919
v -0.084736 0.934995 0.672008
v -0.083849 0.944750 0.672375
v -0.084736 0.954505 0.672008
v -0.087365 0.963884 0.670919
v -0.091634 0.972529 0.669151
v -0.097379 0.980105 0.666771
v -0.104379 0.986324 0.663872
v -0.112365 0.990944 0.660564
v -0.121031 0.993789 0.656974
v -0.099561 1.033000 0.499999
v -0.109316 1.032039 0.499999
v -0.118695 1.029194 0.499999
v -0.127340 1.024574 0.500000
v -0.134916 1.018356 0.500000
v -0.141135 1.010779 0.500000
v -0.145755 1.002134 0.500000
v -0.148600 0.992755 0.500000
v -0.149561 0.983000 0.500000
v -0.148600 0.973246 0.500000
v -0.145755 0.963866 0.500000
v -0.141135 0.955222 0.500000
v -0.134917 0.947645 0.500000
v -0.127340 0.941427 0.500000
v -0.118695 0.936806 0.499999
v -0.109316 0.933961 0.499999
v -0.099561 0.933000 0.499999
v -0.089807 0.933961 0.499999
v -0.080427 0.936806 0.499999
v -0.071783 0.941427 0.499999
v -0.064206 0.947645 0.499999
v -0.057988 0.955222 0.499999
v -0.053367 0.963866 0.499999
v -0.050522 0.973246 0.499999
v -0.049561 0.983000 0.499999
v -0.050522 0.992755 0.499999
v -0.053367 1.002134 0.499999
v -0.057988 1.010779 0.499999
v -0.064206 1.018356 0.499999
v -0.071783 1.024574 0.499999
v -0.080427 1.029194 0.499999
v -0.089807 1.032039 0.499999
v -0.130043 1.071250 0.346759
v -0.139055 1.070289 0.350491
v -0.147721 1.067444 0.354081
v -0.155707 1.062824 0.357389
v -0.162707 1.056606 0.360288
v -0.168452 1.049029 0.362668
v -0.172721 1.040384 0.364436
v -0.175349 1.031005 0.365525
v -0.176237 1.021250 0.365893
v -0.175349 1.011496 0.365525
v -0.172721 1.002116 0.364436
v -0.168452 0.993472 0.362668
v -0.162707 0.985895 0.360288
v -0.155707 0.979677 0.357389
v -0.147721 0.975056 0.354081
v -0.139055 0.972211 0.350491
v -0.130043 0.971250 0.346759
v -0.121031 0.972211 0.343026
v -0.112365 0.975056 0.339436
v -0.104379 0.979677 0.336128
v -0.097379 0.985895 0.333229
v -0.091634 0.993472 0.330849
v -0.087365 1.002116 0.329081
v -0.084737 1.011496 0.327992
v -0.083849 1.021250 0.327624
v -0.084737 1.031005 0.327992
v -0.087365 1.040384 0.329081
v -0.091634 1.049029 0.330849
v -0.097379 1.056606 0.333229
v -0.104379 1.062824 0.336128
v -0.112365 1.067444 0.339436
v -0.121031 1.070289 0.343026
v -0.216847 1.109500 0.216847
v -0.223744 1.108539 0.223745
v -0.230377 1.105694 0.230377
v -0.236489 1.101074 0.236490
v -0.241847 1.094855 0.241847
v -0.246244 1.087278 0.246244
v -0.249511 1.078634 0.249511
v -0.251523 1.069255 0.251523
v -0.252202 1.059500 0.252202
v -0.251523 1.049745 0.251523
v -0.249511 1.040366 0.249511
v -0.246244 1.031722 0.246244
v -0.241847 1.024145 0.241847
v -0.236489 1.017926 0.236490
v -0.230377 1.013306 0.230377
v -0.223744 1.010461 0.223745
v -0.216847 1.009500 0.216847
v -0.209949 1.010461 0.209950
v -0.203317 1.013306 0.203317
v -0.197205 1.017926 0.197205
v -0.191847 1.024145 0.191847
v -0.187450 1.031722 0.187450
v -0.184183 1.040366 0.184183
v -0.182171 1.049745 0.182171
v -0.181492 1.059500 0.181492
v -0.182171 1.069255 0.182171
v -0.184183 1.078634 0.184183
v -0.187450 1.087278 0.187450
v -0.191847 1.094855 0.191847
v -0.197205 1.101074 0.197205
v -0.203317 1.105694 0.203317
v -0.209949 1.108539 0.209950
v -0.346759 1.147750 0.130043
v -0.350492 1.146789 0.139055
v -0.354081 1.143944 0.147720
v -0.357389 1.139324 0.155707
v -0.360289 1.133106 0.162707
v -0.362668 1.125529 0.168452
v -0.364437 1.116884 0.172720
v -0.365525 1.107505 0.175349
v -0.365893 1.097750 0.176237
v -0.365525 1.087996 0.175349
v -0.364437 1.078616 0.172720
v -0.362668 1.069972 0.168452
v -0.360289 1.062395 0.162707
v -0.357389 1.056177 0.155707
v -0.354081 1.051556 0.147720
v -0.350492 1.048711 0.139055
v -0.346759 1.047750 0.130043
v -0.343026 1.048711 0.121031
v -0.339437 1.051556 0.112365
v -0.336129 1.056177 0.104379
v -0.333229 1.062395 0.097379
v -0.330850 1.069972 0.091634
v -0.329081 1.078616 0.087365
v -0.327992 1.087996 0.084736
v -0.327625 1.097750 0.083849
v -0.327992 1.107505 0.084736
v -0.329081 1.116884 0.087365
v -0.330850 1.125529 0.091634
v -0.333229 1.133106 0.097379
v -0.336129 1.139324 0.104379
v -0.339437 1.143944 0.112365
v -0.343026 1.146789 0.121031
v -0.500000 1.186000 0.099561
v -0.500000 1.185039 0.109316
v -0.500000 1.182194 0.118695
v -0.500000 1.177574 0.127340
v -0.500000 1.171355 0.134917
v -0.500000 1.163779 0.141135
v -0.500000 1.155134 0.145755
v -0.500000 1.145755 0.148601
v -0.500000 1.136000 0.149561
v -0.500000 1.126245 0.148601
v -0.500000 1.116866 0.145755
v -0.500000 1.108222 0.141135
v -0.500000 1.100645 0.134917
v -0.500000 1.094427 0.127340
v -0.500000 1.089806 0.118695
v -0.500000 1.086961 0.109316
v -0.500000 1.086000 0.099561
v -0.500000 1.086961 0.089807
v -0.500000 1.089806 0.080427
v -0.500000 1.094427 0.071783
v -0.500000 1.100645 0.064206
v -0.500000 1.108222 0.057988
v -0.500000 1.116866 0.053367
v -0.500000 1.126245 0.050522
v -0.500000 1.136000 0.049561
v -0.500000 1.145755 0.050522
v -0.500000 1.155134 0.053367
v -0.500000 1.163779 0.057988
v -0.500000 1.171355 0.064206
v -0.500000 1.177574 0.071783
v -0.500000 1.182194 0.080427
v -0.500000 1.185039 0.089807
vn 0.2387 0.9710 -0.0154
vn 0.2792 0.9437 0.1772
vn 0.3049 0.8823 0.3585
vn 0.3181 0.7895 0.5249
vn 0.3182 0.6688 0.6719
vn 0.3049 0.5237 0.7955
vn 0.2786 0.3577 0.8913
vn 0.2399 0.1755 0.9548
vn 0.1904 -0.0170 0.9816
vn 0.1327 -0.2119 0.9682
vn 0.0699 -0.4000 0.9139
vn 0.0057 -0.5718 0.8203
vn -0.0566 -0.7191 0.6926
vn -0.1140 -0.8354 0.5377
vn -0.1646 -0.9169 0.3637
vn -0.2071 -0.9618 0.1788
vn -0.2443 -0.9696 -0.0113
vn -0.2709 -0.9428 -0.1943
vn -0.2864 -0.8838 -0.3701
vn -0.2932 -0.7945 -0.5318
vn -0.2912 -0.6779 -0.6750
vn -0.2807 -0.5373 -0.7953
vn -0.2616 -0.3765 -0.8887
vn -0.2339 -0.1998 -0.9515
vn -0.1978 -0.0129 -0.9801
vn -0.1538 0.1779 -0.9720
vn -0.1026 0.3649 -0.9254
vn -0.0458 0.5397 -0.8406
vn 0.0146 0.6935 -0.7203
vn 0.0759 0.8184 -0.5695
vn 0.1353 0.9084 -0.3956
vn 0.1897 0.9597 -0.2073
vn 0.2180 0.9703 -0.1047
vn 0.2935 0.9533 0.0712
vn 0.3570 0.9017 0.2440
vn 0.4064 0.8166 0.4098
vn 0.4395 0.6999 0.5629
vn 0.4544 0.5545 0.6972
vn 0.4498 0.3847 0.8060
vn 0.4256 0.1971 0.8832
vn 0.3827 -0.0000 0.9239
vn 0.3236 -0.1971 0.9254
vn 0.2519 -0.3847 0.8880
vn 0.1717 -0.5545 0.8143
vn 0.0873 -0.6999 0.7089
vn 0.0024 -0.8166 0.5772
vn -0.0799 -0.9017 0.4249
vn -0.1572 -0.9533 0.2579
vn -0.2282 -0.9703 0.0801
vn -0.2894 -0.9522 -0.0978
vn -0.3415 -0.8989 -0.2744
vn -0.3825 -0.8116 -0.4415
vn -0.4112 -0.6926 -0.5926
vn -0.4263 -0.5460 -0.7212
vn -0.4270 -0.3770 -0.8219
vn -0.4125 -0.1925 -0.8904
vn -0.3827 -0.0000 -0.9239
vn -0.3379 0.1925 -0.9213
vn -0.2793 0.3770 -0.8831
vn -0.2085 0.5460 -0.8114
vn -0.1283 0.6926 -0.7098
vn -0.0417 0.8116 -0.5827
vn 0.0475 0.8989 -0.4355
vn 0.1355 0.9522 -0.2738
vn 0.1613 0.9703 -0.1802
vn 0.2984 0.9533 -0.0465
vn 0.4232 0.9017 0.0888
vn 0.5323 0.8166 0.2231
vn 0.6215 0.6999 0.3519
vn 0.6866 0.5545 0.4702
vn 0.7240 0.3847 0.5725
vn 0.7312 0.1971 0.6531
vn 0.7071 -0.0000 0.7071
vn 0.6531 -0.1971 0.7312
vn 0.5725 -0.3847 0.7240
vn 0.4702 -0.5545 0.6866
vn 0.3519 -0.6999 0.6215
vn 0.2231 -0.8166 0.5323
vn 0.0888 -0.9017 0.4232
vn -0.0465 -0.9533 0.2984
vn -0.1802 -0.9703 0.1613
vn -0.3048 -0.9522 0.0204
vn -0.4205 -0.8989 -0.1228
vn -0.5224 -0.8116 -0.2615
vn -0.6067 -0.6926 -0.3901
vn -0.6699 -0.5460 -0.5032
vn -0.7090 -0.3770 -0.5960
vn -0.7218 -0.1925 -0.6648
vn -0.7071 -0.0000 -0.7071
vn -0.6648 0.1925 -0.7218
vn -0.5960 0.3770 -0.7090
vn -0.5032 0.5460 -0.6699
vn -0.3901 0.6926 -0.6067
vn -0.2615 0.8116 -0.5224
vn -0.1228 0.8989 -0.4205
vn 0.0204 0.9522 -0.3048
vn 0.0801 0.9703 -0.2282
vn 0.2579 0.9533 -0.1572
vn 0.4249 0.9017 -0.0799
vn 0.5772 0.8166 0.0024
vn 0.7089 0.6999 0.0873
vn 0.8143 0.5545 0.1717
vn 0.8880 0.3847 0.2519
vn 0.9254 0.1971 0.3236
vn 0.9239 -0.0000 0.3827
vn 0.8832 -0.1971 0.4256
vn 0.8060 -0.3847 0.4498
vn 0.6972 -0.5545 0.4544
vn 0.5629 -0.6999 0.4395
vn 0.4098 -0.8166 0.4064
vn 0.2440 -0.9017 0.3570
vn 0.0712 -0.9533 0.2935
vn -0.1047 -0.9703 0.2180
vn -0.2738 -0.9522 0.1355
vn -0.4355 -0.8989 0.0475
vn -0.5827 -0.8116 -0.0417
vn -0.7098 -0.6926 -0.1283
vn -0.8114 -0.5460 -0.2085
vn -0.8831 -0.3770 -0.2793
vn -0.9213 -0.1925 -0.3379
vn -0.9239 -0.0000 -0.3827
vn -0.8904 0.1925 -0.4125
vn -0.8219 0.3770 -0.4270
vn -0.7212 0.5460 -0.4263
vn -0.5926 0.6926 -0.4112
vn -0.4415 0.8116 -0.3825
vn -0.2744 0.8989 -0.3415
vn -0.0978 0.9522 -0.2894
vn -0.0134 0.9703 -0.2414
vn 0.1781 0.9533 -0.2439
vn 0.3620 0.9017 -0.2364
vn 0.5341 0.8166 -0.2187
vn 0.6883 0.6999 -0.1906
vn 0.8180 0.5545 -0.1530
vn 0.9168 0.3847 -0.1071
vn 0.9788 0.1971 -0.0552
vn 1.0000 -0.0000 -0.0000
vn 0.9788 -0.1971 0.0552
vn 0.9168 -0.3847 0.1071
vn 0.8180 -0.5545 0.1530
vn 0.6883 -0.6999 0.1906
vn 0.5341 -0.8166 0.2187
vn 0.3620 -0.9017 0.2364
vn 0.1781 -0.9533 0.2439
vn -0.0134 -0.9703 0.2414
vn -0.2011 -0.9522 0.2299
vn -0.3842 -0.8989 0.2105
vn -0.5543 -0.8116 0.1844
vn -0.7048 -0.6926 0.1531
vn -0.8295 -0.5460 0.1179
vn -0.9227 -0.3770 0.0799
vn -0.9805 -0.1925 0.0404
vn -1.0000 -0.0000 -0.0000
vn -0.9805 0.1925 -0.0404
vn -0.9227 0.3770 -0.0799
vn -0.8295 0.5460 -0.1179
vn -0.7048 0.6926 -0.1531
vn -0.5543 0.8116 -0.1844
vn -0.3842 0.8989 -0.2105
vn -0.2011 0.9522 -0.2299
vn -0.1047 0.9703 -0.2180
vn 0.0712 0.9533 -0.2935
vn 0.2440 0.9017 -0.3570
vn 0.4098 0.8166 -0.4064
vn 0.5629 0.6999 -0.4395
vn 0.6972 0.5545 -0.4544
vn 0.8060 0.3847 -0.4498
vn 0.8832 0.1971 -0.4256
vn 0.9239 -0.0000 -0.3827
vn 0.9254 -0.1971 -0.3236
vn 0.8880 -0.3847 -0.2519
vn 0.8143 -0.5545 -0.1717
vn 0.7089 -0.6999 -0.0873
vn 0.5772 -0.8166 -0.0024
vn 0.4249 -0.9017 0.0799
vn 0.2579 -0.9533 0.1572
vn 0.0801 -0.9703 0.2282
vn -0.0978 -0.9522 0.2894
vn -0.2744 -0.8989 0.3415
vn -0.4415 -0.8116 0.3825
vn -0.5926 -0.6926 0.4112
vn -0.7212 -0.5460 0.4263
vn -0.8219 -0.3770 0.4270
vn -0.8904 -0.1925 0.4125
vn -0.9239 -0.0000 0.3827
vn -0.9213 0.1925 0.3379
vn -0.8831 0.3770 0.2793
vn -0.8114 0.5460 0.2085
vn -0.7098 0.6926 0.1283
vn -0.5827 0.8116 0.0417
vn -0.4355 0.8989 -0.0475
vn -0.2738 0.9522 -0.1355
vn -0.1802 0.9703 -0.1613
vn -0.0465 0.9533 -0.2984
vn 0.0888 0.9017 -0.4232
vn 0.2231 0.8166 -0.5323
vn 0.3519 0.6999 -0.6215
vn 0.4702 0.5545 -0.6866
vn 0.5725 0.3847 -0.7240
vn 0.6531 0.1971 -0.7312
vn 0.7071 -0.0000 -0.7071
vn 0.7312 -0.1971 -0.6531
vn 0.7240 -0.3847 -0.5725
vn 0.6866 -0.5545 -0.4702
vn 0.6215 -0.6999 -0.3519
vn 0.5323 -0.8166 -0.2231
vn 0.4232 -0.9017 -0.0888
vn 0.2984 -0.9533 0.0465
vn 0.1613 -0.9703 0.1802
vn 0.0204 -0.9522 0.3048
vn -0.1228 -0.8989 0.4205
vn -0.2615 -0.8116 0.5224
vn -0.3901 -0.6926 0.6067
vn -0.5032 -0.5460 0.6699
vn -0.5960 -0.3770 0.7090
vn -0.6648 -0.1925 0.7218
vn -0.7071 -0.0000 0.7071
vn -0.7218 0.1925 0.6648
vn -0.7090 0.3770 0.5960
vn -0.6699 0.5460 0.5032
vn -0.6067 0.6926 0.3901
vn -0.5224 0.8116 0.2615
vn -0.4205 0.8989 0.1228
vn -0.3048 0.9522 -0.0204
vn -0.2282 0.9703 -0.0801
vn -0.1572 0.9533 -0.2579
vn -0.0799 0.9017 -0.4249
vn 0.0024 0.8166 -0.5772
vn 0.0873 0.6999 -0.7089
vn 0.1717 0.5545 -0.8143
vn 0.2519 0.3847 -0.8880
vn 0.3236 0.1971 -0.9254
vn 0.3827 -0.0000 -0.9239
vn 0.4256 -0.1971 -0.8832
vn 0.4498 -0.3847 -0.8060
vn 0.4544 -0.5545 -0.6972
vn 0.4395 -0.6999 -0.5629
vn 0.4064 -0.8166 -0.4098
vn 0.3570 -0.9017 -0.2440
vn 0.2935 -0.9533 -0.0712
vn 0.2180 -0.9703 0.1047
vn 0.1355 -0.9522 0.2738
vn 0.0475 -0.8989 0.4355
vn -0.0417 -0.8116 0.5827
vn -0.1283 -0.6926 0.7098
vn -0.2085 -0.5460 0.8114
vn -0.2793 -0.3770 0.8831
vn -0.3379 -0.1925 0.9213
vn -0.3827 -0.0000 0.9239
vn -0.4125 0.1925 0.8904
vn -0.4270 0.3770 0.8219
vn -0.4263 0.5460 0.7212
vn -0.4112 0.6926 0.5926
vn -0.3825 0.8116 0.4415
vn -0.3415 0.8989 0.2744
vn -0.2894 0.9522 0.0978
vn -0.2414 0.9703 0.0134
vn -0.2439 0.9533 -0.1781
vn -0.2364 0.9017 -0.3620
vn -0.2187 0.8166 -0.5341
vn -0.1906 0.6999 -0.6883
vn -0.1530 0.5545 -0.8180
vn -0.1071 0.3847 -0.9168
vn -0.0552 0.1971 -0.9788
vn -0.0000 -0.0000 -1.0000
vn 0.0552 -0.1971 -0.9788
vn 0.1071 -0.3847 -0.9168
vn 0.1530 -0.5545 -0.8180
vn 0.1906 -0.6999 -0.6883
vn 0.2187 -0.8166 -0.5341
vn 0.2364 -0.9017 -0.3620
vn 0.2439 -0.9533 -0.1781
vn 0.2414 -0.9703 0.0134
vn 0.2299 -0.9522 0.2011
vn 0.2105 -0.8989 0.3842
vn 0.1844 -0.8116 0.5543
vn 0.1531 -0.6926 0.7048
vn 0.1179 -0.5460 0.8295
vn 0.0799 -0.3770 0.9227
vn 0.0404 -0.1925 0.9805
vn -0.0000 -0.0000 1.0000
vn -0.0404 0.1925 0.9805
vn -0.0799 0.3770 0.9227
vn -0.1179 0.5460 0.8295
vn -0.1531 0.6926 0.7048
vn -0.1844 0.8116 0.5543
vn -0.2105 0.8989 0.3842
vn -0.2299 0.9522 0.2011
vn -0.2180 0.9703 0.1047
vn -0.2935 0.9533 -0.0712
vn -0.3570 0.9017 -0.2440
vn -0.4064 0.8166 -0.4098
vn -0.4395 0.6999 -0.5629
vn -0.4544 0.5545 -0.6972
vn -0.4498 0.3847 -0.8060
vn -0.4256 0.1971 -0.8832
vn -0.3236 -0.1971 -0.9254
vn -0.2519 -0.3847 -0.8880
vn -0.1717 -0.5545 -0.8143
vn -0.0873 -0.6999 -0.7089
vn -0.0024 -0.8166 -0.5772
vn 0.0799 -0.9017 -0.4249
vn 0.1572 -0.9533 -0.2579
vn 0.2282 -0.9703 -0.0801
vn 0.2894 -0.9522 0.0978
vn 0.3415 -0.8989 0.2744
vn 0.3825 -0.8116 0.4415
vn 0.4112 -0.6926 0.5926
vn 0.4263 -0.5460 0.7212
vn 0.4270 -0.3770 0.8219
vn 0.4125 -0.1925 0.8904
vn 0.3379 0.1925 0.9213
vn 0.2793 0.3770 0.8831
vn 0.2085 0.5460 0.8114
vn 0.1283 0.6926 0.7098
vn 0.0417 0.8116 0.5827
vn -0.0475 0.8989 0.4355
vn -0.1355 0.9522 0.2738
vn -0.1613 0.9703 0.1802
vn -0.2984 0.9533 0.0465
vn -0.4232 0.9017 -0.0888
vn -0.5323 0.8166 -0.2231
vn -0.6215 0.6999 -0.3519
vn -0.6866 0.5545 -0.4702
vn -0.7240 0.3847 -0.5725
vn -0.7312 0.1971 -0.6531
vn -0.6531 -0.1971 -0.7312
vn -0.5725 -0.3847 -0.7240
vn -0.4702 -0.5545 -0.6866
vn -0.3519 -0.6999 -0.6215
vn -0.2231 -0.8166 -0.5323
vn -0.0888 -0.9017 -0.4232
vn 0.0465 -0.9533 -0.2984
vn 0.1802 -0.9703 -0.1613
vn 0.3048 -0.9522 -0.0204
vn 0.4205 -0.8989 0.1228
vn 0.5224 -0.8116 0.2615
vn 0.6067 -0.6926 0.3901
vn 0.6699 -0.5460 0.5032
vn 0.7090 -0.3770 0.5960
vn 0.7218 -0.1925 0.6648
vn 0.6648 0.1925 0.7218
vn 0.5960 0.3770 0.7090
vn 0.5032 0.5460 0.6699
vn 0.3901 0.6926 0.6067
vn 0.2615 0.8116 0.5224
vn 0.1228 0.8989 0.4205
vn -0.0204 0.9522 0.3048
vn -0.0801 0.9703 0.2282
vn -0.2579 0.9533 0.1572
vn -0.4249 0.9017 0.0799
vn -0.5772 0.8166 -0.0024
vn -0.7089 0.6999 -0.0873
vn -0.8143 0.5545 -0.1717
vn -0.8880 0.3847 -0.2519
vn -0.9254 0.1971 -0.3236
vn -0.8832 -0.1971 -0.4256
vn -0.8060 -0.3847 -0.4498
vn -0.6972 -0.5545 -0.4544
vn -0.5629 -0.6999 -0.4395
vn -0.4098 -0.8166 -0.4064
vn -0.2440 -0.9017 -0.3570
vn -0.0712 -0.9533 -0.2935
vn 0.1047 -0.9703 -0.2180
vn 0.2738 -0.9522 -0.1355
vn 0.4355 -0.8989 -0.0475
vn 0.5827 -0.8116 0.0417
vn 0.7098 -0.6926 0.1283
vn 0.8114 -0.5460 0.2085
vn 0.8831 -0.3770 0.2793
vn 0.9213 -0.1925 0.3379
vn 0.8904 0.1925 0.4125
vn 0.8219 0.3770 0.4270
vn 0.7212 0.5460 0.4263
vn 0.5926 0.6926 0.4112
vn 0.4415 0.8116 0.3825
vn 0.2744 0.8989 0.3415
vn 0.0978 0.9522 0.2894
vn 0.0134 0.9703 0.2414
vn -0.1781 0.9533 0.2439
vn -0.3620 0.9017 0.2364
vn -0.5341 0.8166 0.2187
vn -0.6883 0.6999 0.1906
vn -0.8180 0.5545 0.1530
vn -0.9168 0.3847 0.1071
vn -0.9788 0.1971 0.0552
vn -0.9788 -0.1971 -0.0552
vn -0.9168 -0.3847 -0.1071
vn -0.8180 -0.5545 -0.1530
vn -0.6883 -0.6999 -0.1906
vn -0.5341 -0.8166 -0.2187
vn -0.3620 -0.9017 -0.2364
vn -0.1781 -0.9533 -0.2439
vn 0.0134 -0.9703 -0.2414
vn 0.2011 -0.9522 -0.2299
vn 0.3842 -0.8989 -0.2105
vn 0.5543 -0.8116 -0.1844
vn 0.7048 -0.6926 -0.1531
vn 0.8295 -0.5460 -0.1179
vn 0.9227 -0.3770 -0.0799
vn 0.9805 -0.1925 -0.0404
vn 0.9805 0.1925 0.0404
vn 0.9227 0.3770 0.0799
vn 0.8295 0.5460 0.1179
vn 0.7048 0.6926 0.1531
vn 0.5543 0.8116 0.1844
vn 0.3842 0.8989 0.2105
vn 0.2011 0.9522 0.2299
vn 0.1047 0.9703 0.2180
vn -0.0712 0.9533 0.2935
vn -0.2440 0.9017 0.3570
vn -0.4098 0.8166 0.4064
vn -0.5629 0.6999 0.4395
vn -0.6972 0.5545 0.4544
vn -0.8060 0.3847 0.4498
vn -0.8832 0.1971 0.4256
vn -0.9254 -0.1971 0.3236
vn -0.8880 -0.3847 0.2519
vn -0.8143 -0.5545 0.1717
vn -0.7089 -0.6999 0.0873
vn -0.5772 -0.8166 0.0024
vn -0.4249 -0.9017 -0.0799
vn -0.2579 -0.9533 -0.1572
vn -0.0801 -0.9703 -0.2282
vn 0.0978 -0.9522 -0.2894
vn 0.2744 -0.8989 -0.3415
vn 0.4415 -0.8116 -0.3825
vn 0.5926 -0.6926 -0.4112
vn 0.7212 -0.5460 -0.4263
vn 0.8219 -0.3770 -0.4270
vn 0.8904 -0.1925 -0.4125
vn 0.9213 0.1925 -0.3379
vn 0.8831 0.3770 -0.2793
vn 0.8114 0.5460 -0.2085
vn 0.7098 0.6926 -0.1283
vn 0.5827 0.8116 -0.0417
vn 0.4355 0.8989 0.0475
vn 0.2738 0.9522 0.1355
vn 0.1802 0.9703 0.1613
vn 0.0465 0.9533 0.2984
vn -0.0888 0.9017 0.4232
vn -0.2231 0.8166 0.5323
vn -0.3519 0.6999 0.6215
vn -0.4702 0.5545 0.6866
vn -0.5725 0.3847 0.7240
vn -0.6531 0.1971 0.7312
vn -0.7312 -0.1971 0.6531
vn -0.7240 -0.3847 0.5725
vn -0.6866 -0.5545 0.4702
vn -0.6215 -0.6999 0.3519
vn -0.5323 -0.8166 0.2231
vn -0.4232 -0.9017 0.0888
vn -0.2984 -0.9533 -0.0465
vn -0.1613 -0.9703 -0.1802
vn -0.0204 -0.9522 -0.3048
vn 0.1228 -0.8989 -0.4205
vn 0.2615 -0.8116 -0.5224
vn 0.3901 -0.6926 -0.6067
vn 0.5032 -0.5460 -0.6699
vn 0.5960 -0.3770 -0.7090
vn 0.6648 -0.1925 -0.7218
vn 0.7218 0.1925 -0.6648
vn 0.7090 0.3770 -0.5960
vn 0.6699 0.5460 -0.5032
vn 0.6067 0.6926 -0.3901
vn 0.5224 0.8116 -0.2615
vn 0.4205 0.8989 -0.1228
vn 0.3048 0.9522 0.0204
vn 0.2282 0.9703 0.0801
vn 0.1572 0.9533 0.2579
vn 0.0799 0.9017 0.4249
vn -0.0024 0.8166 0.5772
vn -0.0873 0.6999 0.7089
vn -0.1717 0.5545 0.8143
vn -0.2519 0.3847 0.8880
vn -0.3236 0.1971 0.9254
vn -0.4256 -0.1971 0.8832
vn -0.4498 -0.3847 0.8060
vn -0.4544 -0.5545 0.6972
vn -0.4395 -0.6999 0.5629
vn -0.4064 -0.8166 0.4098
vn -0.3570 -0.9017 0.2440
vn -0.2935 -0.9533 0.0712
vn -0.2180 -0.9703 -0.1047
vn -0.1355 -0.9522 -0.2738
vn -0.0475 -0.8989 -0.4355
vn 0.0417 -0.8116 -0.5827
vn 0.1283 -0.6926 -0.7098
vn 0.2085 -0.5460 -0.8114
vn 0.2793 -0.3770 -0.8831
vn 0.3379 -0.1925 -0.9213
vn 0.4125 0.1925 -0.8904
vn 0.4270 0.3770 -0.8219
vn 0.4263 0.5460 -0.7212
vn 0.4112 0.6926 -0.5926
vn 0.3825 0.8116 -0.4415
vn 0.3415 0.8989 -0.2744
vn 0.2894 0.9522 -0.0978
vn 0.2414 0.9703 -0.0134
vn 0.2439 0.9533 0.1781
vn 0.2364 0.9017 0.3620
vn 0.2187 0.8166 0.5341
vn 0.1906 0.6999 0.6883
vn 0.1530 0.5545 0.8180
vn 0.1071 0.3847 0.9168
vn 0.0552 0.1971 0.9788
vn -0.0552 -0.1971 0.9788
vn -0.1071 -0.3847 0.9168
vn -0.1530 -0.5545 0.8180
vn -0.1906 -0.6999 0.6883
vn -0.2187 -0.8166 0.5341
vn -0.2364 -0.9017 0.3620
vn -0.2439 -0.9533 0.1781
vn -0.2414 -0.9703 -0.0134
vn -0.2299 -0.9522 -0.2011
vn -0.2105 -0.8989 -0.3842
vn -0.1844 -0.8116 -0.5543
vn -0.1531 -0.6926 -0.7048
vn -0.1179 -0.5460 -0.8295
vn -0.0799 -0.3770 -0.9227
vn -0.0403 -0.1925 -0.9805
vn 0.0404 0.1925 -0.9805
vn 0.0799 0.3770 -0.9227
vn 0.1179 0.5460 -0.8295
vn 0.1531 0.6926 -0.7048
vn 0.1844 0.8116 -0.5543
vn 0.2105 0.8989 -0.3842
vn 0.2299 0.9522 -0.2011
vn -0.9805 -0.1925 0.0403
vn -0.9805 0.1925 -0.0403
vn -0.0403 0.1925 0.9805
vn -0.5630 0.6999 0.4395
vn -0.0800 -0.9703 -0.2282
vn 0.0403 0.1925 -0.9805
vn 0.0800 0.9703 -0.2282
vn -0.1048 -0.9703 0.2180
vn 0.0403 -0.1925 0.9805
vn -0.5771 0.8166 -0.0024
vn -0.5630 -0.6999 -0.4395
vn 0.9805 0.1925 0.0403
vn -0.4250 -0.9017 -0.0799
vn 0.2443 0.9696 -0.0113
vn 0.2071 0.9618 0.1788
vn 0.1646 0.9169 0.3637
vn 0.1140 0.8354 0.5377
vn 0.0566 0.7191 0.6926
vn -0.0057 0.5718 0.8203
vn -0.0699 0.4000 0.9139
vn -0.1327 0.2119 0.9682
vn -0.1904 0.0170 0.9816
vn -0.2399 -0.1755 0.9548
vn -0.2786 -0.3577 0.8913
vn -0.3049 -0.5237 0.7955
vn -0.3182 -0.6688 0.6719
vn -0.3181 -0.7895 0.5249
vn -0.3049 -0.8823 0.3585
vn -0.2792 -0.9437 0.1772
vn -0.2387 -0.9710 -0.0154
vn -0.1897 -0.9597 -0.2073
vn -0.1353 -0.9084 -0.3956
vn -0.0759 -0.8184 -0.5695
vn -0.0146 -0.6935 -0.7203
vn 0.0458 -0.5397 -0.8406
vn 0.1026 -0.3649 -0.9254
vn 0.1538 -0.1779 -0.9720
vn 0.1979 0.0129 -0.9801
vn 0.2339 0.1998 -0.9515
vn 0.2616 0.3765 -0.8887
vn 0.2807 0.5373 -0.7953
vn 0.2912 0.6779 -0.6750
vn 0.2932 0.7945 -0.5318
vn 0.2864 0.8838 -0.3701
vn 0.2709 0.9428 -0.1943
vt 0.000000 1.000000
vt 0.062500 0.980785
vt 0.000000 0.980785
vt 0.062500 1.000000
vt 0.125000 0.980785
vt 0.125000 1.000000
vt 0.187500 0.980785
vt 0.187500 1.000000
vt 0.250000 0.980785
vt 0.250000 1.000000
vt 0.312500 0.980785
vt 0.312500 1.000000
vt 0.375000 0.980785
vt 0.375000 1.000000
vt 0.437500 0.980785
vt 0.437500 1.000000
vt 0.500000 0.980785
vt 0.500000 1.000000
vt 0.562500 0.980785
vt 0.562500 1.000000
vt 0.625000 0.980785
vt 0.625000 1.000000
vt 0.687500 0.980785
vt 0.687500 1.000000
vt 0.750000 0.980785
vt 0.750000 1.000000
vt 0.812500 0.980785
vt 0.812500 1.000000
vt 0.875000 0.980785
vt 0.875000 1.000000
vt 0.937500 0.980785
vt 0.937500 1.000000
vt 1.000000 0.980785
vt 1.000000 1.000000
vt 1.062500 0.980785
vt 1.062500 1.000000
vt 1.125000 0.980785
vt 1.125000 1.000000
vt 1.187500 0.980785
vt 1.187500 1.000000
vt 1.250000 0.980785
vt 1.250000 1.000000
vt 1.312500 0.980785
vt 1.312500 1.000000
vt 1.375000 0.980785
vt 1.375000 1.000000
vt 1.437500 0.980785
vt 1.437500 1.000000
vt 1.500000 0.980785
vt 1.500000 1.000000
vt 1.562500 0.980785
vt 1.562500 1.000000
vt 1.625000 0.980785
vt 1.625000 1.000000
vt 1.687500 0.980785
vt 1.687500 1.000000
vt 1.750000 0.980785
vt 1.750000 1.000000
vt 1.812500 0.980785
vt 1.812500 1.000000
vt 1.875000 0.980785
vt 1.875000 1.000000
vt 1.937500 0.980785
vt 1.937500 1.000000
vt 2.000000 0.980785
vt 2.000000 1.000000
vt 2.062500 0.980785
vt 2.062500 1.000000
vt 2.125000 0.980785
vt 2.125000 1.000000
vt 2.187500 0.980785
vt 2.187500 1.000000
vt 2.250000 0.980785
vt 2.250000 1.000000
vt 2.312500 0.980785
vt 2.312500 1.000000
vt 2.375000 0.980785
vt 2.375000 1.000000
vt 2.437500 0.980785
vt 2.437500 1.000000
vt 2.500000 0.980785
vt 2.500000 1.000000
vt 2.562500 0.980785
vt 2.562500 1.000000
vt 2.625000 0.980785
vt 2.625000 1.000000
vt 2.687500 0.980785
vt 2.687500 1.000000
vt 2.750000 0.980785
vt 2.750000 1.000000
vt 2.812500 0.980785
vt 2.812500 1.000000
vt 2.875000 0.980785
vt 2.875000 1.000000
vt 2.937500 0.980785
vt 2.937500 1.000000
vt 3.000000 0.980785
vt 0.062500 0.923880
vt 0.000000 0.923880
vt 0.125000 0.923880
vt 0.187500 0.923880
vt 0.250000 0.923880
vt 0.312500 0.923880
vt 0.375000 0.923880
vt 0.437500 0.923880
vt 0.500000 0.923880
vt 0.562500 0.923880
vt 0.625000 0.923880
vt 0.687500 0.923880
vt 0.750000 0.923880
vt 0.812500 0.923880
vt 0.875000 0.923880
vt 0.937500 0.923880
vt 1.000000 0.923880
vt 1.062500 0.923880
vt 1.125000 0.923880
vt 1.187500 0.923880
vt 1.250000 0.923880
vt 1.312500 0.923880
vt 1.375000 0.923880
vt 1.437500 0.923880
vt 1.500000 0.923880
vt 1.562500 0.923880
vt 1.625000 0.923880
vt 1.687500 0.923880
vt 1.750000 0.923880
vt 1.812500 0.923880
vt 1.875000 0.923880
vt 1.937500 0.923880
vt 2.000000 0.923880
vt 2.062500 0.923880
vt 2.125000 0.923880
vt 2.187500 0.923880
vt 2.250000 0.923880
vt 2.312500 0.923880
vt 2.375000 0.923880
vt 2.437500 0.923880
vt 2.500000 0.923880
vt 2.562500 0.923880
vt 2.625000 0.923880
vt 2.687500 0.923880
vt 2.750000 0.923880
vt 2.812500 0.923880
vt 2.875000 0.923880
vt 2.937500 0.923880
vt 3.000000 0.923880
vt 0.062500 0.831470
vt 0.000000 0.831470
vt 0.125000 0.831470
vt 0.187500 0.831470
vt 0.250000 0.831470
vt 0.312500 0.831470
vt 0.375000 0.831470
vt 0.437500 0.831470
vt 0.500000 0.831470
vt 0.562500 0.831470
vt 0.625000 0.831470
vt 0.687500 0.831470
vt 0.750000 0.831470
vt 0.812500 0.831470
vt 0.875000 0.831470
vt 0.937500 0.831470
vt 1.000000 0.831470
vt 1.062500 0.831470
vt 1.125000 0.831470
vt 1.187500 0.831470
vt 1.250000 0.831470
vt 1.312500 0.831470
vt 1.375000 0.831470
vt 1.437500 0.831470
vt 1.500000 0.831470
vt 1.562500 0.831470
vt 1.625000 0.831470
vt 1.687500 0.831470
vt 1.750000 0.831470
vt 1.812500 0.831470
vt 1.875000 0.831470
vt 1.937500 0.831470
vt 2.000000 0.831470
vt 2.062500 0.831470
vt 2.125000 0.831470
vt 2.187500 0.831470
vt 2.250000 0.831470
vt 2.312500 0.831470
vt 2.375000 0.831470
vt 2.437500 0.831470
vt 2.500000 0.831470
vt 2.562500 0.831470
vt 2.625000 0.831470
vt 2.687500 0.831470
vt 2.750000 0.831470
vt 2.812500 0.831470
vt 2.875000 0.831470
vt 2.937500 0.831470
vt 3.000000 0.831470
vt 0.062500 0.707107
vt 0.000000 0.707107
vt 0.125000 0.707107
vt 0.187500 0.707107
vt 0.250000 0.707107
vt 0.312500 0.707107
vt 0.375000 0.707107
vt 0.437500 0.707107
vt 0.500000 0.707107
vt 0.562500 0.707107
vt 0.625000 0.707107
vt 0.687500 0.707107
vt 0.750000 0.707107
vt 0.812500 0.707107
vt 0.875000 0.707107
vt 0.937500 0.707107
vt 1.000000 0.707107
vt 1.062500 0.707107
vt 1.125000 0.707107
vt 1.187500 0.707107
vt 1.250000 0.707107
vt 1.312500 0.707107
vt 1.375000 0.707107
vt 1.437500 0.707107
vt 1.500000 0.707107
vt 1.562500 0.707107
vt 1.625000 0.707107
vt 1.687500 0.707107
vt 1.750000 0.707107
vt 1.812500 0.707107
vt 1.875000 0.707107
vt 1.937500 0.707107
vt 2.000000 0.707107
vt 2.062500 0.707107
vt 2.125000 0.707107
vt 2.187500 0.707107
vt 2.250000 0.707107
vt 2.312500 0.707107
vt 2.375000 0.707107
vt 2.437500 0.707107
vt 2.500000 0.707107
vt 2.562500 0.707107
vt 2.625000 0.707107
vt 2.687500 0.707107
vt 2.750000 0.707107
vt 2.812500 0.707107
vt 2.875000 0.707107
vt 2.937500 0.707107
vt 3.000000 0.707107
vt 0.062500 0.555570
vt 0.000000 0.555570
vt 0.125000 0.555570
vt 0.187500 0.555570
vt 0.250000 0.555570
vt 0.312500 0.555570
vt 0.375000 0.555570
vt 0.437500 0.555570
vt 0.500000 0.555570
vt 0.562500 0.555570
vt 0.625000 0.555570
vt 0.687500 0.555570
vt 0.750000 0.555570
vt 0.812500 0.555570
vt 0.875000 0.555570
vt 0.937500 0.555570
vt 1.000000 0.555570
vt 1.062500 0.555570
vt 1.125000 0.555570
vt 1.187500 0.555570
vt 1.250000 0.555570
vt 1.312500 0.555570
vt 1.375000 0.555570
vt 1.437500 0.555570
vt 1.500000 0.555570
vt 1.562500 0.555570
vt 1.625000 0.555570
vt 1.687500 0.555570
vt 1.750000 0.555570
vt 1.812500 0.555570
vt 1.875000 0.555570
vt 1.937500 0.555570
vt 2.000000 0.555570
vt 2.062500 0.555570
vt 2.125000 0.555570
vt 2.187500 0.555570
vt 2.250000 0.555570
vt 2.312500 0.555570
vt 2.375000 0.555570
vt 2.437500 0.555570
vt 2.500000 0.555570
vt 2.562500 0.555570
vt 2.625000 0.555570
vt 2.687500 0.555570
vt 2.750000 0.555570
vt 2.812500 0.555570
vt 2.875000 0.555570
vt 2.937500 0.555570
vt 3.000000 0.555570
vt 0.062500 0.382683
vt 0.000000 0.382683
vt 0.125000 0.382683
vt 0.187500 0.382683
vt 0.250000 0.382683
vt 0.312500 0.382683
vt 0.375000 0.382683
vt 0.437500 0.382683
vt 0.500000 0.382683
vt 0.562500 0.382683
vt 0.625000 0.382683
vt 0.687500 0.382683
vt 0.750000 0.382683
vt 0.812500 0.382683
vt 0.875000 0.382683
vt 0.937500 0.382683
vt 1.000000 0.382683
vt 1.062500 0.382683
vt 1.125000 0.382683
vt 1.187500 0.382683
vt 1.250000 0.382683
vt 1.312500 0.382683
vt 1.375000 0.382683
vt 1.437500 0.382683
vt 1.500000 0.382683
vt 1.562500 0.382683
vt 1.625000 0.382683
vt 1.687500 0.382683
vt 1.750000 0.382683
vt 1.812500 0.382683
vt 1.875000 0.382683
vt 1.937500 0.382683
vt 2.000000 0.382683
vt 2.062500 0.382683
vt 2.125000 0.382683
vt 2.187500 0.382683
vt 2.250000 0.382683
vt 2.312500 0.382683
vt 2.375000 0.382683
vt 2.437500 0.382683
vt 2.500000 0.382683
vt 2.562500 0.382683
vt 2.625000 0.382683
vt 2.687500 0.382683
vt 2.750000 0.382683
vt 2.812500 0.382683
vt 2.875000 0.382683
vt 2.937500 0.382683
vt 3.000000 0.382683
vt 0.062500 0.195090
vt 0.000000 0.195090
vt 0.125000 0.195090
vt 0.187500 0.195090
vt 0.250000 0.195090
vt 0.312500 0.195090
vt 0.375000 0.195090
vt 0.437500 0.195090
vt 0.500000 0.195090
vt 0.562500 0.195090
vt 0.625000 0.195090
vt 0.687500 0.195090
vt 0.750000 0.195090
vt 0.812500 0.195090
vt 0.875000 0.195090
vt 0.937500 0.195090
vt 1.000000 0.195090
vt 1.062500 0.195090
vt 1.125000 0.195090
vt 1.187500 0.195090
vt 1.250000 0.195090
vt 1.312500 0.195090
vt 1.375000 0.195090
vt 1.437500 0.195090
vt 1.500000 0.195090
vt 1.562500 0.195090
vt 1.625000 0.195090
vt 1.687500 0.195090
vt 1.750000 0.195090
vt 1.812500 0.195090
vt 1.875000 0.195090
vt 1.937500 0.195090
vt 2.000000 0.195090
vt 2.062500 0.195090
vt 2.125000 0.195090
vt 2.187500 0.195090
vt 2.250000 0.195090
vt 2.312500 0.195090
vt 2.375000 0.195090
vt 2.437500 0.195090
vt 2.500000 0.195090
vt 2.562500 0.195090
vt 2.625000 0.195090
vt 2.687500 0.195090
vt 2.750000 0.195090
vt 2.812500 0.195090
vt 2.875000 0.195090
vt 2.937500 0.195090
vt 3.000000 0.195090
vt 0.062500 0.000000
vt 0.000000 0.000000
vt 0.125000 0.000000
vt 0.187500 0.000000
vt 0.250000 0.000000
vt 0.312500 0.000000
vt 0.375000 0.000000
vt 0.437500 0.000000
vt 0.500000 0.000000
vt 0.562500 0.000000
vt 0.625000 0.000000
vt 0.687500 0.000000
vt 0.750000 0.000000
vt 0.812500 0.000000
vt 0.875000 0.000000
vt 0.937500 0.000000
vt 1.000000 0.000000
vt 1.062500 0.000000
vt 1.125000 0.000000
vt 1.187500 0.000000
vt 1.250000 0.000000
vt 1.312500 0.000000
vt 1.375000 0.000000
vt 1.437500 0.000000
vt 1.500000 0.000000
vt 1.562500 0.000000
vt 1.625000 0.000000
vt 1.687500 0.000000
vt 1.750000 0.000000
vt 1.812500 0.000000
vt 1.875000 0.000000
vt 1.937500 0.000000
vt 2.000000 0.000000
vt 2.062500 0.000000
vt 2.125000 0.000000
vt 2.187500 0.000000
vt 2.250000 0.000000
vt 2.312500 0.000000
vt 2.375000 0.000000
vt 2.437500 0.000000
vt 2.500000 0.000000
vt 2.562500 0.000000
vt 2.625000 0.000000
vt 2.687500 0.000000
vt 2.750000 0.000000
vt 2.812500 0.000000
vt 2.875000 0.000000
vt 2.937500 0.000000
vt 3.000000 0.000000
vt 0.062500 -0.195090
vt 0.000000 -0.195090
vt 0.125000 -0.195090
vt 0.187500 -0.195090
vt 0.250000 -0.195090
vt 0.312500 -0.195090
vt 0.375000 -0.195090
vt 0.437500 -0.195090
vt 0.500000 -0.195090
vt 0.562500 -0.195090
vt 0.625000 -0.195090
vt 0.687500 -0.195090
vt 0.750000 -0.195090
vt 0.812500 -0.195090
vt 0.875000 -0.195090
vt 0.937500 -0.195090
vt 1.000000 -0.195090
vt 1.062500 -0.195090
vt 1.125000 -0.195090
vt 1.187500 -0.195090
vt 1.250000 -0.195090
vt 1.312500 -0.195090
vt 1.375000 -0.195090
vt 1.437500 -0.195090
vt 1.500000 -0.195090
vt 1.562500 -0.195090
vt 1.625000 -0.195090
vt 1.687500 -0.195090
vt 1.750000 -0.195090
vt 1.812500 -0.195090
vt 1.875000 -0.195090
vt 1.937500 -0.195090
vt 2.000000 -0.195090
vt 2.062500 -0.195090
vt 2.125000 -0.195090
vt 2.187500 -0.195090
vt 2.250000 -0.195090
vt 2.312500 -0.195090
vt 2.375000 -0.195090
vt 2.437500 -0.195090
vt 2.500000 -0.195090
vt 2.562500 -0.195090
vt 2.625000 -0.195090
vt 2.687500 -0.195090
vt 2.750000 -0.195090
vt 2.812500 -0.195090
vt 2.875000 -0.195090
vt 2.937500 -0.195090
vt 3.000000 -0.195090
vt 0.062500 -0.382683
vt 0.000000 -0.382683
vt 0.125000 -0.382683
vt 0.187500 -0.382683
vt 0.250000 -0.382683
vt 0.312500 -0.382683
vt 0.375000 -0.382683
vt 0.437500 -0.382683
vt 0.500000 -0.382683
vt 0.562500 -0.382683
vt 0.625000 -0.382683
vt 0.687500 -0.382683
vt 0.750000 -0.382683
vt 0.812500 -0.382683
vt 0.875000 -0.382683
vt 0.937500 -0.382683
vt 1.000000 -0.382683
vt 1.062500 -0.382683
vt 1.125000 -0.382683
vt 1.187500 -0.382683
vt 1.250000 -0.382683
vt 1.312500 -0.382683
vt 1.375000 -0.382683
vt 1.437500 -0.382683
vt 1.500000 -0.382683
vt 1.562500 -0.382683
vt 1.625000 -0.382683
vt 1.687500 -0.382683
vt 1.750000 -0.382683
vt 1.812500 -0.382683
vt 1.875000 -0.382683
vt 1.937500 -0.382683
vt 2.000000 -0.382683
vt 2.062500 -0.382683
vt 2.125000 -0.382683
vt 2.187500 -0.382683
vt 2.250000 -0.382683
vt 2.312500 -0.382683
vt 2.375000 -0.382683
vt 2.437500 -0.382683
vt 2.500000 -0.382683
vt 2.562500 -0.382683
vt 2.625000 -0.382683
vt 2.687500 -0.382683
vt 2.750000 -0.382683
vt 2.812500 -0.382683
vt 2.875000 -0.382683
vt 2.937500 -0.382683
vt 3.000000 -0.382683
vt 0.062500 -0.555570
vt 0.000000 -0.555570
vt 0.125000 -0.555570
vt 0.187500 -0.555570
vt 0.250000 -0.555570
vt 0.312500 -0.555570
vt 0.375000 -0.555570
vt 0.437500 -0.555570
vt 0.500000 -0.555570
vt 0.562500 -0.555570
vt 0.625000 -0.555570
vt 0.687500 -0.555570
vt 0.750000 -0.555570
vt 0.812500 -0.555570
vt 0.875000 -0.555570
vt 0.937500 -0.555570
vt 1.000000 -0.555570
vt 1.062500 -0.555570
vt 1.125000 -0.555570
vt 1.187500 -0.555570
vt 1.250000 -0.555570
vt 1.312500 -0.555570
vt 1.375000 -0.555570
vt 1.437500 -0.555570
vt 1.500000 -0.555570
vt 1.562500 -0.555570
vt 1.625000 -0.555570
vt 1.687500 -0.555570
vt 1.750000 -0.555570
vt 1.812500 -0.555570
vt 1.875000 -0.555570
vt 1.937500 -0.555570
vt 2.000000 -0.555570
vt 2.062500 -0.555570
vt 2.125000 -0.555570
vt 2.187500 -0.555570
vt 2.250000 -0.555570
vt 2.312500 -0.555570
vt 2.375000 -0.555570
vt 2.437500 -0.555570
vt 2.500000 -0.555570
vt 2.562500 -0.555570
vt 2.625000 -0.555570
vt 2.687500 -0.555570
vt 2.750000 -0.555570
vt 2.812500 -0.555570
vt 2.875000 -0.555570
vt 2.937500 -0.555570
vt 3.000000 -0.555570
vt 0.062500 -0.707107
vt 0.000000 -0.707107
vt 0.125000 -0.707107
vt 0.187500 -0.707107
vt 0.250000 -0.707107
vt 0.312500 -0.707107
vt 0.375000 -0.707107
vt 0.437500 -0.707107
vt 0.500000 -0.707107
vt 0.562500 -0.707107
vt 0.625000 -0.707107
vt 0.687500 -0.707107
vt 0.750000 -0.707107
vt 0.812500 -0.707107
vt 0.875000 -0.707107
vt 0.937500 -0.707107
vt 1.000000 -0.707107
vt 1.062500 -0.707107
vt 1.125000 -0.707107
vt 1.187500 -0.707107
vt 1.250000 -0.707107
vt 1.312500 -0.707107
vt 1.375000 -0.707107
vt 1.437500 -0.707107
vt 1.500000 -0.707107
vt 1.562500 -0.707107
vt 1.625000 -0.707107
vt 1.687500 -0.707107
vt 1.750000 -0.707107
vt 1.812500 -0.707107
vt 1.875000 -0.707107
vt 1.937500 -0.707107
vt 2.000000 -0.707107
vt 2.062500 -0.707107
vt 2.125000 -0.707107
vt 2.187500 -0.707107
vt 2.250000 -0.707107
vt 2.312500 -0.707107
vt 2.375000 -0.707107
vt 2.437500 -0.707107
vt 2.500000 -0.707107
vt 2.562500 -0.707107
vt 2.625000 -0.707107
vt 2.687500 -0.707107
vt 2.750000 -0.707107
vt 2.812500 -0.707107
vt 2.875000 -0.707107
vt 2.937500 -0.707107
vt 3.000000 -0.707107
vt 0.062500 -0.831470
vt 0.000000 -0.831470
vt 0.125000 -0.831470
vt 0.187500 -0.831470
vt 0.250000 -0.831470
vt 0.312500 -0.831470
vt 0.375000 -0.831470
vt 0.437500 -0.831470
vt 0.500000 -0.831470
vt 0.562500 -0.831470
vt 0.625000 -0.831470
vt 0.687500 -0.831470
vt 0.750000 -0.831470
vt 0.812500 -0.831470
vt 0.875000 -0.831470
vt 0.937500 -0.831470
vt 1.000000 -0.831470
vt 1.062500 -0.831470
vt 1.125000 -0.831470
vt 1.187500 -0.831470
vt 1.250000 -0.831470
vt 1.312500 -0.831470
vt 1.375000 -0.831470
vt 1.437500 -0.831470
vt 1.500000 -0.831470
vt 1.562500 -0.831470
vt 1.625000 -0.831470
vt 1.687500 -0.831470
vt 1.750000 -0.831470
vt 1.812500 -0.831470
vt 1.875000 -0.831470
vt 1.937500 -0.831470
vt 2.000000 -0.831470
vt 2.062500 -0.831470
vt 2.125000 -0.831470
vt 2.187500 -0.831470
vt 2.250000 -0.831470
vt 2.312500 -0.831470
vt 2.375000 -0.831470
vt 2.437500 -0.831470
vt 2.500000 -0.831470
vt 2.562500 -0.831470
vt 2.625000 -0.831470
vt 2.687500 -0.831470
vt 2.750000 -0.831470
vt 2.812500 -0.831470
vt 2.875000 -0.831470
vt 2.937500 -0.831470
vt 3.000000 -0.831470
vt 0.062500 -0.923880
vt 0.000000 -0.923880
vt 0.125000 -0.923880
vt 0.187500 -0.923880
vt 0.250000 -0.923880
vt 0.312500 -0.923880
vt 0.375000 -0.923880
vt 0.437500 -0.923880
vt 0.500000 -0.923880
vt 0.562500 -0.923880
vt 0.625000 -0.923880
vt 0.687500 -0.923880
vt 0.750000 -0.923880
vt 0.812500 -0.923880
vt 0.875000 -0.923880
vt 0.937500 -0.923880
vt 1.000000 -0.923880
vt 1.062500 -0.923880
vt 1.125000 -0.923880
vt 1.187500 -0.923880
vt 1.250000 -0.923880
vt 1.312500 -0.923880
vt 1.375000 -0.923880
vt 1.437500 -0.923880
vt 1.500000 -0.923880
vt 1.562500 -0.923880
vt 1.625000 -0.923880
vt 1.687500 -0.923880
vt 1.750000 -0.923880
vt 1.812500 -0.923880
vt 1.875000 -0.923880
vt 1.937500 -0.923880
vt 2.000000 -0.923880
vt 2.062500 -0.923880
vt 2.125000 -0.923880
vt 2.187500 -0.923880
vt 2.250000 -0.923880
vt 2.312500 -0.923880
vt 2.375000 -0.923880
vt 2.437500 -0.923880
vt 2.500000 -0.923880
vt 2.562500 -0.923880
vt 2.625000 -0.923880
vt 2.687500 -0.923880
vt 2.750000 -0.923880
vt 2.812500 -0.923880
vt 2.875000 -0.923880
vt 2.937500 -0.923880
vt 3.000000 -0.923880
vt 0.062500 -0.980785
vt 0.000000 -0.980785
vt 0.125000 -0.980785
vt 0.187500 -0.980785
vt 0.250000 -0.980785
vt 0.312500 -0.980785
vt 0.375000 -0.980785
vt 0.437500 -0.980785
vt 0.500000 -0.980785
vt 0.562500 -0.980785
vt 0.625000 -0.980785
vt 0.687500 -0.980785
vt 0.750000 -0.980785
vt 0.812500 -0.980785
vt 0.875000 -0.980785
vt 0.937500 -0.980785
vt 1.000000 -0.980785
vt 1.062500 -0.980785
vt 1.125000 -0.980785
vt 1.187500 -0.980785
vt 1.250000 -0.980785
vt 1.312500 -0.980785
vt 1.375000 -0.980785
vt 1.437500 -0.980785
vt 1.500000 -0.980785
vt 1.562500 -0.980785
vt 1.625000 -0.980785
vt 1.687500 -0.980785
vt 1.750000 -0.980785
vt 1.812500 -0.980785
vt 1.875000 -0.980785
vt 1.937500 -0.980785
vt 2.000000 -0.980785
vt 2.062500 -0.980785
vt 2.125000 -0.980785
vt 2.187500 -0.980785
vt 2.250000 -0.980785
vt 2.312500 -0.980785
vt 2.375000 -0.980785
vt 2.437500 -0.980785
vt 2.500000 -0.980785
vt 2.562500 -0.980785
vt 2.625000 -0.980785
vt 2.687500 -0.980785
vt 2.750000 -0.980785
vt 2.812500 -0.980785
vt 2.875000 -0.980785
vt 2.937500 -0.980785
vt 3.000000 -0.980785
vt 0.062500 -1.000000
vt 0.000000 -1.000000
vt 0.125000 -1.000000
vt 0.187500 -1.000000
vt 0.250000 -1.000000
vt 0.312500 -1.000000
vt 0.375000 -1.000000
vt 0.437500 -1.000000
vt 0.500000 -1.000000
vt 0.562500 -1.000000
vt 0.625000 -1.000000
vt 0.687500 -1.000000
vt 0.750000 -1.000000
vt 0.812500 -1.000000
vt 0.875000 -1.000000
vt 0.937500 -1.000000
vt 1.000000 -1.000000
vt 1.062500 -1.000000
vt 1.125000 -1.000000
vt 1.187500 -1.000000
vt 1.250000 -1.000000
vt 1.312500 -1.000000
vt 1.375000 -1.000000
vt 1.437500 -1.000000
vt 1.500000 -1.000000
vt 1.562500 -1.000000
vt 1.625000 -1.000000
vt 1.687500 -1.000000
vt 1.750000 -1.000000
vt 1.812500 -1.000000
vt 1.875000 -1.000000
vt 1.937500 -1.000000
vt 2.000000 -1.000000
vt 2.062500 -1.000000
vt 2.125000 -1.000000
vt 2.187500 -1.000000
vt 2.250000 -1.000000
vt 2.312500 -1.000000
vt 2.375000 -1.000000
vt 2.437500 -1.000000
vt 2.500000 -1.000000
vt 2.562500 -1.000000
vt 2.625000 -1.000000
vt 2.687500 -1.000000
vt 2.750000 -1.000000
vt 2.812500 -1.000000
vt 2.875000 -1.000000
vt 2.937500 -1.000000
vt 3.000000 -1.000000
vt 3.000000 1.000000
s 1
f 1577/848/580 1610/849/613 1578/850/581
f 1609/851/612 1642/852/645 1610/849/613
f 1641/853/644 1674/854/677 1642/852/645
f 1673/855/676 1706/856/709 1674/854/677
f 1705/857/708 1738/858/741 1706/856/709
f 1737/859/740 1770/860/773 1738/858/741
f 1769/861/772 1802/862/805 1770/860/773
f 1801/863/804 1834/864/837 1802/862/805
f 1833/865/836 1866/866/869 1834/864/837
f 1865/867/868 1898/868/899 1866/866/869
f 1897/869/898 1930/870/929 1898/868/899
f 1929/871/928 1962/872/959 1930/870/929
f 1961/873/958 1994/874/989 1962/872/959
f 1993/875/988 2026/876/1019 1994/874/989
f 2025/877/1018 2058/878/1049 2026/876/1019
f 2057/879/1048 2090/880/1079 2058/878/1049
f 2089/881/1078 2122/882/613 2090/880/1079
f 2121/883/612 2154/884/645 2122/882/613
f 2153/885/644 2186/886/677 2154/884/645
f 2185/887/676 2218/888/709 2186/886/677
f 2217/889/708 2250/890/741 2218/888/709
f 2249/891/740 2282/892/773 2250/890/741
f 2281/893/772 2314/894/805 2282/892/773
f 2313/895/804 2346/896/837 2314/894/805
f 2345/897/836 2378/898/869 2346/896/837
f 2377/899/868 2410/900/899 2378/898/869
f 2409/901/898 2442/902/929 2410/900/899
f 2441/903/928 2474/904/959 2442/902/929
f 2473/905/958 2506/906/989 2474/904/959
f 2505/907/988 2538/908/1019 2506/906/989
f 2537/909/1018 2570/910/1049 2538/908/1019
f 2569/911/1048 2602/912/1079 2570/910/1049
f 2601/913/1078 2634/914/613 2602/912/1079
f 2633/915/612 2666/916/645 2634/914/613
f 2665/917/644 2698/918/677 2666/916/645
f 2697/919/1114 2730/920/709 2698/918/677
f 2729/921/708 2762/922/741 2730/920/709
f 2761/923/740 2794/924/773 2762/922/741
f 2793/925/772 2826/926/805 2794/924/773
f 2825/927/804 2858/928/837 2826/926/805
f 2857/929/836 2890/930/869 2858/928/837
f 2889/931/868 2922/932/899 2890/930/869
f 2921/933/898 2954/934/929 2922/932/899
f 2953/935/928 2986/936/959 2954/934/929
f 2985/937/958 3018/938/989 2986/936/959
f 3017/939/988 3050/940/1019 3018/938/989
f 3049/941/1018 3082/942/1049 3050/940/1019
f 3081/943/1048 3114/944/1122 3082/942/1049
f 1578/850/581 1611/945/614 1579/946/582
f 1610/849/613 1643/947/646 1611/945/614
f 1642/852/645 1675/948/678 1643/947/646
f 1674/854/677 1707/949/710 1675/948/678
f 1706/856/709 1739/950/742 1707/949/710
f 1738/858/741 1771/951/774 1739/950/742
f 1770/860/773 1803/952/806 1771/951/774
f 1802/862/805 1835/953/838 1803/952/806
f 1834/864/837 1867/954/870 1835/953/838
f 1866/866/869 1899/955/900 1867/954/870
f 1898/868/899 1931/956/930 1899/955/900
f 1930/870/929 1963/957/960 1931/956/930
f 1962/872/959 1995/958/990 1963/957/960
f 1994/874/989 2027/959/1020 1995/958/990
f 2026/876/1019 2059/960/1050 2027/959/1020
f 2058/878/1049 2091/961/1080 2059/960/1050
f 2090/880/1079 2123/962/614 2091/961/1080
f 2122/882/613 2155/963/646 2123/962/614
f 2154/884/645 2187/964/678 2155/963/646
f 2186/886/677 2219/965/710 2187/964/678
f 2218/888/709 2251/966/742 2219/965/710
f 2250/890/741 2283/967/774 2251/966/742
f 2282/892/773 2315/968/806 2283/967/774
f 2314/894/805 2347/969/838 2315/968/806
f 2346/896/837 2379/970/870 2347/969/838
f 2378/898/869 2411/971/900 2379/970/870
f 2410/900/899 2443/972/930 2411/971/900
f 2442/902/929 2475/973/960 2443/972/930
f 2474/904/959 2507/974/990 2475/973/960
f 2506/906/989 2539/975/1020 2507/974/990
f 2538/908/1019 2571/976/1050 2539/975/1020
f 2570/910/1049 2603/977/1080 2571/976/1050
f 2602/912/1079 2635/978/614 2603/977/1080
f 2634/914/613 2667/979/646 2635/978/614
f 2666/916/645 2699/980/678 2667/979/646
f 2698/918/677 2731/981/710 2699/980/678
f 2730/920/709 2763/982/742 2731/981/710
f 2762/922/741 2795/983/774 2763/982/742
f 2794/924/773 2827/984/806 2795/983/774
f 2826/926/805 2859/985/838 2827/984/806
f 2858/928/837 2891/986/870 2859/985/838
f 2890/930/869 2923/987/900 2891/986/870
f 2922/932/899 2955/988/930 2923/987/900
f 2954/934/929 2987/989/960 2955/988/930
f 2986/936/959 3019/990/990 2987/989/960
f 3018/938/989 3051/991/1020 3019/990/990
f 3050/940/1019 3083/992/1050 3051/991/1020
f 3082/942/1049 3115/993/1123 3083/992/1050
f 1579/946/582 1612/994/615 1580/995/583
f 1611/945/614 1644/996/647 1612/994/615
f 1643/947/646 1676/997/679 1644/996/647
f 1675/948/678 1708/998/711 1676/997/679
f 1707/949/710 1740/999/743 1708/998/711
f 1739/950/742 1772/1000/775 1740/999/743
f 1771/951/774 1804/1001/807 1772/1000/775
f 1803/952/806 1836/1002/839 1804/1001/807
f 1835/953/838 1868/1003/871 1836/1002/839
f 1867/954/870 1900/1004/901 1868/1003/871
f 1899/955/900 1932/1005/931 1900/1004/901
f 1931/956/930 1964/1006/961 1932/1005/931
f 1963/957/960 1996/1007/991 1964/1006/961
f 1995/958/990 2028/1008/1021 1996/1007/991
f 2027/959/1020 2060/1009/1051 2028/1008/1021
f 2059/960/1050 2092/1010/1081 2060/1009/1051
f 2091/961/1080 2124/1011/615 2092/1010/1081
f 2123/962/614 2156/1012/647 2124/1011/615
f 2155/963/646 2188/1013/679 2156/1012/647
f 2187/964/678 2220/1014/711 2188/1013/679
f 2219/965/710 2252/1015/743 2220/1014/711
f 2251/966/742 2284/1016/775 2252/1015/743
f 2283/967/774 2316/1017/807 2284/1016/775
f 2315/968/806 2348/1018/839 2316/1017/807
f 2347/969/838 2380/1019/871 2348/1018/839
f 2379/970/870 2412/1020/901 2380/1019/871
f 2411/971/900 2444/1021/931 2412/1020/901
f 2443/972/930 2476/1022/961 2444/1021/931
f 2475/973/960 2508/1023/991 2476/1022/961
f 2507/974/990 2540/1024/1021 2508/1023/991
f 2539/975/1020 2572/1025/1051 2540/1024/1021
f 2571/976/1050 2604/1026/1081 2572/1025/1051
f 2603/977/1080 2636/1027/615 2604/1026/1081
f 2635/978/614 2668/1028/647 2636/1027/615
f 2667/979/646 2700/1029/679 2668/1028/647
f 2699/980/678 2732/1030/711 2700/1029/679
f 2731/981/710 2764/1031/743 2732/1030/711
f 2763/982/742 2796/1032/775 2764/1031/743
f 2795/983/774 2828/1033/807 2796/1032/775
f 2827/984/806 2860/1034/839 2828/1033/807
f 2859/985/838 2892/1035/871 2860/1034/839
f 2891/986/870 2924/1036/901 2892/1035/871
f 2923/987/900 2956/1037/1117 2924/1036/901
f 2955/988/930 2988/1038/961 2956/1037/1117
f 2987/989/960 3020/1039/991 2988/1038/961
f 3019/990/990 3052/1040/1021 3020/1039/991
f 3051/991/1020 3084/1041/1051 3052/1040/1021
f 3083/992/1050 3116/1042/1124 3084/1041/1051
f 1580/995/583 1613/1043/616 1581/1044/584
f 1612/994/615 1645/1045/648 1613/1043/616
f 1644/996/647 1677/1046/680 1645/1045/648
f 1676/997/679 1709/1047/712 1677/1046/680
f 1708/998/711 1741/1048/744 1709/1047/712
f 1740/999/743 1773/1049/776 1741/1048/744
f 1772/1000/775 1805/1050/808 1773/1049/776
f 1804/1001/807 1837/1051/840 1805/1050/808
f 1836/1002/839 1869/1052/872 1837/1051/840
f 1868/1003/871 1901/1053/902 1869/1052/872
f 1900/1004/901 1933/1054/932 1901/1053/902
f 1932/1005/931 1965/1055/962 1933/1054/932
f 1964/1006/961 1997/1056/992 1965/1055/962
f 1996/1007/991 2029/1057/1022 1997/1056/992
f 2028/1008/1021 2061/1058/1052 2029/1057/1022
f 2060/1009/1051 2093/1059/1082 2061/1058/1052
f 2092/1010/1081 2125/1060/616 2093/1059/1082
f 2124/1011/615 2157/1061/648 2125/1060/616
f 2156/1012/647 2189/1062/680 2157/1061/648
f 2188/1013/679 2221/1063/712 2189/1062/680
f 2220/1014/711 2253/1064/744 2221/1063/712
f 2252/1015/743 2285/1065/776 2253/1064/744
f 2284/1016/775 2317/1066/808 2285/1065/776
f 2316/1017/807 2349/1067/840 2317/1066/808
f 2348/1018/839 2381/1068/872 2349/1067/840
f 2380/1019/871 2413/1069/902 2381/1068/872
f 2412/1020/901 2445/1070/932 2413/1069/902
f 2444/1021/931 2477/1071/962 2445/1070/932
f 2476/1022/961 2509/1072/1111 2477/1071/962
f 2508/1023/991 2541/1073/1022 2509/1072/1111
f 2540/1024/1021 2573/1074/1052 2541/1073/1022
f 2572/1025/1051 2605/1075/1082 2573/1074/1052
f 2604/1026/1081 2637/1076/616 2605/1075/1082
f 2636/1027/615 2669/1077/648 2637/1076/616
f 2668/1028/647 2701/1078/680 2669/1077/648
f 2700/1029/679 2733/1079/712 2701/1078/680
f 2732/1030/711 2765/1080/744 2733/1079/712
f 2764/1031/743 2797/1081/776 2765/1080/744
f 2796/1032/775 2829/1082/808 2797/1081/776
f 2828/1033/807 2861/1083/840 2829/1082/808
f 2860/1034/839 2893/1084/872 2861/1083/840
f 2892/1035/871 2925/1085/902 2893/1084/872
f 2924/1036/901 2957/1086/932 2925/1085/902
f 2956/1037/1117 2989/1087/962 2957/1086/932
f 2988/1038/961 3021/1088/1111 2989/1087/962
f 3020/1039/991 3053/1089/1022 3021/1088/1111
f 3052/1040/1021 3085/1090/1052 3053/1089/1022
f 3084/1041/1051 3117/1091/1125 3085/1090/1052
f 1581/1044/584 1614/1092/617 1582/1093/585
f 1613/1043/616 1646/1094/649 1614/1092/617
f 1645/1045/648 1678/1095/681 1646/1094/649
f 1677/1046/680 1710/1096/713 1678/1095/681
f 1709/1047/712 1742/1097/745 1710/1096/713
f 1741/1048/744 1774/1098/777 1742/1097/745
f 1773/1049/776 1806/1099/809 1774/1098/777
f 1805/1050/808 1838/1100/841 1806/1099/809
f 1837/1051/840 1870/1101/873 1838/1100/841
f 1869/1052/872 1902/1102/903 1870/1101/873
f 1901/1053/902 1934/1103/933 1902/1102/903
f 1933/1054/932 1966/1104/963 1934/1103/933
f 1965/1055/962 1998/1105/993 1966/1104/963
f 1997/1056/992 2030/1106/1023 1998/1105/993
f 2029/1057/1022 2062/1107/1053 2030/1106/1023
f 2061/1058/1052 2094/1108/1083 2062/1107/1053
f 2093/1059/1082 2126/1109/617 2094/1108/1083
f 2125/1060/616 2158/1110/649 2126/1109/617
f 2157/1061/648 2190/1111/681 2158/1110/649
f 2189/1062/680 2222/1112/713 2190/1111/681
f 2221/1063/712 2254/1113/745 2222/1112/713
f 2253/1064/744 2286/1114/777 2254/1113/745
f 2285/1065/776 2318/1115/809 2286/1114/777
f 2317/1066/808 2350/1116/841 2318/1115/809
f 2349/1067/840 2382/1117/873 2350/1116/841
f 2381/1068/872 2414/1118/903 2382/1117/873
f 2413/1069/902 2446/1119/933 2414/1118/903
f 2445/1070/932 2478/1120/963 2446/1119/933
f 2477/1071/962 2510/1121/993 2478/1120/963
f 2509/1072/1111 2542/1122/1023 2510/1121/993
f 2541/1073/1022 2574/1123/1053 2542/1122/1023
f 2573/1074/1052 2606/1124/1083 2574/1123/1053
f 2605/1075/1082 2638/1125/617 2606/1124/1083
f 2637/1076/616 2670/1126/649 2638/1125/617
f 2669/1077/648 2702/1127/681 2670/1126/649
f 2701/1078/680 2734/1128/713 2702/1127/681
f 2733/1079/712 2766/1129/745 2734/1128/713
f 2765/1080/744 2798/1130/777 2766/1129/745
f 2797/1081/776 2830/1131/809 2798/1130/777
f 2829/1082/808 2862/1132/841 2830/1131/809
f 2861/1083/840 2894/1133/873 2862/1132/841
f 2893/1084/872 2926/1134/903 2894/1133/873
f 2925/1085/902 2958/1135/933 2926/1134/903
f 2957/1086/932 2990/1136/963 2958/1135/933
f 2989/1087/962 3022/1137/993 2990/1136/963
f 3021/1088/1111 3054/1138/1023 3022/1137/993
f 3053/1089/1022 3086/1139/1053 3054/1138/1023
f 3085/1090/1052 3118/1140/1126 3086/1139/1053
f 1582/1093/585 1615/1141/618 1583/1142/586
f 1614/1092/617 1647/1143/650 1615/1141/618
f 1646/1094/649 1679/1144/682 1647/1143/650
f 1678/1095/681 1711/1145/714 1679/1144/682
f 1710/1096/713 1743/1146/746 1711/1145/714
f 1742/1097/745 1775/1147/778 1743/1146/746
f 1774/1098/777 1807/1148/810 1775/1147/778
f 1806/1099/809 1839/1149/842 1807/1148/810
f 1838/1100/841 1871/1150/874 1839/1149/842
f 1870/1101/873 1903/1151/904 1871/1150/874
f 1902/1102/903 1935/1152/934 1903/1151/904
f 1934/1103/933 1967/1153/964 1935/1152/934
f 1966/1104/963 1999/1154/994 1967/1153/964
f 1998/1105/993 2031/1155/1024 1999/1154/994
f 2030/1106/1023 2063/1156/1054 2031/1155/1024
f 2062/1107/1053 2095/1157/1084 2063/1156/1054
f 2094/1108/1083 2127/1158/618 2095/1157/1084
f 2126/1109/617 2159/1159/650 2127/1158/618
f 2158/1110/649 2191/1160/682 2159/1159/650
f 2190/1111/681 2223/1161/714 2191/1160/682
f 2222/1112/713 2255/1162/746 2223/1161/714
f 2254/1113/745 2287/1163/778 2255/1162/746
f 2286/1114/777 2319/1164/810 2287/1163/778
f 2318/1115/809 2351/1165/842 2319/1164/810
f 2350/1116/841 2383/1166/874 2351/1165/842
f 2382/1117/873 2415/1167/904 2383/1166/874
f 2414/1118/903 2447/1168/934 2415/1167/904
f 2446/1119/933 2479/1169/964 2447/1168/934
f 2478/1120/963 2511/1170/994 2479/1169/964
f 2510/1121/993 2543/1171/1024 2511/1170/994
f 2542/1122/1023 2575/1172/1054 2543/1171/1024
f 2574/1123/1053 2607/1173/1084 2575/1172/1054
f 2606/1124/1083 2639/1174/618 2607/1173/1084
f 2638/1125/617 2671/1175/650 2639/1174/618
f 2670/1126/649 2703/1176/682 2671/1175/650
f 2702/1127/681 2735/1177/714 2703/1176/682
f 2734/1128/713 2767/1178/746 2735/1177/714
f 2766/1129/745 2799/1179/778 2767/1178/746
f 2798/1130/777 2831/1180/810 2799/1179/778
f 2830/1131/809 2863/1181/842 2831/1180/810
f 2862/1132/841 2895/1182/874 2863/1181/842
f 2894/1133/873 2927/1183/904 2895/1182/874
f 2926/1134/903 2959/1184/934 2927/1183/904
f 2958/1135/933 2991/1185/964 2959/1184/934
f 2990/1136/963 3023/1186/994 2991/1185/964
f 3022/1137/993 3055/1187/1024 3023/1186/994
f 3054/1138/1023 3087/1188/1054 3055/1187/1024
f 3086/1139/1053 3119/1189/1127 3087/1188/1054
f 1583/1142/586 1616/1190/619 1584/1191/587
f 1615/1141/618 1648/1192/651 1616/1190/619
f 1647/1143/650 1680/1193/683 1648/1192/651
f 1679/1144/682 1712/1194/715 1680/1193/683
f 1711/1145/714 1744/1195/747 1712/1194/715
f 1743/1146/746 1776/1196/779 1744/1195/747
f 1775/1147/778 1808/1197/811 1776/1196/779
f 1807/1148/810 1840/1198/843 1808/1197/811
f 1839/1149/842 1872/1199/875 1840/1198/843
f 1871/1150/874 1904/1200/905 1872/1199/875
f 1903/1151/904 1936/1201/935 1904/1200/905
f 1935/1152/934 1968/1202/965 1936/1201/935
f 1967/1153/964 2000/1203/995 1968/1202/965
f 1999/1154/994 2032/1204/1025 2000/1203/995
f 2031/1155/1024 2064/1205/1055 2032/1204/1025
f 2063/1156/1054 2096/1206/1085 2064/1205/1055
f 2095/1157/1084 2128/1207/619 2096/1206/1085
f 2127/1158/618 2160/1208/651 2128/1207/619
f 2159/1159/650 2192/1209/683 2160/1208/651
f 2191/1160/682 2224/1210/715 2192/1209/683
f 2223/1161/714 2256/1211/747 2224/1210/715
f 2255/1162/746 2288/1212/779 2256/1211/747
f 2287/1163/778 2320/1213/811 2288/1212/779
f 2319/1164/810 2352/1214/843 2320/1213/811
f 2351/1165/842 2384/1215/875 2352/1214/843
f 2383/1166/874 2416/1216/905 2384/1215/875
f 2415/1167/904 2448/1217/935 2416/1216/905
f 2447/1168/934 2480/1218/965 2448/1217/935
f 2479/1169/964 2512/1219/995 2480/1218/965
f 2511/1170/994 2544/1220/1025 2512/1219/995
f 2543/1171/1024 2576/1221/1055 2544/1220/1025
f 2575/1172/1054 2608/1222/1085 2576/1221/1055
f 2607/1173/1084 2640/1223/619 2608/1222/1085
f 2639/1174/618 2672/1224/651 2640/1223/619
f 2671/1175/650 2704/1225/683 2672/1224/651
f 2703/1176/682 2736/1226/715 2704/1225/683
f 2735/1177/714 2768/1227/747 2736/1226/715
f 2767/1178/746 2800/1228/779 2768/1227/747
f 2799/1179/778 2832/1229/811 2800/1228/779
f 2831/1180/810 2864/1230/843 2832/1229/811
f 2863/1181/842 2896/1231/875 2864/1230/843
f 2895/1182/874 2928/1232/905 2896/1231/875
f 2927/1183/904 2960/1233/935 2928/1232/905
f 2959/1184/934 2992/1234/965 2960/1233/935
f 2991/1185/964 3024/1235/995 2992/1234/965
f 3023/1186/994 3056/1236/1025 3024/1235/995
f 3055/1187/1024 3088/1237/1055 3056/1236/1025
f 3087/1188/1054 3120/1238/1128 3088/1237/1055
f 1584/1191/587 1617/1239/620 1585/1240/588
f 1616/1190/619 1649/1241/652 1617/1239/620
f 1648/1192/651 1681/1242/684 1649/1241/652
f 1680/1193/683 1713/1243/716 1681/1242/684
f 1712/1194/715 1745/1244/748 1713/1243/716
f 1744/1195/747 1777/1245/780 1745/1244/748
f 1776/1196/779 1809/1246/812 1777/1245/780
f 1808/1197/811 1841/1247/844 1809/1246/812
f 1840/1198/843 1873/1248/636 1841/1247/844
f 1872/1199/875 1905/1249/668 1873/1248/636
f 1904/1200/905 1937/1250/700 1905/1249/668
f 1936/1201/935 1969/1251/732 1937/1250/700
f 1968/1202/965 2001/1252/764 1969/1251/732
f 2000/1203/995 2033/1253/796 2001/1252/764
f 2032/1204/1025 2065/1254/828 2033/1253/796
f 2064/1205/1055 2097/1255/860 2065/1254/828
f 2096/1206/1085 2129/1256/620 2097/1255/860
f 2128/1207/619 2161/1257/652 2129/1256/620
f 2160/1208/651 2193/1258/684 2161/1257/652
f 2192/1209/683 2225/1259/716 2193/1258/684
f 2224/1210/715 2257/1260/748 2225/1259/716
f 2256/1211/747 2289/1261/780 2257/1260/748
f 2288/1212/779 2321/1262/812 2289/1261/780
f 2320/1213/811 2353/1263/844 2321/1262/812
f 2352/1214/843 2385/1264/636 2353/1263/844
f 2384/1215/875 2417/1265/668 2385/1264/636
f 2416/1216/905 2449/1266/700 2417/1265/668
f 2448/1217/935 2481/1267/732 2449/1266/700
f 2480/1218/965 2513/1268/764 2481/1267/732
f 2512/1219/995 2545/1269/796 2513/1268/764
f 2544/1220/1025 2577/1270/828 2545/1269/796
f 2576/1221/1055 2609/1271/860 2577/1270/828
f 2608/1222/1085 2641/1272/620 2609/1271/860
f 2640/1223/619 2673/1273/652 2641/1272/620
f 2672/1224/651 2705/1274/684 2673/1273/652
f 2704/1225/683 2737/1275/716 2705/1274/684
f 2736/1226/715 2769/1276/748 2737/1275/716
f 2768/1227/747 2801/1277/780 2769/1276/748
f 2800/1228/779 2833/1278/812 2801/1277/780
f 2832/1229/811 2865/1279/844 2833/1278/812
f 2864/1230/843 2897/1280/636 2865/1279/844
f 2896/1231/875 2929/1281/668 2897/1280/636
f 2928/1232/905 2961/1282/700 2929/1281/668
f 2960/1233/935 2993/1283/732 2961/1282/700
f 2992/1234/965 3025/1284/764 2993/1283/732
f 3024/1235/995 3057/1285/796 3025/1284/764
f 3056/1236/1025 3089/1286/828 3057/1285/796
f 3088/1237/1055 3121/1287/1129 3089/1286/828
f 1585/1240/588 1618/1288/621 1586/1289/589
f 1617/1239/620 1650/1290/653 1618/1288/621
f 1649/1241/652 1682/1291/685 1650/1290/653
f 1681/1242/684 1714/1292/717 1682/1291/685
f 1713/1243/716 1746/1293/749 1714/1292/717
f 1745/1244/748 1778/1294/781 1746/1293/749
f 1777/1245/780 1810/1295/813 1778/1294/781
f 1809/1246/812 1842/1296/845 1810/1295/813
f 1841/1247/844 1874/1297/876 1842/1296/845
f 1873/1248/636 1906/1298/906 1874/1297/876
f 1905/1249/668 1938/1299/936 1906/1298/906
f 1937/1250/700 1970/1300/966 1938/1299/936
f 1969/1251/732 2002/1301/996 1970/1300/966
f 2001/1252/764 2034/1302/1026 2002/1301/996
f 2033/1253/796 2066/1303/1056 2034/1302/1026
f 2065/1254/828 2098/1304/1086 2066/1303/1056
f 2097/1255/860 2130/1305/621 2098/1304/1086
f 2129/1256/620 2162/1306/653 2130/1305/621
f 2161/1257/652 2194/1307/685 2162/1306/653
f 2193/1258/684 2226/1308/717 2194/1307/685
f 2225/1259/716 2258/1309/749 2226/1308/717
f 2257/1260/748 2290/1310/781 2258/1309/749
f 2289/1261/780 2322/1311/813 2290/1310/781
f 2321/1262/812 2354/1312/845 2322/1311/813
f 2353/1263/844 2386/1313/876 2354/1312/845
f 2385/1264/636 2418/1314/906 2386/1313/876
f 2417/1265/668 2450/1315/936 2418/1314/906
f 2449/1266/700 2482/1316/966 2450/1315/936
f 2481/1267/732 2514/1317/996 2482/1316/966
f 2513/1268/764 2546/1318/1026 2514/1317/996
f 2545/1269/796 2578/1319/1056 2546/1318/1026
f 2577/1270/828 2610/1320/1086 2578/1319/1056
f 2609/1271/860 2642/1321/621 2610/1320/1086
f 2641/1272/620 2674/1322/653 2642/1321/621
f 2673/1273/652 2706/1323/685 2674/1322/653
f 2705/1274/684 2738/1324/717 2706/1323/685
f 2737/1275/716 2770/1325/749 2738/1324/717
f 2769/1276/748 2802/1326/781 2770/1325/749
f 2801/1277/780 2834/1327/813 2802/1326/781
f 2833/1278/812 2866/1328/845 2834/1327/813
f 2865/1279/844 2898/1329/876 2866/1328/845
f 2897/1280/636 2930/1330/906 2898/1329/876
f 2929/1281/668 2962/1331/936 2930/1330/906
f 2961/1282/700 2994/1332/966 2962/1331/936
f 2993/1283/732 3026/1333/996 2994/1332/966
f 3025/1284/764 3058/1334/1026 3026/1333/996
f 3057/1285/796 3090/1335/1056 3058/1334/1026
f 3089/1286/828 3122/1336/1130 3090/1335/1056
f 1586/1289/589 1619/1337/622 1587/1338/590
f 1618/1288/621 1651/1339/654 1619/1337/622
f 1650/1290/653 1683/1340/686 1651/1339/654
f 1682/1291/685 1715/1341/718 1683/1340/686
f 1714/1292/717 1747/1342/750 1715/1341/718
f 1746/1293/749 1779/1343/782 1747/1342/750
f 1778/1294/781 1811/1344/814 1779/1343/782
f 1810/1295/813 1843/1345/846 1811/1344/814
f 1842/1296/845 1875/1346/877 1843/1345/846
f 1874/1297/876 1907/1347/907 1875/1346/877
f 1906/1298/906 1939/1348/937 1907/1347/907
f 1938/1299/936 1971/1349/967 1939/1348/937
f 1970/1300/966 2003/1350/997 1971/1349/967
f 2002/1301/996 2035/1351/1027 2003/1350/997
f 2034/1302/1026 2067/1352/1057 2035/1351/1027
f 2066/1303/1056 2099/1353/1087 2067/1352/1057
f 2098/1304/1086 2131/1354/622 2099/1353/1087
f 2130/1305/621 2163/1355/654 2131/1354/622
f 2162/1306/653 2195/1356/686 2163/1355/654
f 2194/1307/685 2227/1357/718 2195/1356/686
f 2226/1308/717 2259/1358/750 2227/1357/718
f 2258/1309/749 2291/1359/782 2259/1358/750
f 2290/1310/781 2323/1360/814 2291/1359/782
f 2322/1311/813 2355/1361/846 2323/1360/814
f 2354/1312/845 2387/1362/877 2355/1361/846
f 2386/1313/876 2419/1363/907 2387/1362/877
f 2418/1314/906 2451/1364/937 2419/1363/907
f 2450/1315/936 2483/1365/967 2451/1364/937
f 2482/1316/966 2515/1366/997 2483/1365/967
f 2514/1317/996 2547/1367/1027 2515/1366/997
f 2546/1318/1026 2579/1368/1057 2547/1367/1027
f 2578/1319/1056 2611/1369/1087 2579/1368/1057
f 2610/1320/1086 2643/1370/622 2611/1369/1087
f 2642/1321/621 2675/1371/654 2643/1370/622
f 2674/1322/653 2707/1372/686 2675/1371/654
f 2706/1323/685 2739/1373/718 2707/1372/686
f 2738/1324/717 2771/1374/750 2739/1373/718
f 2770/1325/749 2803/1375/782 2771/1374/750
f 2802/1326/781 2835/1376/814 2803/1375/782
f 2834/1327/813 2867/1377/846 2835/1376/814
f 2866/1328/845 2899/1378/877 2867/1377/846
f 2898/1329/876 2931/1379/907 2899/1378/877
f 2930/1330/906 2963/1380/937 2931/1379/907
f 2962/1331/936 2995/1381/967 2963/1380/937
f 2994/1332/966 3027/1382/997 2995/1381/967
f 3026/1333/996 3059/1383/1027 3027/1382/997
f 3058/1334/1026 3091/1384/1057 3059/1383/1027
f 3090/1335/1056 3123/1385/1131 3091/1384/1057
f 1587/1338/590 1620/1386/623 1588/1387/591
f 1619/1337/622 1652/1388/655 1620/1386/623
f 1651/1339/654 1684/1389/687 1652/1388/655
f 1683/1340/686 1716/1390/719 1684/1389/687
f 1715/1341/718 1748/1391/751 1716/1390/719
f 1747/1342/750 1780/1392/783 1748/1391/751
f 1779/1343/782 1812/1393/815 1780/1392/783
f 1811/1344/814 1844/1394/847 1812/1393/815
f 1843/1345/846 1876/1395/878 1844/1394/847
f 1875/1346/877 1908/1396/908 1876/1395/878
f 1907/1347/907 1940/1397/938 1908/1396/908
f 1939/1348/937 1972/1398/968 1940/1397/938
f 1971/1349/967 2004/1399/998 1972/1398/968
f 2003/1350/997 2036/1400/1028 2004/1399/998
f 2035/1351/1027 2068/1401/1058 2036/1400/1028
f 2067/1352/1057 2100/1402/1088 2068/1401/1058
f 2099/1353/1087 2132/1403/623 2100/1402/1088
f 2131/1354/622 2164/1404/655 2132/1403/623
f 2163/1355/654 2196/1405/687 2164/1404/655
f 2195/1356/686 2228/1406/719 2196/1405/687
f 2227/1357/718 2260/1407/751 2228/1406/719
f 2259/1358/750 2292/1408/783 2260/1407/751
f 2291/1359/782 2324/1409/815 2292/1408/783
f 2323/1360/814 2356/1410/847 2324/1409/815
f 2355/1361/846 2388/1411/878 2356/1410/847
f 2387/1362/877 2420/1412/908 2388/1411/878
f 2419/1363/907 2452/1413/938 2420/1412/908
f 2451/1364/937 2484/1414/968 2452/1413/938
f 2483/1365/967 2516/1415/998 2484/1414/968
f 2515/1366/997 2548/1416/1028 2516/1415/998
f 2547/1367/1027 2580/1417/1058 2548/1416/1028
f 2579/1368/1057 2612/1418/1088 2580/1417/1058
f 2611/1369/1087 2644/1419/623 2612/1418/1088
f 2643/1370/622 2676/1420/655 2644/1419/623
f 2675/1371/654 2708/1421/687 2676/1420/655
f 2707/1372/686 2740/1422/719 2708/1421/687
f 2739/1373/718 2772/1423/751 2740/1422/719
f 2771/1374/750 2804/1424/783 2772/1423/751
f 2803/1375/782 2836/1425/815 2804/1424/783
f 2835/1376/814 2868/1426/847 2836/1425/815
f 2867/1377/846 2900/1427/878 2868/1426/847
f 2899/1378/877 2932/1428/908 2900/1427/878
f 2931/1379/907 2964/1429/938 2932/1428/908
f 2963/1380/937 2996/1430/968 2964/1429/938
f 2995/1381/967 3028/1431/998 2996/1430/968
f 3027/1382/997 3060/1432/1028 3028/1431/998
f 3059/1383/1027 3092/1433/1058 3060/1432/1028
f 3091/1384/1057 3124/1434/1132 3092/1433/1058
f 1588/1387/591 1621/1435/624 1589/1436/592
f 1620/1386/623 1653/1437/656 1621/1435/624
f 1652/1388/655 1685/1438/688 1653/1437/656
f 1684/1389/687 1717/1439/720 1685/1438/688
f 1716/1390/719 1749/1440/752 1717/1439/720
f 1748/1391/751 1781/1441/784 1749/1440/752
f 1780/1392/783 1813/1442/816 1781/1441/784
f 1812/1393/815 1845/1443/848 1813/1442/816
f 1844/1394/847 1877/1444/879 1845/1443/848
f 1876/1395/878 1909/1445/909 1877/1444/879
f 1908/1396/908 1941/1446/939 1909/1445/909
f 1940/1397/938 1973/1447/969 1941/1446/939
f 1972/1398/968 2005/1448/999 1973/1447/969
f 2004/1399/998 2037/1449/1029 2005/1448/999
f 2036/1400/1028 2069/1450/1059 2037/1449/1029
f 2068/1401/1058 2101/1451/1089 2069/1450/1059
f 2100/1402/1088 2133/1452/624 2101/1451/1089
f 2132/1403/623 2165/1453/656 2133/1452/624
f 2164/1404/655 2197/1454/688 2165/1453/656
f 2196/1405/687 2229/1455/720 2197/1454/688
f 2228/1406/719 2261/1456/752 2229/1455/720
f 2260/1407/751 2293/1457/784 2261/1456/752
f 2292/1408/783 2325/1458/816 2293/1457/784
f 2324/1409/815 2357/1459/848 2325/1458/816
f 2356/1410/847 2389/1460/879 2357/1459/848
f 2388/1411/878 2421/1461/909 2389/1460/879
f 2420/1412/908 2453/1462/939 2421/1461/909
f 2452/1413/938 2485/1463/969 2453/1462/939
f 2484/1414/968 2517/1464/999 2485/1463/969
f 2516/1415/998 2549/1465/1029 2517/1464/999
f 2548/1416/1028 2581/1466/1059 2549/1465/1029
f 2580/1417/1058 2613/1467/1089 2581/1466/1059
f 2612/1418/1088 2645/1468/624 2613/1467/1089
f 2644/1419/623 2677/1469/656 2645/1468/624
f 2676/1420/655 2709/1470/688 2677/1469/656
f 2708/1421/687 2741/1471/720 2709/1470/688
f 2740/1422/719 2773/1472/752 2741/1471/720
f 2772/1423/751 2805/1473/784 2773/1472/752
f 2804/1424/783 2837/1474/816 2805/1473/784
f 2836/1425/815 2869/1475/848 2837/1474/816
f 2868/1426/847 2901/1476/879 2869/1475/848
f 2900/1427/878 2933/1477/909 2901/1476/879
f 2932/1428/908 2965/1478/1118 2933/1477/909
f 2964/1429/938 2997/1479/969 2965/1478/1118
f 2996/1430/968 3029/1480/999 2997/1479/969
f 3028/1431/998 3061/1481/1029 3029/1480/999
f 3060/1432/1028 3093/1482/1059 3061/1481/1029
f 3092/1433/1058 3125/1483/1133 3093/1482/1059
f 1589/1436/592 1622/1484/625 1590/1485/593
f 1621/1435/624 1654/1486/657 1622/1484/625
f 1653/1437/656 1686/1487/689 1654/1486/657
f 1685/1438/688 1718/1488/721 1686/1487/689
f 1717/1439/720 1750/1489/753 1718/1488/721
f 1749/1440/752 1782/1490/785 1750/1489/753
f 1781/1441/784 1814/1491/817 1782/1490/785
f 1813/1442/816 1846/1492/849 1814/1491/817
f 1845/1443/848 1878/1493/880 1846/1492/849
f 1877/1444/879 1910/1494/910 1878/1493/880
f 1909/1445/909 1942/1495/940 1910/1494/910
f 1941/1446/939 1974/1496/970 1942/1495/940
f 1973/1447/969 2006/1497/1000 1974/1496/970
f 2005/1448/999 2038/1498/1030 2006/1497/1000
f 2037/1449/1029 2070/1499/1060 2038/1498/1030
f 2069/1450/1059 2102/1500/1090 2070/1499/1060
f 2101/1451/1089 2134/1501/625 2102/1500/1090
f 2133/1452/624 2166/1502/657 2134/1501/625
f 2165/1453/656 2198/1503/689 2166/1502/657
f 2197/1454/688 2230/1504/721 2198/1503/689
f 2229/1455/720 2262/1505/753 2230/1504/721
f 2261/1456/752 2294/1506/785 2262/1505/753
f 2293/1457/784 2326/1507/817 2294/1506/785
f 2325/1458/816 2358/1508/849 2326/1507/817
f 2357/1459/848 2390/1509/880 2358/1508/849
f 2389/1460/879 2422/1510/910 2390/1509/880
f 2421/1461/909 2454/1511/940 2422/1510/910
f 2453/1462/939 2486/1512/970 2454/1511/940
f 2485/1463/969 2518/1513/1000 2486/1512/970
f 2517/1464/999 2550/1514/1030 2518/1513/1000
f 2549/1465/1029 2582/1515/1060 2550/1514/1030
f 2581/1466/1059 2614/1516/1090 2582/1515/1060
f 2613/1467/1089 2646/1517/625 2614/1516/1090
f 2645/1468/624 2678/1518/657 2646/1517/625
f 2677/1469/656 2710/1519/689 2678/1518/657
f 2709/1470/688 2742/1520/721 2710/1519/689
f 2741/1471/720 2774/1521/753 2742/1520/721
f 2773/1472/752 2806/1522/785 2774/1521/753
f 2805/1473/784 2838/1523/817 2806/1522/785
f 2837/1474/816 2870/1524/849 2838/1523/817
f 2869/1475/848 2902/1525/880 2870/1524/849
f 2901/1476/879 2934/1526/910 2902/1525/880
f 2933/1477/909 2966/1527/940 2934/1526/910
f 2965/1478/1118 2998/1528/970 2966/1527/940
f 2997/1479/969 3030/1529/1000 2998/1528/970
f 3029/1480/999 3062/1530/1030 3030/1529/1000
f 3061/1481/1029 3094/1531/1060 3062/1530/1030
f 3093/1482/1059 3126/1532/1134 3094/1531/1060
f 1590/1485/593 1623/1533/626 1591/1534/594
f 1622/1484/625 1655/1535/658 1623/1533/626
f 1654/1486/657 1687/1536/690 1655/1535/658
f 1686/1487/689 1719/1537/722 1687/1536/690
f 1718/1488/721 1751/1538/754 1719/1537/722
f 1750/1489/753 1783/1539/786 1751/1538/754
f 1782/1490/785 1815/1540/818 1783/1539/786
f 1814/1491/817 1847/1541/850 1815/1540/818
f 1846/1492/849 1879/1542/881 1847/1541/850
f 1878/1493/880 1911/1543/911 1879/1542/881
f 1910/1494/910 1943/1544/941 1911/1543/911
f 1942/1495/940 1975/1545/971 1943/1544/941
f 1974/1496/970 2007/1546/1001 1975/1545/971
f 2006/1497/1000 2039/1547/1031 2007/1546/1001
f 2038/1498/1030 2071/1548/1061 2039/1547/1031
f 2070/1499/1060 2103/1549/1091 2071/1548/1061
f 2102/1500/1090 2135/1550/626 2103/1549/1091
f 2134/1501/625 2167/1551/658 2135/1550/626
f 2166/1502/657 2199/1552/690 2167/1551/658
f 2198/1503/689 2231/1553/722 2199/1552/690
f 2230/1504/721 2263/1554/754 2231/1553/722
f 2262/1505/753 2295/1555/786 2263/1554/754
f 2294/1506/785 2327/1556/818 2295/1555/786
f 2326/1507/817 2359/1557/850 2327/1556/818
f 2358/1508/849 2391/1558/881 2359/1557/850
f 2390/1509/880 2423/1559/911 2391/1558/881
f 2422/1510/910 2455/1560/941 2423/1559/911
f 2454/1511/940 2487/1561/971 2455/1560/941
f 2486/1512/970 2519/1562/1001 2487/1561/971
f 2518/1513/1000 2551/1563/1031 2519/1562/1001
f 2550/1514/1030 2583/1564/1061 2551/1563/1031
f 2582/1515/1060 2615/1565/1091 2583/1564/1061
f 2614/1516/1090 2647/1566/626 2615/1565/1091
f 2646/1517/625 2679/1567/658 2647/1566/626
f 2678/1518/657 2711/1568/690 2679/1567/658
f 2710/1519/689 2743/1569/722 2711/1568/690
f 2742/1520/721 2775/1570/754 2743/1569/722
f 2774/1521/753 2807/1571/786 2775/1570/754
f 2806/1522/785 2839/1572/818 2807/1571/786
f 2838/1523/817 2871/1573/850 2839/1572/818
f 2870/1524/849 2903/1574/881 2871/1573/850
f 2902/1525/880 2935/1575/911 2903/1574/881
f 2934/1526/910 2967/1576/941 2935/1575/911
f 2966/1527/940 2999/1577/971 2967/1576/941
f 2998/1528/970 3031/1578/1120 2999/1577/971
f 3030/1529/1000 3063/1579/1031 3031/1578/1120
f 3062/1530/1030 3095/1580/1061 3063/1579/1031
f 3094/1531/1060 3127/1581/1135 3095/1580/1061
f 1591/1534/594 1624/1582/627 1592/1583/595
f 1623/1533/626 1656/1584/659 1624/1582/627
f 1655/1535/658 1688/1585/691 1656/1584/659
f 1687/1536/690 1720/1586/723 1688/1585/691
f 1719/1537/722 1752/1587/755 1720/1586/723
f 1751/1538/754 1784/1588/787 1752/1587/755
f 1783/1539/786 1816/1589/819 1784/1588/787
f 1815/1540/818 1848/1590/851 1816/1589/819
f 1847/1541/850 1880/1591/882 1848/1590/851
f 1879/1542/881 1912/1592/912 1880/1591/882
f 1911/1543/911 1944/1593/942 1912/1592/912
f 1943/1544/941 1976/1594/972 1944/1593/942
f 1975/1545/971 2008/1595/1002 1976/1594/972
f 2007/1546/1001 2040/1596/1032 2008/1595/1002
f 2039/1547/1031 2072/1597/1062 2040/1596/1032
f 2071/1548/1061 2104/1598/1092 2072/1597/1062
f 2103/1549/1091 2136/1599/627 2104/1598/1092
f 2135/1550/626 2168/1600/659 2136/1599/627
f 2167/1551/658 2200/1601/691 2168/1600/659
f 2199/1552/690 2232/1602/723 2200/1601/691
f 2231/1553/722 2264/1603/755 2232/1602/723
f 2263/1554/754 2296/1604/787 2264/1603/755
f 2295/1555/786 2328/1605/819 2296/1604/787
f 2327/1556/818 2360/1606/851 2328/1605/819
f 2359/1557/850 2392/1607/882 2360/1606/851
f 2391/1558/881 2424/1608/912 2392/1607/882
f 2423/1559/911 2456/1609/942 2424/1608/912
f 2455/1560/941 2488/1610/972 2456/1609/942
f 2487/1561/971 2520/1611/1002 2488/1610/972
f 2519/1562/1001 2552/1612/1032 2520/1611/1002
f 2551/1563/1031 2584/1613/1062 2552/1612/1032
f 2583/1564/1061 2616/1614/1092 2584/1613/1062
f 2615/1565/1091 2648/1615/627 2616/1614/1092
f 2647/1566/626 2680/1616/659 2648/1615/627
f 2679/1567/658 2712/1617/691 2680/1616/659
f 2711/1568/690 2744/1618/723 2712/1617/691
f 2743/1569/722 2776/1619/755 2744/1618/723
f 2775/1570/754 2808/1620/787 2776/1619/755
f 2807/1571/786 2840/1621/819 2808/1620/787
f 2839/1572/818 2872/1622/851 2840/1621/819
f 2871/1573/850 2904/1623/882 2872/1622/851
f 2903/1574/881 2936/1624/912 2904/1623/882
f 2935/1575/911 2968/1625/942 2936/1624/912
f 2967/1576/941 3000/1626/972 2968/1625/942
f 2999/1577/971 3032/1627/1002 3000/1626/972
f 3031/1578/1120 3064/1628/1032 3032/1627/1002
f 3063/1579/1031 3096/1629/1062 3064/1628/1032
f 3095/1580/1061 3128/1630/1136 3096/1629/1062
f 1592/1583/595 1625/1631/628 1593/1632/596
f 1624/1582/627 1657/1633/660 1625/1631/628
f 1656/1584/659 1689/1634/692 1657/1633/660
f 1688/1585/691 1721/1635/724 1689/1634/692
f 1720/1586/723 1753/1636/756 1721/1635/724
f 1752/1587/755 1785/1637/788 1753/1636/756
f 1784/1588/787 1817/1638/820 1785/1637/788
f 1816/1589/819 1849/1639/852 1817/1638/820
f 1848/1590/851 1881/1640/883 1849/1639/852
f 1880/1591/882 1913/1641/913 1881/1640/883
f 1912/1592/912 1945/1642/943 1913/1641/913
f 1944/1593/942 1977/1643/973 1945/1642/943
f 1976/1594/972 2009/1644/1003 1977/1643/973
f 2008/1595/1002 2041/1645/1033 2009/1644/1003
f 2040/1596/1032 2073/1646/1063 2041/1645/1033
f 2072/1597/1062 2105/1647/1093 2073/1646/1063
f 2104/1598/1092 2137/1648/628 2105/1647/1093
f 2136/1599/627 2169/1649/660 2137/1648/628
f 2168/1600/659 2201/1650/692 2169/1649/660
f 2200/1601/691 2233/1651/724 2201/1650/692
f 2232/1602/723 2265/1652/756 2233/1651/724
f 2264/1603/755 2297/1653/788 2265/1652/756
f 2296/1604/787 2329/1654/820 2297/1653/788
f 2328/1605/819 2361/1655/852 2329/1654/820
f 2360/1606/851 2393/1656/883 2361/1655/852
f 2392/1607/882 2425/1657/913 2393/1656/883
f 2424/1608/912 2457/1658/943 2425/1657/913
f 2456/1609/942 2489/1659/973 2457/1658/943
f 2488/1610/972 2521/1660/1112 2489/1659/973
f 2520/1611/1002 2553/1661/1033 2521/1660/1112
f 2552/1612/1032 2585/1662/1063 2553/1661/1033
f 2584/1613/1062 2617/1663/1093 2585/1662/1063
f 2616/1614/1092 2649/1664/628 2617/1663/1093
f 2648/1615/627 2681/1665/660 2649/1664/628
f 2680/1616/659 2713/1666/1115 2681/1665/660
f 2712/1617/691 2745/1667/724 2713/1666/1115
f 2744/1618/723 2777/1668/756 2745/1667/724
f 2776/1619/755 2809/1669/788 2777/1668/756
f 2808/1620/787 2841/1670/820 2809/1669/788
f 2840/1621/819 2873/1671/852 2841/1670/820
f 2872/1622/851 2905/1672/883 2873/1671/852
f 2904/1623/882 2937/1673/913 2905/1672/883
f 2936/1624/912 2969/1674/943 2937/1673/913
f 2968/1625/942 3001/1675/973 2969/1674/943
f 3000/1626/972 3033/1676/1003 3001/1675/973
f 3032/1627/1002 3065/1677/1033 3033/1676/1003
f 3064/1628/1032 3097/1678/1063 3065/1677/1033
f 3096/1629/1062 3129/1679/1137 3097/1678/1063
f 1594/1583/597 1625/1631/628 1626/1582/629
f 1626/1582/629 1657/1633/660 1658/1584/661
f 1658/1584/661 1689/1634/692 1690/1585/693
f 1690/1585/693 1721/1635/724 1722/1586/725
f 1722/1586/725 1753/1636/756 1754/1587/757
f 1754/1587/757 1785/1637/788 1786/1588/789
f 1786/1588/789 1817/1638/820 1818/1589/821
f 1818/1589/821 1849/1639/852 1850/1590/853
f 1850/1590/853 1881/1640/883 1882/1591/884
f 1882/1591/884 1913/1641/913 1914/1592/914
f 1914/1592/914 1945/1642/943 1946/1593/944
f 1946/1593/944 1977/1643/973 1978/1594/974
f 1978/1594/974 2009/1644/1003 2010/1595/1004
f 2010/1595/1004 2041/1645/1033 2042/1596/1034
f 2042/1596/1034 2073/1646/1063 2074/1597/1064
f 2074/1597/1064 2105/1647/1093 2106/1598/1094
f 2106/1598/1094 2137/1648/628 2138/1599/629
f 2138/1599/629 2169/1649/660 2170/1600/661
f 2170/1600/661 2201/1650/692 2202/1601/693
f 2202/1601/693 2233/1651/724 2234/1602/725
f 2234/1602/725 2265/1652/756 2266/1603/757
f 2266/1603/757 2297/1653/788 2298/1604/789
f 2298/1604/789 2329/1654/820 2330/1605/821
f 2330/1605/821 2361/1655/852 2362/1606/853
f 2362/1606/853 2393/1656/883 2394/1607/884
f 2394/1607/884 2425/1657/913 2426/1608/914
f 2426/1608/914 2457/1658/943 2458/1609/944
f 2458/1609/944 2489/1659/973 2490/1610/974
f 2490/1610/974 2521/1660/1112 2522/1611/1004
f 2522/1611/1004 2553/1661/1033 2554/1612/1034
f 2554/1612/1034 2585/1662/1063 2586/1613/1064
f 2586/1613/1064 2617/1663/1093 2618/1614/1094
f 2618/1614/1094 2649/1664/628 2650/1615/629
f 2650/1615/629 2681/1665/660 2682/1616/661
f 2682/1616/661 2713/1666/1115 2714/1617/693
f 2714/1617/693 2745/1667/724 2746/1618/725
f 2746/1618/725 2777/1668/756 2778/1619/757
f 2778/1619/757 2809/1669/788 2810/1620/789
f 2810/1620/789 2841/1670/820 2842/1621/821
f 2842/1621/821 2873/1671/852 2874/1622/853
f 2874/1622/853 2905/1672/883 2906/1623/884
f 2906/1623/884 2937/1673/913 2938/1624/914
f 2938/1624/914 2969/1674/943 2970/1625/944
f 2970/1625/944 3001/1675/973 3002/1626/974
f 3002/1626/974 3033/1676/1003 3034/1627/1004
f 3034/1627/1004 3065/1677/1033 3066/1628/1034
f 3066/1628/1034 3097/1678/1063 3098/1629/1064
f 3098/1629/1064 3129/1679/1137 3130/1630/1138
f 1595/1534/598 1626/1582/629 1627/1533/630
f 1627/1533/630 1658/1584/661 1659/1535/662
f 1659/1535/662 1690/1585/693 1691/1536/694
f 1691/1536/694 1722/1586/725 1723/1537/726
f 1723/1537/726 1754/1587/757 1755/1538/758
f 1755/1538/758 1786/1588/789 1787/1539/790
f 1787/1539/790 1818/1589/821 1819/1540/822
f 1819/1540/822 1850/1590/853 1851/1541/854
f 1851/1541/854 1882/1591/884 1883/1542/885
f 1883/1542/885 1914/1592/914 1915/1543/915
f 1915/1543/915 1946/1593/944 1947/1544/945
f 1947/1544/945 1978/1594/974 1979/1545/975
f 1979/1545/975 2010/1595/1004 2011/1546/1005
f 2011/1546/1005 2042/1596/1034 2043/1547/1035
f 2043/1547/1035 2074/1597/1064 2075/1548/1065
f 2075/1548/1065 2106/1598/1094 2107/1549/1095
f 2107/1549/1095 2138/1599/629 2139/1550/630
f 2139/1550/630 2170/1600/661 2171/1551/662
f 2171/1551/662 2202/1601/693 2203/1552/694
f 2203/1552/694 2234/1602/725 2235/1553/726
f 2235/1553/726 2266/1603/757 2267/1554/758
f 2267/1554/758 2298/1604/789 2299/1555/790
f 2299/1555/790 2330/1605/821 2331/1556/822
f 2331/1556/822 2362/1606/853 2363/1557/854
f 2363/1557/854 2394/1607/884 2395/1558/885
f 2395/1558/885 2426/1608/914 2427/1559/915
f 2427/1559/915 2458/1609/944 2459/1560/945
f 2459/1560/945 2490/1610/974 2491/1561/975
f 2491/1561/975 2522/1611/1004 2523/1562/1005
f 2523/1562/1005 2554/1612/1034 2555/1563/1035
f 2555/1563/1035 2586/1613/1064 2587/1564/1065
f 2587/1564/1065 2618/1614/1094 2619/1565/1095
f 2619/1565/1095 2650/1615/629 2651/1566/630
f 2651/1566/630 2682/1616/661 2683/1567/662
f 2683/1567/662 2714/1617/693 2715/1568/694
f 2715/1568/694 2746/1618/725 2747/1569/726
f 2747/1569/726 2778/1619/757 2779/1570/758
f 2779/1570/758 2810/1620/789 2811/1571/790
f 2811/1571/790 2842/1621/821 2843/1572/822
f 2843/1572/822 2874/1622/853 2875/1573/854
f 2875/1573/854 2906/1623/884 2907/1574/885
f 2907/1574/885 2938/1624/914 2939/1575/915
f 2939/1575/915 2970/1625/944 2971/1576/945
f 2971/1576/945 3002/1626/974 3003/1577/975
f 3003/1577/975 3034/1627/1004 3035/1578/1005
f 3035/1578/1005 3066/1628/1034 3067/1579/1035
f 3067/1579/1035 3098/1629/1064 3099/1580/1065
f 3099/1580/1065 3130/1630/1138 3131/1581/1139
f 1596/1485/599 1627/1533/630 1628/1484/631
f 1628/1484/631 1659/1535/662 1660/1486/663
f 1660/1486/663 1691/1536/694 1692/1487/695
f 1692/1487/695 1723/1537/726 1724/1488/727
f 1724/1488/727 1755/1538/758 1756/1489/759
f 1756/1489/759 1787/1539/790 1788/1490/791
f 1788/1490/791 1819/1540/822 1820/1491/823
f 1820/1491/823 1851/1541/854 1852/1492/855
f 1852/1492/855 1883/1542/885 1884/1493/886
f 1884/1493/886 1915/1543/915 1916/1494/916
f 1916/1494/916 1947/1544/945 1948/1495/946
f 1948/1495/946 1979/1545/975 1980/1496/976
f 1980/1496/976 2011/1546/1005 2012/1497/1006
f 2012/1497/1006 2043/1547/1035 2044/1498/1036
f 2044/1498/1036 2075/1548/1065 2076/1499/1066
f 2076/1499/1066 2107/1549/1095 2108/1500/1096
f 2108/1500/1096 2139/1550/630 2140/1501/631
f 2140/1501/631 2171/1551/662 2172/1502/663
f 2172/1502/663 2203/1552/694 2204/1503/695
f 2204/1503/695 2235/1553/726 2236/1504/727
f 2236/1504/727 2267/1554/758 2268/1505/759
f 2268/1505/759 2299/1555/790 2300/1506/791
f 2300/1506/791 2331/1556/822 2332/1507/823
f 2332/1507/823 2363/1557/854 2364/1508/855
f 2364/1508/855 2395/1558/885 2396/1509/886
f 2396/1509/886 2427/1559/915 2428/1510/916
f 2428/1510/916 2459/1560/945 2460/1511/946
f 2460/1511/946 2491/1561/975 2492/1512/976
f 2492/1512/976 2523/1562/1005 2524/1513/1006
f 2524/1513/1006 2555/1563/1035 2556/1514/1036
f 2556/1514/1036 2587/1564/1065 2588/1515/1066
f 2588/1515/1066 2619/1565/1095 2620/1516/1096
f 2620/1516/1096 2651/1566/630 2652/1517/631
f 2652/1517/631 2683/1567/662 2684/1518/663
f 2684/1518/663 2715/1568/694 2716/1519/695
f 2716/1519/695 2747/1569/726 2748/1520/727
f 2748/1520/727 2779/1570/758 2780/1521/759
f 2780/1521/759 2811/1571/790 2812/1522/791
f 2812/1522/791 2843/1572/822 2844/1523/823
f 2844/1523/823 2875/1573/854 2876/1524/855
f 2876/1524/855 2907/1574/885 2908/1525/886
f 2908/1525/886 2939/1575/915 2940/1526/916
f 2940/1526/916 2971/1576/945 2972/1527/946
f 2972/1527/946 3003/1577/975 3004/1528/976
f 3004/1528/976 3035/1578/1005 3036/1529/1006
f 3036/1529/1006 3067/1579/1035 3068/1530/1036
f 3068/1530/1036 3099/1580/1065 3100/1531/1066
f 3100/1531/1066 3131/1581/1139 3132/1532/1140
f 1597/1436/600 1628/1484/631 1629/1435/632
f 1629/1435/632 1660/1486/663 1661/1437/664
f 1661/1437/664 1692/1487/695 1693/1438/696
f 1693/1438/696 1724/1488/727 1725/1439/728
f 1725/1439/728 1756/1489/759 1757/1440/760
f 1757/1440/760 1788/1490/791 1789/1441/792
f 1789/1441/792 1820/1491/823 1821/1442/824
f 1821/1442/824 1852/1492/855 1853/1443/856
f 1853/1443/856 1884/1493/886 1885/1444/887
f 1885/1444/887 1916/1494/916 1917/1445/917
f 1917/1445/917 1948/1495/946 1949/1446/947
f 1949/1446/947 1980/1496/976 1981/1447/977
f 1981/1447/977 2012/1497/1006 2013/1448/1007
f 2013/1448/1007 2044/1498/1036 2045/1449/1037
f 2045/1449/1037 2076/1499/1066 2077/1450/1067
f 2077/1450/1067 2108/1500/1096 2109/1451/1097
f 2109/1451/1097 2140/1501/631 2141/1452/632
f 2141/1452/632 2172/1502/663 2173/1453/664
f 2173/1453/664 2204/1503/695 2205/1454/696
f 2205/1454/696 2236/1504/727 2237/1455/728
f 2237/1455/728 2268/1505/759 2269/1456/760
f 2269/1456/760 2300/1506/791 2301/1457/792
f 2301/1457/792 2332/1507/823 2333/1458/824
f 2333/1458/824 2364/1508/855 2365/1459/856
f 2365/1459/856 2396/1509/886 2397/1460/887
f 2397/1460/887 2428/1510/916 2429/1461/917
f 2429/1461/917 2460/1511/946 2461/1462/947
f 2461/1462/947 2492/1512/976 2493/1463/977
f 2493/1463/977 2524/1513/1006 2525/1464/1007
f 2525/1464/1007 2556/1514/1036 2557/1465/1037
f 2557/1465/1037 2588/1515/1066 2589/1466/1067
f 2589/1466/1067 2620/1516/1096 2621/1467/1097
f 2621/1467/1097 2652/1517/631 2653/1468/632
f 2653/1468/632 2684/1518/663 2685/1469/664
f 2685/1469/664 2716/1519/695 2717/1470/696
f 2717/1470/696 2748/1520/727 2749/1471/728
f 2749/1471/728 2780/1521/759 2781/1472/760
f 2781/1472/760 2812/1522/791 2813/1473/792
f 2813/1473/792 2844/1523/823 2845/1474/824
f 2845/1474/824 2876/1524/855 2877/1475/856
f 2877/1475/856 2908/1525/886 2909/1476/887
f 2909/1476/887 2940/1526/916 2941/1477/917
f 2941/1477/917 2972/1527/946 2973/1478/947
f 2973/1478/947 3004/1528/976 3005/1479/977
f 3005/1479/977 3036/1529/1006 3037/1480/1007
f 3037/1480/1007 3068/1530/1036 3069/1481/1037
f 3069/1481/1037 3100/1531/1066 3101/1482/1067
f 3101/1482/1067 3132/1532/1140 3133/1483/1141
f 1598/1387/601 1629/1435/632 1630/1386/633
f 1630/1386/633 1661/1437/664 1662/1388/665
f 1662/1388/665 1693/1438/696 1694/1389/697
f 1694/1389/697 1725/1439/728 1726/1390/729
f 1726/1390/729 1757/1440/760 1758/1391/761
f 1758/1391/761 1789/1441/792 1790/1392/793
f 1790/1392/793 1821/1442/824 1822/1393/825
f 1822/1393/825 1853/1443/856 1854/1394/857
f 1854/1394/857 1885/1444/887 1886/1395/888
f 1886/1395/888 1917/1445/917 1918/1396/918
f 1918/1396/918 1949/1446/947 1950/1397/948
f 1950/1397/948 1981/1447/977 1982/1398/978
f 1982/1398/978 2013/1448/1007 2014/1399/1008
f 2014/1399/1008 2045/1449/1037 2046/1400/1038
f 2046/1400/1038 2077/1450/1067 2078/1401/1068
f 2078/1401/1068 2109/1451/1097 2110/1402/1098
f 2110/1402/1098 2141/1452/632 2142/1403/633
f 2142/1403/633 2173/1453/664 2174/1404/665
f 2174/1404/665 2205/1454/696 2206/1405/697
f 2206/1405/697 2237/1455/728 2238/1406/729
f 2238/1406/729 2269/1456/760 2270/1407/761
f 2270/1407/761 2301/1457/792 2302/1408/793
f 2302/1408/793 2333/1458/824 2334/1409/825
f 2334/1409/825 2365/1459/856 2366/1410/857
f 2366/1410/857 2397/1460/887 2398/1411/888
f 2398/1411/888 2429/1461/917 2430/1412/918
f 2430/1412/918 2461/1462/947 2462/1413/948
f 2462/1413/948 2493/1463/977 2494/1414/978
f 2494/1414/978 2525/1464/1007 2526/1415/1008
f 2526/1415/1008 2557/1465/1037 2558/1416/1038
f 2558/1416/1038 2589/1466/1067 2590/1417/1068
f 2590/1417/1068 2621/1467/1097 2622/1418/1098
f 2622/1418/1098 2653/1468/632 2654/1419/633
f 2654/1419/633 2685/1469/664 2686/1420/665
f 2686/1420/665 2717/1470/696 2718/1421/697
f 2718/1421/697 2749/1471/728 2750/1422/729
f 2750/1422/729 2781/1472/760 2782/1423/761
f 2782/1423/761 2813/1473/792 2814/1424/793
f 2814/1424/793 2845/1474/824 2846/1425/825
f 2846/1425/825 2877/1475/856 2878/1426/857
f 2878/1426/857 2909/1476/887 2910/1427/888
f 2910/1427/888 2941/1477/917 2942/1428/918
f 2942/1428/918 2973/1478/947 2974/1429/948
f 2974/1429/948 3005/1479/977 3006/1430/978
f 3006/1430/978 3037/1480/1007 3038/1431/1008
f 3038/1431/1008 3069/1481/1037 3070/1432/1038
f 3070/1432/1038 3101/1482/1067 3102/1433/1068
f 3102/1433/1068 3133/1483/1141 3134/1434/1142
f 1599/1338/602 1630/1386/633 1631/1337/634
f 1631/1337/634 1662/1388/665 1663/1339/666
f 1663/1339/666 1694/1389/697 1695/1340/698
f 1695/1340/698 1726/1390/729 1727/1341/730
f 1727/1341/730 1758/1391/761 1759/1342/762
f 1759/1342/762 1790/1392/793 1791/1343/794
f 1791/1343/794 1822/1393/825 1823/1344/826
f 1823/1344/826 1854/1394/857 1855/1345/858
f 1855/1345/858 1886/1395/888 1887/1346/889
f 1887/1346/889 1918/1396/918 1919/1347/919
f 1919/1347/919 1950/1397/948 1951/1348/949
f 1951/1348/949 1982/1398/978 1983/1349/979
f 1983/1349/979 2014/1399/1008 2015/1350/1009
f 2015/1350/1009 2046/1400/1038 2047/1351/1039
f 2047/1351/1039 2078/1401/1068 2079/1352/1069
f 2079/1352/1069 2110/1402/1098 2111/1353/1099
f 2111/1353/1099 2142/1403/633 2143/1354/634
f 2143/1354/634 2174/1404/665 2175/1355/666
f 2175/1355/666 2206/1405/697 2207/1356/698
f 2207/1356/698 2238/1406/729 2239/1357/730
f 2239/1357/730 2270/1407/761 2271/1358/762
f 2271/1358/762 2302/1408/793 2303/1359/794
f 2303/1359/794 2334/1409/825 2335/1360/826
f 2335/1360/826 2366/1410/857 2367/1361/858
f 2367/1361/858 2398/1411/888 2399/1362/889
f 2399/1362/889 2430/1412/918 2431/1363/919
f 2431/1363/919 2462/1413/948 2463/1364/949
f 2463/1364/949 2494/1414/978 2495/1365/979
f 2495/1365/979 2526/1415/1008 2527/1366/1009
f 2527/1366/1009 2558/1416/1038 2559/1367/1039
f 2559/1367/1039 2590/1417/1068 2591/1368/1069
f 2591/1368/1069 2622/1418/1098 2623/1369/1099
f 2623/1369/1099 2654/1419/633 2655/1370/634
f 2655/1370/634 2686/1420/665 2687/1371/666
f 2687/1371/666 2718/1421/697 2719/1372/698
f 2719/1372/698 2750/1422/729 2751/1373/730
f 2751/1373/730 2782/1423/761 2783/1374/762
f 2783/1374/762 2814/1424/793 2815/1375/794
f 2815/1375/794 2846/1425/825 2847/1376/826
f 2847/1376/826 2878/1426/857 2879/1377/858
f 2879/1377/858 2910/1427/888 2911/1378/889
f 2911/1378/889 2942/1428/918 2943/1379/919
f 2943/1379/919 2974/1429/948 2975/1380/949
f 2975/1380/949 3006/1430/978 3007/1381/979
f 3007/1381/979 3038/1431/1008 3039/1382/1009
f 3039/1382/1009 3070/1432/1038 3071/1383/1039
f 3071/1383/1039 3102/1433/1068 3103/1384/1069
f 3103/1384/1069 3134/1434/1142 3135/1385/1143
f 1600/1289/603 1631/1337/634 1632/1288/635
f 1632/1288/635 1663/1339/666 1664/1290/667
f 1664/1290/667 1695/1340/698 1696/1291/699
f 1696/1291/699 1727/1341/730 1728/1292/731
f 1728/1292/731 1759/1342/762 1760/1293/763
f 1760/1293/763 1791/1343/794 1792/1294/795
f 1792/1294/795 1823/1344/826 1824/1295/827
f 1824/1295/827 1855/1345/858 1856/1296/859
f 1856/1296/859 1887/1346/889 1888/1297/890
f 1888/1297/890 1919/1347/919 1920/1298/920
f 1920/1298/920 1951/1348/949 1952/1299/950
f 1952/1299/950 1983/1349/979 1984/1300/980
f 1984/1300/980 2015/1350/1009 2016/1301/1010
f 2016/1301/1010 2047/1351/1039 2048/1302/1040
f 2048/1302/1040 2079/1352/1069 2080/1303/1070
f 2080/1303/1070 2111/1353/1099 2112/1304/1100
f 2112/1304/1100 2143/1354/634 2144/1305/635
f 2144/1305/635 2175/1355/666 2176/1306/667
f 2176/1306/667 2207/1356/698 2208/1307/699
f 2208/1307/699 2239/1357/730 2240/1308/1108
f 2240/1308/1108 2271/1358/762 2272/1309/763
f 2272/1309/763 2303/1359/794 2304/1310/795
f 2304/1310/795 2335/1360/826 2336/1311/827
f 2336/1311/827 2367/1361/858 2368/1312/859
f 2368/1312/859 2399/1362/889 2400/1313/890
f 2400/1313/890 2431/1363/919 2432/1314/920
f 2432/1314/920 2463/1364/949 2464/1315/950
f 2464/1315/950 2495/1365/979 2496/1316/980
f 2496/1316/980 2527/1366/1009 2528/1317/1010
f 2528/1317/1010 2559/1367/1039 2560/1318/1040
f 2560/1318/1040 2591/1368/1069 2592/1319/1070
f 2592/1319/1070 2623/1369/1099 2624/1320/1100
f 2624/1320/1100 2655/1370/634 2656/1321/635
f 2656/1321/635 2687/1371/666 2688/1322/667
f 2688/1322/667 2719/1372/698 2720/1323/699
f 2720/1323/699 2751/1373/730 2752/1324/731
f 2752/1324/731 2783/1374/762 2784/1325/763
f 2784/1325/763 2815/1375/794 2816/1326/795
f 2816/1326/795 2847/1376/826 2848/1327/827
f 2848/1327/827 2879/1377/858 2880/1328/1116
f 2880/1328/1116 2911/1378/889 2912/1329/890
f 2912/1329/890 2943/1379/919 2944/1330/920
f 2944/1330/920 2975/1380/949 2976/1331/950
f 2976/1331/950 3007/1381/979 3008/1332/980
f 3008/1332/980 3039/1382/1009 3040/1333/1010
f 3040/1333/1010 3071/1383/1039 3072/1334/1040
f 3072/1334/1040 3103/1384/1069 3104/1335/1070
f 3104/1335/1070 3135/1385/1143 3136/1336/1144
f 1601/1240/604 1632/1288/635 1633/1239/636
f 1633/1239/636 1664/1290/667 1665/1241/668
f 1665/1241/668 1696/1291/699 1697/1242/700
f 1697/1242/700 1728/1292/731 1729/1243/732
f 1729/1243/732 1760/1293/763 1761/1244/764
f 1761/1244/764 1792/1294/795 1793/1245/796
f 1793/1245/796 1824/1295/827 1825/1246/828
f 1825/1246/828 1856/1296/859 1857/1247/860
f 1857/1247/860 1888/1297/890 1889/1248/620
f 1889/1248/620 1920/1298/920 1921/1249/652
f 1921/1249/652 1952/1299/950 1953/1250/684
f 1953/1250/684 1984/1300/980 1985/1251/716
f 1985/1251/716 2016/1301/1010 2017/1252/748
f 2017/1252/748 2048/1302/1040 2049/1253/780
f 2049/1253/780 2080/1303/1070 2081/1254/812
f 2081/1254/812 2112/1304/1100 2113/1255/844
f 2113/1255/844 2144/1305/635 2145/1256/636
f 2145/1256/636 2176/1306/667 2177/1257/668
f 2177/1257/668 2208/1307/699 2209/1258/700
f 2209/1258/700 2240/1308/1108 2241/1259/732
f 2241/1259/732 2272/1309/763 2273/1260/764
f 2273/1260/764 2304/1310/795 2305/1261/796
f 2305/1261/796 2336/1311/827 2337/1262/828
f 2337/1262/828 2368/1312/859 2369/1263/860
f 2369/1263/860 2400/1313/890 2401/1264/620
f 2401/1264/620 2432/1314/920 2433/1265/652
f 2433/1265/652 2464/1315/950 2465/1266/684
f 2465/1266/684 2496/1316/980 2497/1267/716
f 2497/1267/716 2528/1317/1010 2529/1268/748
f 2529/1268/748 2560/1318/1040 2561/1269/780
f 2561/1269/780 2592/1319/1070 2593/1270/812
f 2593/1270/812 2624/1320/1100 2625/1271/844
f 2625/1271/844 2656/1321/635 2657/1272/636
f 2657/1272/636 2688/1322/667 2689/1273/668
f 2689/1273/668 2720/1323/699 2721/1274/700
f 2721/1274/700 2752/1324/731 2753/1275/732
f 2753/1275/732 2784/1325/763 2785/1276/764
f 2785/1276/764 2816/1326/795 2817/1277/796
f 2817/1277/796 2848/1327/827 2849/1278/828
f 2849/1278/828 2880/1328/1116 2881/1279/860
f 2881/1279/860 2912/1329/890 2913/1280/620
f 2913/1280/620 2944/1330/920 2945/1281/652
f 2945/1281/652 2976/1331/950 2977/1282/684
f 2977/1282/684 3008/1332/980 3009/1283/716
f 3009/1283/716 3040/1333/1010 3041/1284/748
f 3041/1284/748 3072/1334/1040 3073/1285/780
f 3073/1285/780 3104/1335/1070 3105/1286/812
f 3105/1286/812 3136/1336/1144 3137/1287/1145
f 1602/1191/605 1633/1239/636 1634/1190/637
f 1634/1190/637 1665/1241/668 1666/1192/669
f 1666/1192/669 1697/1242/700 1698/1193/701
f 1698/1193/701 1729/1243/732 1730/1194/733
f 1730/1194/733 1761/1244/764 1762/1195/765
f 1762/1195/765 1793/1245/796 1794/1196/797
f 1794/1196/797 1825/1246/828 1826/1197/829
f 1826/1197/829 1857/1247/860 1858/1198/861
f 1858/1198/861 1889/1248/620 1890/1199/891
f 1890/1199/891 1921/1249/652 1922/1200/921
f 1922/1200/921 1953/1250/684 1954/1201/951
f 1954/1201/951 1985/1251/716 1986/1202/981
f 1986/1202/981 2017/1252/748 2018/1203/1011
f 2018/1203/1011 2049/1253/780 2050/1204/1041
f 2050/1204/1041 2081/1254/812 2082/1205/1071
f 2082/1205/1071 2113/1255/844 2114/1206/1101
f 2114/1206/1101 2145/1256/636 2146/1207/637
f 2146/1207/637 2177/1257/668 2178/1208/669
f 2178/1208/669 2209/1258/700 2210/1209/701
f 2210/1209/701 2241/1259/732 2242/1210/1109
f 2242/1210/1109 2273/1260/764 2274/1211/765
f 2274/1211/765 2305/1261/796 2306/1212/797
f 2306/1212/797 2337/1262/828 2338/1213/829
f 2338/1213/829 2369/1263/860 2370/1214/1110
f 2370/1214/1110 2401/1264/620 2402/1215/891
f 2402/1215/891 2433/1265/652 2434/1216/921
f 2434/1216/921 2465/1266/684 2466/1217/951
f 2466/1217/951 2497/1267/716 2498/1218/981
f 2498/1218/981 2529/1268/748 2530/1219/1011
f 2530/1219/1011 2561/1269/780 2562/1220/1041
f 2562/1220/1041 2593/1270/812 2594/1221/1071
f 2594/1221/1071 2625/1271/844 2626/1222/1113
f 2626/1222/1113 2657/1272/636 2658/1223/637
f 2658/1223/637 2689/1273/668 2690/1224/669
f 2690/1224/669 2721/1274/700 2722/1225/701
f 2722/1225/701 2753/1275/732 2754/1226/1109
f 2754/1226/1109 2785/1276/764 2786/1227/765
f 2786/1227/765 2817/1277/796 2818/1228/797
f 2818/1228/797 2849/1278/828 2850/1229/829
f 2850/1229/829 2881/1279/860 2882/1230/861
f 2882/1230/861 2913/1280/620 2914/1231/891
f 2914/1231/891 2945/1281/652 2946/1232/921
f 2946/1232/921 2977/1282/684 2978/1233/951
f 2978/1233/951 3009/1283/716 3010/1234/1119
f 3010/1234/1119 3041/1284/748 3042/1235/1011
f 3042/1235/1011 3073/1285/780 3074/1236/1041
f 3074/1236/1041 3105/1286/812 3106/1237/1071
f 3106/1237/1071 3137/1287/1145 3138/1238/1146
f 1603/1142/606 1634/1190/637 1635/1141/638
f 1635/1141/638 1666/1192/669 1667/1143/670
f 1667/1143/670 1698/1193/701 1699/1144/702
f 1699/1144/702 1730/1194/733 1731/1145/734
f 1731/1145/734 1762/1195/765 1763/1146/766
f 1763/1146/766 1794/1196/797 1795/1147/798
f 1795/1147/798 1826/1197/829 1827/1148/830
f 1827/1148/830 1858/1198/861 1859/1149/862
f 1859/1149/862 1890/1199/891 1891/1150/892
f 1891/1150/892 1922/1200/921 1923/1151/922
f 1923/1151/922 1954/1201/951 1955/1152/952
f 1955/1152/952 1986/1202/981 1987/1153/982
f 1987/1153/982 2018/1203/1011 2019/1154/1012
f 2019/1154/1012 2050/1204/1041 2051/1155/1042
f 2051/1155/1042 2082/1205/1071 2083/1156/1072
f 2083/1156/1072 2114/1206/1101 2115/1157/1102
f 2115/1157/1102 2146/1207/637 2147/1158/638
f 2147/1158/638 2178/1208/669 2179/1159/670
f 2179/1159/670 2210/1209/701 2211/1160/702
f 2211/1160/702 2242/1210/1109 2243/1161/734
f 2243/1161/734 2274/1211/765 2275/1162/766
f 2275/1162/766 2306/1212/797 2307/1163/798
f 2307/1163/798 2338/1213/829 2339/1164/830
f 2339/1164/830 2370/1214/1110 2371/1165/862
f 2371/1165/862 2402/1215/891 2403/1166/892
f 2403/1166/892 2434/1216/921 2435/1167/922
f 2435/1167/922 2466/1217/951 2467/1168/952
f 2467/1168/952 2498/1218/981 2499/1169/982
f 2499/1169/982 2530/1219/1011 2531/1170/1012
f 2531/1170/1012 2562/1220/1041 2563/1171/1042
f 2563/1171/1042 2594/1221/1071 2595/1172/1072
f 2595/1172/1072 2626/1222/1113 2627/1173/1102
f 2627/1173/1102 2658/1223/637 2659/1174/638
f 2659/1174/638 2690/1224/669 2691/1175/670
f 2691/1175/670 2722/1225/701 2723/1176/702
f 2723/1176/702 2754/1226/1109 2755/1177/734
f 2755/1177/734 2786/1227/765 2787/1178/766
f 2787/1178/766 2818/1228/797 2819/1179/798
f 2819/1179/798 2850/1229/829 2851/1180/830
f 2851/1180/830 2882/1230/861 2883/1181/862
f 2883/1181/862 2914/1231/891 2915/1182/892
f 2915/1182/892 2946/1232/921 2947/1183/922
f 2947/1183/922 2978/1233/951 2979/1184/952
f 2979/1184/952 3010/1234/1119 3011/1185/982
f 3011/1185/982 3042/1235/1011 3043/1186/1012
f 3043/1186/1012 3074/1236/1041 3075/1187/1042
f 3075/1187/1042 3106/1237/1071 3107/1188/1072
f 3107/1188/1072 3138/1238/1146 3139/1189/1147
f 1604/1093/607 1635/1141/638 1636/1092/639
f 1636/1092/639 1667/1143/670 1668/1094/671
f 1668/1094/671 1699/1144/702 1700/1095/703
f 1700/1095/703 1731/1145/734 1732/1096/735
f 1732/1096/735 1763/1146/766 1764/1097/767
f 1764/1097/767 1795/1147/798 1796/1098/799
f 1796/1098/799 1827/1148/830 1828/1099/831
f 1828/1099/831 1859/1149/862 1860/1100/863
f 1860/1100/863 1891/1150/892 1892/1101/893
f 1892/1101/893 1923/1151/922 1924/1102/923
f 1924/1102/923 1955/1152/952 1956/1103/953
f 1956/1103/953 1987/1153/982 1988/1104/983
f 1988/1104/983 2019/1154/1012 2020/1105/1013
f 2020/1105/1013 2051/1155/1042 2052/1106/1043
f 2052/1106/1043 2083/1156/1072 2084/1107/1073
f 2084/1107/1073 2115/1157/1102 2116/1108/1103
f 2116/1108/1103 2147/1158/638 2148/1109/639
f 2148/1109/639 2179/1159/670 2180/1110/671
f 2180/1110/671 2211/1160/702 2212/1111/703
f 2212/1111/703 2243/1161/734 2244/1112/735
f 2244/1112/735 2275/1162/766 2276/1113/767
f 2276/1113/767 2307/1163/798 2308/1114/799
f 2308/1114/799 2339/1164/830 2340/1115/831
f 2340/1115/831 2371/1165/862 2372/1116/863
f 2372/1116/863 2403/1166/892 2404/1117/893
f 2404/1117/893 2435/1167/922 2436/1118/923
f 2436/1118/923 2467/1168/952 2468/1119/953
f 2468/1119/953 2499/1169/982 2500/1120/983
f 2500/1120/983 2531/1170/1012 2532/1121/1013
f 2532/1121/1013 2563/1171/1042 2564/1122/1043
f 2564/1122/1043 2595/1172/1072 2596/1123/1073
f 2596/1123/1073 2627/1173/1102 2628/1124/1103
f 2628/1124/1103 2659/1174/638 2660/1125/639
f 2660/1125/639 2691/1175/670 2692/1126/671
f 2692/1126/671 2723/1176/702 2724/1127/703
f 2724/1127/703 2755/1177/734 2756/1128/735
f 2756/1128/735 2787/1178/766 2788/1129/767
f 2788/1129/767 2819/1179/798 2820/1130/799
f 2820/1130/799 2851/1180/830 2852/1131/831
f 2852/1131/831 2883/1181/862 2884/1132/863
f 2884/1132/863 2915/1182/892 2916/1133/893
f 2916/1133/893 2947/1183/922 2948/1134/923
f 2948/1134/923 2979/1184/952 2980/1135/953
f 2980/1135/953 3011/1185/982 3012/1136/983
f 3012/1136/983 3043/1186/1012 3044/1137/1013
f 3044/1137/1013 3075/1187/1042 3076/1138/1043
f 3076/1138/1043 3107/1188/1072 3108/1139/1073
f 3108/1139/1073 3139/1189/1147 3140/1140/1148
f 1605/1044/608 1636/1092/639 1637/1043/640
f 1637/1043/640 1668/1094/671 1669/1045/672
f 1669/1045/672 1700/1095/703 1701/1046/704
f 1701/1046/704 1732/1096/735 1733/1047/736
f 1733/1047/736 1764/1097/767 1765/1048/768
f 1765/1048/768 1796/1098/799 1797/1049/800
f 1797/1049/800 1828/1099/831 1829/1050/832
f 1829/1050/832 1860/1100/863 1861/1051/864
f 1861/1051/864 1892/1101/893 1893/1052/894
f 1893/1052/894 1924/1102/923 1925/1053/924
f 1925/1053/924 1956/1103/953 1957/1054/954
f 1957/1054/954 1988/1104/983 1989/1055/984
f 1989/1055/984 2020/1105/1013 2021/1056/1014
f 2021/1056/1014 2052/1106/1043 2053/1057/1044
f 2053/1057/1044 2084/1107/1073 2085/1058/1074
f 2085/1058/1074 2116/1108/1103 2117/1059/1104
f 2117/1059/1104 2148/1109/639 2149/1060/640
f 2149/1060/640 2180/1110/671 2181/1061/672
f 2181/1061/672 2212/1111/703 2213/1062/704
f 2213/1062/704 2244/1112/735 2245/1063/736
f 2245/1063/736 2276/1113/767 2277/1064/768
f 2277/1064/768 2308/1114/799 2309/1065/800
f 2309/1065/800 2340/1115/831 2341/1066/832
f 2341/1066/832 2372/1116/863 2373/1067/864
f 2373/1067/864 2404/1117/893 2405/1068/894
f 2405/1068/894 2436/1118/923 2437/1069/924
f 2437/1069/924 2468/1119/953 2469/1070/954
f 2469/1070/954 2500/1120/983 2501/1071/984
f 2501/1071/984 2532/1121/1013 2533/1072/1014
f 2533/1072/1014 2564/1122/1043 2565/1073/1044
f 2565/1073/1044 2596/1123/1073 2597/1074/1074
f 2597/1074/1074 2628/1124/1103 2629/1075/1104
f 2629/1075/1104 2660/1125/639 2661/1076/640
f 2661/1076/640 2692/1126/671 2693/1077/672
f 2693/1077/672 2724/1127/703 2725/1078/704
f 2725/1078/704 2756/1128/735 2757/1079/736
f 2757/1079/736 2788/1129/767 2789/1080/768
f 2789/1080/768 2820/1130/799 2821/1081/800
f 2821/1081/800 2852/1131/831 2853/1082/832
f 2853/1082/832 2884/1132/863 2885/1083/864
f 2885/1083/864 2916/1133/893 2917/1084/894
f 2917/1084/894 2948/1134/923 2949/1085/924
f 2949/1085/924 2980/1135/953 2981/1086/954
f 2981/1086/954 3012/1136/983 3013/1087/984
f 3013/1087/984 3044/1137/1013 3045/1088/1014
f 3045/1088/1014 3076/1138/1043 3077/1089/1044
f 3077/1089/1044 3108/1139/1073 3109/1090/1074
f 3109/1090/1074 3140/1140/1148 3141/1091/1149
f 1606/995/609 1637/1043/640 1638/994/641
f 1638/994/641 1669/1045/672 1670/996/673
f 1670/996/673 1701/1046/704 1702/997/705
f 1702/997/705 1733/1047/736 1734/998/737
f 1734/998/737 1765/1048/768 1766/999/769
f 1766/999/769 1797/1049/800 1798/1000/801
f 1798/1000/801 1829/1050/832 1830/1001/833
f 1830/1001/833 1861/1051/864 1862/1002/865
f 1862/1002/865 1893/1052/894 1894/1003/895
f 1894/1003/895 1925/1053/924 1926/1004/925
f 1926/1004/925 1957/1054/954 1958/1005/955
f 1958/1005/955 1989/1055/984 1990/1006/985
f 1990/1006/985 2021/1056/1014 2022/1007/1015
f 2022/1007/1015 2053/1057/1044 2054/1008/1045
f 2054/1008/1045 2085/1058/1074 2086/1009/1075
f 2086/1009/1075 2117/1059/1104 2118/1010/1105
f 2118/1010/1105 2149/1060/640 2150/1011/641
f 2150/1011/641 2181/1061/672 2182/1012/673
f 2182/1012/673 2213/1062/704 2214/1013/705
f 2214/1013/705 2245/1063/736 2246/1014/737
f 2246/1014/737 2277/1064/768 2278/1015/769
f 2278/1015/769 2309/1065/800 2310/1016/801
f 2310/1016/801 2341/1066/832 2342/1017/833
f 2342/1017/833 2373/1067/864 2374/1018/865
f 2374/1018/865 2405/1068/894 2406/1019/895
f 2406/1019/895 2437/1069/924 2438/1020/925
f 2438/1020/925 2469/1070/954 2470/1021/955
f 2470/1021/955 2501/1071/984 2502/1022/985
f 2502/1022/985 2533/1072/1014 2534/1023/1015
f 2534/1023/1015 2565/1073/1044 2566/1024/1045
f 2566/1024/1045 2597/1074/1074 2598/1025/1075
f 2598/1025/1075 2629/1075/1104 2630/1026/1105
f 2630/1026/1105 2661/1076/640 2662/1027/641
f 2662/1027/641 2693/1077/672 2694/1028/673
f 2694/1028/673 2725/1078/704 2726/1029/705
f 2726/1029/705 2757/1079/736 2758/1030/737
f 2758/1030/737 2789/1080/768 2790/1031/769
f 2790/1031/769 2821/1081/800 2822/1032/801
f 2822/1032/801 2853/1082/832 2854/1033/833
f 2854/1033/833 2885/1083/864 2886/1034/865
f 2886/1034/865 2917/1084/894 2918/1035/895
f 2918/1035/895 2949/1085/924 2950/1036/925
f 2950/1036/925 2981/1086/954 2982/1037/955
f 2982/1037/955 3013/1087/984 3014/1038/985
f 3014/1038/985 3045/1088/1014 3046/1039/1015
f 3046/1039/1015 3077/1089/1044 3078/1040/1045
f 3078/1040/1045 3109/1090/1074 3110/1041/1075
f 3110/1041/1075 3141/1091/1149 3142/1042/1150
f 1607/946/610 1638/994/641 1639/945/642
f 1639/945/642 1670/996/673 1671/947/674
f 1671/947/674 1702/997/705 1703/948/706
f 1703/948/706 1734/998/737 1735/949/738
f 1735/949/738 1766/999/769 1767/950/770
f 1767/950/770 1798/1000/801 1799/951/802
f 1799/951/802 1830/1001/833 1831/952/834
f 1831/952/834 1862/1002/865 1863/953/866
f 1863/953/866 1894/1003/895 1895/954/896
f 1895/954/896 1926/1004/925 1927/955/926
f 1927/955/926 1958/1005/955 1959/956/956
f 1959/956/956 1990/1006/985 1991/957/986
f 1991/957/986 2022/1007/1015 2023/958/1016
f 2023/958/1016 2054/1008/1045 2055/959/1046
f 2055/959/1046 2086/1009/1075 2087/960/1076
f 2087/960/1076 2118/1010/1105 2119/961/1106
f 2119/961/1106 2150/1011/641 2151/962/642
f 2151/962/642 2182/1012/673 2183/963/674
f 2183/963/674 2214/1013/705 2215/964/706
f 2215/964/706 2246/1014/737 2247/965/738
f 2247/965/738 2278/1015/769 2279/966/770
f 2279/966/770 2310/1016/801 2311/967/802
f 2311/967/802 2342/1017/833 2343/968/834
f 2343/968/834 2374/1018/865 2375/969/866
f 2375/969/866 2406/1019/895 2407/970/896
f 2407/970/896 2438/1020/925 2439/971/926
f 2439/971/926 2470/1021/955 2471/972/956
f 2471/972/956 2502/1022/985 2503/973/986
f 2503/973/986 2534/1023/1015 2535/974/1016
f 2535/974/1016 2566/1024/1045 2567/975/1046
f 2567/975/1046 2598/1025/1075 2599/976/1076
f 2599/976/1076 2630/1026/1105 2631/977/1106
f 2631/977/1106 2662/1027/641 2663/978/642
f 2663/978/642 2694/1028/673 2695/979/674
f 2695/979/674 2726/1029/705 2727/980/706
f 2727/980/706 2758/1030/737 2759/981/738
f 2759/981/738 2790/1031/769 2791/982/770
f 2791/982/770 2822/1032/801 2823/983/802
f 2823/983/802 2854/1033/833 2855/984/834
f 2855/984/834 2886/1034/865 2887/985/866
f 2887/985/866 2918/1035/895 2919/986/896
f 2919/986/896 2950/1036/925 2951/987/926
f 2951/987/926 2982/1037/955 2983/988/956
f 2983/988/956 3014/1038/985 3015/989/986
f 3015/989/986 3046/1039/1015 3047/990/1016
f 3047/990/1016 3078/1040/1045 3079/991/1046
f 3079/991/1046 3110/1041/1075 3111/992/1076
f 3111/992/1076 3142/1042/1150 3143/993/1151
f 1608/850/611 1639/945/642 1640/849/643
f 1640/849/643 1671/947/674 1672/852/675
f 1672/852/675 1703/948/706 1704/854/707
f 1704/854/707 1735/949/738 1736/856/739
f 1736/856/739 1767/950/770 1768/858/771
f 1768/858/771 1799/951/802 1800/860/803
f 1800/860/803 1831/952/834 1832/862/835
f 1832/862/835 1863/953/866 1864/864/867
f 1864/864/867 1895/954/896 1896/866/897
f 1896/866/897 1927/955/926 1928/868/927
f 1928/868/927 1959/956/956 1960/870/957
f 1960/870/957 1991/957/986 1992/872/987
f 1992/872/987 2023/958/1016 2024/874/1017
f 2024/874/1017 2055/959/1046 2056/876/1047
f 2056/876/1047 2087/960/1076 2088/878/1077
f 2088/878/1077 2119/961/1106 2120/880/1107
f 2120/880/1107 2151/962/642 2152/882/643
f 2152/882/643 2183/963/674 2184/884/675
f 2184/884/675 2215/964/706 2216/886/707
f 2216/886/707 2247/965/738 2248/888/739
f 2248/888/739 2279/966/770 2280/890/771
f 2280/890/771 2311/967/802 2312/892/803
f 2312/892/803 2343/968/834 2344/894/835
f 2344/894/835 2375/969/866 2376/896/867
f 2376/896/867 2407/970/896 2408/898/897
f 2408/898/897 2439/971/926 2440/900/927
f 2440/900/927 2471/972/956 2472/902/957
f 2472/902/957 2503/973/986 2504/904/987
f 2504/904/987 2535/974/1016 2536/906/1017
f 2536/906/1017 2567/975/1046 2568/908/1047
f 2568/908/1047 2599/976/1076 2600/910/1077
f 2600/910/1077 2631/977/1106 2632/912/1107
f 2632/912/1107 2663/978/642 2664/914/643
f 2664/914/643 2695/979/674 2696/916/675
f 2696/916/675 2727/980/706 2728/918/707
f 2728/918/707 2759/981/738 2760/920/739
f 2760/920/739 2791/982/770 2792/922/771
f 2792/922/771 2823/983/802 2824/924/803
f 2824/924/803 2855/984/834 2856/926/835
f 2856/926/835 2887/985/866 2888/928/867
f 2888/928/867 2919/986/896 2920/930/897
f 2920/930/897 2951/987/926 2952/932/927
f 2952/932/927 2983/988/956 2984/934/957
f 2984/934/957 3015/989/986 3016/936/987
f 3016/936/987 3047/990/1016 3048/938/1017
f 3048/938/1017 3079/991/1046 3080/940/1047
f 3080/940/1047 3111/992/1076 3112/942/1077
f 3112/942/1077 3143/993/1151 3144/944/1152
f 1577/848/580 1640/849/643 1609/851/612
f 1609/851/612 1672/852/675 1641/853/644
f 1641/853/644 1704/854/707 1673/855/676
f 1673/855/676 1736/856/739 1705/857/708
f 1705/857/708 1768/858/771 1737/859/740
f 1737/859/740 1800/860/803 1769/861/772
f 1769/861/772 1832/862/835 1801/863/804
f 1801/863/804 1864/864/867 1833/865/836
f 1833/865/836 1896/866/897 1865/867/868
f 1865/867/868 1928/868/927 1897/869/898
f 1897/869/898 1960/870/957 1929/871/928
f 1929/871/928 1992/872/987 1961/873/958
f 1961/873/958 2024/874/1017 1993/875/988
f 1993/875/988 2056/876/1047 2025/877/1018
f 2025/877/1018 2088/878/1077 2057/879/1048
f 2057/879/1048 2120/880/1107 2089/881/1078
f 2089/881/1078 2152/882/643 2121/883/612
f 2121/883/612 2184/884/675 2153/885/644
f 2153/885/644 2216/886/707 2185/887/676
f 2185/887/676 2248/888/739 2217/889/708
f 2217/889/708 2280/890/771 2249/891/740
f 2249/891/740 2312/892/803 2281/893/772
f 2281/893/772 2344/894/835 2313/895/804
f 2313/895/804 2376/896/867 2345/897/836
f 2345/897/836 2408/898/897 2377/899/868
f 2377/899/868 2440/900/927 2409/901/898
f 2409/901/898 2472/902/957 2441/903/928
f 2441/903/928 2504/904/987 2473/905/958
f 2473/905/958 2536/906/1017 2505/907/988
f 2505/907/988 2568/908/1047 2537/909/1018
f 2537/909/1018 2600/910/1077 2569/911/1048
f 2569/911/1048 2632/912/1107 2601/913/1078
f 2601/913/1078 2664/914/643 2633/915/612
f 2633/915/612 2696/916/675 2665/917/644
f 2665/917/644 2728/918/707 2697/919/1114
f 2697/919/1114 2760/920/739 2729/921/708
f 2729/921/708 2792/922/771 2761/923/740
f 2761/923/740 2824/924/803 2793/925/772
f 2793/925/772 2856/926/835 2825/927/804
f 2825/927/804 2888/928/867 2857/929/836
f 2857/929/836 2920/930/897 2889/931/868
f 2889/931/868 2952/932/927 2921/933/898
f 2921/933/898 2984/934/957 2953/935/928
f 2953/935/928 3016/936/987 2985/937/958
f 2985/937/958 3048/938/1017 3017/939/988
f 3017/939/988 3080/940/1047 3049/941/1018
f 3049/941/1018 3112/942/1077 3081/943/1048
f 3081/943/1048 3144/944/1152 3113/1680/1121
f 1577/848/580 1609/851/612 1610/849/613
f 1609/851/612 1641/853/644 1642/852/645
f 1641/853/644 1673/855/676 1674/854/677
f 1673/855/676 1705/857/708 1706/856/709
f 1705/857/708 1737/859/740 1738/858/741
f 1737/859/740 1769/861/772 1770/860/773
f 1769/861/772 1801/863/804 1802/862/805
f 1801/863/804 1833/865/836 1834/864/837
f 1833/865/836 1865/867/868 1866/866/869
f 1865/867/868 1897/869/898 1898/868/899
f 1897/869/898 1929/871/928 1930/870/929
f 1929/871/928 1961/873/958 1962/872/959
f 1961/873/958 1993/875/988 1994/874/989
f 1993/875/988 2025/877/1018 2026/876/1019
f 2025/877/1018 2057/879/1048 2058/878/1049
f 2057/879/1048 2089/881/1078 2090/880/1079
f 2089/881/1078 2121/883/612 2122/882/613
f 2121/883/612 2153/885/644 2154/884/645
f 2153/885/644 2185/887/676 2186/886/677
f 2185/887/676 2217/889/708 2218/888/709
f 2217/889/708 2249/891/740 2250/890/741
f 2249/891/740 2281/893/772 2282/892/773
f 2281/893/772 2313/895/804 2314/894/805
f 2313/895/804 2345/897/836 2346/896/837
f 2345/897/836 2377/899/868 2378/898/869
f 2377/899/868 2409/901/898 2410/900/899
f 2409/901/898 2441/903/928 2442/902/929
f 2441/903/928 2473/905/958 2474/904/959
f 2473/905/958 2505/907/988 2506/906/989
f 2505/907/988 2537/909/1018 2538/908/1019
f 2537/909/1018 2569/911/1048 2570/910/1049
f 2569/911/1048 2601/913/1078 2602/912/1079
f 2601/913/1078 2633/915/612 2634/914/613
f 2633/915/612 2665/917/644 2666/916/645
f 2665/917/644 2697/919/1114 2698/918/677
f 2697/919/1114 2729/921/708 2730/920/709
f 2729/921/708 2761/923/740 2762/922/741
f 2761/923/740 2793/925/772 2794/924/773
f 2793/925/772 2825/927/804 2826/926/805
f 2825/927/804 2857/929/836 2858/928/837
f 2857/929/836 2889/931/868 2890/930/869
f 2889/931/868 2921/933/898 2922/932/899
f 2921/933/898 2953/935/928 2954/934/929
f 2953/935/928 2985/937/958 2986/936/959
f 2985/937/958 3017/939/988 3018/938/989
f 3017/939/988 3049/941/1018 3050/940/1019
f 3049/941/1018 3081/943/1048 3082/942/1049
f 3081/943/1048 3113/1680/1121 3114/944/1122
f 1578/850/581 1610/849/613 1611/945/614
f 1610/849/613 1642/852/645 1643/947/646
f 1642/852/645 1674/854/677 1675/948/678
f 1674/854/677 1706/856/709 1707/949/710
f 1706/856/709 1738/858/741 1739/950/742
f 1738/858/741 1770/860/773 1771/951/774
f 1770/860/773 1802/862/805 1803/952/806
f 1802/862/805 1834/864/837 1835/953/838
f 1834/864/837 1866/866/869 1867/954/870
f 1866/866/869 1898/868/899 1899/955/900
f 1898/868/899 1930/870/929 1931/956/930
f 1930/870/929 1962/872/959 1963/957/960
f 1962/872/959 1994/874/989 1995/958/990
f 1994/874/989 2026/876/1019 2027/959/1020
f 2026/876/1019 2058/878/1049 2059/960/1050
f 2058/878/1049 2090/880/1079 2091/961/1080
f 2090/880/1079 2122/882/613 2123/962/614
f 2122/882/613 2154/884/645 2155/963/646
f 2154/884/645 2186/886/677 2187/964/678
f 2186/886/677 2218/888/709 2219/965/710
f 2218/888/709 2250/890/741 2251/966/742
f 2250/890/741 2282/892/773 2283/967/774
f 2282/892/773 2314/894/805 2315/968/806
f 2314/894/805 2346/896/837 2347/969/838
f 2346/896/837 2378/898/869 2379/970/870
f 2378/898/869 2410/900/899 2411/971/900
f 2410/900/899 2442/902/929 2443/972/930
f 2442/902/929 2474/904/959 2475/973/960
f 2474/904/959 2506/906/989 2507/974/990
f 2506/906/989 2538/908/1019 2539/975/1020
f 2538/908/1019 2570/910/1049 2571/976/1050
f 2570/910/1049 2602/912/1079 2603/977/1080
f 2602/912/1079 2634/914/613 2635/978/614
f 2634/914/613 2666/916/645 2667/979/646
f 2666/916/645 2698/918/677 2699/980/678
f 2698/918/677 2730/920/709 2731/981/710
f 2730/920/709 2762/922/741 2763/982/742
f 2762/922/741 2794/924/773 2795/983/774
f 2794/924/773 2826/926/805 2827/984/806
f 2826/926/805 2858/928/837 2859/985/838
f 2858/928/837 2890/930/869 2891/986/870
f 2890/930/869 2922/932/899 2923/987/900
f 2922/932/899 2954/934/929 2955/988/930
f 2954/934/929 2986/936/959 2987/989/960
f 2986/936/959 3018/938/989 3019/990/990
f 3018/938/989 3050/940/1019 3051/991/1020
f 3050/940/1019 3082/942/1049 3083/992/1050
f 3082/942/1049 3114/944/1122 3115/993/1123
f 1579/946/582 1611/945/614 1612/994/615
f 1611/945/614 1643/947/646 1644/996/647
f 1643/947/646 1675/948/678 1676/997/679
f 1675/948/678 1707/949/710 1708/998/711
f 1707/949/710 1739/950/742 1740/999/743
f 1739/950/742 1771/951/774 1772/1000/775
f 1771/951/774 1803/952/806 1804/1001/807
f 1803/952/806 1835/953/838 1836/1002/839
f 1835/953/838 1867/954/870 1868/1003/871
f 1867/954/870 1899/955/900 1900/1004/901
f 1899/955/900 1931/956/930 1932/1005/931
f 1931/956/930 1963/957/960 1964/1006/961
f 1963/957/960 1995/958/990 1996/1007/991
f 1995/958/990 2027/959/1020 2028/1008/1021
f 2027/959/1020 2059/960/1050 2060/1009/1051
f 2059/960/1050 2091/961/1080 2092/1010/1081
f 2091/961/1080 2123/962/614 2124/1011/615
f 2123/962/614 2155/963/646 2156/1012/647
f 2155/963/646 2187/964/678 2188/1013/679
f 2187/964/678 2219/965/710 2220/1014/711
f 2219/965/710 2251/966/742 2252/1015/743
f 2251/966/742 2283/967/774 2284/1016/775
f 2283/967/774 2315/968/806 2316/1017/807
f 2315/968/806 2347/969/838 2348/1018/839
f 2347/969/838 2379/970/870 2380/1019/871
f 2379/970/870 2411/971/900 2412/1020/901
f 2411/971/900 2443/972/930 2444/1021/931
f 2443/972/930 2475/973/960 2476/1022/961
f 2475/973/960 2507/974/990 2508/1023/991
f 2507/974/990 2539/975/1020 2540/1024/1021
f 2539/975/1020 2571/976/1050 2572/1025/1051
f 2571/976/1050 2603/977/1080 2604/1026/1081
f 2603/977/1080 2635/978/614 2636/1027/615
f 2635/978/614 2667/979/646 2668/1028/647
f 2667/979/646 2699/980/678 2700/1029/679
f 2699/980/678 2731/981/710 2732/1030/711
f 2731/981/710 2763/982/742 2764/1031/743
f 2763/982/742 2795/983/774 2796/1032/775
f 2795/983/774 2827/984/806 2828/1033/807
f 2827/984/806 2859/985/838 2860/1034/839
f 2859/985/838 2891/986/870 2892/1035/871
f 2891/986/870 2923/987/900 2924/1036/901
f 2923/987/900 2955/988/930 2956/1037/1117
f 2955/988/930 2987/989/960 2988/1038/961
f 2987/989/960 3019/990/990 3020/1039/991
f 3019/990/990 3051/991/1020 3052/1040/1021
f 3051/991/1020 3083/992/1050 3084/1041/1051
f 3083/992/1050 3115/993/1123 3116/1042/1124
f 1580/995/583 1612/994/615 1613/1043/616
f 1612/994/615 1644/996/647 1645/1045/648
f 1644/996/647 1676/997/679 1677/1046/680
f 1676/997/679 1708/998/711 1709/1047/712
f 1708/998/711 1740/999/743 1741/1048/744
f 1740/999/743 1772/1000/775 1773/1049/776
f 1772/1000/775 1804/1001/807 1805/1050/808
f 1804/1001/807 1836/1002/839 1837/1051/840
f 1836/1002/839 1868/1003/871 1869/1052/872
f 1868/1003/871 1900/1004/901 1901/1053/902
f 1900/1004/901 1932/1005/931 1933/1054/932
f 1932/1005/931 1964/1006/961 1965/1055/962
f 1964/1006/961 1996/1007/991 1997/1056/992
f 1996/1007/991 2028/1008/1021 2029/1057/1022
f 2028/1008/1021 2060/1009/1051 2061/1058/1052
f 2060/1009/1051 2092/1010/1081 2093/1059/1082
f 2092/1010/1081 2124/1011/615 2125/1060/616
f 2124/1011/615 2156/1012/647 2157/1061/648
f 2156/1012/647 2188/1013/679 2189/1062/680
f 2188/1013/679 2220/1014/711 2221/1063/712
f 2220/1014/711 2252/1015/743 2253/1064/744
f 2252/1015/743 2284/1016/775 2285/1065/776
f 2284/1016/775 2316/1017/807 2317/1066/808
f 2316/1017/807 2348/1018/839 2349/1067/840
f 2348/1018/839 2380/1019/871 2381/1068/872
f 2380/1019/871 2412/1020/901 2413/1069/902
f 2412/1020/901 2444/1021/931 2445/1070/932
f 2444/1021/931 2476/1022/961 2477/1071/962
f 2476/1022/961 2508/1023/991 2509/1072/1111
f 2508/1023/991 2540/1024/1021 2541/1073/1022
f 2540/1024/1021 2572/1025/1051 2573/1074/1052
f 2572/1025/1051 2604/1026/1081 2605/1075/1082
f 2604/1026/1081 2636/1027/615 2637/1076/616
f 2636/1027/615 2668/1028/647 2669/1077/648
f 2668/1028/647 2700/1029/679 2701/1078/680
f 2700/1029/679 2732/1030/711 2733/1079/712
f 2732/1030/711 2764/1031/743 2765/1080/744
f 2764/1031/743 2796/1032/775 2797/1081/776
f 2796/1032/775 2828/1033/807 2829/1082/808
f 2828/1033/807 2860/1034/839 2861/1083/840
f 2860/1034/839 2892/1035/871 2893/1084/872
f 2892/1035/871 2924/1036/901 2925/1085/902
f 2924/1036/901 2956/1037/1117 2957/1086/932
f 2956/1037/1117 2988/1038/961 2989/1087/962
f 2988/1038/961 3020/1039/991 3021/1088/1111
f 3020/1039/991 3052/1040/1021 3053/1089/1022
f 3052/1040/1021 3084/1041/1051 3085/1090/1052
f 3084/1041/1051 3116/1042/1124 3117/1091/1125
f 1581/1044/584 1613/1043/616 1614/1092/617
f 1613/1043/616 1645/1045/648 1646/1094/649
f 1645/1045/648 1677/1046/680 1678/1095/681
f 1677/1046/680 1709/1047/712 1710/1096/713
f 1709/1047/712 1741/1048/744 1742/1097/745
f 1741/1048/744 1773/1049/776 1774/1098/777
f 1773/1049/776 1805/1050/808 1806/1099/809
f 1805/1050/808 1837/1051/840 1838/1100/841
f 1837/1051/840 1869/1052/872 1870/1101/873
f 1869/1052/872 1901/1053/902 1902/1102/903
f 1901/1053/902 1933/1054/932 1934/1103/933
f 1933/1054/932 1965/1055/962 1966/1104/963
f 1965/1055/962 1997/1056/992 1998/1105/993
f 1997/1056/992 2029/1057/1022 2030/1106/1023
f 2029/1057/1022 2061/1058/1052 2062/1107/1053
f 2061/1058/1052 2093/1059/1082 2094/1108/1083
f 2093/1059/1082 2125/1060/616 2126/1109/617
f 2125/1060/616 2157/1061/648 2158/1110/649
f 2157/1061/648 2189/1062/680 2190/1111/681
f 2189/1062/680 2221/1063/712 2222/1112/713
f 2221/1063/712 2253/1064/744 2254/1113/745
f 2253/1064/744 2285/1065/776 2286/1114/777
f 2285/1065/776 2317/1066/808 2318/1115/809
f 2317/1066/808 2349/1067/840 2350/1116/841
f 2349/1067/840 2381/1068/872 2382/1117/873
f 2381/1068/872 2413/1069/902 2414/1118/903
f 2413/1069/902 2445/1070/932 2446/1119/933
f 2445/1070/932 2477/1071/962 2478/1120/963
f 2477/1071/962 2509/1072/1111 2510/1121/993
f 2509/1072/1111 2541/1073/1022 2542/1122/1023
f 2541/1073/1022 2573/1074/1052 2574/1123/1053
f 2573/1074/1052 2605/1075/1082 2606/1124/1083
f 2605/1075/1082 2637/1076/616 2638/1125/617
f 2637/1076/616 2669/1077/648 2670/1126/649
f 2669/1077/648 2701/1078/680 2702/1127/681
f 2701/1078/680 2733/1079/712 2734/1128/713
f 2733/1079/712 2765/1080/744 2766/1129/745
f 2765/1080/744 2797/1081/776 2798/1130/777
f 2797/1081/776 2829/1082/808 2830/1131/809
f 2829/1082/808 2861/1083/840 2862/1132/841
f 2861/1083/840 2893/1084/872 2894/1133/873
f 2893/1084/872 2925/1085/902 2926/1134/903
f 2925/1085/902 2957/1086/932 2958/1135/933
f 2957/1086/932 2989/1087/962 2990/1136/963
f 2989/1087/962 3021/1088/1111 3022/1137/993
f 3021/1088/1111 3053/1089/1022 3054/1138/1023
f 3053/1089/1022 3085/1090/1052 3086/1139/1053
f 3085/1090/1052 3117/1091/1125 3118/1140/1126
f 1582/1093/585 1614/1092/617 1615/1141/618
f 1614/1092/617 1646/1094/649 1647/1143/650
f 1646/1094/649 1678/1095/681 1679/1144/682
f 1678/1095/681 1710/1096/713 1711/1145/714
f 1710/1096/713 1742/1097/745 1743/1146/746
f 1742/1097/745 1774/1098/777 1775/1147/778
f 1774/1098/777 1806/1099/809 1807/1148/810
f 1806/1099/809 1838/1100/841 1839/1149/842
f 1838/1100/841 1870/1101/873 1871/1150/874
f 1870/1101/873 1902/1102/903 1903/1151/904
f 1902/1102/903 1934/1103/933 1935/1152/934
f 1934/1103/933 1966/1104/963 1967/1153/964
f 1966/1104/963 1998/1105/993 1999/1154/994
f 1998/1105/993 2030/1106/1023 2031/1155/1024
f 2030/1106/1023 2062/1107/1053 2063/1156/1054
f 2062/1107/1053 2094/1108/1083 2095/1157/1084
f 2094/1108/1083 2126/1109/617 2127/1158/618
f 2126/1109/617 2158/1110/649 2159/1159/650
f 2158/1110/649 2190/1111/681 2191/1160/682
f 2190/1111/681 2222/1112/713 2223/1161/714
f 2222/1112/713 2254/1113/745 2255/1162/746
f 2254/1113/745 2286/1114/777 2287/1163/778
f 2286/1114/777 2318/1115/809 2319/1164/810
f 2318/1115/809 2350/1116/841 2351/1165/842
f 2350/1116/841 2382/1117/873 2383/1166/874
f 2382/1117/873 2414/1118/903 2415/1167/904
f 2414/1118/903 2446/1119/933 2447/1168/934
f 2446/1119/933 2478/1120/963 2479/1169/964
f 2478/1120/963 2510/1121/993 2511/1170/994
f 2510/1121/993 2542/1122/1023 2543/1171/1024
f 2542/1122/1023 2574/1123/1053 2575/1172/1054
f 2574/1123/1053 2606/1124/1083 2607/1173/1084
f 2606/1124/1083 2638/1125/617 2639/1174/618
f 2638/1125/617 2670/1126/649 2671/1175/650
f 2670/1126/649 2702/1127/681 2703/1176/682
f 2702/1127/681 2734/1128/713 2735/1177/714
f 2734/1128/713 2766/1129/745 2767/1178/746
f 2766/1129/745 2798/1130/777 2799/1179/778
f 2798/1130/777 2830/1131/809 2831/1180/810
f 2830/1131/809 2862/1132/841 2863/1181/842
f 2862/1132/841 2894/1133/873 2895/1182/874
f 2894/1133/873 2926/1134/903 2927/1183/904
f 2926/1134/903 2958/1135/933 2959/1184/934
f 2958/1135/933 2990/1136/963 2991/1185/964
f 2990/1136/963 3022/1137/993 3023/1186/994
f 3022/1137/993 3054/1138/1023 3055/1187/1024
f 3054/1138/1023 3086/1139/1053 3087/1188/1054
f 3086/1139/1053 3118/1140/1126 3119/1189/1127
f 1583/1142/586 1615/1141/618 1616/1190/619
f 1615/1141/618 1647/1143/650 1648/1192/651
f 1647/1143/650 1679/1144/682 1680/1193/683
f 1679/1144/682 1711/1145/714 1712/1194/715
f 1711/1145/714 1743/1146/746 1744/1195/747
f 1743/1146/746 1775/1147/778 1776/1196/779
f 1775/1147/778 1807/1148/810 1808/1197/811
f 1807/1148/810 1839/1149/842 1840/1198/843
f 1839/1149/842 1871/1150/874 1872/1199/875
f 1871/1150/874 1903/1151/904 1904/1200/905
f 1903/1151/904 1935/1152/934 1936/1201/935
f 1935/1152/934 1967/1153/964 1968/1202/965
f 1967/1153/964 1999/1154/994 2000/1203/995
f 1999/1154/994 2031/1155/1024 2032/1204/1025
f 2031/1155/1024 2063/1156/1054 2064/1205/1055
f 2063/1156/1054 2095/1157/1084 2096/1206/1085
f 2095/1157/1084 2127/1158/618 2128/1207/619
f 2127/1158/618 2159/1159/650 2160/1208/651
f 2159/1159/650 2191/1160/682 2192/1209/683
f 2191/1160/682 2223/1161/714 2224/1210/715
f 2223/1161/714 2255/1162/746 2256/1211/747
f 2255/1162/746 2287/1163/778 2288/1212/779
f 2287/1163/778 2319/1164/810 2320/1213/811
f 2319/1164/810 2351/1165/842 2352/1214/843
f 2351/1165/842 2383/1166/874 2384/1215/875
f 2383/1166/874 2415/1167/904 2416/1216/905
f 2415/1167/904 2447/1168/934 2448/1217/935
f 2447/1168/934 2479/1169/964 2480/1218/965
f 2479/1169/964 2511/1170/994 2512/1219/995
f 2511/1170/994 2543/1171/1024 2544/1220/1025
f 2543/1171/1024 2575/1172/1054 2576/1221/1055
f 2575/1172/1054 2607/1173/1084 2608/1222/1085
f 2607/1173/1084 2639/1174/618 2640/1223/619
f 2639/1174/618 2671/1175/650 2672/1224/651
f 2671/1175/650 2703/1176/682 2704/1225/683
f 2703/1176/682 2735/1177/714 2736/1226/715
f 2735/1177/714 2767/1178/746 2768/1227/747
f 2767/1178/746 2799/1179/778 2800/1228/779
f 2799/1179/778 2831/1180/810 2832/1229/811
f 2831/1180/810 2863/1181/842 2864/1230/843
f 2863/1181/842 2895/1182/874 2896/1231/875
f 2895/1182/874 2927/1183/904 2928/1232/905
f 2927/1183/904 2959/1184/934 2960/1233/935
f 2959/1184/934 2991/1185/964 2992/1234/965
f 2991/1185/964 3023/1186/994 3024/1235/995
f 3023/1186/994 3055/1187/1024 3056/1236/1025
f 3055/1187/1024 3087/1188/1054 3088/1237/1055
f 3087/1188/1054 3119/1189/1127 3120/1238/1128
f 1584/1191/587 1616/1190/619 1617/1239/620
f 1616/1190/619 1648/1192/651 1649/1241/652
f 1648/1192/651 1680/1193/683 1681/1242/684
f 1680/1193/683 1712/1194/715 1713/1243/716
f 1712/1194/715 1744/1195/747 1745/1244/748
f 1744/1195/747 1776/1196/779 1777/1245/780
f 1776/1196/779 1808/1197/811 1809/1246/812
f 1808/1197/811 1840/1198/843 1841/1247/844
f 1840/1198/843 1872/1199/875 1873/1248/636
f 1872/1199/875 1904/1200/905 1905/1249/668
f 1904/1200/905 1936/1201/935 1937/1250/700
f 1936/1201/935 1968/1202/965 1969/1251/732
f 1968/1202/965 2000/1203/995 2001/1252/764
f 2000/1203/995 2032/1204/1025 2033/1253/796
f 2032/1204/1025 2064/1205/1055 2065/1254/828
f 2064/1205/1055 2096/1206/1085 2097/1255/860
f 2096/1206/1085 2128/1207/619 2129/1256/620
f 2128/1207/619 2160/1208/651 2161/1257/652
f 2160/1208/651 2192/1209/683 2193/1258/684
f 2192/1209/683 2224/1210/715 2225/1259/716
f 2224/1210/715 2256/1211/747 2257/1260/748
f 2256/1211/747 2288/1212/779 2289/1261/780
f 2288/1212/779 2320/1213/811 2321/1262/812
f 2320/1213/811 2352/1214/843 2353/1263/844
f 2352/1214/843 2384/1215/875 2385/1264/636
f 2384/1215/875 2416/1216/905 2417/1265/668
f 2416/1216/905 2448/1217/935 2449/1266/700
f 2448/1217/935 2480/1218/965 2481/1267/732
f 2480/1218/965 2512/1219/995 2513/1268/764
f 2512/1219/995 2544/1220/1025 2545/1269/796
f 2544/1220/1025 2576/1221/1055 2577/1270/828
f 2576/1221/1055 2608/1222/1085 2609/1271/860
f 2608/1222/1085 2640/1223/619 2641/1272/620
f 2640/1223/619 2672/1224/651 2673/1273/652
f 2672/1224/651 2704/1225/683 2705/1274/684
f 2704/1225/683 2736/1226/715 2737/1275/716
f 2736/1226/715 2768/1227/747 2769/1276/748
f 2768/1227/747 2800/1228/779 2801/1277/780
f 2800/1228/779 2832/1229/811 2833/1278/812
f 2832/1229/811 2864/1230/843 2865/1279/844
f 2864/1230/843 2896/1231/875 2897/1280/636
f 2896/1231/875 2928/1232/905 2929/1281/668
f 2928/1232/905 2960/1233/935 2961/1282/700
f 2960/1233/935 2992/1234/965 2993/1283/732
f 2992/1234/965 3024/1235/995 3025/1284/764
f 3024/1235/995 3056/1236/1025 3057/1285/796
f 3056/1236/1025 3088/1237/1055 3089/1286/828
f 3088/1237/1055 3120/1238/1128 3121/1287/1129
f 1585/1240/588 1617/1239/620 1618/1288/621
f 1617/1239/620 1649/1241/652 1650/1290/653
f 1649/1241/652 1681/1242/684 1682/1291/685
f 1681/1242/684 1713/1243/716 1714/1292/717
f 1713/1243/716 1745/1244/748 1746/1293/749
f 1745/1244/748 1777/1245/780 1778/1294/781
f 1777/1245/780 1809/1246/812 1810/1295/813
f 1809/1246/812 1841/1247/844 1842/1296/845
f 1841/1247/844 1873/1248/636 1874/1297/876
f 1873/1248/636 1905/1249/668 1906/1298/906
f 1905/1249/668 1937/1250/700 1938/1299/936
f 1937/1250/700 1969/1251/732 1970/1300/966
f 1969/1251/732 2001/1252/764 2002/1301/996
f 2001/1252/764 2033/1253/796 2034/1302/1026
f 2033/1253/796 2065/1254/828 2066/1303/1056
f 2065/1254/828 2097/1255/860 2098/1304/1086
f 2097/1255/860 2129/1256/620 2130/1305/621
f 2129/1256/620 2161/1257/652 2162/1306/653
f 2161/1257/652 2193/1258/684 2194/1307/685
f 2193/1258/684 2225/1259/716 2226/1308/717
f 2225/1259/716 2257/1260/748 2258/1309/749
f 2257/1260/748 2289/1261/780 2290/1310/781
f 2289/1261/780 2321/1262/812 2322/1311/813
f 2321/1262/812 2353/1263/844 2354/1312/845
f 2353/1263/844 2385/1264/636 2386/1313/876
f 2385/1264/636 2417/1265/668 2418/1314/906
f 2417/1265/668 2449/1266/700 2450/1315/936
f 2449/1266/700 2481/1267/732 2482/1316/966
f 2481/1267/732 2513/1268/764 2514/1317/996
f 2513/1268/764 2545/1269/796 2546/1318/1026
f 2545/1269/796 2577/1270/828 2578/1319/1056
f 2577/1270/828 2609/1271/860 2610/1320/1086
f 2609/1271/860 2641/1272/620 2642/1321/621
f 2641/1272/620 2673/1273/652 2674/1322/653
f 2673/1273/652 2705/1274/684 2706/1323/685
f 2705/1274/684 2737/1275/716 2738/1324/717
f 2737/1275/716 2769/1276/748 2770/1325/749
f 2769/1276/748 2801/1277/780 2802/1326/781
f 2801/1277/780 2833/1278/812 2834/1327/813
f 2833/1278/812 2865/1279/844 2866/1328/845
f 2865/1279/844 2897/1280/636 2898/1329/876
f 2897/1280/636 2929/1281/668 2930/1330/906
f 2929/1281/668 2961/1282/700 2962/1331/936
f 2961/1282/700 2993/1283/732 2994/1332/966
f 2993/1283/732 3025/1284/764 3026/1333/996
f 3025/1284/764 3057/1285/796 3058/1334/1026
f 3057/1285/796 3089/1286/828 3090/1335/1056
f 3089/1286/828 3121/1287/1129 3122/1336/1130
f 1586/1289/589 1618/1288/621 1619/1337/622
f 1618/1288/621 1650/1290/653 1651/1339/654
f 1650/1290/653 1682/1291/685 1683/1340/686
f 1682/1291/685 1714/1292/717 1715/1341/718
f 1714/1292/717 1746/1293/749 1747/1342/750
f 1746/1293/749 1778/1294/781 1779/1343/782
f 1778/1294/781 1810/1295/813 1811/1344/814
f 1810/1295/813 1842/1296/845 1843/1345/846
f 1842/1296/845 1874/1297/876 1875/1346/877
f 1874/1297/876 1906/1298/906 1907/1347/907
f 1906/1298/906 1938/1299/936 1939/1348/937
f 1938/1299/936 1970/1300/966 1971/1349/967
f 1970/1300/966 2002/1301/996 2003/1350/997
f 2002/1301/996 2034/1302/1026 2035/1351/1027
f 2034/1302/1026 2066/1303/1056 2067/1352/1057
f 2066/1303/1056 2098/1304/1086 2099/1353/1087
f 2098/1304/1086 2130/1305/621 2131/1354/622
f 2130/1305/621 2162/1306/653 2163/1355/654
f 2162/1306/653 2194/1307/685 2195/1356/686
f 2194/1307/685 2226/1308/717 2227/1357/718
f 2226/1308/717 2258/1309/749 2259/1358/750
f 2258/1309/749 2290/1310/781 2291/1359/782
f 2290/1310/781 2322/1311/813 2323/1360/814
f 2322/1311/813 2354/1312/845 2355/1361/846
f 2354/1312/845 2386/1313/876 2387/1362/877
f 2386/1313/876 2418/1314/906 2419/1363/907
f 2418/1314/906 2450/1315/936 2451/1364/937
f 2450/1315/936 2482/1316/966 2483/1365/967
f 2482/1316/966 2514/1317/996 2515/1366/997
f 2514/1317/996 2546/1318/1026 2547/1367/1027
f 2546/1318/1026 2578/1319/1056 2579/1368/1057
f 2578/1319/1056 2610/1320/1086 2611/1369/1087
f 2610/1320/1086 2642/1321/621 2643/1370/622
f 2642/1321/621 2674/1322/653 2675/1371/654
f 2674/1322/653 2706/1323/685 2707/1372/686
f 2706/1323/685 2738/1324/717 2739/1373/718
f 2738/1324/717 2770/1325/749 2771/1374/750
f 2770/1325/749 2802/1326/781 2803/1375/782
f 2802/1326/781 2834/1327/813 2835/1376/814
f 2834/1327/813 2866/1328/845 2867/1377/846
f 2866/1328/845 2898/1329/876 2899/1378/877
f 2898/1329/876 2930/1330/906 2931/1379/907
f 2930/1330/906 2962/1331/936 2963/1380/937
f 2962/1331/936 2994/1332/966 2995/1381/967
f 2994/1332/966 3026/1333/996 3027/1382/997
f 3026/1333/996 3058/1334/1026 3059/1383/1027
f 3058/1334/1026 3090/1335/1056 3091/1384/1057
f 3090/1335/1056 3122/1336/1130 3123/1385/1131
f 1587/1338/590 1619/1337/622 1620/1386/623
f 1619/1337/622 1651/1339/654 1652/1388/655
f 1651/1339/654 1683/1340/686 1684/1389/687
f 1683/1340/686 1715/1341/718 1716/1390/719
f 1715/1341/718 1747/1342/750 1748/1391/751
f 1747/1342/750 1779/1343/782 1780/1392/783
f 1779/1343/782 1811/1344/814 1812/1393/815
f 1811/1344/814 1843/1345/846 1844/1394/847
f 1843/1345/846 1875/1346/877 1876/1395/878
f 1875/1346/877 1907/1347/907 1908/1396/908
f 1907/1347/907 1939/1348/937 1940/1397/938
f 1939/1348/937 1971/1349/967 1972/1398/968
f 1971/1349/967 2003/1350/997 2004/1399/998
f 2003/1350/997 2035/1351/1027 2036/1400/1028
f 2035/1351/1027 2067/1352/1057 2068/1401/1058
f 2067/1352/1057 2099/1353/1087 2100/1402/1088
f 2099/1353/1087 2131/1354/622 2132/1403/623
f 2131/1354/622 2163/1355/654 2164/1404/655
f 2163/1355/654 2195/1356/686 2196/1405/687
f 2195/1356/686 2227/1357/718 2228/1406/719
f 2227/1357/718 2259/1358/750 2260/1407/751
f 2259/1358/750 2291/1359/782 2292/1408/783
f 2291/1359/782 2323/1360/814 2324/1409/815
f 2323/1360/814 2355/1361/846 2356/1410/847
f 2355/1361/846 2387/1362/877 2388/1411/878
f 2387/1362/877 2419/1363/907 2420/1412/908
f 2419/1363/907 2451/1364/937 2452/1413/938
f 2451/1364/937 2483/1365/967 2484/1414/968
f 2483/1365/967 2515/1366/997 2516/1415/998
f 2515/1366/997 2547/1367/1027 2548/1416/1028
f 2547/1367/1027 2579/1368/1057 2580/1417/1058
f 2579/1368/1057 2611/1369/1087 2612/1418/1088
f 2611/1369/1087 2643/1370/622 2644/1419/623
f 2643/1370/622 2675/1371/654 2676/1420/655
f 2675/1371/654 2707/1372/686 2708/1421/687
f 2707/1372/686 2739/1373/718 2740/1422/719
f 2739/1373/718 2771/1374/750 2772/1423/751
f 2771/1374/750 2803/1375/782 2804/1424/783
f 2803/1375/782 2835/1376/814 2836/1425/815
f 2835/1376/814 2867/1377/846 2868/1426/847
f 2867/1377/846 2899/1378/877 2900/1427/878
f 2899/1378/877 2931/1379/907 2932/1428/908
f 2931/1379/907 2963/1380/937 2964/1429/938
f 2963/1380/937 2995/1381/967 2996/1430/968
f 2995/1381/967 3027/1382/997 3028/1431/998
f 3027/1382/997 3059/1383/1027 3060/1432/1028
f 3059/1383/1027 3091/1384/1057 3092/1433/1058
f 3091/1384/1057 3123/1385/1131 3124/1434/1132
f 1588/1387/591 1620/1386/623 1621/1435/624
f 1620/1386/623 1652/1388/655 1653/1437/656
f 1652/1388/655 1684/1389/687 1685/1438/688
f 1684/1389/687 1716/1390/719 1717/1439/720
f 1716/1390/719 1748/1391/751 1749/1440/752
f 1748/1391/751 1780/1392/783 1781/1441/784
f 1780/1392/783 1812/1393/815 1813/1442/816
f 1812/1393/815 1844/1394/847 1845/1443/848
f 1844/1394/847 1876/1395/878 1877/1444/879
f 1876/1395/878 1908/1396/908 1909/1445/909
f 1908/1396/908 1940/1397/938 1941/1446/939
f 1940/1397/938 1972/1398/968 1973/1447/969
f 1972/1398/968 2004/1399/998 2005/1448/999
f 2004/1399/998 2036/1400/1028 2037/1449/1029
f 2036/1400/1028 2068/1401/1058 2069/1450/1059
f 2068/1401/1058 2100/1402/1088 2101/1451/1089
f 2100/1402/1088 2132/1403/623 2133/1452/624
f 2132/1403/623 2164/1404/655 2165/1453/656
f 2164/1404/655 2196/1405/687 2197/1454/688
f 2196/1405/687 2228/1406/719 2229/1455/720
f 2228/1406/719 2260/1407/751 2261/1456/752
f 2260/1407/751 2292/1408/783 2293/1457/784
f 2292/1408/783 2324/1409/815 2325/1458/816
f 2324/1409/815 2356/1410/847 2357/1459/848
f 2356/1410/847 2388/1411/878 2389/1460/879
f 2388/1411/878 2420/1412/908 2421/1461/909
f 2420/1412/908 2452/1413/938 2453/1462/939
f 2452/1413/938 2484/1414/968 2485/1463/969
f 2484/1414/968 2516/1415/998 2517/1464/999
f 2516/1415/998 2548/1416/1028 2549/1465/1029
f 2548/1416/1028 2580/1417/1058 2581/1466/1059
f 2580/1417/1058 2612/1418/1088 2613/1467/1089
f 2612/1418/1088 2644/1419/623 2645/1468/624
f 2644/1419/623 2676/1420/655 2677/1469/656
f 2676/1420/655 2708/1421/687 2709/1470/688
f 2708/1421/687 2740/1422/719 2741/1471/720
f 2740/1422/719 2772/1423/751 2773/1472/752
f 2772/1423/751 2804/1424/783 2805/1473/784
f 2804/1424/783 2836/1425/815 2837/1474/816
f 2836/1425/815 2868/1426/847 2869/1475/848
f 2868/1426/847 2900/1427/878 2901/1476/879
f 2900/1427/878 2932/1428/908 2933/1477/909
f 2932/1428/908 2964/1429/938 2965/1478/1118
f 2964/1429/938 2996/1430/968 2997/1479/969
f 2996/1430/968 3028/1431/998 3029/1480/999
f 3028/1431/998 3060/1432/1028 3061/1481/1029
f 3060/1432/1028 3092/1433/1058 3093/1482/1059
f 3092/1433/1058 3124/1434/1132 3125/1483/1133
f 1589/1436/592 1621/1435/624 1622/1484/625
f 1621/1435/624 1653/1437/656 1654/1486/657
f 1653/1437/656 1685/1438/688 1686/1487/689
f 1685/1438/688 1717/1439/720 1718/1488/721
f 1717/1439/720 1749/1440/752 1750/1489/753
f 1749/1440/752 1781/1441/784 1782/1490/785
f 1781/1441/784 1813/1442/816 1814/1491/817
f 1813/1442/816 1845/1443/848 1846/1492/849
f 1845/1443/848 1877/1444/879 1878/1493/880
f 1877/1444/879 1909/1445/909 1910/1494/910
f 1909/1445/909 1941/1446/939 1942/1495/940
f 1941/1446/939 1973/1447/969 1974/1496/970
f 1973/1447/969 2005/1448/999 2006/1497/1000
f 2005/1448/999 2037/1449/1029 2038/1498/1030
f 2037/1449/1029 2069/1450/1059 2070/1499/1060
f 2069/1450/1059 2101/1451/1089 2102/1500/1090
f 2101/1451/1089 2133/1452/624 2134/1501/625
f 2133/1452/624 2165/1453/656 2166/1502/657
f 2165/1453/656 2197/1454/688 2198/1503/689
f 2197/1454/688 2229/1455/720 2230/1504/721
f 2229/1455/720 2261/1456/752 2262/1505/753
f 2261/1456/752 2293/1457/784 2294/1506/785
f 2293/1457/784 2325/1458/816 2326/1507/817
f 2325/1458/816 2357/1459/848 2358/1508/849
f 2357/1459/848 2389/1460/879 2390/1509/880
f 2389/1460/879 2421/1461/909 2422/1510/910
f 2421/1461/909 2453/1462/939 2454/1511/940
f 2453/1462/939 2485/1463/969 2486/1512/970
f 2485/1463/969 2517/1464/999 2518/1513/1000
f 2517/1464/999 2549/1465/1029 2550/1514/1030
f 2549/1465/1029 2581/1466/1059 2582/1515/1060
f 2581/1466/1059 2613/1467/1089 2614/1516/1090
f 2613/1467/1089 2645/1468/624 2646/1517/625
f 2645/1468/624 2677/1469/656 2678/1518/657
f 2677/1469/656 2709/1470/688 2710/1519/689
f 2709/1470/688 2741/1471/720 2742/1520/721
f 2741/1471/720 2773/1472/752 2774/1521/753
f 2773/1472/752 2805/1473/784 2806/1522/785
f 2805/1473/784 2837/1474/816 2838/1523/817
f 2837/1474/816 2869/1475/848 2870/1524/849
f 2869/1475/848 2901/1476/879 2902/1525/880
f 2901/1476/879 2933/1477/909 2934/1526/910
f 2933/1477/909 2965/1478/1118 2966/1527/940
f 2965/1478/1118 2997/1479/969 2998/1528/970
f 2997/1479/969 3029/1480/999 3030/1529/1000
f 3029/1480/999 3061/1481/1029 3062/1530/1030
f 3061/1481/1029 3093/1482/1059 3094/1531/1060
f 3093/1482/1059 3125/1483/1133 3126/1532/1134
f 1590/1485/593 1622/1484/625 1623/1533/626
f 1622/1484/625 1654/1486/657 1655/1535/658
f 1654/1486/657 1686/1487/689 1687/1536/690
f 1686/1487/689 1718/1488/721 1719/1537/722
f 1718/1488/721 1750/1489/753 1751/1538/754
f 1750/1489/753 1782/1490/785 1783/1539/786
f 1782/1490/785 1814/1491/817 1815/1540/818
f 1814/1491/817 1846/1492/849 1847/1541/850
f 1846/1492/849 1878/1493/880 1879/1542/881
f 1878/1493/880 1910/1494/910 1911/1543/911
f 1910/1494/910 1942/1495/940 1943/1544/941
f 1942/1495/940 1974/1496/970 1975/1545/971
f 1974/1496/970 2006/1497/1000 2007/1546/1001
f 2006/1497/1000 2038/1498/1030 2039/1547/1031
f 2038/1498/1030 2070/1499/1060 2071/1548/1061
f 2070/1499/1060 2102/1500/1090 2103/1549/1091
f 2102/1500/1090 2134/1501/625 2135/1550/626
f 2134/1501/625 2166/1502/657 2167/1551/658
f 2166/1502/657 2198/1503/689 2199/1552/690
f 2198/1503/689 2230/1504/721 2231/1553/722
f 2230/1504/721 2262/1505/753 2263/1554/754
f 2262/1505/753 2294/1506/785 2295/1555/786
f 2294/1506/785 2326/1507/817 2327/1556/818
f 2326/1507/817 2358/1508/849 2359/1557/850
f 2358/1508/849 2390/1509/880 2391/1558/881
f 2390/1509/880 2422/1510/910 2423/1559/911
f 2422/1510/910 2454/1511/940 2455/1560/941
f 2454/1511/940 2486/1512/970 2487/1561/971
f 2486/1512/970 2518/1513/1000 2519/1562/1001
f 2518/1513/1000 2550/1514/1030 2551/1563/1031
f 2550/1514/1030 2582/1515/1060 2583/1564/1061
f 2582/1515/1060 2614/1516/1090 2615/1565/1091
f 2614/1516/1090 2646/1517/625 2647/1566/626
f 2646/1517/625 2678/1518/657 2679/1567/658
f 2678/1518/657 2710/1519/689 2711/1568/690
f 2710/1519/689 2742/1520/721 2743/1569/722
f 2742/1520/721 2774/1521/753 2775/1570/754
f 2774/1521/753 2806/1522/785 2807/1571/786
f 2806/1522/785 2838/1523/817 2839/1572/818
f 2838/1523/817 2870/1524/849 2871/1573/850
f 2870/1524/849 2902/1525/880 2903/1574/881
f 2902/1525/880 2934/1526/910 2935/1575/911
f 2934/1526/910 2966/1527/940 2967/1576/941
f 2966/1527/940 2998/1528/970 2999/1577/971
f 2998/1528/970 3030/1529/1000 3031/1578/1120
f 3030/1529/1000 3062/1530/1030 3063/1579/1031
f 3062/1530/1030 3094/1531/1060 3095/1580/1061
f 3094/1531/1060 3126/1532/1134 3127/1581/1135
f 1591/1534/594 1623/1533/626 1624/1582/627
f 1623/1533/626 1655/1535/658 1656/1584/659
f 1655/1535/658 1687/1536/690 1688/1585/691
f 1687/1536/690 1719/1537/722 1720/1586/723
f 1719/1537/722 1751/1538/754 1752/1587/755
f 1751/1538/754 1783/1539/786 1784/1588/787
f 1783/1539/786 1815/1540/818 1816/1589/819
f 1815/1540/818 1847/1541/850 1848/1590/851
f 1847/1541/850 1879/1542/881 1880/1591/882
f 1879/1542/881 1911/1543/911 1912/1592/912
f 1911/1543/911 1943/1544/941 1944/1593/942
f 1943/1544/941 1975/1545/971 1976/1594/972
f 1975/1545/971 2007/1546/1001 2008/1595/1002
f 2007/1546/1001 2039/1547/1031 2040/1596/1032
f 2039/1547/1031 2071/1548/1061 2072/1597/1062
f 2071/1548/1061 2103/1549/1091 2104/1598/1092
f 2103/1549/1091 2135/1550/626 2136/1599/627
f 2135/1550/626 2167/1551/658 2168/1600/659
f 2167/1551/658 2199/1552/690 2200/1601/691
f 2199/1552/690 2231/1553/722 2232/1602/723
f 2231/1553/722 2263/1554/754 2264/1603/755
f 2263/1554/754 2295/1555/786 2296/1604/787
f 2295/1555/786 2327/1556/818 2328/1605/819
f 2327/1556/818 2359/1557/850 2360/1606/851
f 2359/1557/850 2391/1558/881 2392/1607/882
f 2391/1558/881 2423/1559/911 2424/1608/912
f 2423/1559/911 2455/1560/941 2456/1609/942
f 2455/1560/941 2487/1561/971 2488/1610/972
f 2487/1561/971 2519/1562/1001 2520/1611/1002
f 2519/1562/1001 2551/1563/1031 2552/1612/1032
f 2551/1563/1031 2583/1564/1061 2584/1613/1062
f 2583/1564/1061 2615/1565/1091 2616/1614/1092
f 2615/1565/1091 2647/1566/626 2648/1615/627
f 2647/1566/626 2679/1567/658 2680/1616/659
f 2679/1567/658 2711/1568/690 2712/1617/691
f 2711/1568/690 2743/1569/722 2744/1618/723
f 2743/1569/722 2775/1570/754 2776/1619/755
f 2775/1570/754 2807/1571/786 2808/1620/787
f 2807/1571/786 2839/1572/818 2840/1621/819
f 2839/1572/818 2871/1573/850 2872/1622/851
f 2871/1573/850 2903/1574/881 2904/1623/882
f 2903/1574/881 2935/1575/911 2936/1624/912
f 2935/1575/911 2967/1576/941 2968/1625/942
f 2967/1576/941 2999/1577/971 3000/1626/972
f 2999/1577/971 3031/1578/1120 3032/1627/1002
f 3031/1578/1120 3063/1579/1031 3064/1628/1032
f 3063/1579/1031 3095/1580/1061 3096/1629/1062
f 3095/1580/1061 3127/1581/1135 3128/1630/1136
f 1592/1583/595 1624/1582/627 1625/1631/628
f 1624/1582/627 1656/1584/659 1657/1633/660
f 1656/1584/659 1688/1585/691 1689/1634/692
f 1688/1585/691 1720/1586/723 1721/1635/724
f 1720/1586/723 1752/1587/755 1753/1636/756
f 1752/1587/755 1784/1588/787 1785/1637/788
f 1784/1588/787 1816/1589/819 1817/1638/820
f 1816/1589/819 1848/1590/851 1849/1639/852
f 1848/1590/851 1880/1591/882 1881/1640/883
f 1880/1591/882 1912/1592/912 1913/1641/913
f 1912/1592/912 1944/1593/942 1945/1642/943
f 1944/1593/942 1976/1594/972 1977/1643/973
f 1976/1594/972 2008/1595/1002 2009/1644/1003
f 2008/1595/1002 2040/1596/1032 2041/1645/1033
f 2040/1596/1032 2072/1597/1062 2073/1646/1063
f 2072/1597/1062 2104/1598/1092 2105/1647/1093
f 2104/1598/1092 2136/1599/627 2137/1648/628
f 2136/1599/627 2168/1600/659 2169/1649/660
f 2168/1600/659 2200/1601/691 2201/1650/692
f 2200/1601/691 2232/1602/723 2233/1651/724
f 2232/1602/723 2264/1603/755 2265/1652/756
f 2264/1603/755 2296/1604/787 2297/1653/788
f 2296/1604/787 2328/1605/819 2329/1654/820
f 2328/1605/819 2360/1606/851 2361/1655/852
f 2360/1606/851 2392/1607/882 2393/1656/883
f 2392/1607/882 2424/1608/912 2425/1657/913
f 2424/1608/912 2456/1609/942 2457/1658/943
f 2456/1609/942 2488/1610/972 2489/1659/973
f 2488/1610/972 2520/1611/1002 2521/1660/1112
f 2520/1611/1002 2552/1612/1032 2553/1661/1033
f 2552/1612/1032 2584/1613/1062 2585/1662/1063
f 2584/1613/1062 2616/1614/1092 2617/1663/1093
f 2616/1614/1092 2648/1615/627 2649/1664/628
f 2648/1615/627 2680/1616/659 2681/1665/660
f 2680/1616/659 2712/1617/691 2713/1666/1115
f 2712/1617/691 2744/1618/723 2745/1667/724
f 2744/1618/723 2776/1619/755 2777/1668/756
f 2776/1619/755 2808/1620/787 2809/1669/788
f 2808/1620/787 2840/1621/819 2841/1670/820
f 2840/1621/819 2872/1622/851 2873/1671/852
f 2872/1622/851 2904/1623/882 2905/1672/883
f 2904/1623/882 2936/1624/912 2937/1673/913
f 2936/1624/912 2968/1625/942 2969/1674/943
f 2968/1625/942 3000/1626/972 3001/1675/973
f 3000/1626/972 3032/1627/1002 3033/1676/1003
f 3032/1627/1002 3064/1628/1032 3065/1677/1033
f 3064/1628/1032 3096/1629/1062 3097/1678/1063
f 3096/1629/1062 3128/1630/1136 3129/1679/1137
f 1594/1583/597 1593/1632/596 1625/1631/628
f 1626/1582/629 1625/1631/628 1657/1633/660
f 1658/1584/661 1657/1633/660 1689/1634/692
f 1690/1585/693 1689/1634/692 1721/1635/724
f 1722/1586/725 1721/1635/724 1753/1636/756
f 1754/1587/757 1753/1636/756 1785/1637/788
f 1786/1588/789 1785/1637/788 1817/1638/820
f 1818/1589/821 1817/1638/820 1849/1639/852
f 1850/1590/853 1849/1639/852 1881/1640/883
f 1882/1591/884 1881/1640/883 1913/1641/913
f 1914/1592/914 1913/1641/913 1945/1642/943
f 1946/1593/944 1945/1642/943 1977/1643/973
f 1978/1594/974 1977/1643/973 2009/1644/1003
f 2010/1595/1004 2009/1644/1003 2041/1645/1033
f 2042/1596/1034 2041/1645/1033 2073/1646/1063
f 2074/1597/1064 2073/1646/1063 2105/1647/1093
f 2106/1598/1094 2105/1647/1093 2137/1648/628
f 2138/1599/629 2137/1648/628 2169/1649/660
f 2170/1600/661 2169/1649/660 2201/1650/692
f 2202/1601/693 2201/1650/692 2233/1651/724
f 2234/1602/725 2233/1651/724 2265/1652/756
f 2266/1603/757 2265/1652/756 2297/1653/788
f 2298/1604/789 2297/1653/788 2329/1654/820
f 2330/1605/821 2329/1654/820 2361/1655/852
f 2362/1606/853 2361/1655/852 2393/1656/883
f 2394/1607/884 2393/1656/883 2425/1657/913
f 2426/1608/914 2425/1657/913 2457/1658/943
f 2458/1609/944 2457/1658/943 2489/1659/973
f 2490/1610/974 2489/1659/973 2521/1660/1112
f 2522/1611/1004 2521/1660/1112 2553/1661/1033
f 2554/1612/1034 2553/1661/1033 2585/1662/1063
f 2586/1613/1064 2585/1662/1063 2617/1663/1093
f 2618/1614/1094 2617/1663/1093 2649/1664/628
f 2650/1615/629 2649/1664/628 2681/1665/660
f 2682/1616/661 2681/1665/660 2713/1666/1115
f 2714/1617/693 2713/1666/1115 2745/1667/724
f 2746/1618/725 2745/1667/724 2777/1668/756
f 2778/1619/757 2777/1668/756 2809/1669/788
f 2810/1620/789 2809/1669/788 2841/1670/820
f 2842/1621/821 2841/1670/820 2873/1671/852
f 2874/1622/853 2873/1671/852 2905/1672/883
f 2906/1623/884 2905/1672/883 2937/1673/913
f 2938/1624/914 2937/1673/913 2969/1674/943
f 2970/1625/944 2969/1674/943 3001/1675/973
f 3002/1626/974 3001/1675/973 3033/1676/1003
f 3034/1627/1004 3033/1676/1003 3065/1677/1033
f 3066/1628/1034 3065/1677/1033 3097/1678/1063
f 3098/1629/1064 3097/1678/1063 3129/1679/1137
f 1595/1534/598 1594/1583/597 1626/1582/629
f 1627/1533/630 1626/1582/629 1658/1584/661
f 1659/1535/662 1658/1584/661 1690/1585/693
f 1691/1536/694 1690/1585/693 1722/1586/725
f 1723/1537/726 1722/1586/725 1754/1587/757
f 1755/1538/758 1754/1587/757 1786/1588/789
f 1787/1539/790 1786/1588/789 1818/1589/821
f 1819/1540/822 1818/1589/821 1850/1590/853
f 1851/1541/854 1850/1590/853 1882/1591/884
f 1883/1542/885 1882/1591/884 1914/1592/914
f 1915/1543/915 1914/1592/914 1946/1593/944
f 1947/1544/945 1946/1593/944 1978/1594/974
f 1979/1545/975 1978/1594/974 2010/1595/1004
f 2011/1546/1005 2010/1595/1004 2042/1596/1034
f 2043/1547/1035 2042/1596/1034 2074/1597/1064
f 2075/1548/1065 2074/1597/1064 2106/1598/1094
f 2107/1549/1095 2106/1598/1094 2138/1599/629
f 2139/1550/630 2138/1599/629 2170/1600/661
f 2171/1551/662 2170/1600/661 2202/1601/693
f 2203/1552/694 2202/1601/693 2234/1602/725
f 2235/1553/726 2234/1602/725 2266/1603/757
f 2267/1554/758 2266/1603/757 2298/1604/789
f 2299/1555/790 2298/1604/789 2330/1605/821
f 2331/1556/822 2330/1605/821 2362/1606/853
f 2363/1557/854 2362/1606/853 2394/1607/884
f 2395/1558/885 2394/1607/884 2426/1608/914
f 2427/1559/915 2426/1608/914 2458/1609/944
f 2459/1560/945 2458/1609/944 2490/1610/974
f 2491/1561/975 2490/1610/974 2522/1611/1004
f 2523/1562/1005 2522/1611/1004 2554/1612/1034
f 2555/1563/1035 2554/1612/1034 2586/1613/1064
f 2587/1564/1065 2586/1613/1064 2618/1614/1094
f 2619/1565/1095 2618/1614/1094 2650/1615/629
f 2651/1566/630 2650/1615/629 2682/1616/661
f 2683/1567/662 2682/1616/661 2714/1617/693
f 2715/1568/694 2714/1617/693 2746/1618/725
f 2747/1569/726 2746/1618/725 2778/1619/757
f 2779/1570/758 2778/1619/757 2810/1620/789
f 2811/1571/790 2810/1620/789 2842/1621/821
f 2843/1572/822 2842/1621/821 2874/1622/853
f 2875/1573/854 2874/1622/853 2906/1623/884
f 2907/1574/885 2906/1623/884 2938/1624/914
f 2939/1575/915 2938/1624/914 2970/1625/944
f 2971/1576/945 2970/1625/944 3002/1626/974
f 3003/1577/975 3002/1626/974 3034/1627/1004
f 3035/1578/1005 3034/1627/1004 3066/1628/1034
f 3067/1579/1035 3066/1628/1034 3098/1629/1064
f 3099/1580/1065 3098/1629/1064 3130/1630/1138
f 1596/1485/599 1595/1534/598 1627/1533/630
f 1628/1484/631 1627/1533/630 1659/1535/662
f 1660/1486/663 1659/1535/662 1691/1536/694
f 1692/1487/695 1691/1536/694 1723/1537/726
f 1724/1488/727 1723/1537/726 1755/1538/758
f 1756/1489/759 1755/1538/758 1787/1539/790
f 1788/1490/791 1787/1539/790 1819/1540/822
f 1820/1491/823 1819/1540/822 1851/1541/854
f 1852/1492/855 1851/1541/854 1883/1542/885
f 1884/1493/886 1883/1542/885 1915/1543/915
f 1916/1494/916 1915/1543/915 1947/1544/945
f 1948/1495/946 1947/1544/945 1979/1545/975
f 1980/1496/976 1979/1545/975 2011/1546/1005
f 2012/1497/1006 2011/1546/1005 2043/1547/1035
f 2044/1498/1036 2043/1547/1035 2075/1548/1065
f 2076/1499/1066 2075/1548/1065 2107/1549/1095
f 2108/1500/1096 2107/1549/1095 2139/1550/630
f 2140/1501/631 2139/1550/630 2171/1551/662
f 2172/1502/663 2171/1551/662 2203/1552/694
f 2204/1503/695 2203/1552/694 2235/1553/726
f 2236/1504/727 2235/1553/726 2267/1554/758
f 2268/1505/759 2267/1554/758 2299/1555/790
f 2300/1506/791 2299/1555/790 2331/1556/822
f 2332/1507/823 2331/1556/822 2363/1557/854
f 2364/1508/855 2363/1557/854 2395/1558/885
f 2396/1509/886 2395/1558/885 2427/1559/915
f 2428/1510/916 2427/1559/915 2459/1560/945
f 2460/1511/946 2459/1560/945 2491/1561/975
f 2492/1512/976 2491/1561/975 2523/1562/1005
f 2524/1513/1006 2523/1562/1005 2555/1563/1035
f 2556/1514/1036 2555/1563/1035 2587/1564/1065
f 2588/1515/1066 2587/1564/1065 2619/1565/1095
f 2620/1516/1096 2619/1565/1095 2651/1566/630
f 2652/1517/631 2651/1566/630 2683/1567/662
f 2684/1518/663 2683/1567/662 2715/1568/694
f 2716/1519/695 2715/1568/694 2747/1569/726
f 2748/1520/727 2747/1569/726 2779/1570/758
f 2780/1521/759 2779/1570/758 2811/1571/790
f 2812/1522/791 2811/1571/790 2843/1572/822
f 2844/1523/823 2843/1572/822 2875/1573/854
f 2876/1524/855 2875/1573/854 2907/1574/885
f 2908/1525/886 2907/1574/885 2939/1575/915
f 2940/1526/916 2939/1575/915 2971/1576/945
f 2972/1527/946 2971/1576/945 3003/1577/975
f 3004/1528/976 3003/1577/975 3035/1578/1005
f 3036/1529/1006 3035/1578/1005 3067/1579/1035
f 3068/1530/1036 3067/1579/1035 3099/1580/1065
f 3100/1531/1066 3099/1580/1065 3131/1581/1139
f 1597/1436/600 1596/1485/599 1628/1484/631
f 1629/1435/632 1628/1484/631 1660/1486/663
f 1661/1437/664 1660/1486/663 1692/1487/695
f 1693/1438/696 1692/1487/695 1724/1488/727
f 1725/1439/728 1724/1488/727 1756/1489/759
f 1757/1440/760 1756/1489/759 1788/1490/791
f 1789/1441/792 1788/1490/791 1820/1491/823
f 1821/1442/824 1820/1491/823 1852/1492/855
f 1853/1443/856 1852/1492/855 1884/1493/886
f 1885/1444/887 1884/1493/886 1916/1494/916
f 1917/1445/917 1916/1494/916 1948/1495/946
f 1949/1446/947 1948/1495/946 1980/1496/976
f 1981/1447/977 1980/1496/976 2012/1497/1006
f 2013/1448/1007 2012/1497/1006 2044/1498/1036
f 2045/1449/1037 2044/1498/1036 2076/1499/1066
f 2077/1450/1067 2076/1499/1066 2108/1500/1096
f 2109/1451/1097 2108/1500/1096 2140/1501/631
f 2141/1452/632 2140/1501/631 2172/1502/663
f 2173/1453/664 2172/1502/663 2204/1503/695
f 2205/1454/696 2204/1503/695 2236/1504/727
f 2237/1455/728 2236/1504/727 2268/1505/759
f 2269/1456/760 2268/1505/759 2300/1506/791
f 2301/1457/792 2300/1506/791 2332/1507/823
f 2333/1458/824 2332/1507/823 2364/1508/855
f 2365/1459/856 2364/1508/855 2396/1509/886
f 2397/1460/887 2396/1509/886 2428/1510/916
f 2429/1461/917 2428/1510/916 2460/1511/946
f 2461/1462/947 2460/1511/946 2492/1512/976
f 2493/1463/977 2492/1512/976 2524/1513/1006
f 2525/1464/1007 2524/1513/1006 2556/1514/1036
f 2557/1465/1037 2556/1514/1036 2588/1515/1066
f 2589/1466/1067 2588/1515/1066 2620/1516/1096
f 2621/1467/1097 2620/1516/1096 2652/1517/631
f 2653/1468/632 2652/1517/631 2684/1518/663
f 2685/1469/664 2684/1518/663 2716/1519/695
f 2717/1470/696 2716/1519/695 2748/1520/727
f 2749/1471/728 2748/1520/727 2780/1521/759
f 2781/1472/760 2780/1521/759 2812/1522/791
f 2813/1473/792 2812/1522/791 2844/1523/823
f 2845/1474/824 2844/1523/823 2876/1524/855
f 2877/1475/856 2876/1524/855 2908/1525/886
f 2909/1476/887 2908/1525/886 2940/1526/916
f 2941/1477/917 2940/1526/916 2972/1527/946
f 2973/1478/947 2972/1527/946 3004/1528/976
f 3005/1479/977 3004/1528/976 3036/1529/1006
f 3037/1480/1007 3036/1529/1006 3068/1530/1036
f 3069/1481/1037 3068/1530/1036 3100/1531/1066
f 3101/1482/1067 3100/1531/1066 3132/1532/1140
f 1598/1387/601 1597/1436/600 1629/1435/632
f 1630/1386/633 1629/1435/632 1661/1437/664
f 1662/1388/665 1661/1437/664 1693/1438/696
f 1694/1389/697 1693/1438/696 1725/1439/728
f 1726/1390/729 1725/1439/728 1757/1440/760
f 1758/1391/761 1757/1440/760 1789/1441/792
f 1790/1392/793 1789/1441/792 1821/1442/824
f 1822/1393/825 1821/1442/824 1853/1443/856
f 1854/1394/857 1853/1443/856 1885/1444/887
f 1886/1395/888 1885/1444/887 1917/1445/917
f 1918/1396/918 1917/1445/917 1949/1446/947
f 1950/1397/948 1949/1446/947 1981/1447/977
f 1982/1398/978 1981/1447/977 2013/1448/1007
f 2014/1399/1008 2013/1448/1007 2045/1449/1037
f 2046/1400/1038 2045/1449/1037 2077/1450/1067
f 2078/1401/1068 2077/1450/1067 2109/1451/1097
f 2110/1402/1098 2109/1451/1097 2141/1452/632
f 2142/1403/633 2141/1452/632 2173/1453/664
f 2174/1404/665 2173/1453/664 2205/1454/696
f 2206/1405/697 2205/1454/696 2237/1455/728
f 2238/1406/729 2237/1455/728 2269/1456/760
f 2270/1407/761 2269/1456/760 2301/1457/792
f 2302/1408/793 2301/1457/792 2333/1458/824
f 2334/1409/825 2333/1458/824 2365/1459/856
f 2366/1410/857 2365/1459/856 2397/1460/887
f 2398/1411/888 2397/1460/887 2429/1461/917
f 2430/1412/918 2429/1461/917 2461/1462/947
f 2462/1413/948 2461/1462/947 2493/1463/977
f 2494/1414/978 2493/1463/977 2525/1464/1007
f 2526/1415/1008 2525/1464/1007 2557/1465/1037
f 2558/1416/1038 2557/1465/1037 2589/1466/1067
f 2590/1417/1068 2589/1466/1067 2621/1467/1097
f 2622/1418/1098 2621/1467/1097 2653/1468/632
f 2654/1419/633 2653/1468/632 2685/1469/664
f 2686/1420/665 2685/1469/664 2717/1470/696
f 2718/1421/697 2717/1470/696 2749/1471/728
f 2750/1422/729 2749/1471/728 2781/1472/760
f 2782/1423/761 2781/1472/760 2813/1473/792
f 2814/1424/793 2813/1473/792 2845/1474/824
f 2846/1425/825 2845/1474/824 2877/1475/856
f 2878/1426/857 2877/1475/856 2909/1476/887
f 2910/1427/888 2909/1476/887 2941/1477/917
f 2942/1428/918 2941/1477/917 2973/1478/947
f 2974/1429/948 2973/1478/947 3005/1479/977
f 3006/1430/978 3005/1479/977 3037/1480/1007
f 3038/1431/1008 3037/1480/1007 3069/1481/1037
f 3070/1432/1038 3069/1481/1037 3101/1482/1067
f 3102/1433/1068 3101/1482/1067 3133/1483/1141
f 1599/1338/602 1598/1387/601 1630/1386/633
f 1631/1337/634 1630/1386/633 1662/1388/665
f 1663/1339/666 1662/1388/665 1694/1389/697
f 1695/1340/698 1694/1389/697 1726/1390/729
f 1727/1341/730 1726/1390/729 1758/1391/761
f 1759/1342/762 1758/1391/761 1790/1392/793
f 1791/1343/794 1790/1392/793 1822/1393/825
f 1823/1344/826 1822/1393/825 1854/1394/857
f 1855/1345/858 1854/1394/857 1886/1395/888
f 1887/1346/889 1886/1395/888 1918/1396/918
f 1919/1347/919 1918/1396/918 1950/1397/948
f 1951/1348/949 1950/1397/948 1982/1398/978
f 1983/1349/979 1982/1398/978 2014/1399/1008
f 2015/1350/1009 2014/1399/1008 2046/1400/1038
f 2047/1351/1039 2046/1400/1038 2078/1401/1068
f 2079/1352/1069 2078/1401/1068 2110/1402/1098
f 2111/1353/1099 2110/1402/1098 2142/1403/633
f 2143/1354/634 2142/1403/633 2174/1404/665
f 2175/1355/666 2174/1404/665 2206/1405/697
f 2207/1356/698 2206/1405/697 2238/1406/729
f 2239/1357/730 2238/1406/729 2270/1407/761
f 2271/1358/762 2270/1407/761 2302/1408/793
f 2303/1359/794 2302/1408/793 2334/1409/825
f 2335/1360/826 2334/1409/825 2366/1410/857
f 2367/1361/858 2366/1410/857 2398/1411/888
f 2399/1362/889 2398/1411/888 2430/1412/918
f 2431/1363/919 2430/1412/918 2462/1413/948
f 2463/1364/949 2462/1413/948 2494/1414/978
f 2495/1365/979 2494/1414/978 2526/1415/1008
f 2527/1366/1009 2526/1415/1008 2558/1416/1038
f 2559/1367/1039 2558/1416/1038 2590/1417/1068
f 2591/1368/1069 2590/1417/1068 2622/1418/1098
f 2623/1369/1099 2622/1418/1098 2654/1419/633
f 2655/1370/634 2654/1419/633 2686/1420/665
f 2687/1371/666 2686/1420/665 2718/1421/697
f 2719/1372/698 2718/1421/697 2750/1422/729
f 2751/1373/730 2750/1422/729 2782/1423/761
f 2783/1374/762 2782/1423/761 2814/1424/793
f 2815/1375/794 2814/1424/793 2846/1425/825
f 2847/1376/826 2846/1425/825 2878/1426/857
f 2879/1377/858 2878/1426/857 2910/1427/888
f 2911/1378/889 2910/1427/888 2942/1428/918
f 2943/1379/919 2942/1428/918 2974/1429/948
f 2975/1380/949 2974/1429/948 3006/1430/978
f 3007/1381/979 3006/1430/978 3038/1431/1008
f 3039/1382/1009 3038/1431/1008 3070/1432/1038
f 3071/1383/1039 3070/1432/1038 3102/1433/1068
f 3103/1384/1069 3102/1433/1068 3134/1434/1142
f 1600/1289/603 1599/1338/602 1631/1337/634
f 1632/1288/635 1631/1337/634 1663/1339/666
f 1664/1290/667 1663/1339/666 1695/1340/698
f 1696/1291/699 1695/1340/698 1727/1341/730
f 1728/1292/731 1727/1341/730 1759/1342/762
f 1760/1293/763 1759/1342/762 1791/1343/794
f 1792/1294/795 1791/1343/794 1823/1344/826
f 1824/1295/827 1823/1344/826 1855/1345/858
f 1856/1296/859 1855/1345/858 1887/1346/889
f 1888/1297/890 1887/1346/889 1919/1347/919
f 1920/1298/920 1919/1347/919 1951/1348/949
f 1952/1299/950 1951/1348/949 1983/1349/979
f 1984/1300/980 1983/1349/979 2015/1350/1009
f 2016/1301/1010 2015/1350/1009 2047/1351/1039
f 2048/1302/1040 2047/1351/1039 2079/1352/1069
f 2080/1303/1070 2079/1352/1069 2111/1353/1099
f 2112/1304/1100 2111/1353/1099 2143/1354/634
f 2144/1305/635 2143/1354/634 2175/1355/666
f 2176/1306/667 2175/1355/666 2207/1356/698
f 2208/1307/699 2207/1356/698 2239/1357/730
f 2240/1308/1108 2239/1357/730 2271/1358/762
f 2272/1309/763 2271/1358/762 2303/1359/794
f 2304/1310/795 2303/1359/794 2335/1360/826
f 2336/1311/827 2335/1360/826 2367/1361/858
f 2368/1312/859 2367/1361/858 2399/1362/889
f 2400/1313/890 2399/1362/889 2431/1363/919
f 2432/1314/920 2431/1363/919 2463/1364/949
f 2464/1315/950 2463/1364/949 2495/1365/979
f 2496/1316/980 2495/1365/979 2527/1366/1009
f 2528/1317/1010 2527/1366/1009 2559/1367/1039
f 2560/1318/1040 2559/1367/1039 2591/1368/1069
f 2592/1319/1070 2591/1368/1069 2623/1369/1099
f 2624/1320/1100 2623/1369/1099 2655/1370/634
f 2656/1321/635 2655/1370/634 2687/1371/666
f 2688/1322/667 2687/1371/666 2719/1372/698
f 2720/1323/699 2719/1372/698 2751/1373/730
f 2752/1324/731 2751/1373/730 2783/1374/762
f 2784/1325/763 2783/1374/762 2815/1375/794
f 2816/1326/795 2815/1375/794 2847/1376/826
f 2848/1327/827 2847/1376/826 2879/1377/858
f 2880/1328/1116 2879/1377/858 2911/1378/889
f 2912/1329/890 2911/1378/889 2943/1379/919
f 2944/1330/920 2943/1379/919 2975/1380/949
f 2976/1331/950 2975/1380/949 3007/1381/979
f 3008/1332/980 3007/1381/979 3039/1382/1009
f 3040/1333/1010 3039/1382/1009 3071/1383/1039
f 3072/1334/1040 3071/1383/1039 3103/1384/1069
f 3104/1335/1070 3103/1384/1069 3135/1385/1143
f 1601/1240/604 1600/1289/603 1632/1288/635
f 1633/1239/636 1632/1288/635 1664/1290/667
f 1665/1241/668 1664/1290/667 1696/1291/699
f 1697/1242/700 1696/1291/699 1728/1292/731
f 1729/1243/732 1728/1292/731 1760/1293/763
f 1761/1244/764 1760/1293/763 1792/1294/795
f 1793/1245/796 1792/1294/795 1824/1295/827
f 1825/1246/828 1824/1295/827 1856/1296/859
f 1857/1247/860 1856/1296/859 1888/1297/890
f 1889/1248/620 1888/1297/890 1920/1298/920
f 1921/1249/652 1920/1298/920 1952/1299/950
f 1953/1250/684 1952/1299/950 1984/1300/980
f 1985/1251/716 1984/1300/980 2016/1301/1010
f 2017/1252/748 2016/1301/1010 2048/1302/1040
f 2049/1253/780 2048/1302/1040 2080/1303/1070
f 2081/1254/812 2080/1303/1070 2112/1304/1100
f 2113/1255/844 2112/1304/1100 2144/1305/635
f 2145/1256/636 2144/1305/635 2176/1306/667
f 2177/1257/668 2176/1306/667 2208/1307/699
f 2209/1258/700 2208/1307/699 2240/1308/1108
f 2241/1259/732 2240/1308/1108 2272/1309/763
f 2273/1260/764 2272/1309/763 2304/1310/795
f 2305/1261/796 2304/1310/795 2336/1311/827
f 2337/1262/828 2336/1311/827 2368/1312/859
f 2369/1263/860 2368/1312/859 2400/1313/890
f 2401/1264/620 2400/1313/890 2432/1314/920
f 2433/1265/652 2432/1314/920 2464/1315/950
f 2465/1266/684 2464/1315/950 2496/1316/980
f 2497/1267/716 2496/1316/980 2528/1317/1010
f 2529/1268/748 2528/1317/1010 2560/1318/1040
f 2561/1269/780 2560/1318/1040 2592/1319/1070
f 2593/1270/812 2592/1319/1070 2624/1320/1100
f 2625/1271/844 2624/1320/1100 2656/1321/635
f 2657/1272/636 2656/1321/635 2688/1322/667
f 2689/1273/668 2688/1322/667 2720/1323/699
f 2721/1274/700 2720/1323/699 2752/1324/731
f 2753/1275/732 2752/1324/731 2784/1325/763
f 2785/1276/764 2784/1325/763 2816/1326/795
f 2817/1277/796 2816/1326/795 2848/1327/827
f 2849/1278/828 2848/1327/827 2880/1328/1116
f 2881/1279/860 2880/1328/1116 2912/1329/890
f 2913/1280/620 2912/1329/890 2944/1330/920
f 2945/1281/652 2944/1330/920 2976/1331/950
f 2977/1282/684 2976/1331/950 3008/1332/980
f 3009/1283/716 3008/1332/980 3040/1333/1010
f 3041/1284/748 3040/1333/1010 3072/1334/1040
f 3073/1285/780 3072/1334/1040 3104/1335/1070
f 3105/1286/812 3104/1335/1070 3136/1336/1144
f 1602/1191/605 1601/1240/604 1633/1239/636
f 1634/1190/637 1633/1239/636 1665/1241/668
f 1666/1192/669 1665/1241/668 1697/1242/700
f 1698/1193/701 1697/1242/700 1729/1243/732
f 1730/1194/733 1729/1243/732 1761/1244/764
f 1762/1195/765 1761/1244/764 1793/1245/796
f 1794/1196/797 1793/1245/796 1825/1246/828
f 1826/1197/829 1825/1246/828 1857/1247/860
f 1858/1198/861 1857/1247/860 1889/1248/620
f 1890/1199/891 1889/1248/620 1921/1249/652
f 1922/1200/921 1921/1249/652 1953/1250/684
f 1954/1201/951 1953/1250/684 1985/1251/716
f 1986/1202/981 1985/1251/716 2017/1252/748
f 2018/1203/1011 2017/1252/748 2049/1253/780
f 2050/1204/1041 2049/1253/780 2081/1254/812
f 2082/1205/1071 2081/1254/812 2113/1255/844
f 2114/1206/1101 2113/1255/844 2145/1256/636
f 2146/1207/637 2145/1256/636 2177/1257/668
f 2178/1208/669 2177/1257/668 2209/1258/700
f 2210/1209/701 2209/1258/700 2241/1259/732
f 2242/1210/1109 2241/1259/732 2273/1260/764
f 2274/1211/765 2273/1260/764 2305/1261/796
f 2306/1212/797 2305/1261/796 2337/1262/828
f 2338/1213/829 2337/1262/828 2369/1263/860
f 2370/1214/1110 2369/1263/860 2401/1264/620
f 2402/1215/891 2401/1264/620 2433/1265/652
f 2434/1216/921 2433/1265/652 2465/1266/684
f 2466/1217/951 2465/1266/684 2497/1267/716
f 2498/1218/981 2497/1267/716 2529/1268/748
f 2530/1219/1011 2529/1268/748 2561/1269/780
f 2562/1220/1041 2561/1269/780 2593/1270/812
f 2594/1221/1071 2593/1270/812 2625/1271/844
f 2626/1222/1113 2625/1271/844 2657/1272/636
f 2658/1223/637 2657/1272/636 2689/1273/668
f 2690/1224/669 2689/1273/668 2721/1274/700
f 2722/1225/701 2721/1274/700 2753/1275/732
f 2754/1226/1109 2753/1275/732 2785/1276/764
f 2786/1227/765 2785/1276/764 2817/1277/796
f 2818/1228/797 2817/1277/796 2849/1278/828
f 2850/1229/829 2849/1278/828 2881/1279/860
f 2882/1230/861 2881/1279/860 2913/1280/620
f 2914/1231/891 2913/1280/620 2945/1281/652
f 2946/1232/921 2945/1281/652 2977/1282/684
f 2978/1233/951 2977/1282/684 3009/1283/716
f 3010/1234/1119 3009/1283/716 3041/1284/748
f 3042/1235/1011 3041/1284/748 3073/1285/780
f 3074/1236/1041 3073/1285/780 3105/1286/812
f 3106/1237/1071 3105/1286/812 3137/1287/1145
f 1603/1142/606 1602/1191/605 1634/1190/637
f 1635/1141/638 1634/1190/637 1666/1192/669
f 1667/1143/670 1666/1192/669 1698/1193/701
f 1699/1144/702 1698/1193/701 1730/1194/733
f 1731/1145/734 1730/1194/733 1762/1195/765
f 1763/1146/766 1762/1195/765 1794/1196/797
f 1795/1147/798 1794/1196/797 1826/1197/829
f 1827/1148/830 1826/1197/829 1858/1198/861
f 1859/1149/862 1858/1198/861 1890/1199/891
f 1891/1150/892 1890/1199/891 1922/1200/921
f 1923/1151/922 1922/1200/921 1954/1201/951
f 1955/1152/952 1954/1201/951 1986/1202/981
f 1987/1153/982 1986/1202/981 2018/1203/1011
f 2019/1154/1012 2018/1203/1011 2050/1204/1041
f 2051/1155/1042 2050/1204/1041 2082/1205/1071
f 2083/1156/1072 2082/1205/1071 2114/1206/1101
f 2115/1157/1102 2114/1206/1101 2146/1207/637
f 2147/1158/638 2146/1207/637 2178/1208/669
f 2179/1159/670 2178/1208/669 2210/1209/701
f 2211/1160/702 2210/1209/701 2242/1210/1109
f 2243/1161/734 2242/1210/1109 2274/1211/765
f 2275/1162/766 2274/1211/765 2306/1212/797
f 2307/1163/798 2306/1212/797 2338/1213/829
f 2339/1164/830 2338/1213/829 2370/1214/1110
f 2371/1165/862 2370/1214/1110 2402/1215/891
f 2403/1166/892 2402/1215/891 2434/1216/921
f 2435/1167/922 2434/1216/921 2466/1217/951
f 2467/1168/952 2466/1217/951 2498/1218/981
f 2499/1169/982 2498/1218/981 2530/1219/1011
f 2531/1170/1012 2530/1219/1011 2562/1220/1041
f 2563/1171/1042 2562/1220/1041 2594/1221/1071
f 2595/1172/1072 2594/1221/1071 2626/1222/1113
f 2627/1173/1102 2626/1222/1113 2658/1223/637
f 2659/1174/638 2658/1223/637 2690/1224/669
f 2691/1175/670 2690/1224/669 2722/1225/701
f 2723/1176/702 2722/1225/701 2754/1226/1109
f 2755/1177/734 2754/1226/1109 2786/1227/765
f 2787/1178/766 2786/1227/765 2818/1228/797
f 2819/1179/798 2818/1228/797 2850/1229/829
f 2851/1180/830 2850/1229/829 2882/1230/861
f 2883/1181/862 2882/1230/861 2914/1231/891
f 2915/1182/892 2914/1231/891 2946/1232/921
f 2947/1183/922 2946/1232/921 2978/1233/951
f 2979/1184/952 2978/1233/951 3010/1234/1119
f 3011/1185/982 3010/1234/1119 3042/1235/1011
f 3043/1186/1012 3042/1235/1011 3074/1236/1041
f 3075/1187/1042 3074/1236/1041 3106/1237/1071
f 3107/1188/1072 3106/1237/1071 3138/1238/1146
f 1604/1093/607 1603/1142/606 1635/1141/638
f 1636/1092/639 1635/1141/638 1667/1143/670
f 1668/1094/671 1667/1143/670 1699/1144/702
f 1700/1095/703 1699/1144/702 1731/1145/734
f 1732/1096/735 1731/1145/734 1763/1146/766
f 1764/1097/767 1763/1146/766 1795/1147/798
f 1796/1098/799 1795/1147/798 1827/1148/830
f 1828/1099/831 1827/1148/830 1859/1149/862
f 1860/1100/863 1859/1149/862 1891/1150/892
f 1892/1101/893 1891/1150/892 1923/1151/922
f 1924/1102/923 1923/1151/922 1955/1152/952
f 1956/1103/953 1955/1152/952 1987/1153/982
f 1988/1104/983 1987/1153/982 2019/1154/1012
f 2020/1105/1013 2019/1154/1012 2051/1155/1042
f 2052/1106/1043 2051/1155/1042 2083/1156/1072
f 2084/1107/1073 2083/1156/1072 2115/1157/1102
f 2116/1108/1103 2115/1157/1102 2147/1158/638
f 2148/1109/639 2147/1158/638 2179/1159/670
f 2180/1110/671 2179/1159/670 2211/1160/702
f 2212/1111/703 2211/1160/702 2243/1161/734
f 2244/1112/735 2243/1161/734 2275/1162/766
f 2276/1113/767 2275/1162/766 2307/1163/798
f 2308/1114/799 2307/1163/798 2339/1164/830
f 2340/1115/831 2339/1164/830 2371/1165/862
f 2372/1116/863 2371/1165/862 2403/1166/892
f 2404/1117/893 2403/1166/892 2435/1167/922
f 2436/1118/923 2435/1167/922 2467/1168/952
f 2468/1119/953 2467/1168/952 2499/1169/982
f 2500/1120/983 2499/1169/982 2531/1170/1012
f 2532/1121/1013 2531/1170/1012 2563/1171/1042
f 2564/1122/1043 2563/1171/1042 2595/1172/1072
f 2596/1123/1073 2595/1172/1072 2627/1173/1102
f 2628/1124/1103 2627/1173/1102 2659/1174/638
f 2660/1125/639 2659/1174/638 2691/1175/670
f 2692/1126/671 2691/1175/670 2723/1176/702
f 2724/1127/703 2723/1176/702 2755/1177/734
f 2756/1128/735 2755/1177/734 2787/1178/766
f 2788/1129/767 2787/1178/766 2819/1179/798
f 2820/1130/799 2819/1179/798 2851/1180/830
f 2852/1131/831 2851/1180/830 2883/1181/862
f 2884/1132/863 2883/1181/862 2915/1182/892
f 2916/1133/893 2915/1182/892 2947/1183/922
f 2948/1134/923 2947/1183/922 2979/1184/952
f 2980/1135/953 2979/1184/952 3011/1185/982
f 3012/1136/983 3011/1185/982 3043/1186/1012
f 3044/1137/1013 3043/1186/1012 3075/1187/1042
f 3076/1138/1043 3075/1187/1042 3107/1188/1072
f 3108/1139/1073 3107/1188/1072 3139/1189/1147
f 1605/1044/608 1604/1093/607 1636/1092/639
f 1637/1043/640 1636/1092/639 1668/1094/671
f 1669/1045/672 1668/1094/671 1700/1095/703
f 1701/1046/704 1700/1095/703 1732/1096/735
f 1733/1047/736 1732/1096/735 1764/1097/767
f 1765/1048/768 1764/1097/767 1796/1098/799
f 1797/1049/800 1796/1098/799 1828/1099/831
f 1829/1050/832 1828/1099/831 1860/1100/863
f 1861/1051/864 1860/1100/863 1892/1101/893
f 1893/1052/894 1892/1101/893 1924/1102/923
f 1925/1053/924 1924/1102/923 1956/1103/953
f 1957/1054/954 1956/1103/953 1988/1104/983
f 1989/1055/984 1988/1104/983 2020/1105/1013
f 2021/1056/1014 2020/1105/1013 2052/1106/1043
f 2053/1057/1044 2052/1106/1043 2084/1107/1073
f 2085/1058/1074 2084/1107/1073 2116/1108/1103
f 2117/1059/1104 2116/1108/1103 2148/1109/639
f 2149/1060/640 2148/1109/639 2180/1110/671
f 2181/1061/672 2180/1110/671 2212/1111/703
f 2213/1062/704 2212/1111/703 2244/1112/735
f 2245/1063/736 2244/1112/735 2276/1113/767
f 2277/1064/768 2276/1113/767 2308/1114/799
f 2309/1065/800 2308/1114/799 2340/1115/831
f 2341/1066/832 2340/1115/831 2372/1116/863
f 2373/1067/864 2372/1116/863 2404/1117/893
f 2405/1068/894 2404/1117/893 2436/1118/923
f 2437/1069/924 2436/1118/923 2468/1119/953
f 2469/1070/954 2468/1119/953 2500/1120/983
f 2501/1071/984 2500/1120/983 2532/1121/1013
f 2533/1072/1014 2532/1121/1013 2564/1122/1043
f 2565/1073/1044 2564/1122/1043 2596/1123/1073
f 2597/1074/1074 2596/1123/1073 2628/1124/1103
f 2629/1075/1104 2628/1124/1103 2660/1125/639
f 2661/1076/640 2660/1125/639 2692/1126/671
f 2693/1077/672 2692/1126/671 2724/1127/703
f 2725/1078/704 2724/1127/703 2756/1128/735
f 2757/1079/736 2756/1128/735 2788/1129/767
f 2789/1080/768 2788/1129/767 2820/1130/799
f 2821/1081/800 2820/1130/799 2852/1131/831
f 2853/1082/832 2852/1131/831 2884/1132/863
f 2885/1083/864 2884/1132/863 2916/1133/893
f 2917/1084/894 2916/1133/893 2948/1134/923
f 2949/1085/924 2948/1134/923 2980/1135/953
f 2981/1086/954 2980/1135/953 3012/1136/983
f 3013/1087/984 3012/1136/983 3044/1137/1013
f 3045/1088/1014 3044/1137/1013 3076/1138/1043
f 3077/1089/1044 3076/1138/1043 3108/1139/1073
f 3109/1090/1074 3108/1139/1073 3140/1140/1148
f 1606/995/609 1605/1044/608 1637/1043/640
f 1638/994/641 1637/1043/640 1669/1045/672
f 1670/996/673 1669/1045/672 1701/1046/704
f 1702/997/705 1701/1046/704 1733/1047/736
f 1734/998/737 1733/1047/736 1765/1048/768
f 1766/999/769 1765/1048/768 1797/1049/800
f 1798/1000/801 1797/1049/800 1829/1050/832
f 1830/1001/833 1829/1050/832 1861/1051/864
f 1862/1002/865 1861/1051/864 1893/1052/894
f 1894/1003/895 1893/1052/894 1925/1053/924
f 1926/1004/925 1925/1053/924 1957/1054/954
f 1958/1005/955 1957/1054/954 1989/1055/984
f 1990/1006/985 1989/1055/984 2021/1056/1014
f 2022/1007/1015 2021/1056/1014 2053/1057/1044
f 2054/1008/1045 2053/1057/1044 2085/1058/1074
f 2086/1009/1075 2085/1058/1074 2117/1059/1104
f 2118/1010/1105 2117/1059/1104 2149/1060/640
f 2150/1011/641 2149/1060/640 2181/1061/672
f 2182/1012/673 2181/1061/672 2213/1062/704
f 2214/1013/705 2213/1062/704 2245/1063/736
f 2246/1014/737 2245/1063/736 2277/1064/768
f 2278/1015/769 2277/1064/768 2309/1065/800
f 2310/1016/801 2309/1065/800 2341/1066/832
f 2342/1017/833 2341/1066/832 2373/1067/864
f 2374/1018/865 2373/1067/864 2405/1068/894
f 2406/1019/895 2405/1068/894 2437/1069/924
f 2438/1020/925 2437/1069/924 2469/1070/954
f 2470/1021/955 2469/1070/954 2501/1071/984
f 2502/1022/985 2501/1071/984 2533/1072/1014
f 2534/1023/1015 2533/1072/1014 2565/1073/1044
f 2566/1024/1045 2565/1073/1044 2597/1074/1074
f 2598/1025/1075 2597/1074/1074 2629/1075/1104
f 2630/1026/1105 2629/1075/1104 2661/1076/640
f 2662/1027/641 2661/1076/640 2693/1077/672
f 2694/1028/673 2693/1077/672 2725/1078/704
f 2726/1029/705 2725/1078/704 2757/1079/736
f 2758/1030/737 2757/1079/736 2789/1080/768
f 2790/1031/769 2789/1080/768 2821/1081/800
f 2822/1032/801 2821/1081/800 2853/1082/832
f 2854/1033/833 2853/1082/832 2885/1083/864
f 2886/1034/865 2885/1083/864 2917/1084/894
f 2918/1035/895 2917/1084/894 2949/1085/924
f 2950/1036/925 2949/1085/924 2981/1086/954
f 2982/1037/955 2981/1086/954 3013/1087/984
f 3014/1038/985 3013/1087/984 3045/1088/1014
f 3046/1039/1015 3045/1088/1014 3077/1089/1044
f 3078/1040/1045 3077/1089/1044 3109/1090/1074
f 3110/1041/1075 3109/1090/1074 3141/1091/1149
f 1607/946/610 1606/995/609 1638/994/641
f 1639/945/642 1638/994/641 1670/996/673
f 1671/947/674 1670/996/673 1702/997/705
f 1703/948/706 1702/997/705 1734/998/737
f 1735/949/738 1734/998/737 1766/999/769
f 1767/950/770 1766/999/769 1798/1000/801
f 1799/951/802 1798/1000/801 1830/1001/833
f 1831/952/834 1830/1001/833 1862/1002/865
f 1863/953/866 1862/1002/865 1894/1003/895
f 1895/954/896 1894/1003/895 1926/1004/925
f 1927/955/926 1926/1004/925 1958/1005/955
f 1959/956/956 1958/1005/955 1990/1006/985
f 1991/957/986 1990/1006/985 2022/1007/1015
f 2023/958/1016 2022/1007/1015 2054/1008/1045
f 2055/959/1046 2054/1008/1045 2086/1009/1075
f 2087/960/1076 2086/1009/1075 2118/1010/1105
f 2119/961/1106 2118/1010/1105 2150/1011/641
f 2151/962/642 2150/1011/641 2182/1012/673
f 2183/963/674 2182/1012/673 2214/1013/705
f 2215/964/706 2214/1013/705 2246/1014/737
f 2247/965/738 2246/1014/737 2278/1015/769
f 2279/966/770 2278/1015/769 2310/1016/801
f 2311/967/802 2310/1016/801 2342/1017/833
f 2343/968/834 2342/1017/833 2374/1018/865
f 2375/969/866 2374/1018/865 2406/1019/895
f 2407/970/896 2406/1019/895 2438/1020/925
f 2439/971/926 2438/1020/925 2470/1021/955
f 2471/972/956 2470/1021/955 2502/1022/985
f 2503/973/986 2502/1022/985 2534/1023/1015
f 2535/974/1016 2534/1023/1015 2566/1024/1045
f 2567/975/1046 2566/1024/1045 2598/1025/1075
f 2599/976/1076 2598/1025/1075 2630/1026/1105
f 2631/977/1106 2630/1026/1105 2662/1027/641
f 2663/978/642 2662/1027/641 2694/1028/673
f 2695/979/674 2694/1028/673 2726/1029/705
f 2727/980/706 2726/1029/705 2758/1030/737
f 2759/981/738 2758/1030/737 2790/1031/769
f 2791/982/770 2790/1031/769 2822/1032/801
f 2823/983/802 2822/1032/801 2854/1033/833
f 2855/984/834 2854/1033/833 2886/1034/865
f 2887/985/866 2886/1034/865 2918/1035/895
f 2919/986/896 2918/1035/895 2950/1036/925
f 2951/987/926 2950/1036/925 2982/1037/955
f 2983/988/956 2982/1037/955 3014/1038/985
f 3015/989/986 3014/1038/985 3046/1039/1015
f 3047/990/1016 3046/1039/1015 3078/1040/1045
f 3079/991/1046 3078/1040/1045 3110/1041/1075
f 3111/992/1076 3110/1041/1075 3142/1042/1150
f 1608/850/611 1607/946/610 1639/945/642
f 1640/849/643 1639/945/642 1671/947/674
f 1672/852/675 1671/947/674 1703/948/706
f 1704/854/707 1703/948/706 1735/949/738
f 1736/856/739 1735/949/738 1767/950/770
f 1768/858/771 1767/950/770 1799/951/802
f 1800/860/803 1799/951/802 1831/952/834
f 1832/862/835 1831/952/834 1863/953/866
f 1864/864/867 1863/953/866 1895/954/896
f 1896/866/897 1895/954/896 1927/955/926
f 1928/868/927 1927/955/926 1959/956/956
f 1960/870/957 1959/956/956 1991/957/986
f 1992/872/987 1991/957/986 2023/958/1016
f 2024/874/1017 2023/958/1016 2055/959/1046
f 2056/876/1047 2055/959/1046 2087/960/1076
f 2088/878/1077 2087/960/1076 2119/961/1106
f 2120/880/1107 2119/961/1106 2151/962/642
f 2152/882/643 2151/962/642 2183/963/674
f 2184/884/675 2183/963/674 2215/964/706
f 2216/886/707 2215/964/706 2247/965/738
f 2248/888/739 2247/965/738 2279/966/770
f 2280/890/771 2279/966/770 2311/967/802
f 2312/892/803 2311/967/802 2343/968/834
f 2344/894/835 2343/968/834 2375/969/866
f 2376/896/867 2375/969/866 2407/970/896
f 2408/898/897 2407/970/896 2439/971/926
f 2440/900/927 2439/971/926 2471/972/956
f 2472/902/957 2471/972/956 2503/973/986
f 2504/904/987 2503/973/986 2535/974/1016
f 2536/906/1017 2535/974/1016 2567/975/1046
f 2568/908/1047 2567/975/1046 2599/976/1076
f 2600/910/1077 2599/976/1076 2631/977/1106
f 2632/912/1107 2631/977/1106 2663/978/642
f 2664/914/643 2663/978/642 2695/979/674
f 2696/916/675 2695/979/674 2727/980/706
f 2728/918/707 2727/980/706 2759/981/738
f 2760/920/739 2759/981/738 2791/982/770
f 2792/922/771 2791/982/770 2823/983/802
f 2824/924/803 2823/983/802 2855/984/834
f 2856/926/835 2855/984/834 2887/985/866
f 2888/928/867 2887/985/866 2919/986/896
f 2920/930/897 2919/986/896 2951/987/926
f 2952/932/927 2951/987/926 2983/988/956
f 2984/934/957 2983/988/956 3015/989/986
f 3016/936/987 3015/989/986 3047/990/1016
f 3048/938/1017 3047/990/1016 3079/991/1046
f 3080/940/1047 3079/991/1046 3111/992/1076
f 3112/942/1077 3111/992/1076 3143/993/1151
f 1577/848/580 1608/850/611 1640/849/643
f 1609/851/612 1640/849/643 1672/852/675
f 1641/853/644 1672/852/675 1704/854/707
f 1673/855/676 1704/854/707 1736/856/739
f 1705/857/708 1736/856/739 1768/858/771
f 1737/859/740 1768/858/771 1800/860/803
f 1769/861/772 1800/860/803 1832/862/835
f 1801/863/804 1832/862/835 1864/864/867
f 1833/865/836 1864/864/867 1896/866/897
f 1865/867/868 1896/866/897 1928/868/927
f 1897/869/898 1928/868/927 1960/870/957
f 1929/871/928 1960/870/957 1992/872/987
f 1961/873/958 1992/872/987 2024/874/1017
f 1993/875/988 2024/874/1017 2056/876/1047
f 2025/877/1018 2056/876/1047 2088/878/1077
f 2057/879/1048 2088/878/1077 2120/880/1107
f 2089/881/1078 2120/880/1107 2152/882/643
f 2121/883/612 2152/882/643 2184/884/675
f 2153/885/644 2184/884/675 2216/886/707
f 2185/887/676 2216/886/707 2248/888/739
f 2217/889/708 2248/888/739 2280/890/771
f 2249/891/740 2280/890/771 2312/892/803
f 2281/893/772 2312/892/803 2344/894/835
f 2313/895/804 2344/894/835 2376/896/867
f 2345/897/836 2376/896/867 2408/898/897
f 2377/899/868 2408/898/897 2440/900/927
f 2409/901/898 2440/900/927 2472/902/957
f 2441/903/928 2472/902/957 2504/904/987
f 2473/905/958 2504/904/987 2536/906/1017
f 2505/907/988 2536/906/1017 2568/908/1047
f 2537/909/1018 2568/908/1047 2600/910/1077
f 2569/911/1048 2600/910/1077 2632/912/1107
f 2601/913/1078 2632/912/1107 2664/914/643
f 2633/915/612 2664/914/643 2696/916/675
f 2665/917/644 2696/916/675 2728/918/707
f 2697/919/1114 2728/918/707 2760/920/739
f 2729/921/708 2760/920/739 2792/922/771
f 2761/923/740 2792/922/771 2824/924/803
f 2793/925/772 2824/924/803 2856/926/835
f 2825/927/804 2856/926/835 2888/928/867
f 2857/929/836 2888/928/867 2920/930/897
f 2889/931/868 2920/930/897 2952/932/927
f 2921/933/898 2952/932/927 2984/934/957
f 2953/935/928 2984/934/957 3016/936/987
f 2985/937/958 3016/936/987 3048/938/1017
f 3017/939/988 3048/938/1017 3080/940/1047
f 3049/941/1018 3080/940/1047 3112/942/1077
f 3081/943/1048 3112/942/1077 3144/944/1152
o 円.002
v -0.500000 -0.650000 -0.900439
v -0.500000 -0.650961 -0.890684
v -0.500000 -0.653806 -0.881305
v -0.500000 -0.658427 -0.872660
v -0.500000 -0.664645 -0.865083
v -0.500000 -0.672221 -0.858865
v -0.500000 -0.680866 -0.854245
v -0.500000 -0.690245 -0.851399
v -0.500000 -0.700000 -0.850439
v -0.500000 -0.709755 -0.851399
v -0.500000 -0.719134 -0.854245
v -0.500000 -0.727778 -0.858865
v -0.500000 -0.735355 -0.865083
v -0.500000 -0.741573 -0.872660
v -0.500000 -0.746194 -0.881305
v -0.500000 -0.749039 -0.890684
v -0.500000 -0.750000 -0.900439
v -0.500000 -0.749039 -0.910193
v -0.500000 -0.746194 -0.919573
v -0.500000 -0.741573 -0.928217
v -0.500000 -0.735355 -0.935794
v -0.500000 -0.727778 -0.942012
v -0.500000 -0.719134 -0.946633
v -0.500000 -0.709755 -0.949478
v -0.500000 -0.700000 -0.950439
v -0.500000 -0.690245 -0.949478
v -0.500000 -0.680866 -0.946633
v -0.500000 -0.672221 -0.942012
v -0.500000 -0.664645 -0.935794
v -0.500000 -0.658427 -0.928217
v -0.500000 -0.653806 -0.919573
v -0.500000 -0.650961 -0.910193
v -0.653241 -0.611750 -0.869957
v -0.649508 -0.612711 -0.860945
v -0.645919 -0.615556 -0.852279
v -0.642611 -0.620176 -0.844293
v -0.639711 -0.626395 -0.837293
v -0.637332 -0.633971 -0.831548
v -0.635564 -0.642616 -0.827279
v -0.634475 -0.651995 -0.824651
v -0.634107 -0.661750 -0.823763
v -0.634475 -0.671504 -0.824651
v -0.635564 -0.680884 -0.827279
v -0.637332 -0.689528 -0.831548
v -0.639711 -0.697105 -0.837293
v -0.642611 -0.703323 -0.844293
v -0.645919 -0.707944 -0.852279
v -0.649508 -0.710789 -0.860945
v -0.653241 -0.711750 -0.869957
v -0.656974 -0.710789 -0.878969
v -0.660564 -0.707944 -0.887635
v -0.663872 -0.703323 -0.895621
v -0.666771 -0.697105 -0.902621
v -0.669151 -0.689528 -0.908366
v -0.670919 -0.680884 -0.912635
v -0.672008 -0.671504 -0.915264
v -0.672375 -0.661750 -0.916151
v -0.672008 -0.651995 -0.915264
v -0.670919 -0.642616 -0.912635
v -0.669151 -0.633971 -0.908366
v -0.666771 -0.626395 -0.902621
v -0.663872 -0.620176 -0.895621
v -0.660564 -0.615556 -0.887635
v -0.656974 -0.612711 -0.878969
v -0.783153 -0.573500 -0.783153
v -0.776255 -0.574461 -0.776255
v -0.769623 -0.577306 -0.769623
v -0.763511 -0.581926 -0.763511
v -0.758153 -0.588145 -0.758153
v -0.753756 -0.595721 -0.753756
v -0.750489 -0.604366 -0.750489
v -0.748477 -0.613745 -0.748477
v -0.747798 -0.623500 -0.747798
v -0.748477 -0.633254 -0.748477
v -0.750489 -0.642634 -0.750489
v -0.753756 -0.651278 -0.753756
v -0.758153 -0.658855 -0.758153
v -0.763511 -0.665073 -0.763511
v -0.769623 -0.669694 -0.769623
v -0.776255 -0.672539 -0.776255
v -0.783153 -0.673500 -0.783153
v -0.790050 -0.672539 -0.790051
v -0.796683 -0.669694 -0.796683
v -0.802795 -0.665073 -0.802795
v -0.808153 -0.658855 -0.808153
v -0.812550 -0.651278 -0.812550
v -0.815817 -0.642634 -0.815817
v -0.817829 -0.633254 -0.817829
v -0.818508 -0.623500 -0.818508
v -0.817829 -0.613745 -0.817829
v -0.815817 -0.604366 -0.815817
v -0.812550 -0.595721 -0.812550
v -0.808153 -0.588145 -0.808153
v -0.802795 -0.581926 -0.802795
v -0.796683 -0.577306 -0.796683
v -0.790050 -0.574461 -0.790051
v -0.869957 -0.535250 -0.653241
v -0.860945 -0.536211 -0.649508
v -0.852279 -0.539056 -0.645919
v -0.844293 -0.543676 -0.642611
v -0.837293 -0.549895 -0.639711
v -0.831548 -0.557471 -0.637332
v -0.827279 -0.566116 -0.635564
v -0.824651 -0.575495 -0.634475
v -0.823763 -0.585250 -0.634107
v -0.824651 -0.595004 -0.634475
v -0.827279 -0.604384 -0.635564
v -0.831548 -0.613028 -0.637332
v -0.837293 -0.620605 -0.639711
v -0.844293 -0.626823 -0.642611
v -0.852279 -0.631444 -0.645919
v -0.860945 -0.634289 -0.649508
v -0.869957 -0.635250 -0.653241
v -0.878969 -0.634289 -0.656974
v -0.887635 -0.631444 -0.660564
v -0.895621 -0.626823 -0.663872
v -0.902621 -0.620605 -0.666771
v -0.908366 -0.613028 -0.669151
v -0.912635 -0.604384 -0.670919
v -0.915264 -0.595004 -0.672008
v -0.916151 -0.585250 -0.672375
v -0.915264 -0.575495 -0.672008
v -0.912635 -0.566116 -0.670919
v -0.908366 -0.557471 -0.669151
v -0.902621 -0.549895 -0.666771
v -0.895621 -0.543676 -0.663872
v -0.887635 -0.539056 -0.660564
v -0.878969 -0.536211 -0.656974
v -0.900439 -0.497000 -0.500000
v -0.890684 -0.497961 -0.500000
v -0.881305 -0.500806 -0.500000
v -0.872660 -0.505426 -0.500000
v -0.865083 -0.511645 -0.500000
v -0.858865 -0.519221 -0.500000
v -0.854245 -0.527866 -0.500000
v -0.851399 -0.537245 -0.500000
v -0.850439 -0.547000 -0.500000
v -0.851399 -0.556754 -0.500000
v -0.854245 -0.566134 -0.500000
v -0.858865 -0.574778 -0.500000
v -0.865083 -0.582355 -0.500000
v -0.872660 -0.588573 -0.500000
v -0.881305 -0.593194 -0.500000
v -0.890684 -0.596039 -0.500000
v -0.900439 -0.597000 -0.500000
v -0.910193 -0.596039 -0.500000
v -0.919573 -0.593194 -0.500000
v -0.928217 -0.588573 -0.500000
v -0.935794 -0.582355 -0.500000
v -0.942012 -0.574778 -0.500000
v -0.946633 -0.566134 -0.500000
v -0.949478 -0.556754 -0.500000
v -0.950439 -0.547000 -0.500000
v -0.949478 -0.537245 -0.500000
v -0.946633 -0.527866 -0.500000
v -0.942012 -0.519221 -0.500000
v -0.935794 -0.511645 -0.500000
v -0.928217 -0.505426 -0.500000
v -0.919573 -0.500806 -0.500000
v -0.910193 -0.497961 -0.500000
v -0.869957 -0.458750 -0.346759
v -0.860945 -0.459711 -0.350492
v -0.852279 -0.462556 -0.354081
v -0.844293 -0.467176 -0.357389
v -0.837293 -0.473395 -0.360289
v -0.831548 -0.480971 -0.362668
v -0.827279 -0.489616 -0.364436
v -0.824651 -0.498995 -0.365525
v -0.823763 -0.508750 -0.365893
v -0.824651 -0.518505 -0.365525
v -0.827279 -0.527884 -0.364436
v -0.831548 -0.536528 -0.362668
v -0.837293 -0.544105 -0.360289
v -0.844293 -0.550323 -0.357389
v -0.852279 -0.554944 -0.354081
v -0.860945 -0.557789 -0.350492
v -0.869957 -0.558750 -0.346759
v -0.878969 -0.557789 -0.343026
v -0.887635 -0.554944 -0.339436
v -0.895621 -0.550323 -0.336128
v -0.902621 -0.544105 -0.333229
v -0.908366 -0.536528 -0.330849
v -0.912635 -0.527884 -0.329081
v -0.915263 -0.518505 -0.327992
v -0.916151 -0.508750 -0.327624
v -0.915263 -0.498995 -0.327992
v -0.912635 -0.489616 -0.329081
v -0.908366 -0.480971 -0.330849
v -0.902621 -0.473395 -0.333229
v -0.895621 -0.467176 -0.336128
v -0.887635 -0.462556 -0.339436
v -0.878969 -0.459711 -0.343026
v -0.783153 -0.420500 -0.216847
v -0.776255 -0.421461 -0.223745
v -0.769623 -0.424306 -0.230377
v -0.763511 -0.428926 -0.236489
v -0.758153 -0.435145 -0.241847
v -0.753756 -0.442721 -0.246244
v -0.750489 -0.451366 -0.249511
v -0.748477 -0.460745 -0.251523
v -0.747798 -0.470500 -0.252202
v -0.748477 -0.480254 -0.251523
v -0.750489 -0.489634 -0.249511
v -0.753756 -0.498278 -0.246244
v -0.758153 -0.505855 -0.241847
v -0.763511 -0.512073 -0.236489
v -0.769623 -0.516694 -0.230377
v -0.776255 -0.519539 -0.223745
v -0.783153 -0.520500 -0.216847
v -0.790050 -0.519539 -0.209950
v -0.796683 -0.516694 -0.203317
v -0.802795 -0.512073 -0.197205
v -0.808153 -0.505855 -0.191847
v -0.812550 -0.498278 -0.187450
v -0.815817 -0.489634 -0.184183
v -0.817829 -0.480254 -0.182171
v -0.818508 -0.470500 -0.181492
v -0.817829 -0.460745 -0.182171
v -0.815817 -0.451366 -0.184183
v -0.812550 -0.442721 -0.187450
v -0.808153 -0.435145 -0.191847
v -0.802795 -0.428926 -0.197205
v -0.796683 -0.424306 -0.203317
v -0.790050 -0.421461 -0.209950
v -0.653241 -0.382250 -0.130043
v -0.649508 -0.383211 -0.139055
v -0.645919 -0.386056 -0.147720
v -0.642611 -0.390676 -0.155707
v -0.639711 -0.396895 -0.162707
v -0.637332 -0.404471 -0.168452
v -0.635563 -0.413116 -0.172720
v -0.634475 -0.422495 -0.175349
v -0.634107 -0.432250 -0.176237
v -0.634475 -0.442005 -0.175349
v -0.635563 -0.451384 -0.172720
v -0.637332 -0.460028 -0.168452
v -0.639711 -0.467605 -0.162707
v -0.642611 -0.473823 -0.155707
v -0.645919 -0.478444 -0.147720
v -0.649508 -0.481289 -0.139055
v -0.653241 -0.482250 -0.130043
v -0.656974 -0.481289 -0.121031
v -0.660564 -0.478444 -0.112365
v -0.663872 -0.473823 -0.104379
v -0.666771 -0.467605 -0.097379
v -0.669151 -0.460028 -0.091634
v -0.670919 -0.451384 -0.087365
v -0.672008 -0.442005 -0.084736
v -0.672375 -0.432250 -0.083849
v -0.672008 -0.422495 -0.084736
v -0.670919 -0.413116 -0.087365
v -0.669151 -0.404471 -0.091634
v -0.666771 -0.396895 -0.097379
v -0.663872 -0.390676 -0.104379
v -0.660564 -0.386056 -0.112365
v -0.656974 -0.383211 -0.121031
v -0.500000 -0.344000 -0.099561
v -0.500000 -0.344961 -0.109316
v -0.500000 -0.347806 -0.118695
v -0.500000 -0.352426 -0.127340
v -0.500000 -0.358645 -0.134917
v -0.500000 -0.366221 -0.141135
v -0.500000 -0.374866 -0.145755
v -0.500000 -0.384245 -0.148601
v -0.500000 -0.394000 -0.149561
v -0.500000 -0.403754 -0.148601
v -0.500000 -0.413134 -0.145755
v -0.500000 -0.421778 -0.141135
v -0.500000 -0.429355 -0.134917
v -0.500000 -0.435573 -0.127340
v -0.500000 -0.440194 -0.118695
v -0.500000 -0.443039 -0.109316
v -0.500000 -0.444000 -0.099561
v -0.500000 -0.443039 -0.089807
v -0.500000 -0.440194 -0.080427
v -0.500000 -0.435573 -0.071783
v -0.500000 -0.429355 -0.064206
v -0.500000 -0.421778 -0.057988
v -0.500000 -0.413134 -0.053367
v -0.500000 -0.403754 -0.050522
v -0.500000 -0.394000 -0.049561
v -0.500000 -0.384245 -0.050522
v -0.500000 -0.374866 -0.053367
v -0.500000 -0.366221 -0.057988
v -0.500000 -0.358645 -0.064206
v -0.500000 -0.352426 -0.071783
v -0.500000 -0.347806 -0.080427
v -0.500000 -0.344961 -0.089807
v -0.346759 -0.305750 -0.130043
v -0.350492 -0.306711 -0.139055
v -0.354081 -0.309556 -0.147721
v -0.357389 -0.314176 -0.155707
v -0.360289 -0.320395 -0.162707
v -0.362668 -0.327971 -0.168452
v -0.364436 -0.336616 -0.172721
v -0.365525 -0.345995 -0.175349
v -0.365893 -0.355750 -0.176237
v -0.365525 -0.365504 -0.175349
v -0.364436 -0.374884 -0.172721
v -0.362668 -0.383528 -0.168452
v -0.360289 -0.391105 -0.162707
v -0.357389 -0.397323 -0.155707
v -0.354081 -0.401944 -0.147721
v -0.350492 -0.404789 -0.139055
v -0.346759 -0.405750 -0.130043
v -0.343026 -0.404789 -0.121031
v -0.339436 -0.401944 -0.112365
v -0.336128 -0.397323 -0.104379
v -0.333229 -0.391105 -0.097379
v -0.330849 -0.383528 -0.091634
v -0.329081 -0.374884 -0.087365
v -0.327992 -0.365504 -0.084736
v -0.327625 -0.355750 -0.083849
v -0.327992 -0.345995 -0.084736
v -0.329081 -0.336616 -0.087365
v -0.330849 -0.327971 -0.091634
v -0.333229 -0.320395 -0.097379
v -0.336128 -0.314176 -0.104379
v -0.339436 -0.309556 -0.112365
v -0.343026 -0.306711 -0.121031
v -0.216847 -0.267500 -0.216847
v -0.223744 -0.268461 -0.223745
v -0.230377 -0.271306 -0.230377
v -0.236489 -0.275926 -0.236489
v -0.241847 -0.282145 -0.241847
v -0.246244 -0.289721 -0.246244
v -0.249511 -0.298366 -0.249511
v -0.251523 -0.307745 -0.251523
v -0.252202 -0.317500 -0.252202
v -0.251523 -0.327255 -0.251523
v -0.249511 -0.336634 -0.249511
v -0.246244 -0.345278 -0.246244
v -0.241847 -0.352855 -0.241847
v -0.236489 -0.359073 -0.236489
v -0.230377 -0.363694 -0.230377
v -0.223744 -0.366539 -0.223745
v -0.216847 -0.367500 -0.216847
v -0.209949 -0.366539 -0.209950
v -0.203317 -0.363694 -0.203317
v -0.197205 -0.359073 -0.197205
v -0.191847 -0.352855 -0.191847
v -0.187450 -0.345278 -0.187450
v -0.184183 -0.336634 -0.184183
v -0.182171 -0.327255 -0.182171
v -0.181492 -0.317500 -0.181492
v -0.182171 -0.307745 -0.182171
v -0.184183 -0.298366 -0.184183
v -0.187450 -0.289721 -0.187450
v -0.191847 -0.282145 -0.191847
v -0.197205 -0.275926 -0.197205
v -0.203317 -0.271306 -0.203317
v -0.209949 -0.268461 -0.209950
v -0.130043 -0.229250 -0.346759
v -0.139055 -0.230211 -0.350492
v -0.147720 -0.233056 -0.354081
v -0.155707 -0.237677 -0.357389
v -0.162707 -0.243895 -0.360289
v -0.168452 -0.251471 -0.362668
v -0.172720 -0.260116 -0.364437
v -0.175349 -0.269495 -0.365525
v -0.176237 -0.279250 -0.365893
v -0.175349 -0.289004 -0.365525
v -0.172720 -0.298384 -0.364437
v -0.168452 -0.307028 -0.362668
v -0.162707 -0.314605 -0.360289
v -0.155707 -0.320823 -0.357389
v -0.147720 -0.325444 -0.354081
v -0.139055 -0.328289 -0.350492
v -0.130043 -0.329250 -0.346759
v -0.121031 -0.328289 -0.343026
v -0.112365 -0.325444 -0.339437
v -0.104379 -0.320823 -0.336128
v -0.097379 -0.314605 -0.333229
v -0.091634 -0.307028 -0.330849
v -0.087365 -0.298384 -0.329081
v -0.084736 -0.289004 -0.327992
v -0.083849 -0.279250 -0.327625
v -0.084736 -0.269495 -0.327992
v -0.087365 -0.260116 -0.329081
v -0.091634 -0.251471 -0.330849
v -0.097379 -0.243895 -0.333229
v -0.104379 -0.237677 -0.336128
v -0.112365 -0.233056 -0.339437
v -0.121031 -0.230211 -0.343026
v -0.099561 -0.191000 -0.500000
v -0.109316 -0.191961 -0.500000
v -0.118695 -0.194806 -0.500000
v -0.127340 -0.199426 -0.500000
v -0.134917 -0.205645 -0.500000
v -0.141135 -0.213221 -0.500000
v -0.145755 -0.221866 -0.500000
v -0.148600 -0.231245 -0.500000
v -0.149561 -0.241000 -0.500000
v -0.148600 -0.250755 -0.500000
v -0.145755 -0.260134 -0.500000
v -0.141135 -0.268779 -0.500000
v -0.134917 -0.276355 -0.500000
v -0.127340 -0.282573 -0.500000
v -0.118695 -0.287194 -0.500000
v -0.109316 -0.290039 -0.500000
v -0.099561 -0.291000 -0.500000
v -0.089807 -0.290039 -0.500000
v -0.080427 -0.287194 -0.500000
v -0.071783 -0.282573 -0.500000
v -0.064206 -0.276355 -0.500000
v -0.057988 -0.268779 -0.500000
v -0.053367 -0.260134 -0.500000
v -0.050522 -0.250755 -0.500000
v -0.049561 -0.241000 -0.500000
v -0.050522 -0.231245 -0.500000
v -0.053367 -0.221866 -0.500000
v -0.057988 -0.213221 -0.500000
v -0.064206 -0.205645 -0.500000
v -0.071783 -0.199426 -0.500000
v -0.080427 -0.194806 -0.500000
v -0.089807 -0.191961 -0.500000
v -0.130043 -0.152750 -0.653241
v -0.139055 -0.153711 -0.649508
v -0.147721 -0.156556 -0.645919
v -0.155707 -0.161176 -0.642611
v -0.162707 -0.167395 -0.639711
v -0.168452 -0.174971 -0.637332
v -0.172721 -0.183616 -0.635564
v -0.175349 -0.192995 -0.634475
v -0.176237 -0.202750 -0.634107
v -0.175349 -0.212504 -0.634475
v -0.172721 -0.221884 -0.635564
v -0.168452 -0.230528 -0.637332
v -0.162707 -0.238105 -0.639711
v -0.155707 -0.244323 -0.642611
v -0.147721 -0.248944 -0.645919
v -0.139055 -0.251789 -0.649508
v -0.130043 -0.252750 -0.653241
v -0.121031 -0.251789 -0.656974
v -0.112365 -0.248944 -0.660564
v -0.104379 -0.244323 -0.663872
v -0.097379 -0.238105 -0.666771
v -0.091634 -0.230529 -0.669151
v -0.087365 -0.221884 -0.670919
v -0.084736 -0.212505 -0.672008
v -0.083849 -0.202750 -0.672376
v -0.084736 -0.192995 -0.672008
v -0.087365 -0.183616 -0.670919
v -0.091634 -0.174971 -0.669151
v -0.097379 -0.167395 -0.666771
v -0.104379 -0.161176 -0.663872
v -0.112365 -0.156556 -0.660564
v -0.121031 -0.153711 -0.656974
v -0.216847 -0.114500 -0.783153
v -0.223745 -0.115461 -0.776256
v -0.230377 -0.118306 -0.769623
v -0.236489 -0.122926 -0.763511
v -0.241847 -0.129145 -0.758153
v -0.246244 -0.136721 -0.753756
v -0.249511 -0.145366 -0.750489
v -0.251523 -0.154745 -0.748477
v -0.252202 -0.164500 -0.747798
v -0.251523 -0.174254 -0.748477
v -0.249511 -0.183634 -0.750489
v -0.246244 -0.192279 -0.753756
v -0.241847 -0.199855 -0.758153
v -0.236489 -0.206073 -0.763511
v -0.230377 -0.210694 -0.769623
v -0.223745 -0.213539 -0.776256
v -0.216847 -0.214500 -0.783153
v -0.209950 -0.213539 -0.790051
v -0.203317 -0.210694 -0.796683
v -0.197205 -0.206073 -0.802795
v -0.191847 -0.199855 -0.808153
v -0.187450 -0.192279 -0.812550
v -0.184183 -0.183634 -0.815817
v -0.182171 -0.174254 -0.817829
v -0.181492 -0.164500 -0.818508
v -0.182171 -0.154745 -0.817829
v -0.184183 -0.145366 -0.815817
v -0.187450 -0.136721 -0.812550
v -0.191847 -0.129145 -0.808153
v -0.197205 -0.122926 -0.802795
v -0.203317 -0.118306 -0.796683
v -0.209950 -0.115461 -0.790051
v -0.346759 -0.076250 -0.869957
v -0.350492 -0.077211 -0.860945
v -0.354081 -0.080056 -0.852280
v -0.357389 -0.084677 -0.844293
v -0.360289 -0.090895 -0.837293
v -0.362668 -0.098471 -0.831548
v -0.364436 -0.107116 -0.827280
v -0.365525 -0.116495 -0.824651
v -0.365893 -0.126250 -0.823763
v -0.365525 -0.136004 -0.824651
v -0.364436 -0.145384 -0.827280
v -0.362668 -0.154028 -0.831548
v -0.360289 -0.161605 -0.837293
v -0.357389 -0.167823 -0.844293
v -0.354081 -0.172444 -0.852280
v -0.350492 -0.175289 -0.860945
v -0.346759 -0.176250 -0.869957
v -0.343026 -0.175289 -0.878969
v -0.339436 -0.172444 -0.887635
v -0.336128 -0.167823 -0.895621
v -0.333229 -0.161605 -0.902621
v -0.330849 -0.154028 -0.908366
v -0.329081 -0.145384 -0.912635
v -0.327992 -0.136004 -0.915264
v -0.327625 -0.126250 -0.916151
v -0.327992 -0.116495 -0.915264
v -0.329081 -0.107116 -0.912635
v -0.330849 -0.098471 -0.908366
v -0.333229 -0.090895 -0.902621
v -0.336128 -0.084677 -0.895621
v -0.339436 -0.080056 -0.887635
v -0.343026 -0.077211 -0.878969
v -0.500000 -0.038000 -0.900439
v -0.500000 -0.038961 -0.890684
v -0.500000 -0.041806 -0.881305
v -0.500000 -0.046426 -0.872660
v -0.500000 -0.052645 -0.865083
v -0.500000 -0.060221 -0.858865
v -0.500000 -0.068866 -0.854245
v -0.500000 -0.078245 -0.851399
v -0.500000 -0.088000 -0.850439
v -0.500000 -0.097754 -0.851399
v -0.500000 -0.107134 -0.854245
v -0.500000 -0.115778 -0.858865
v -0.500000 -0.123355 -0.865083
v -0.500000 -0.129573 -0.872660
v -0.500000 -0.134194 -0.881305
v -0.500000 -0.137039 -0.890684
v -0.500000 -0.138000 -0.900439
v -0.500000 -0.137039 -0.910193
v -0.500000 -0.134194 -0.919573
v -0.500000 -0.129573 -0.928217
v -0.500000 -0.123355 -0.935794
v -0.500000 -0.115778 -0.942012
v -0.500000 -0.107134 -0.946633
v -0.500000 -0.097754 -0.949478
v -0.500000 -0.088000 -0.950439
v -0.500000 -0.078245 -0.949478
v -0.500000 -0.068866 -0.946633
v -0.500000 -0.060221 -0.942012
v -0.500000 -0.052645 -0.935794
v -0.500000 -0.046426 -0.928217
v -0.500000 -0.041806 -0.919573
v -0.500000 -0.038961 -0.910193
v -0.653241 0.000250 -0.869957
v -0.649508 -0.000711 -0.860945
v -0.645919 -0.003556 -0.852279
v -0.642611 -0.008177 -0.844293
v -0.639711 -0.014395 -0.837293
v -0.637332 -0.021971 -0.831548
v -0.635564 -0.030616 -0.827279
v -0.634475 -0.039995 -0.824651
v -0.634107 -0.049750 -0.823763
v -0.634475 -0.059505 -0.824651
v -0.635564 -0.068884 -0.827279
v -0.637332 -0.077528 -0.831548
v -0.639711 -0.085105 -0.837293
v -0.642611 -0.091323 -0.844293
v -0.645919 -0.095944 -0.852279
v -0.649508 -0.098789 -0.860945
v -0.653241 -0.099750 -0.869957
v -0.656974 -0.098789 -0.878969
v -0.660564 -0.095944 -0.887635
v -0.663872 -0.091323 -0.895621
v -0.666771 -0.085105 -0.902621
v -0.669151 -0.077528 -0.908366
v -0.670919 -0.068884 -0.912635
v -0.672008 -0.059505 -0.915263
v -0.672376 -0.049750 -0.916151
v -0.672008 -0.039995 -0.915263
v -0.670919 -0.030616 -0.912635
v -0.669151 -0.021971 -0.908366
v -0.666771 -0.014395 -0.902621
v -0.663872 -0.008177 -0.895621
v -0.660564 -0.003556 -0.887635
v -0.656974 -0.000711 -0.878969
v -0.783153 0.038500 -0.783153
v -0.776255 0.037539 -0.776255
v -0.769623 0.034694 -0.769623
v -0.763511 0.030074 -0.763511
v -0.758153 0.023855 -0.758153
v -0.753756 0.016279 -0.753756
v -0.750489 0.007634 -0.750489
v -0.748477 -0.001745 -0.748477
v -0.747798 -0.011500 -0.747798
v -0.748477 -0.021254 -0.748477
v -0.750489 -0.030634 -0.750489
v -0.753756 -0.039279 -0.753756
v -0.758153 -0.046855 -0.758153
v -0.763511 -0.053073 -0.763511
v -0.769623 -0.057694 -0.769623
v -0.776255 -0.060539 -0.776255
v -0.783153 -0.061500 -0.783153
v -0.790050 -0.060539 -0.790051
v -0.796683 -0.057694 -0.796683
v -0.802795 -0.053073 -0.802795
v -0.808153 -0.046855 -0.808153
v -0.812550 -0.039279 -0.812550
v -0.815817 -0.030634 -0.815817
v -0.817829 -0.021254 -0.817829
v -0.818508 -0.011500 -0.818508
v -0.817829 -0.001745 -0.817829
v -0.815817 0.007634 -0.815817
v -0.812550 0.016279 -0.812550
v -0.808153 0.023855 -0.808153
v -0.802795 0.030074 -0.802795
v -0.796683 0.034694 -0.796683
v -0.790050 0.037539 -0.790051
v -0.869957 0.076750 -0.653241
v -0.860945 0.075789 -0.649508
v -0.852279 0.072944 -0.645919
v -0.844293 0.068324 -0.642611
v -0.837293 0.062105 -0.639711
v -0.831548 0.054529 -0.637332
v -0.827280 0.045884 -0.635564
v -0.824651 0.036505 -0.634475
v -0.823763 0.026750 -0.634107
v -0.824651 0.016996 -0.634475
v -0.827280 0.007616 -0.635564
v -0.831548 -0.001028 -0.637332
v -0.837293 -0.008605 -0.639711
v -0.844293 -0.014823 -0.642611
v -0.852279 -0.019444 -0.645919
v -0.860945 -0.022289 -0.649508
v -0.869957 -0.023250 -0.653241
v -0.878969 -0.022289 -0.656974
v -0.887635 -0.019444 -0.660564
v -0.895621 -0.014823 -0.663872
v -0.902621 -0.008605 -0.666771
v -0.908366 -0.001028 -0.669151
v -0.912635 0.007616 -0.670919
v -0.915264 0.016996 -0.672008
v -0.916151 0.026750 -0.672375
v -0.915264 0.036505 -0.672008
v -0.912635 0.045884 -0.670919
v -0.908366 0.054529 -0.669151
v -0.902621 0.062105 -0.666771
v -0.895621 0.068324 -0.663872
v -0.887635 0.072944 -0.660564
v -0.878969 0.075789 -0.656974
v -0.900439 0.115000 -0.500000
v -0.890684 0.114039 -0.500000
v -0.881305 0.111194 -0.500000
v -0.872660 0.106574 -0.500000
v -0.865083 0.100355 -0.500000
v -0.858865 0.092779 -0.500000
v -0.854245 0.084134 -0.500000
v -0.851399 0.074755 -0.500000
v -0.850439 0.065000 -0.500000
v -0.851399 0.055246 -0.500000
v -0.854245 0.045866 -0.500000
v -0.858865 0.037221 -0.500000
v -0.865083 0.029645 -0.500000
v -0.872660 0.023427 -0.500000
v -0.881305 0.018806 -0.500000
v -0.890684 0.015961 -0.500000
v -0.900439 0.015000 -0.500000
v -0.910193 0.015961 -0.500000
v -0.919573 0.018806 -0.500000
v -0.928217 0.023427 -0.500000
v -0.935794 0.029645 -0.500000
v -0.942012 0.037221 -0.500000
v -0.946633 0.045866 -0.500000
v -0.949478 0.055246 -0.500000
v -0.950439 0.065000 -0.500000
v -0.949478 0.074755 -0.500000
v -0.946633 0.084134 -0.500000
v -0.942012 0.092779 -0.500000
v -0.935794 0.100355 -0.500000
v -0.928217 0.106574 -0.500000
v -0.919573 0.111194 -0.500000
v -0.910193 0.114039 -0.500000
v -0.869957 0.153250 -0.346759
v -0.860945 0.152289 -0.350491
v -0.852279 0.149444 -0.354081
v -0.844293 0.144824 -0.357389
v -0.837293 0.138605 -0.360288
v -0.831548 0.131029 -0.362668
v -0.827279 0.122384 -0.364436
v -0.824651 0.113005 -0.365525
v -0.823763 0.103250 -0.365893
v -0.824651 0.093496 -0.365525
v -0.827279 0.084116 -0.364436
v -0.831548 0.075472 -0.362668
v -0.837293 0.067895 -0.360288
v -0.844293 0.061677 -0.357389
v -0.852279 0.057056 -0.354081
v -0.860945 0.054211 -0.350491
v -0.869957 0.053250 -0.346759
v -0.878969 0.054211 -0.343026
v -0.887635 0.057056 -0.339436
v -0.895621 0.061677 -0.336128
v -0.902621 0.067895 -0.333229
v -0.908366 0.075472 -0.330849
v -0.912635 0.084116 -0.329081
v -0.915263 0.093496 -0.327992
v -0.916151 0.103250 -0.327624
v -0.915263 0.113005 -0.327992
v -0.912635 0.122384 -0.329081
v -0.908366 0.131029 -0.330849
v -0.902621 0.138605 -0.333229
v -0.895621 0.144824 -0.336128
v -0.887635 0.149444 -0.339436
v -0.878969 0.152289 -0.343026
v -0.783153 0.191500 -0.216847
v -0.776255 0.190539 -0.223744
v -0.769623 0.187694 -0.230377
v -0.763510 0.183074 -0.236489
v -0.758153 0.176856 -0.241847
v -0.753756 0.169279 -0.246244
v -0.750489 0.160634 -0.249511
v -0.748477 0.151255 -0.251523
v -0.747797 0.141500 -0.252202
v -0.748477 0.131746 -0.251523
v -0.750489 0.122366 -0.249511
v -0.753756 0.113722 -0.246244
v -0.758153 0.106145 -0.241847
v -0.763510 0.099927 -0.236489
v -0.769623 0.095306 -0.230377
v -0.776255 0.092461 -0.223744
v -0.783153 0.091500 -0.216847
v -0.790050 0.092461 -0.209949
v -0.796683 0.095306 -0.203317
v -0.802795 0.099927 -0.197205
v -0.808153 0.106145 -0.191847
v -0.812550 0.113722 -0.187450
v -0.815817 0.122366 -0.184183
v -0.817829 0.131746 -0.182171
v -0.818508 0.141500 -0.181492
v -0.817829 0.151255 -0.182171
v -0.815817 0.160634 -0.184183
v -0.812550 0.169279 -0.187450
v -0.808153 0.176856 -0.191847
v -0.802795 0.183074 -0.197205
v -0.796683 0.187694 -0.203317
v -0.790050 0.190539 -0.209949
v -0.653241 0.229750 -0.130043
v -0.649508 0.228789 -0.139055
v -0.645919 0.225944 -0.147721
v -0.642611 0.221323 -0.155707
v -0.639711 0.215105 -0.162707
v -0.637332 0.207529 -0.168452
v -0.635564 0.198884 -0.172721
v -0.634475 0.189505 -0.175349
v -0.634107 0.179750 -0.176237
v -0.634475 0.169995 -0.175349
v -0.635564 0.160616 -0.172721
v -0.637332 0.151971 -0.168452
v -0.639711 0.144395 -0.162707
v -0.642611 0.138176 -0.155707
v -0.645919 0.133556 -0.147721
v -0.649508 0.130711 -0.139055
v -0.653241 0.129750 -0.130043
v -0.656974 0.130711 -0.121031
v -0.660564 0.133556 -0.112365
v -0.663872 0.138176 -0.104379
v -0.666771 0.144395 -0.097379
v -0.669151 0.151971 -0.091634
v -0.670919 0.160616 -0.087365
v -0.672008 0.169995 -0.084736
v -0.672375 0.179750 -0.083849
v -0.672008 0.189505 -0.084736
v -0.670919 0.198884 -0.087365
v -0.669151 0.207529 -0.091634
v -0.666771 0.215105 -0.097379
v -0.663872 0.221323 -0.104379
v -0.660564 0.225944 -0.112365
v -0.656974 0.228789 -0.121031
v -0.500000 0.268000 -0.099561
v -0.500000 0.267039 -0.109316
v -0.500000 0.264194 -0.118695
v -0.500000 0.259574 -0.127340
v -0.500000 0.253355 -0.134917
v -0.500000 0.245779 -0.141135
v -0.500000 0.237134 -0.145755
v -0.500000 0.227755 -0.148601
v -0.500000 0.218000 -0.149561
v -0.500000 0.208246 -0.148601
v -0.500000 0.198866 -0.145755
v -0.500000 0.190222 -0.141135
v -0.500000 0.182645 -0.134917
v -0.500000 0.176427 -0.127340
v -0.500000 0.171806 -0.118695
v -0.500000 0.168961 -0.109316
v -0.500000 0.168000 -0.099561
v -0.500000 0.168961 -0.089807
v -0.500000 0.171806 -0.080427
v -0.500000 0.176427 -0.071783
v -0.500000 0.182645 -0.064206
v -0.500000 0.190222 -0.057988
v -0.500000 0.198866 -0.053367
v -0.500000 0.208246 -0.050522
v -0.500000 0.218000 -0.049561
v -0.500000 0.227755 -0.050522
v -0.500000 0.237134 -0.053367
v -0.500000 0.245779 -0.057988
v -0.500000 0.253355 -0.064206
v -0.500000 0.259574 -0.071783
v -0.500000 0.264194 -0.080427
v -0.500000 0.267039 -0.089807
v -0.346759 0.306250 -0.130043
v -0.350491 0.305289 -0.139055
v -0.354081 0.302444 -0.147721
v -0.357389 0.297824 -0.155707
v -0.360289 0.291605 -0.162707
v -0.362668 0.284029 -0.168452
v -0.364436 0.275384 -0.172721
v -0.365525 0.266005 -0.175349
v -0.365893 0.256250 -0.176237
v -0.365525 0.246495 -0.175349
v -0.364436 0.237116 -0.172721
v -0.362668 0.228472 -0.168452
v -0.360289 0.220895 -0.162707
v -0.357389 0.214676 -0.155707
v -0.354081 0.210056 -0.147721
v -0.350491 0.207211 -0.139055
v -0.346759 0.206250 -0.130043
v -0.343026 0.207211 -0.121031
v -0.339436 0.210056 -0.112365
v -0.336128 0.214676 -0.104379
v -0.333229 0.220895 -0.097379
v -0.330849 0.228472 -0.091634
v -0.329081 0.237116 -0.087365
v -0.327992 0.246495 -0.084736
v -0.327624 0.256250 -0.083849
v -0.327992 0.266005 -0.084736
v -0.329081 0.275384 -0.087365
v -0.330849 0.284029 -0.091634
v -0.333229 0.291605 -0.097379
v -0.336128 0.297824 -0.104379
v -0.339436 0.302444 -0.112365
v -0.343026 0.305289 -0.121031
v -0.216847 0.344500 -0.216847
v -0.223744 0.343539 -0.223745
v -0.230377 0.340694 -0.230377
v -0.236489 0.336074 -0.236489
v -0.241847 0.329856 -0.241847
v -0.246244 0.322279 -0.246244
v -0.249511 0.313634 -0.249511
v -0.251523 0.304255 -0.251523
v -0.252202 0.294500 -0.252202
v -0.251523 0.284746 -0.251523
v -0.249511 0.275366 -0.249511
v -0.246244 0.266722 -0.246244
v -0.241847 0.259145 -0.241847
v -0.236489 0.252927 -0.236489
v -0.230377 0.248306 -0.230377
v -0.223744 0.245461 -0.223745
v -0.216847 0.244500 -0.216847
v -0.209949 0.245461 -0.209950
v -0.203317 0.248306 -0.203317
v -0.197205 0.252927 -0.197205
v -0.191847 0.259145 -0.191847
v -0.187450 0.266722 -0.187450
v -0.184183 0.275366 -0.184183
v -0.182171 0.284746 -0.182171
v -0.181492 0.294500 -0.181492
v -0.182171 0.304255 -0.182171
v -0.184183 0.313634 -0.184183
v -0.187450 0.322279 -0.187450
v -0.191847 0.329856 -0.191847
v -0.197205 0.336074 -0.197205
v -0.203317 0.340694 -0.203317
v -0.209949 0.343539 -0.209950
v -0.130043 0.382750 -0.346759
v -0.139055 0.381789 -0.350492
v -0.147720 0.378944 -0.354081
v -0.155707 0.374324 -0.357389
v -0.162707 0.368105 -0.360289
v -0.168452 0.360529 -0.362668
v -0.172720 0.351884 -0.364437
v -0.175349 0.342505 -0.365525
v -0.176237 0.332750 -0.365893
v -0.175349 0.322995 -0.365525
v -0.172720 0.313616 -0.364437
v -0.168452 0.304972 -0.362668
v -0.162707 0.297395 -0.360289
v -0.155707 0.291177 -0.357389
v -0.147720 0.286556 -0.354081
v -0.139055 0.283711 -0.350492
v -0.130043 0.282750 -0.346759
v -0.121031 0.283711 -0.343026
v -0.112365 0.286556 -0.339437
v -0.104379 0.291177 -0.336129
v -0.097379 0.297395 -0.333229
v -0.091634 0.304972 -0.330849
v -0.087365 0.313616 -0.329081
v -0.084736 0.322995 -0.327992
v -0.083849 0.332750 -0.327625
v -0.084736 0.342505 -0.327992
v -0.087365 0.351884 -0.329081
v -0.091634 0.360529 -0.330849
v -0.097379 0.368105 -0.333229
v -0.104379 0.374324 -0.336129
v -0.112365 0.378944 -0.339437
v -0.121031 0.381789 -0.343026
v -0.099561 0.421000 -0.500000
v -0.109316 0.420039 -0.500000
v -0.118695 0.417194 -0.500000
v -0.127340 0.412574 -0.500000
v -0.134917 0.406355 -0.500000
v -0.141135 0.398779 -0.500000
v -0.145755 0.390134 -0.500000
v -0.148600 0.380755 -0.500000
v -0.149561 0.371000 -0.500000
v -0.148600 0.361245 -0.500000
v -0.145755 0.351866 -0.500000
v -0.141135 0.343221 -0.500000
v -0.134917 0.335645 -0.500000
v -0.127340 0.329426 -0.500000
v -0.118695 0.324806 -0.500000
v -0.109316 0.321961 -0.500000
v -0.099561 0.321000 -0.500000
v -0.089807 0.321961 -0.500000
v -0.080427 0.324806 -0.500000
v -0.071783 0.329426 -0.500000
v -0.064206 0.335645 -0.500000
v -0.057988 0.343221 -0.500000
v -0.053367 0.351866 -0.500000
v -0.050522 0.361245 -0.500000
v -0.049561 0.371000 -0.500000
v -0.050522 0.380755 -0.500000
v -0.053367 0.390134 -0.500000
v -0.057988 0.398779 -0.500000
v -0.064206 0.406355 -0.500000
v -0.071783 0.412574 -0.500000
v -0.080427 0.417194 -0.500000
v -0.089807 0.420039 -0.500000
v -0.130043 0.459250 -0.653241
v -0.139055 0.458289 -0.649508
v -0.147720 0.455444 -0.645919
v -0.155707 0.450824 -0.642611
v -0.162707 0.444606 -0.639711
v -0.168452 0.437029 -0.637332
v -0.172720 0.428384 -0.635564
v -0.175349 0.419005 -0.634475
v -0.176237 0.409250 -0.634107
v -0.175349 0.399496 -0.634475
v -0.172720 0.390116 -0.635564
v -0.168452 0.381472 -0.637332
v -0.162707 0.373895 -0.639711
v -0.155707 0.367677 -0.642611
v -0.147720 0.363056 -0.645919
v -0.139055 0.360211 -0.649508
v -0.130043 0.359250 -0.653241
v -0.121031 0.360211 -0.656974
v -0.112365 0.363056 -0.660564
v -0.104379 0.367677 -0.663872
v -0.097379 0.373895 -0.666771
v -0.091634 0.381472 -0.669151
v -0.087365 0.390116 -0.670919
v -0.084736 0.399496 -0.672008
v -0.083849 0.409250 -0.672375
v -0.084736 0.419005 -0.672008
v -0.087365 0.428384 -0.670919
v -0.091634 0.437029 -0.669151
v -0.097379 0.444606 -0.666771
v -0.104379 0.450824 -0.663872
v -0.112365 0.455444 -0.660564
v -0.121031 0.458289 -0.656974
v -0.216847 0.497500 -0.783153
v -0.223744 0.496539 -0.776255
v -0.230377 0.493694 -0.769623
v -0.236489 0.489074 -0.763511
v -0.241847 0.482855 -0.758153
v -0.246244 0.475279 -0.753756
v -0.249511 0.466634 -0.750489
v -0.251523 0.457255 -0.748477
v -0.252202 0.447500 -0.747798
v -0.251523 0.437746 -0.748477
v -0.249511 0.428366 -0.750489
v -0.246244 0.419722 -0.753756
v -0.241847 0.412145 -0.758153
v -0.236489 0.405927 -0.763511
v -0.230377 0.401306 -0.769623
v -0.223744 0.398461 -0.776255
v -0.216847 0.397500 -0.783153
v -0.209949 0.398461 -0.790050
v -0.203317 0.401306 -0.796683
v -0.197205 0.405927 -0.802795
v -0.191847 0.412145 -0.808153
v -0.187450 0.419722 -0.812550
v -0.184183 0.428366 -0.815817
v -0.182171 0.437746 -0.817829
v -0.181492 0.447500 -0.818508
v -0.182171 0.457255 -0.817829
v -0.184183 0.466634 -0.815817
v -0.187450 0.475279 -0.812550
v -0.191847 0.482855 -0.808153
v -0.197205 0.489074 -0.802795
v -0.203317 0.493694 -0.796683
v -0.209949 0.496539 -0.790050
v -0.346759 0.535750 -0.869957
v -0.350492 0.534789 -0.860945
v -0.354081 0.531944 -0.852280
v -0.357389 0.527324 -0.844293
v -0.360289 0.521105 -0.837293
v -0.362668 0.513529 -0.831548
v -0.364436 0.504884 -0.827280
v -0.365525 0.495505 -0.824651
v -0.365893 0.485750 -0.823763
v -0.365525 0.475995 -0.824651
v -0.364436 0.466616 -0.827280
v -0.362668 0.457972 -0.831548
v -0.360289 0.450395 -0.837293
v -0.357389 0.444176 -0.844293
v -0.354081 0.439556 -0.852280
v -0.350492 0.436711 -0.860945
v -0.346759 0.435750 -0.869957
v -0.343026 0.436711 -0.878969
v -0.339436 0.439556 -0.887635
v -0.336128 0.444176 -0.895621
v -0.333229 0.450395 -0.902621
v -0.330849 0.457972 -0.908366
v -0.329081 0.466616 -0.912635
v -0.327992 0.475995 -0.915264
v -0.327625 0.485750 -0.916151
v -0.327992 0.495505 -0.915264
v -0.329081 0.504884 -0.912635
v -0.330849 0.513529 -0.908366
v -0.333229 0.521105 -0.902621
v -0.336128 0.527324 -0.895621
v -0.339436 0.531944 -0.887635
v -0.343026 0.534789 -0.878969
v -0.500000 0.574000 -0.900439
v -0.500000 0.573039 -0.890684
v -0.500000 0.570194 -0.881305
v -0.500000 0.565574 -0.872660
v -0.500000 0.559355 -0.865083
v -0.500000 0.551779 -0.858865
v -0.500000 0.543134 -0.854245
v -0.500000 0.533755 -0.851399
v -0.500000 0.524000 -0.850439
v -0.500000 0.514246 -0.851399
v -0.500000 0.504866 -0.854245
v -0.500000 0.496222 -0.858865
v -0.500000 0.488645 -0.865083
v -0.500000 0.482427 -0.872660
v -0.500000 0.477806 -0.881305
v -0.500000 0.474961 -0.890684
v -0.500000 0.474000 -0.900439
v -0.500000 0.474961 -0.910193
v -0.500000 0.477806 -0.919573
v -0.500000 0.482427 -0.928217
v -0.500000 0.488645 -0.935794
v -0.500000 0.496222 -0.942012
v -0.500000 0.504866 -0.946633
v -0.500000 0.514246 -0.949478
v -0.500000 0.524000 -0.950439
v -0.500000 0.533755 -0.949478
v -0.500000 0.543134 -0.946633
v -0.500000 0.551779 -0.942012
v -0.500000 0.559355 -0.935794
v -0.500000 0.565574 -0.928217
v -0.500000 0.570194 -0.919573
v -0.500000 0.573039 -0.910193
v -0.653241 0.612250 -0.869957
v -0.649508 0.611289 -0.860945
v -0.645919 0.608444 -0.852279
v -0.642611 0.603824 -0.844293
v -0.639711 0.597605 -0.837293
v -0.637332 0.590029 -0.831548
v -0.635564 0.581384 -0.827279
v -0.634475 0.572005 -0.824651
v -0.634107 0.562250 -0.823763
v -0.634475 0.552496 -0.824651
v -0.635564 0.543116 -0.827279
v -0.637332 0.534472 -0.831548
v -0.639711 0.526895 -0.837293
v -0.642611 0.520677 -0.844293
v -0.645919 0.516056 -0.852279
v -0.649508 0.513211 -0.860945
v -0.653241 0.512250 -0.869957
v -0.656974 0.513211 -0.878969
v -0.660564 0.516056 -0.887635
v -0.663872 0.520677 -0.895621
v -0.666771 0.526895 -0.902621
v -0.669151 0.534472 -0.908366
v -0.670919 0.543116 -0.912635
v -0.672008 0.552496 -0.915263
v -0.672376 0.562250 -0.916151
v -0.672008 0.572005 -0.915263
v -0.670919 0.581384 -0.912635
v -0.669151 0.590029 -0.908366
v -0.666771 0.597605 -0.902621
v -0.663872 0.603824 -0.895621
v -0.660564 0.608444 -0.887635
v -0.656974 0.611289 -0.878969
v -0.783153 0.650500 -0.783153
v -0.776256 0.649539 -0.776255
v -0.769623 0.646694 -0.769623
v -0.763511 0.642074 -0.763510
v -0.758153 0.635855 -0.758153
v -0.753756 0.628279 -0.753756
v -0.750489 0.619634 -0.750489
v -0.748477 0.610255 -0.748477
v -0.747798 0.600500 -0.747797
v -0.748477 0.590746 -0.748477
v -0.750489 0.581366 -0.750489
v -0.753756 0.572722 -0.753756
v -0.758153 0.565145 -0.758153
v -0.763511 0.558927 -0.763510
v -0.769623 0.554306 -0.769623
v -0.776256 0.551461 -0.776255
v -0.783153 0.550500 -0.783153
v -0.790051 0.551461 -0.790050
v -0.796683 0.554306 -0.796683
v -0.802795 0.558927 -0.802795
v -0.808153 0.565145 -0.808153
v -0.812550 0.572722 -0.812550
v -0.815817 0.581366 -0.815817
v -0.817829 0.590746 -0.817829
v -0.818508 0.600500 -0.818508
v -0.817829 0.610255 -0.817829
v -0.815817 0.619634 -0.815817
v -0.812550 0.628279 -0.812550
v -0.808153 0.635855 -0.808153
v -0.802795 0.642074 -0.802795
v -0.796683 0.646694 -0.796683
v -0.790051 0.649539 -0.790050
v -0.869957 0.688750 -0.653241
v -0.860945 0.687789 -0.649508
v -0.852280 0.684944 -0.645919
v -0.844293 0.680324 -0.642611
v -0.837293 0.674105 -0.639711
v -0.831548 0.666529 -0.637331
v -0.827280 0.657884 -0.635563
v -0.824651 0.648505 -0.634475
v -0.823763 0.638750 -0.634107
v -0.824651 0.628996 -0.634475
v -0.827280 0.619616 -0.635563
v -0.831548 0.610972 -0.637331
v -0.837293 0.603395 -0.639711
v -0.844293 0.597177 -0.642611
v -0.852280 0.592556 -0.645919
v -0.860945 0.589711 -0.649508
v -0.869957 0.588750 -0.653241
v -0.878969 0.589711 -0.656974
v -0.887635 0.592556 -0.660563
v -0.895621 0.597177 -0.663871
v -0.902621 0.603395 -0.666771
v -0.908366 0.610972 -0.669150
v -0.912635 0.619616 -0.670919
v -0.915264 0.628996 -0.672007
v -0.916151 0.638750 -0.672375
v -0.915264 0.648505 -0.672007
v -0.912635 0.657884 -0.670919
v -0.908366 0.666529 -0.669150
v -0.902621 0.674105 -0.666771
v -0.895621 0.680324 -0.663871
v -0.887635 0.684944 -0.660563
v -0.878969 0.687789 -0.656974
v -0.900439 0.727000 -0.500000
v -0.890684 0.726039 -0.500000
v -0.881305 0.723194 -0.500000
v -0.872660 0.718574 -0.500000
v -0.865083 0.712355 -0.500000
v -0.858865 0.704779 -0.500000
v -0.854245 0.696134 -0.500000
v -0.851399 0.686755 -0.500000
v -0.850439 0.677000 -0.500000
v -0.851399 0.667246 -0.500000
v -0.854245 0.657866 -0.500000
v -0.858865 0.649222 -0.500000
v -0.865083 0.641645 -0.500000
v -0.872660 0.635427 -0.500000
v -0.881305 0.630806 -0.500000
v -0.890684 0.627961 -0.500000
v -0.900439 0.627000 -0.500000
v -0.910193 0.627961 -0.500000
v -0.919573 0.630806 -0.500000
v -0.928217 0.635427 -0.500000
v -0.935794 0.641645 -0.500000
v -0.942012 0.649222 -0.500000
v -0.946633 0.657866 -0.500000
v -0.949478 0.667246 -0.500000
v -0.950439 0.677000 -0.500000
v -0.949478 0.686755 -0.500000
v -0.946633 0.696134 -0.500000
v -0.942012 0.704779 -0.500000
v -0.935794 0.712355 -0.500000
v -0.928217 0.718574 -0.500000
v -0.919573 0.723194 -0.500000
v -0.910193 0.726039 -0.500000
v -0.869957 0.765250 -0.346759
v -0.860945 0.764289 -0.350492
v -0.852279 0.761444 -0.354081
v -0.844293 0.756824 -0.357389
v -0.837293 0.750605 -0.360289
v -0.831548 0.743029 -0.362668
v -0.827279 0.734384 -0.364436
v -0.824651 0.725005 -0.365525
v -0.823763 0.715250 -0.365893
v -0.824651 0.705496 -0.365525
v -0.827279 0.696116 -0.364436
v -0.831548 0.687472 -0.362668
v -0.837293 0.679895 -0.360289
v -0.844293 0.673677 -0.357389
v -0.852279 0.669056 -0.354081
v -0.860945 0.666211 -0.350492
v -0.869957 0.665250 -0.346759
v -0.878969 0.666211 -0.343026
v -0.887635 0.669056 -0.339436
v -0.895621 0.673677 -0.336128
v -0.902621 0.679895 -0.333229
v -0.908366 0.687472 -0.330849
v -0.912635 0.696116 -0.329081
v -0.915263 0.705496 -0.327992
v -0.916151 0.715250 -0.327624
v -0.915263 0.725005 -0.327992
v -0.912635 0.734384 -0.329081
v -0.908366 0.743029 -0.330849
v -0.902621 0.750605 -0.333229
v -0.895621 0.756824 -0.336128
v -0.887635 0.761444 -0.339436
v -0.878969 0.764289 -0.343026
v -0.783153 0.803500 -0.216847
v -0.776255 0.802539 -0.223744
v -0.769623 0.799694 -0.230377
v -0.763510 0.795074 -0.236489
v -0.758153 0.788855 -0.241847
v -0.753756 0.781279 -0.246244
v -0.750489 0.772634 -0.249511
v -0.748477 0.763255 -0.251523
v -0.747797 0.753500 -0.252202
v -0.748477 0.743746 -0.251523
v -0.750489 0.734366 -0.249511
v -0.753756 0.725722 -0.246244
v -0.758153 0.718145 -0.241847
v -0.763510 0.711927 -0.236489
v -0.769623 0.707306 -0.230377
v -0.776255 0.704461 -0.223744
v -0.783153 0.703500 -0.216847
v -0.790050 0.704461 -0.209949
v -0.796683 0.707306 -0.203317
v -0.802795 0.711927 -0.197205
v -0.808153 0.718145 -0.191847
v -0.812550 0.725722 -0.187450
v -0.815817 0.734366 -0.184183
v -0.817829 0.743746 -0.182171
v -0.818508 0.753500 -0.181492
v -0.817829 0.763255 -0.182171
v -0.815817 0.772634 -0.184183
v -0.812550 0.781279 -0.187450
v -0.808153 0.788855 -0.191847
v -0.802795 0.795074 -0.197205
v -0.796683 0.799694 -0.203317
v -0.790050 0.802539 -0.209949
v -0.653241 0.841750 -0.130043
v -0.649508 0.840789 -0.139055
v -0.645919 0.837944 -0.147720
v -0.642611 0.833324 -0.155707
v -0.639711 0.827105 -0.162707
v -0.637332 0.819529 -0.168452
v -0.635563 0.810884 -0.172720
v -0.634475 0.801505 -0.175349
v -0.634107 0.791750 -0.176237
v -0.634475 0.781995 -0.175349
v -0.635563 0.772616 -0.172720
v -0.637332 0.763972 -0.168452
v -0.639711 0.756395 -0.162707
v -0.642611 0.750177 -0.155707
v -0.645919 0.745556 -0.147720
v -0.649508 0.742711 -0.139055
v -0.653241 0.741750 -0.130043
v -0.656974 0.742711 -0.121031
v -0.660563 0.745556 -0.112365
v -0.663871 0.750177 -0.104379
v -0.666771 0.756395 -0.097379
v -0.669150 0.763972 -0.091634
v -0.670919 0.772616 -0.087365
v -0.672008 0.781995 -0.084736
v -0.672375 0.791750 -0.083849
v -0.672008 0.801505 -0.084736
v -0.670919 0.810884 -0.087365
v -0.669150 0.819529 -0.091634
v -0.666771 0.827105 -0.097379
v -0.663871 0.833324 -0.104379
v -0.660563 0.837944 -0.112365
v -0.656974 0.840789 -0.121031
v -0.500000 0.880000 -0.099561
v -0.500000 0.879039 -0.109316
v -0.500000 0.876194 -0.118695
v -0.500000 0.871574 -0.127340
v -0.500000 0.865355 -0.134917
v -0.500000 0.857779 -0.141135
v -0.500000 0.849134 -0.145755
v -0.500000 0.839755 -0.148601
v -0.500000 0.830000 -0.149561
v -0.500000 0.820245 -0.148601
v -0.500000 0.810866 -0.145755
v -0.500000 0.802221 -0.141135
v -0.500000 0.794645 -0.134917
v -0.500000 0.788427 -0.127340
v -0.500000 0.783806 -0.118695
v -0.500000 0.780961 -0.109316
v -0.500000 0.780000 -0.099561
v -0.500000 0.780961 -0.089807
v -0.500000 0.783806 -0.080427
v -0.500000 0.788427 -0.071783
v -0.500000 0.794645 -0.064206
v -0.500000 0.802221 -0.057988
v -0.500000 0.810866 -0.053367
v -0.500000 0.820245 -0.050522
v -0.500000 0.830000 -0.049561
v -0.500000 0.839755 -0.050522
v -0.500000 0.849134 -0.053367
v -0.500000 0.857779 -0.057988
v -0.500000 0.865355 -0.064206
v -0.500000 0.871574 -0.071783
v -0.500000 0.876194 -0.080427
v -0.500000 0.879039 -0.089807
v -0.346759 0.918250 -0.130043
v -0.350492 0.917289 -0.139055
v -0.354081 0.914444 -0.147720
v -0.357389 0.909824 -0.155707
v -0.360289 0.903606 -0.162707
v -0.362668 0.896029 -0.168452
v -0.364436 0.887384 -0.172720
v -0.365525 0.878005 -0.175349
v -0.365893 0.868250 -0.176237
v -0.365525 0.858496 -0.175349
v -0.364436 0.849116 -0.172720
v -0.362668 0.840472 -0.168452
v -0.360289 0.832895 -0.162707
v -0.357389 0.826677 -0.155707
v -0.354081 0.822056 -0.147720
v -0.350492 0.819211 -0.139055
v -0.346759 0.818250 -0.130043
v -0.343026 0.819211 -0.121031
v -0.339436 0.822056 -0.112365
v -0.336128 0.826677 -0.104379
v -0.333229 0.832895 -0.097379
v -0.330849 0.840472 -0.091634
v -0.329081 0.849116 -0.087365
v -0.327992 0.858496 -0.084736
v -0.327624 0.868250 -0.083849
v -0.327992 0.878005 -0.084736
v -0.329081 0.887384 -0.087365
v -0.330849 0.896029 -0.091634
v -0.333229 0.903606 -0.097379
v -0.336128 0.909824 -0.104379
v -0.339436 0.914444 -0.112365
v -0.343026 0.917289 -0.121031
v -0.216847 0.956500 -0.216847
v -0.223744 0.955539 -0.223745
v -0.230377 0.952694 -0.230377
v -0.236489 0.948074 -0.236490
v -0.241847 0.941855 -0.241847
v -0.246244 0.934279 -0.246244
v -0.249511 0.925634 -0.249511
v -0.251523 0.916255 -0.251523
v -0.252202 0.906500 -0.252203
v -0.251523 0.896746 -0.251523
v -0.249511 0.887366 -0.249511
v -0.246244 0.878722 -0.246244
v -0.241847 0.871145 -0.241847
v -0.236489 0.864927 -0.236490
v -0.230377 0.860306 -0.230377
v -0.223744 0.857461 -0.223745
v -0.216847 0.856500 -0.216847
v -0.209949 0.857461 -0.209950
v -0.203317 0.860306 -0.203317
v -0.197204 0.864927 -0.197205
v -0.191847 0.871145 -0.191847
v -0.187450 0.878722 -0.187450
v -0.184183 0.887366 -0.184183
v -0.182171 0.896746 -0.182171
v -0.181491 0.906500 -0.181492
v -0.182171 0.916255 -0.182171
v -0.184183 0.925634 -0.184183
v -0.187450 0.934279 -0.187450
v -0.191847 0.941855 -0.191847
v -0.197204 0.948074 -0.197205
v -0.203317 0.952694 -0.203317
v -0.209949 0.955539 -0.209950
v -0.130043 0.994750 -0.346759
v -0.139055 0.993789 -0.350492
v -0.147720 0.990944 -0.354081
v -0.155707 0.986324 -0.357389
v -0.162707 0.980105 -0.360289
v -0.168452 0.972529 -0.362668
v -0.172720 0.963884 -0.364436
v -0.175349 0.954505 -0.365525
v -0.176237 0.944750 -0.365893
v -0.175349 0.934995 -0.365525
v -0.172720 0.925616 -0.364436
v -0.168452 0.916972 -0.362668
v -0.162707 0.909395 -0.360289
v -0.155707 0.903176 -0.357389
v -0.147720 0.898556 -0.354081
v -0.139055 0.895711 -0.350492
v -0.130043 0.894750 -0.346759
v -0.121031 0.895711 -0.343026
v -0.112365 0.898556 -0.339436
v -0.104379 0.903176 -0.336128
v -0.097379 0.909395 -0.333229
v -0.091634 0.916972 -0.330849
v -0.087365 0.925616 -0.329081
v -0.084736 0.934995 -0.327992
v -0.083849 0.944750 -0.327625
v -0.084736 0.954505 -0.327992
v -0.087365 0.963884 -0.329081
v -0.091634 0.972529 -0.330849
v -0.097379 0.980105 -0.333229
v -0.104379 0.986324 -0.336128
v -0.112365 0.990944 -0.339436
v -0.121031 0.993789 -0.343026
v -0.099561 1.033000 -0.500001
v -0.109316 1.032039 -0.500001
v -0.118695 1.029194 -0.500000
v -0.127340 1.024574 -0.500000
v -0.134916 1.018356 -0.500000
v -0.141135 1.010779 -0.500000
v -0.145755 1.002134 -0.500000
v -0.148600 0.992755 -0.500000
v -0.149561 0.983000 -0.500000
v -0.148600 0.973246 -0.500000
v -0.145755 0.963866 -0.500000
v -0.141135 0.955222 -0.500000
v -0.134917 0.947645 -0.500000
v -0.127340 0.941427 -0.500000
v -0.118695 0.936806 -0.500000
v -0.109316 0.933961 -0.500001
v -0.099561 0.933000 -0.500001
v -0.089807 0.933961 -0.500001
v -0.080427 0.936806 -0.500001
v -0.071783 0.941427 -0.500001
v -0.064206 0.947645 -0.500001
v -0.057988 0.955222 -0.500001
v -0.053367 0.963866 -0.500001
v -0.050522 0.973246 -0.500001
v -0.049561 0.983000 -0.500001
v -0.050522 0.992755 -0.500001
v -0.053367 1.002134 -0.500001
v -0.057988 1.010779 -0.500001
v -0.064206 1.018356 -0.500001
v -0.071783 1.024574 -0.500001
v -0.080427 1.029194 -0.500001
v -0.089807 1.032039 -0.500001
v -0.130043 1.071250 -0.653241
v -0.139055 1.070289 -0.649509
v -0.147721 1.067444 -0.645919
v -0.155707 1.062824 -0.642611
v -0.162707 1.056606 -0.639712
v -0.168452 1.049029 -0.637332
v -0.172721 1.040384 -0.635564
v -0.175349 1.031005 -0.634475
v -0.176237 1.021250 -0.634107
v -0.175349 1.011496 -0.634475
v -0.172721 1.002116 -0.635564
v -0.168452 0.993472 -0.637332
v -0.162707 0.985895 -0.639712
v -0.155707 0.979677 -0.642611
v -0.147721 0.975056 -0.645919
v -0.139055 0.972211 -0.649509
v -0.130043 0.971250 -0.653241
v -0.121031 0.972211 -0.656974
v -0.112365 0.975056 -0.660564
v -0.104379 0.979677 -0.663872
v -0.097379 0.985895 -0.666771
v -0.091634 0.993472 -0.669151
v -0.087365 1.002116 -0.670919
v -0.084737 1.011496 -0.672008
v -0.083849 1.021250 -0.672376
v -0.084737 1.031005 -0.672008
v -0.087365 1.040384 -0.670919
v -0.091634 1.049029 -0.669151
v -0.097379 1.056606 -0.666771
v -0.104379 1.062824 -0.663872
v -0.112365 1.067444 -0.660564
v -0.121031 1.070289 -0.656974
v -0.216847 1.109500 -0.783153
v -0.223744 1.108539 -0.776255
v -0.230377 1.105694 -0.769623
v -0.236489 1.101074 -0.763510
v -0.241847 1.094855 -0.758153
v -0.246244 1.087278 -0.753756
v -0.249511 1.078634 -0.750489
v -0.251523 1.069255 -0.748477
v -0.252202 1.059500 -0.747798
v -0.251523 1.049745 -0.748477
v -0.249511 1.040366 -0.750489
v -0.246244 1.031722 -0.753756
v -0.241847 1.024145 -0.758153
v -0.236489 1.017926 -0.763510
v -0.230377 1.013306 -0.769623
v -0.223744 1.010461 -0.776255
v -0.216847 1.009500 -0.783153
v -0.209949 1.010461 -0.790050
v -0.203317 1.013306 -0.796683
v -0.197205 1.017926 -0.802795
v -0.191847 1.024145 -0.808153
v -0.187450 1.031722 -0.812550
v -0.184183 1.040366 -0.815817
v -0.182171 1.049745 -0.817829
v -0.181492 1.059500 -0.818508
v -0.182171 1.069255 -0.817829
v -0.184183 1.078634 -0.815817
v -0.187450 1.087278 -0.812550
v -0.191847 1.094855 -0.808153
v -0.197205 1.101074 -0.802795
v -0.203317 1.105694 -0.796683
v -0.209949 1.108539 -0.790050
v -0.346759 1.147750 -0.869957
v -0.350492 1.146789 -0.860945
v -0.354081 1.143944 -0.852280
v -0.357389 1.139324 -0.844293
v -0.360289 1.133106 -0.837293
v -0.362668 1.125529 -0.831548
v -0.364437 1.116884 -0.827280
v -0.365525 1.107505 -0.824651
v -0.365893 1.097750 -0.823763
v -0.365525 1.087996 -0.824651
v -0.364437 1.078616 -0.827280
v -0.362668 1.069972 -0.831548
v -0.360289 1.062395 -0.837293
v -0.357389 1.056177 -0.844293
v -0.354081 1.051556 -0.852280
v -0.350492 1.048711 -0.860945
v -0.346759 1.047750 -0.869957
v -0.343026 1.048711 -0.878969
v -0.339437 1.051556 -0.887635
v -0.336129 1.056177 -0.895621
v -0.333229 1.062395 -0.902621
v -0.330850 1.069972 -0.908366
v -0.329081 1.078616 -0.912635
v -0.327992 1.087996 -0.915264
v -0.327625 1.097750 -0.916151
v -0.327992 1.107505 -0.915264
v -0.329081 1.116884 -0.912635
v -0.330850 1.125529 -0.908366
v -0.333229 1.133106 -0.902621
v -0.336129 1.139324 -0.895621
v -0.339437 1.143944 -0.887635
v -0.343026 1.146789 -0.878969
v -0.500000 1.186000 -0.900439
v -0.500000 1.185039 -0.890684
v -0.500000 1.182194 -0.881305
v -0.500000 1.177574 -0.872660
v -0.500000 1.171355 -0.865083
v -0.500000 1.163779 -0.858865
v -0.500000 1.155134 -0.854245
v -0.500000 1.145755 -0.851399
v -0.500000 1.136000 -0.850439
v -0.500000 1.126245 -0.851399
v -0.500000 1.116866 -0.854245
v -0.500000 1.108222 -0.858865
v -0.500000 1.100645 -0.865083
v -0.500000 1.094427 -0.872660
v -0.500000 1.089806 -0.881305
v -0.500000 1.086961 -0.890684
v -0.500000 1.086000 -0.900439
v -0.500000 1.086961 -0.910193
v -0.500000 1.089806 -0.919573
v -0.500000 1.094427 -0.928217
v -0.500000 1.100645 -0.935794
v -0.500000 1.108222 -0.942012
v -0.500000 1.116866 -0.946633
v -0.500000 1.126245 -0.949478
v -0.500000 1.136000 -0.950439
v -0.500000 1.145755 -0.949478
v -0.500000 1.155134 -0.946633
v -0.500000 1.163779 -0.942012
v -0.500000 1.171355 -0.935794
v -0.500000 1.177574 -0.928217
v -0.500000 1.182194 -0.919573
v -0.500000 1.185039 -0.910193
vn 0.2387 0.9710 -0.0154
vn 0.2792 0.9437 0.1772
vn 0.3049 0.8823 0.3585
vn 0.3181 0.7895 0.5249
vn 0.3182 0.6688 0.6719
vn 0.3049 0.5237 0.7955
vn 0.2786 0.3577 0.8913
vn 0.2399 0.1755 0.9548
vn 0.1904 -0.0170 0.9816
vn 0.1327 -0.2119 0.9682
vn 0.0699 -0.4000 0.9139
vn 0.0057 -0.5718 0.8203
vn -0.0566 -0.7191 0.6926
vn -0.1140 -0.8354 0.5377
vn -0.1646 -0.9169 0.3637
vn -0.2071 -0.9618 0.1788
vn -0.2443 -0.9696 -0.0113
vn -0.2709 -0.9428 -0.1943
vn -0.2864 -0.8838 -0.3701
vn -0.2932 -0.7945 -0.5318
vn -0.2912 -0.6779 -0.6750
vn -0.2807 -0.5373 -0.7953
vn -0.2616 -0.3765 -0.8887
vn -0.2339 -0.1998 -0.9515
vn -0.1978 -0.0129 -0.9801
vn -0.1538 0.1779 -0.9720
vn -0.1026 0.3649 -0.9254
vn -0.0458 0.5397 -0.8406
vn 0.0146 0.6935 -0.7203
vn 0.0759 0.8184 -0.5695
vn 0.1353 0.9084 -0.3956
vn 0.1897 0.9597 -0.2073
vn 0.2180 0.9703 -0.1047
vn 0.2935 0.9533 0.0712
vn 0.3570 0.9017 0.2440
vn 0.4064 0.8166 0.4098
vn 0.4395 0.6999 0.5629
vn 0.4544 0.5545 0.6972
vn 0.4498 0.3847 0.8060
vn 0.4256 0.1971 0.8832
vn 0.3827 -0.0000 0.9239
vn 0.3236 -0.1971 0.9254
vn 0.2519 -0.3847 0.8880
vn 0.1717 -0.5545 0.8143
vn 0.0873 -0.6999 0.7089
vn 0.0024 -0.8166 0.5772
vn -0.0799 -0.9017 0.4249
vn -0.1572 -0.9533 0.2579
vn -0.2282 -0.9703 0.0801
vn -0.2894 -0.9522 -0.0978
vn -0.3415 -0.8989 -0.2744
vn -0.3825 -0.8116 -0.4415
vn -0.4112 -0.6926 -0.5926
vn -0.4263 -0.5460 -0.7212
vn -0.4270 -0.3770 -0.8219
vn -0.4125 -0.1925 -0.8904
vn -0.3827 -0.0000 -0.9239
vn -0.3379 0.1925 -0.9213
vn -0.2793 0.3770 -0.8831
vn -0.2085 0.5460 -0.8114
vn -0.1283 0.6926 -0.7098
vn -0.0417 0.8116 -0.5827
vn 0.0475 0.8989 -0.4355
vn 0.1355 0.9522 -0.2738
vn 0.1613 0.9703 -0.1802
vn 0.2984 0.9533 -0.0465
vn 0.4232 0.9017 0.0888
vn 0.5323 0.8166 0.2231
vn 0.6215 0.6999 0.3519
vn 0.6866 0.5545 0.4702
vn 0.7240 0.3847 0.5725
vn 0.7312 0.1971 0.6531
vn 0.7071 -0.0000 0.7071
vn 0.6531 -0.1971 0.7312
vn 0.5725 -0.3847 0.7240
vn 0.4702 -0.5545 0.6866
vn 0.3519 -0.6999 0.6215
vn 0.2231 -0.8166 0.5323
vn 0.0888 -0.9017 0.4232
vn -0.0465 -0.9533 0.2984
vn -0.1802 -0.9703 0.1613
vn -0.3048 -0.9522 0.0204
vn -0.4205 -0.8989 -0.1228
vn -0.5224 -0.8116 -0.2615
vn -0.6067 -0.6926 -0.3901
vn -0.6699 -0.5460 -0.5032
vn -0.7090 -0.3770 -0.5960
vn -0.7218 -0.1925 -0.6648
vn -0.7071 -0.0000 -0.7071
vn -0.6648 0.1925 -0.7218
vn -0.5960 0.3770 -0.7090
vn -0.5032 0.5460 -0.6699
vn -0.3901 0.6926 -0.6067
vn -0.2615 0.8116 -0.5224
vn -0.1228 0.8989 -0.4205
vn 0.0204 0.9522 -0.3048
vn 0.0801 0.9703 -0.2282
vn 0.2579 0.9533 -0.1572
vn 0.4249 0.9017 -0.0799
vn 0.5772 0.8166 0.0024
vn 0.7089 0.6999 0.0873
vn 0.8143 0.5545 0.1717
vn 0.8880 0.3847 0.2519
vn 0.9254 0.1971 0.3236
vn 0.9239 -0.0000 0.3827
vn 0.8832 -0.1971 0.4256
vn 0.8060 -0.3847 0.4498
vn 0.6972 -0.5545 0.4544
vn 0.5629 -0.6999 0.4395
vn 0.4098 -0.8166 0.4064
vn 0.2440 -0.9017 0.3570
vn 0.0712 -0.9533 0.2935
vn -0.1047 -0.9703 0.2180
vn -0.2738 -0.9522 0.1355
vn -0.4355 -0.8989 0.0475
vn -0.5827 -0.8116 -0.0417
vn -0.7098 -0.6926 -0.1283
vn -0.8114 -0.5460 -0.2085
vn -0.8831 -0.3770 -0.2793
vn -0.9213 -0.1925 -0.3379
vn -0.9239 -0.0000 -0.3827
vn -0.8904 0.1925 -0.4125
vn -0.8219 0.3770 -0.4270
vn -0.7212 0.5460 -0.4263
vn -0.5926 0.6926 -0.4112
vn -0.4415 0.8116 -0.3825
vn -0.2744 0.8989 -0.3415
vn -0.0978 0.9522 -0.2894
vn -0.0134 0.9703 -0.2414
vn 0.1781 0.9533 -0.2439
vn 0.3620 0.9017 -0.2364
vn 0.5341 0.8166 -0.2187
vn 0.6883 0.6999 -0.1906
vn 0.8180 0.5545 -0.1530
vn 0.9168 0.3847 -0.1071
vn 0.9788 0.1971 -0.0552
vn 1.0000 -0.0000 -0.0000
vn 0.9788 -0.1971 0.0552
vn 0.9168 -0.3847 0.1071
vn 0.8180 -0.5545 0.1530
vn 0.6883 -0.6999 0.1906
vn 0.5341 -0.8166 0.2187
vn 0.3620 -0.9017 0.2364
vn 0.1781 -0.9533 0.2439
vn -0.0134 -0.9703 0.2414
vn -0.2011 -0.9522 0.2299
vn -0.3842 -0.8989 0.2105
vn -0.5543 -0.8116 0.1844
vn -0.7048 -0.6926 0.1531
vn -0.8295 -0.5460 0.1179
vn -0.9227 -0.3770 0.0799
vn -0.9805 -0.1925 0.0404
vn -1.0000 -0.0000 -0.0000
vn -0.9805 0.1925 -0.0404
vn -0.9227 0.3770 -0.0799
vn -0.8295 0.5460 -0.1179
vn -0.7048 0.6926 -0.1531
vn -0.5543 0.8116 -0.1844
vn -0.3842 0.8989 -0.2105
vn -0.2011 0.9522 -0.2299
vn -0.1047 0.9703 -0.2180
vn 0.0712 0.9533 -0.2935
vn 0.2440 0.9017 -0.3570
vn 0.4098 0.8166 -0.4064
vn 0.5629 0.6999 -0.4395
vn 0.6972 0.5545 -0.4544
vn 0.8060 0.3847 -0.4498
vn 0.8832 0.1971 -0.4256
vn 0.9239 -0.0000 -0.3827
vn 0.9254 -0.1971 -0.3236
vn 0.8880 -0.3847 -0.2519
vn 0.8143 -0.5545 -0.1717
vn 0.7089 -0.6999 -0.0873
vn 0.5772 -0.8166 -0.0024
vn 0.4249 -0.9017 0.0799
vn 0.2579 -0.9533 0.1572
vn 0.0801 -0.9703 0.2282
vn -0.0978 -0.9522 0.2894
vn -0.2744 -0.8989 0.3415
vn -0.4415 -0.8116 0.3825
vn -0.5926 -0.6926 0.4112
vn -0.7212 -0.5460 0.4263
vn -0.8219 -0.3770 0.4270
vn -0.8904 -0.1925 0.4125
vn -0.9239 -0.0000 0.3827
vn -0.9213 0.1925 0.3379
vn -0.8831 0.3770 0.2793
vn -0.8114 0.5460 0.2085
vn -0.7098 0.6926 0.1283
vn -0.5827 0.8116 0.0417
vn -0.4355 0.8989 -0.0475
vn -0.2738 0.9522 -0.1355
vn -0.1802 0.9703 -0.1613
vn -0.0465 0.9533 -0.2984
vn 0.0888 0.9017 -0.4232
vn 0.2231 0.8166 -0.5323
vn 0.3519 0.6999 -0.6215
vn 0.4702 0.5545 -0.6866
vn 0.5725 0.3847 -0.7240
vn 0.6531 0.1971 -0.7312
vn 0.7071 -0.0000 -0.7071
vn 0.7312 -0.1971 -0.6531
vn 0.7240 -0.3847 -0.5725
vn 0.6866 -0.5545 -0.4702
vn 0.6215 -0.6999 -0.3519
vn 0.5323 -0.8166 -0.2231
vn 0.4232 -0.9017 -0.0888
vn 0.2984 -0.9533 0.0465
vn 0.1613 -0.9703 0.1802
vn 0.0204 -0.9522 0.3048
vn -0.1228 -0.8989 0.4205
vn -0.2615 -0.8116 0.5224
vn -0.3901 -0.6926 0.6067
vn -0.5032 -0.5460 0.6699
vn -0.5960 -0.3770 0.7090
vn -0.6648 -0.1925 0.7218
vn -0.7071 -0.0000 0.7071
vn -0.7218 0.1925 0.6648
vn -0.7090 0.3770 0.5960
vn -0.6699 0.5460 0.5032
vn -0.6067 0.6926 0.3901
vn -0.5224 0.8116 0.2615
vn -0.4205 0.8989 0.1228
vn -0.3048 0.9522 -0.0204
vn -0.2282 0.9703 -0.0801
vn -0.1572 0.9533 -0.2579
vn -0.0799 0.9017 -0.4249
vn 0.0024 0.8166 -0.5772
vn 0.0873 0.6999 -0.7089
vn 0.1717 0.5545 -0.8143
vn 0.2519 0.3847 -0.8880
vn 0.3236 0.1971 -0.9254
vn 0.3827 -0.0000 -0.9239
vn 0.4256 -0.1971 -0.8832
vn 0.4498 -0.3847 -0.8060
vn 0.4544 -0.5545 -0.6972
vn 0.4395 -0.6999 -0.5629
vn 0.4064 -0.8166 -0.4098
vn 0.3570 -0.9017 -0.2440
vn 0.2935 -0.9533 -0.0712
vn 0.2180 -0.9703 0.1047
vn 0.1355 -0.9522 0.2738
vn 0.0475 -0.8989 0.4355
vn -0.0417 -0.8116 0.5827
vn -0.1283 -0.6926 0.7098
vn -0.2085 -0.5460 0.8114
vn -0.2793 -0.3770 0.8831
vn -0.3379 -0.1925 0.9213
vn -0.3827 -0.0000 0.9239
vn -0.4125 0.1925 0.8904
vn -0.4270 0.3770 0.8219
vn -0.4263 0.5460 0.7212
vn -0.4112 0.6926 0.5926
vn -0.3825 0.8116 0.4415
vn -0.3415 0.8989 0.2744
vn -0.2894 0.9522 0.0978
vn -0.2414 0.9703 0.0134
vn -0.2439 0.9533 -0.1781
vn -0.2364 0.9017 -0.3620
vn -0.2187 0.8166 -0.5341
vn -0.1906 0.6999 -0.6883
vn -0.1530 0.5545 -0.8180
vn -0.1071 0.3847 -0.9168
vn -0.0552 0.1971 -0.9788
vn -0.0000 -0.0000 -1.0000
vn 0.0552 -0.1971 -0.9788
vn 0.1071 -0.3847 -0.9168
vn 0.1530 -0.5545 -0.8180
vn 0.1906 -0.6999 -0.6883
vn 0.2187 -0.8166 -0.5341
vn 0.2364 -0.9017 -0.3620
vn 0.2439 -0.9533 -0.1781
vn 0.2414 -0.9703 0.0134
vn 0.2299 -0.9522 0.2011
vn 0.2105 -0.8989 0.3842
vn 0.1844 -0.8116 0.5543
vn 0.1531 -0.6926 0.7048
vn 0.1179 -0.5460 0.8295
vn 0.0799 -0.3770 0.9227
vn 0.0404 -0.1925 0.9805
vn -0.0000 -0.0000 1.0000
vn -0.0404 0.1925 0.9805
vn -0.0799 0.3770 0.9227
vn -0.1179 0.5460 0.8295
vn -0.1531 0.6926 0.7048
vn -0.1844 0.8116 0.5543
vn -0.2105 0.8989 0.3842
vn -0.2299 0.9522 0.2011
vn -0.2180 0.9703 0.1047
vn -0.2935 0.9533 -0.0712
vn -0.3570 0.9017 -0.2440
vn -0.4064 0.8166 -0.4098
vn -0.4395 0.6999 -0.5629
vn -0.4544 0.5545 -0.6972
vn -0.4498 0.3847 -0.8060
vn -0.4256 0.1971 -0.8832
vn -0.3236 -0.1971 -0.9254
vn -0.2519 -0.3847 -0.8880
vn -0.1717 -0.5545 -0.8143
vn -0.0873 -0.6999 -0.7089
vn -0.0024 -0.8166 -0.5772
vn 0.0799 -0.9017 -0.4249
vn 0.1572 -0.9533 -0.2579
vn 0.2282 -0.9703 -0.0801
vn 0.2894 -0.9522 0.0978
vn 0.3415 -0.8989 0.2744
vn 0.3825 -0.8116 0.4415
vn 0.4112 -0.6926 0.5926
vn 0.4263 -0.5460 0.7212
vn 0.4270 -0.3770 0.8219
vn 0.4125 -0.1925 0.8904
vn 0.3379 0.1925 0.9213
vn 0.2793 0.3770 0.8831
vn 0.2085 0.5460 0.8114
vn 0.1283 0.6926 0.7098
vn 0.0417 0.8116 0.5827
vn -0.0475 0.8989 0.4355
vn -0.1355 0.9522 0.2738
vn -0.1613 0.9703 0.1802
vn -0.2984 0.9533 0.0465
vn -0.4232 0.9017 -0.0888
vn -0.5323 0.8166 -0.2231
vn -0.6215 0.6999 -0.3519
vn -0.6866 0.5545 -0.4702
vn -0.7240 0.3847 -0.5725
vn -0.7312 0.1971 -0.6531
vn -0.6531 -0.1971 -0.7312
vn -0.5725 -0.3847 -0.7240
vn -0.4702 -0.5545 -0.6866
vn -0.3519 -0.6999 -0.6215
vn -0.2231 -0.8166 -0.5323
vn -0.0888 -0.9017 -0.4232
vn 0.0465 -0.9533 -0.2984
vn 0.1802 -0.9703 -0.1613
vn 0.3048 -0.9522 -0.0204
vn 0.4205 -0.8989 0.1228
vn 0.5224 -0.8116 0.2615
vn 0.6067 -0.6926 0.3901
vn 0.6699 -0.5460 0.5032
vn 0.7090 -0.3770 0.5960
vn 0.7218 -0.1925 0.6648
vn 0.6648 0.1925 0.7218
vn 0.5960 0.3770 0.7090
vn 0.5032 0.5460 0.6699
vn 0.3901 0.6926 0.6067
vn 0.2615 0.8116 0.5224
vn 0.1228 0.8989 0.4205
vn -0.0204 0.9522 0.3048
vn -0.0801 0.9703 0.2282
vn -0.2579 0.9533 0.1572
vn -0.4249 0.9017 0.0799
vn -0.5772 0.8166 -0.0024
vn -0.7089 0.6999 -0.0873
vn -0.8143 0.5545 -0.1717
vn -0.8880 0.3847 -0.2519
vn -0.9254 0.1971 -0.3236
vn -0.8832 -0.1971 -0.4256
vn -0.8060 -0.3847 -0.4498
vn -0.6972 -0.5545 -0.4544
vn -0.5629 -0.6999 -0.4395
vn -0.4098 -0.8166 -0.4064
vn -0.2440 -0.9017 -0.3570
vn -0.0712 -0.9533 -0.2935
vn 0.1047 -0.9703 -0.2180
vn 0.2738 -0.9522 -0.1355
vn 0.4355 -0.8989 -0.0475
vn 0.5827 -0.8116 0.0417
vn 0.7098 -0.6926 0.1283
vn 0.8114 -0.5460 0.2085
vn 0.8831 -0.3770 0.2793
vn 0.9213 -0.1925 0.3379
vn 0.8904 0.1925 0.4125
vn 0.8219 0.3770 0.4270
vn 0.7212 0.5460 0.4263
vn 0.5926 0.6926 0.4112
vn 0.4415 0.8116 0.3825
vn 0.2744 0.8989 0.3415
vn 0.0978 0.9522 0.2894
vn 0.0134 0.9703 0.2414
vn -0.1781 0.9533 0.2439
vn -0.3620 0.9017 0.2364
vn -0.5341 0.8166 0.2187
vn -0.6883 0.6999 0.1906
vn -0.8180 0.5545 0.1530
vn -0.9168 0.3847 0.1071
vn -0.9788 0.1971 0.0552
vn -0.9788 -0.1971 -0.0552
vn -0.9168 -0.3847 -0.1071
vn -0.8180 -0.5545 -0.1530
vn -0.6883 -0.6999 -0.1906
vn -0.5341 -0.8166 -0.2187
vn -0.3620 -0.9017 -0.2364
vn -0.1781 -0.9533 -0.2439
vn 0.0134 -0.9703 -0.2414
vn 0.2011 -0.9522 -0.2299
vn 0.3842 -0.8989 -0.2105
vn 0.5543 -0.8116 -0.1844
vn 0.7048 -0.6926 -0.1531
vn 0.8295 -0.5460 -0.1179
vn 0.9227 -0.3770 -0.0799
vn 0.9805 -0.1925 -0.0404
vn 0.9805 0.1925 0.0404
vn 0.9227 0.3770 0.0799
vn 0.8295 0.5460 0.1179
vn 0.7048 0.6926 0.1531
vn 0.5543 0.8116 0.1844
vn 0.3842 0.8989 0.2105
vn 0.2011 0.9522 0.2299
vn 0.1047 0.9703 0.2180
vn -0.0712 0.9533 0.2935
vn -0.2440 0.9017 0.3570
vn -0.4098 0.8166 0.4064
vn -0.5629 0.6999 0.4395
vn -0.6972 0.5545 0.4544
vn -0.8060 0.3847 0.4498
vn -0.8832 0.1971 0.4256
vn -0.9254 -0.1971 0.3236
vn -0.8880 -0.3847 0.2519
vn -0.8143 -0.5545 0.1717
vn -0.7089 -0.6999 0.0873
vn -0.5772 -0.8166 0.0024
vn -0.4249 -0.9017 -0.0799
vn -0.2579 -0.9533 -0.1572
vn -0.0801 -0.9703 -0.2282
vn 0.0978 -0.9522 -0.2894
vn 0.2744 -0.8989 -0.3415
vn 0.4415 -0.8116 -0.3825
vn 0.5926 -0.6926 -0.4112
vn 0.7212 -0.5460 -0.4263
vn 0.8219 -0.3770 -0.4270
vn 0.8904 -0.1925 -0.4125
vn 0.9213 0.1925 -0.3379
vn 0.8831 0.3770 -0.2793
vn 0.8114 0.5460 -0.2085
vn 0.7098 0.6926 -0.1283
vn 0.5827 0.8116 -0.0417
vn 0.4355 0.8989 0.0475
vn 0.2738 0.9522 0.1355
vn 0.1802 0.9703 0.1613
vn 0.0465 0.9533 0.2984
vn -0.0888 0.9017 0.4232
vn -0.2231 0.8166 0.5323
vn -0.3519 0.6999 0.6215
vn -0.4702 0.5545 0.6866
vn -0.5725 0.3847 0.7240
vn -0.6531 0.1971 0.7312
vn -0.7312 -0.1971 0.6531
vn -0.7240 -0.3847 0.5725
vn -0.6866 -0.5545 0.4702
vn -0.6215 -0.6999 0.3519
vn -0.5323 -0.8166 0.2231
vn -0.4232 -0.9017 0.0888
vn -0.2984 -0.9533 -0.0465
vn -0.1613 -0.9703 -0.1802
vn -0.0204 -0.9522 -0.3048
vn 0.1228 -0.8989 -0.4205
vn 0.2615 -0.8116 -0.5224
vn 0.3901 -0.6926 -0.6067
vn 0.5032 -0.5460 -0.6699
vn 0.5960 -0.3770 -0.7090
vn 0.6648 -0.1925 -0.7218
vn 0.7218 0.1925 -0.6648
vn 0.7090 0.3770 -0.5960
vn 0.6699 0.5460 -0.5032
vn 0.6067 0.6926 -0.3901
vn 0.5224 0.8116 -0.2615
vn 0.4205 0.8989 -0.1228
vn 0.3048 0.9522 0.0204
vn 0.2282 0.9703 0.0801
vn 0.1572 0.9533 0.2579
vn 0.0799 0.9017 0.4249
vn -0.0024 0.8166 0.5772
vn -0.0873 0.6999 0.7089
vn -0.1717 0.5545 0.8143
vn -0.2519 0.3847 0.8880
vn -0.3236 0.1971 0.9254
vn -0.4256 -0.1971 0.8832
vn -0.4498 -0.3847 0.8060
vn -0.4544 -0.5545 0.6972
vn -0.4395 -0.6999 0.5629
vn -0.4064 -0.8166 0.4098
vn -0.3570 -0.9017 0.2440
vn -0.2935 -0.9533 0.0712
vn -0.2180 -0.9703 -0.1047
vn -0.1355 -0.9522 -0.2738
vn -0.0475 -0.8989 -0.4355
vn 0.0417 -0.8116 -0.5827
vn 0.1283 -0.6926 -0.7098
vn 0.2085 -0.5460 -0.8114
vn 0.2793 -0.3770 -0.8831
vn 0.3379 -0.1925 -0.9213
vn 0.4125 0.1925 -0.8904
vn 0.4270 0.3770 -0.8219
vn 0.4263 0.5460 -0.7212
vn 0.4112 0.6926 -0.5926
vn 0.3825 0.8116 -0.4415
vn 0.3415 0.8989 -0.2744
vn 0.2894 0.9522 -0.0978
vn 0.2414 0.9703 -0.0134
vn 0.2439 0.9533 0.1781
vn 0.2364 0.9017 0.3620
vn 0.2187 0.8166 0.5341
vn 0.1906 0.6999 0.6883
vn 0.1530 0.5545 0.8180
vn 0.1071 0.3847 0.9168
vn 0.0552 0.1971 0.9788
vn -0.0552 -0.1971 0.9788
vn -0.1071 -0.3847 0.9168
vn -0.1530 -0.5545 0.8180
vn -0.1906 -0.6999 0.6883
vn -0.2187 -0.8166 0.5341
vn -0.2364 -0.9017 0.3620
vn -0.2439 -0.9533 0.1781
vn -0.2414 -0.9703 -0.0134
vn -0.2299 -0.9522 -0.2011
vn -0.2105 -0.8989 -0.3842
vn -0.1844 -0.8116 -0.5543
vn -0.1531 -0.6926 -0.7048
vn -0.1179 -0.5460 -0.8295
vn -0.0799 -0.3770 -0.9227
vn -0.0403 -0.1925 -0.9805
vn 0.0404 0.1925 -0.9805
vn 0.0799 0.3770 -0.9227
vn 0.1179 0.5460 -0.8295
vn 0.1531 0.6926 -0.7048
vn 0.1844 0.8116 -0.5543
vn 0.2105 0.8989 -0.3842
vn 0.2299 0.9522 -0.2011
vn -0.9805 -0.1925 0.0403
vn -0.9805 0.1925 -0.0403
vn -0.0403 0.1925 0.9805
vn -0.5630 0.6999 0.4395
vn -0.0800 -0.9703 -0.2282
vn 0.0403 0.1925 -0.9805
vn 0.0800 0.9703 -0.2282
vn -0.1048 -0.9703 0.2180
vn 0.0403 -0.1925 0.9805
vn -0.5771 0.8166 -0.0024
vn -0.5630 -0.6999 -0.4395
vn 0.9805 0.1925 0.0403
vn -0.4250 -0.9017 -0.0799
vn 0.2443 0.9696 -0.0113
vn 0.2071 0.9618 0.1788
vn 0.1646 0.9169 0.3637
vn 0.1140 0.8354 0.5377
vn 0.0566 0.7191 0.6926
vn -0.0057 0.5718 0.8203
vn -0.0699 0.4000 0.9139
vn -0.1327 0.2119 0.9682
vn -0.1904 0.0170 0.9816
vn -0.2399 -0.1755 0.9548
vn -0.2786 -0.3577 0.8913
vn -0.3049 -0.5237 0.7955
vn -0.3182 -0.6688 0.6719
vn -0.3181 -0.7895 0.5249
vn -0.3049 -0.8823 0.3585
vn -0.2792 -0.9437 0.1772
vn -0.2387 -0.9710 -0.0154
vn -0.1897 -0.9597 -0.2073
vn -0.1353 -0.9084 -0.3956
vn -0.0759 -0.8184 -0.5695
vn -0.0146 -0.6935 -0.7203
vn 0.0458 -0.5397 -0.8406
vn 0.1026 -0.3649 -0.9254
vn 0.1538 -0.1779 -0.9720
vn 0.1979 0.0129 -0.9801
vn 0.2339 0.1998 -0.9515
vn 0.2616 0.3765 -0.8887
vn 0.2807 0.5373 -0.7953
vn 0.2912 0.6779 -0.6750
vn 0.2932 0.7945 -0.5318
vn 0.2864 0.8838 -0.3701
vn 0.2709 0.9428 -0.1943
vt 0.000000 1.000000
vt 0.062500 0.980785
vt 0.000000 0.980785
vt 0.062500 1.000000
vt 0.125000 0.980785
vt 0.125000 1.000000
vt 0.187500 0.980785
vt 0.187500 1.000000
vt 0.250000 0.980785
vt 0.250000 1.000000
vt 0.312500 0.980785
vt 0.312500 1.000000
vt 0.375000 0.980785
vt 0.375000 1.000000
vt 0.437500 0.980785
vt 0.437500 1.000000
vt 0.500000 0.980785
vt 0.500000 1.000000
vt 0.562500 0.980785
vt 0.562500 1.000000
vt 0.625000 0.980785
vt 0.625000 1.000000
vt 0.687500 0.980785
vt 0.687500 1.000000
vt 0.750000 0.980785
vt 0.750000 1.000000
vt 0.812500 0.980785
vt 0.812500 1.000000
vt 0.875000 0.980785
vt 0.875000 1.000000
vt 0.937500 0.980785
vt 0.937500 1.000000
vt 1.000000 0.980785
vt 1.000000 1.000000
vt 1.062500 0.980785
vt 1.062500 1.000000
vt 1.125000 0.980785
vt 1.125000 1.000000
vt 1.187500 0.980785
vt 1.187500 1.000000
vt 1.250000 0.980785
vt 1.250000 1.000000
vt 1.312500 0.980785
vt 1.312500 1.000000
vt 1.375000 0.980785
vt 1.375000 1.000000
vt 1.437500 0.980785
vt 1.437500 1.000000
vt 1.500000 0.980785
vt 1.500000 1.000000
vt 1.562500 0.980785
vt 1.562500 1.000000
vt 1.625000 0.980785
vt 1.625000 1.000000
vt 1.687500 0.980785
vt 1.687500 1.000000
vt 1.750000 0.980785
vt 1.750000 1.000000
vt 1.812500 0.980785
vt 1.812500 1.000000
vt 1.875000 0.980785
vt 1.875000 1.000000
vt 1.937500 0.980785
vt 1.937500 1.000000
vt 2.000000 0.980785
vt 2.000000 1.000000
vt 2.062500 0.980785
vt 2.062500 1.000000
vt 2.125000 0.980785
vt 2.125000 1.000000
vt 2.187500 0.980785
vt 2.187500 1.000000
vt 2.250000 0.980785
vt 2.250000 1.000000
vt 2.312500 0.980785
vt 2.312500 1.000000
vt 2.375000 0.980785
vt 2.375000 1.000000
vt 2.437500 0.980785
vt 2.437500 1.000000
vt 2.500000 0.980785
vt 2.500000 1.000000
vt 2.562500 0.980785
vt 2.562500 1.000000
vt 2.625000 0.980785
vt 2.625000 1.000000
vt 2.687500 0.980785
vt 2.687500 1.000000
vt 2.750000 0.980785
vt 2.750000 1.000000
vt 2.812500 0.980785
vt 2.812500 1.000000
vt 2.875000 0.980785
vt 2.875000 1.000000
vt 2.937500 0.980785
vt 2.937500 1.000000
vt 3.000000 0.980785
vt 0.062500 0.923880
vt 0.000000 0.923880
vt 0.125000 0.923880
vt 0.187500 0.923880
vt 0.250000 0.923880
vt 0.312500 0.923880
vt 0.375000 0.923880
vt 0.437500 0.923880
vt 0.500000 0.923880
vt 0.562500 0.923880
vt 0.625000 0.923880
vt 0.687500 0.923880
vt 0.750000 0.923880
vt 0.812500 0.923880
vt 0.875000 0.923880
vt 0.937500 0.923880
vt 1.000000 0.923880
vt 1.062500 0.923880
vt 1.125000 0.923880
vt 1.187500 0.923880
vt 1.250000 0.923880
vt 1.312500 0.923880
vt 1.375000 0.923880
vt 1.437500 0.923880
vt 1.500000 0.923880
vt 1.562500 0.923880
vt 1.625000 0.923880
vt 1.687500 0.923880
vt 1.750000 0.923880
vt 1.812500 0.923880
vt 1.875000 0.923880
vt 1.937500 0.923880
vt 2.000000 0.923880
vt 2.062500 0.923880
vt 2.125000 0.923880
vt 2.187500 0.923880
vt 2.250000 0.923880
vt 2.312500 0.923880
vt 2.375000 0.923880
vt 2.437500 0.923880
vt 2.500000 0.923880
vt 2.562500 0.923880
vt 2.625000 0.923880
vt 2.687500 0.923880
vt 2.750000 0.923880
vt 2.812500 0.923880
vt 2.875000 0.923880
vt 2.937500 0.923880
vt 3.000000 0.923880
vt 0.062500 0.831470
vt 0.000000 0.831470
vt 0.125000 0.831470
vt 0.187500 0.831470
vt 0.250000 0.831470
vt 0.312500 0.831470
vt 0.375000 0.831470
vt 0.437500 0.831470
vt 0.500000 0.831470
vt 0.562500 0.831470
vt 0.625000 0.831470
vt 0.687500 0.831470
vt 0.750000 0.831470
vt 0.812500 0.831470
vt 0.875000 0.831470
vt 0.937500 0.831470
vt 1.000000 0.831470
vt 1.062500 0.831470
vt 1.125000 0.831470
vt 1.187500 0.831470
vt 1.250000 0.831470
vt 1.312500 0.831470
vt 1.375000 0.831470
vt 1.437500 0.831470
vt 1.500000 0.831470
vt 1.562500 0.831470
vt 1.625000 0.831470
vt 1.687500 0.831470
vt 1.750000 0.831470
vt 1.812500 0.831470
vt 1.875000 0.831470
vt 1.937500 0.831470
vt 2.000000 0.831470
vt 2.062500 0.831470
vt 2.125000 0.831470
vt 2.187500 0.831470
vt 2.250000 0.831470
vt 2.312500 0.831470
vt 2.375000 0.831470
vt 2.437500 0.831470
vt 2.500000 0.831470
vt 2.562500 0.831470
vt 2.625000 0.831470
vt 2.687500 0.831470
vt 2.750000 0.831470
vt 2.812500 0.831470
vt 2.875000 0.831470
vt 2.937500 0.831470
vt 3.000000 0.831470
vt 0.062500 0.707107
vt 0.000000 0.707107
vt 0.125000 0.707107
vt 0.187500 0.707107
vt 0.250000 0.707107
vt 0.312500 0.707107
vt 0.375000 0.707107
vt 0.437500 0.707107
vt 0.500000 0.707107
vt 0.562500 0.707107
vt 0.625000 0.707107
vt 0.687500 0.707107
vt 0.750000 0.707107
vt 0.812500 0.707107
vt 0.875000 0.707107
vt 0.937500 0.707107
vt 1.000000 0.707107
vt 1.062500 0.707107
vt 1.125000 0.707107
vt 1.187500 0.707107
vt 1.250000 0.707107
vt 1.312500 0.707107
vt 1.375000 0.707107
vt 1.437500 0.707107
vt 1.500000 0.707107
vt 1.562500 0.707107
vt 1.625000 0.707107
vt 1.687500 0.707107
vt 1.750000 0.707107
vt 1.812500 0.707107
vt 1.875000 0.707107
vt 1.937500 0.707107
vt 2.000000 0.707107
vt 2.062500 0.707107
vt 2.125000 0.707107
vt 2.187500 0.707107
vt 2.250000 0.707107
vt 2.312500 0.707107
vt 2.375000 0.707107
vt 2.437500 0.707107
vt 2.500000 0.707107
vt 2.562500 0.707107
vt 2.625000 0.707107
vt 2.687500 0.707107
vt 2.750000 0.707107
vt 2.812500 0.707107
vt 2.875000 0.707107
vt 2.937500 0.707107
vt 3.000000 0.707107
vt 0.062500 0.555570
vt 0.000000 0.555570
vt 0.125000 0.555570
vt 0.187500 0.555570
vt 0.250000 0.555570
vt 0.312500 0.555570
vt 0.375000 0.555570
vt 0.437500 0.555570
vt 0.500000 0.555570
vt 0.562500 0.555570
vt 0.625000 0.555570
vt 0.687500 0.555570
vt 0.750000 0.555570
vt 0.812500 0.555570
vt 0.875000 0.555570
vt 0.937500 0.555570
vt 1.000000 0.555570
vt 1.062500 0.555570
vt 1.125000 0.555570
vt 1.187500 0.555570
vt 1.250000 0.555570
vt 1.312500 0.555570
vt 1.375000 0.555570
vt 1.437500 0.555570
vt 1.500000 0.555570
vt 1.562500 0.555570
vt 1.625000 0.555570
vt 1.687500 0.555570
vt 1.750000 0.555570
vt 1.812500 0.555570
vt 1.875000 0.555570
vt 1.937500 0.555570
vt 2.000000 0.555570
vt 2.062500 0.555570
vt 2.125000 0.555570
vt 2.187500 0.555570
vt 2.250000 0.555570
vt 2.312500 0.555570
vt 2.375000 0.555570
vt 2.437500 0.555570
vt 2.500000 0.555570
vt 2.562500 0.555570
vt 2.625000 0.555570
vt 2.687500 0.555570
vt 2.750000 0.555570
vt 2.812500 0.555570
vt 2.875000 0.555570
vt 2.937500 0.555570
vt 3.000000 0.555570
vt 0.062500 0.382683
vt 0.000000 0.382683
vt 0.125000 0.382683
vt 0.187500 0.382683
vt 0.250000 0.382683
vt 0.312500 0.382683
vt 0.375000 0.382683
vt 0.437500 0.382683
vt 0.500000 0.382683
vt 0.562500 0.382683
vt 0.625000 0.382683
vt 0.687500 0.382683
vt 0.750000 0.382683
vt 0.812500 0.382683
vt 0.875000 0.382683
vt 0.937500 0.382683
vt 1.000000 0.382683
vt 1.062500 0.382683
vt 1.125000 0.382683
vt 1.187500 0.382683
vt 1.250000 0.382683
vt 1.312500 0.382683
vt 1.375000 0.382683
vt 1.437500 0.382683
vt 1.500000 0.382683
vt 1.562500 0.382683
vt 1.625000 0.382683
vt 1.687500 0.382683
vt 1.750000 0.382683
vt 1.812500 0.382683
vt 1.875000 0.382683
vt 1.937500 0.382683
vt 2.000000 0.382683
vt 2.062500 0.382683
vt 2.125000 0.382683
vt 2.187500 0.382683
vt 2.250000 0.382683
vt 2.312500 0.382683
vt 2.375000 0.382683
vt 2.437500 0.382683
vt 2.500000 0.382683
vt 2.562500 0.382683
vt 2.625000 0.382683
vt 2.687500 0.382683
vt 2.750000 0.382683
vt 2.812500 0.382683
vt 2.875000 0.382683
vt 2.937500 0.382683
vt 3.000000 0.382683
vt 0.062500 0.195090
vt 0.000000 0.195090
vt 0.125000 0.195090
vt 0.187500 0.195090
vt 0.250000 0.195090
vt 0.312500 0.195090
vt 0.375000 0.195090
vt 0.437500 0.195090
vt 0.500000 0.195090
vt 0.562500 0.195090
vt 0.625000 0.195090
vt 0.687500 0.195090
vt 0.750000 0.195090
vt 0.812500 0.195090
vt 0.875000 0.195090
vt 0.937500 0.195090
vt 1.000000 0.195090
vt 1.062500 0.195090
vt 1.125000 0.195090
vt 1.187500 0.195090
vt 1.250000 0.195090
vt 1.312500 0.195090
vt 1.375000 0.195090
vt 1.437500 0.195090
vt 1.500000 0.195090
vt 1.562500 0.195090
vt 1.625000 0.195090
vt 1.687500 0.195090
vt 1.750000 0.195090
vt 1.812500 0.195090
vt 1.875000 0.195090
vt 1.937500 0.195090
vt 2.000000 0.195090
vt 2.062500 0.195090
vt 2.125000 0.195090
vt 2.187500 0.195090
vt 2.250000 0.195090
vt 2.312500 0.195090
vt 2.375000 0.195090
vt 2.437500 0.195090
vt 2.500000 0.195090
vt 2.562500 0.195090
vt 2.625000 0.195090
vt 2.687500 0.195090
vt 2.750000 0.195090
vt 2.812500 0.195090
vt 2.875000 0.195090
vt 2.937500 0.195090
vt 3.000000 0.195090
vt 0.062500 0.000000
vt 0.000000 0.000000
vt 0.125000 0.000000
vt 0.187500 0.000000
vt 0.250000 0.000000
vt 0.312500 0.000000
vt 0.375000 0.000000
vt 0.437500 0.000000
vt 0.500000 0.000000
vt 0.562500 0.000000
vt 0.625000 0.000000
vt 0.687500 0.000000
vt 0.750000 0.000000
vt 0.812500 0.000000
vt 0.875000 0.000000
vt 0.937500 0.000000
vt 1.000000 0.000000
vt 1.062500 0.000000
vt 1.125000 0.000000
vt 1.187500 0.000000
vt 1.250000 0.000000
vt 1.312500 0.000000
vt 1.375000 0.000000
vt 1.437500 0.000000
vt 1.500000 0.000000
vt 1.562500 0.000000
vt 1.625000 0.000000
vt 1.687500 0.000000
vt 1.750000 0.000000
vt 1.812500 0.000000
vt 1.875000 0.000000
vt 1.937500 0.000000
vt 2.000000 0.000000
vt 2.062500 0.000000
vt 2.125000 0.000000
vt 2.187500 0.000000
vt 2.250000 0.000000
vt 2.312500 0.000000
vt 2.375000 0.000000
vt 2.437500 0.000000
vt 2.500000 0.000000
vt 2.562500 0.000000
vt 2.625000 0.000000
vt 2.687500 0.000000
vt 2.750000 0.000000
vt 2.812500 0.000000
vt 2.875000 0.000000
vt 2.937500 0.000000
vt 3.000000 0.000000
vt 0.062500 -0.195090
vt 0.000000 -0.195090
vt 0.125000 -0.195090
vt 0.187500 -0.195090
vt 0.250000 -0.195090
vt 0.312500 -0.195090
vt 0.375000 -0.195090
vt 0.437500 -0.195090
vt 0.500000 -0.195090
vt 0.562500 -0.195090
vt 0.625000 -0.195090
vt 0.687500 -0.195090
vt 0.750000 -0.195090
vt 0.812500 -0.195090
vt 0.875000 -0.195090
vt 0.937500 -0.195090
vt 1.000000 -0.195090
vt 1.062500 -0.195090
vt 1.125000 -0.195090
vt 1.187500 -0.195090
vt 1.250000 -0.195090
vt 1.312500 -0.195090
vt 1.375000 -0.195090
vt 1.437500 -0.195090
vt 1.500000 -0.195090
vt 1.562500 -0.195090
vt 1.625000 -0.195090
vt 1.687500 -0.195090
vt 1.750000 -0.195090
vt 1.812500 -0.195090
vt 1.875000 -0.195090
vt 1.937500 -0.195090
vt 2.000000 -0.195090
vt 2.062500 -0.195090
vt 2.125000 -0.195090
vt 2.187500 -0.195090
vt 2.250000 -0.195090
vt 2.312500 -0.195090
vt 2.375000 -0.195090
vt 2.437500 -0.195090
vt 2.500000 -0.195090
vt 2.562500 -0.195090
vt 2.625000 -0.195090
vt 2.687500 -0.195090
vt 2.750000 -0.195090
vt 2.812500 -0.195090
vt 2.875000 -0.195090
vt 2.937500 -0.195090
vt 3.000000 -0.195090
vt 0.062500 -0.382683
vt 0.000000 -0.382683
vt 0.125000 -0.382683
vt 0.187500 -0.382683
vt 0.250000 -0.382683
vt 0.312500 -0.382683
vt 0.375000 -0.382683
vt 0.437500 -0.382683
vt 0.500000 -0.382683
vt 0.562500 -0.382683
vt 0.625000 -0.382683
vt 0.687500 -0.382683
vt 0.750000 -0.382683
vt 0.812500 -0.382683
vt 0.875000 -0.382683
vt 0.937500 -0.382683
vt 1.000000 -0.382683
vt 1.062500 -0.382683
vt 1.125000 -0.382683
vt 1.187500 -0.382683
vt 1.250000 -0.382683
vt 1.312500 -0.382683
vt 1.375000 -0.382683
vt 1.437500 -0.382683
vt 1.500000 -0.382683
vt 1.562500 -0.382683
vt 1.625000 -0.382683
vt 1.687500 -0.382683
vt 1.750000 -0.382683
vt 1.812500 -0.382683
vt 1.875000 -0.382683
vt 1.937500 -0.382683
vt 2.000000 -0.382683
vt 2.062500 -0.382683
vt 2.125000 -0.382683
vt 2.187500 -0.382683
vt 2.250000 -0.382683
vt 2.312500 -0.382683
vt 2.375000 -0.382683
vt 2.437500 -0.382683
vt 2.500000 -0.382683
vt 2.562500 -0.382683
vt 2.625000 -0.382683
vt 2.687500 -0.382683
vt 2.750000 -0.382683
vt 2.812500 -0.382683
vt 2.875000 -0.382683
vt 2.937500 -0.382683
vt 3.000000 -0.382683
vt 0.062500 -0.555570
vt 0.000000 -0.555570
vt 0.125000 -0.555570
vt 0.187500 -0.555570
vt 0.250000 -0.555570
vt 0.312500 -0.555570
vt 0.375000 -0.555570
vt 0.437500 -0.555570
vt 0.500000 -0.555570
vt 0.562500 -0.555570
vt 0.625000 -0.555570
vt 0.687500 -0.555570
vt 0.750000 -0.555570
vt 0.812500 -0.555570
vt 0.875000 -0.555570
vt 0.937500 -0.555570
vt 1.000000 -0.555570
vt 1.062500 -0.555570
vt 1.125000 -0.555570
vt 1.187500 -0.555570
vt 1.250000 -0.555570
vt 1.312500 -0.555570
vt 1.375000 -0.555570
vt 1.437500 -0.555570
vt 1.500000 -0.555570
vt 1.562500 -0.555570
vt 1.625000 -0.555570
vt 1.687500 -0.555570
vt 1.750000 -0.555570
vt 1.812500 -0.555570
vt 1.875000 -0.555570
vt 1.937500 -0.555570
vt 2.000000 -0.555570
vt 2.062500 -0.555570
vt 2.125000 -0.555570
vt 2.187500 -0.555570
vt 2.250000 -0.555570
vt 2.312500 -0.555570
vt 2.375000 -0.555570
vt 2.437500 -0.555570
vt 2.500000 -0.555570
vt 2.562500 -0.555570
vt 2.625000 -0.555570
vt 2.687500 -0.555570
vt 2.750000 -0.555570
vt 2.812500 -0.555570
vt 2.875000 -0.555570
vt 2.937500 -0.555570
vt 3.000000 -0.555570
vt 0.062500 -0.707107
vt 0.000000 -0.707107
vt 0.125000 -0.707107
vt 0.187500 -0.707107
vt 0.250000 -0.707107
vt 0.312500 -0.707107
vt 0.375000 -0.707107
vt 0.437500 -0.707107
vt 0.500000 -0.707107
vt 0.562500 -0.707107
vt 0.625000 -0.707107
vt 0.687500 -0.707107
vt 0.750000 -0.707107
vt 0.812500 -0.707107
vt 0.875000 -0.707107
vt 0.937500 -0.707107
vt 1.000000 -0.707107
vt 1.062500 -0.707107
vt 1.125000 -0.707107
vt 1.187500 -0.707107
vt 1.250000 -0.707107
vt 1.312500 -0.707107
vt 1.375000 -0.707107
vt 1.437500 -0.707107
vt 1.500000 -0.707107
vt 1.562500 -0.707107
vt 1.625000 -0.707107
vt 1.687500 -0.707107
vt 1.750000 -0.707107
vt 1.812500 -0.707107
vt 1.875000 -0.707107
vt 1.937500 -0.707107
vt 2.000000 -0.707107
vt 2.062500 -0.707107
vt 2.125000 -0.707107
vt 2.187500 -0.707107
vt 2.250000 -0.707107
vt 2.312500 -0.707107
vt 2.375000 -0.707107
vt 2.437500 -0.707107
vt 2.500000 -0.707107
vt 2.562500 -0.707107
vt 2.625000 -0.707107
vt 2.687500 -0.707107
vt 2.750000 -0.707107
vt 2.812500 -0.707107
vt 2.875000 -0.707107
vt 2.937500 -0.707107
vt 3.000000 -0.707107
vt 0.062500 -0.831470
vt 0.000000 -0.831470
vt 0.125000 -0.831470
vt 0.187500 -0.831470
vt 0.250000 -0.831470
vt 0.312500 -0.831470
vt 0.375000 -0.831470
vt 0.437500 -0.831470
vt 0.500000 -0.831470
vt 0.562500 -0.831470
vt 0.625000 -0.831470
vt 0.687500 -0.831470
vt 0.750000 -0.831470
vt 0.812500 -0.831470
vt 0.875000 -0.831470
vt 0.937500 -0.831470
vt 1.000000 -0.831470
vt 1.062500 -0.831470
vt 1.125000 -0.831470
vt 1.187500 -0.831470
vt 1.250000 -0.831470
vt 1.312500 -0.831470
vt 1.375000 -0.831470
vt 1.437500 -0.831470
vt 1.500000 -0.831470
vt 1.562500 -0.831470
vt 1.625000 -0.831470
vt 1.687500 -0.831470
vt 1.750000 -0.831470
vt 1.812500 -0.831470
vt 1.875000 -0.831470
vt 1.937500 -0.831470
vt 2.000000 -0.831470
vt 2.062500 -0.831470
vt 2.125000 -0.831470
vt 2.187500 -0.831470
vt 2.250000 -0.831470
vt 2.312500 -0.831470
vt 2.375000 -0.831470
vt 2.437500 -0.831470
vt 2.500000 -0.831470
vt 2.562500 -0.831470
vt 2.625000 -0.831470
vt 2.687500 -0.831470
vt 2.750000 -0.831470
vt 2.812500 -0.831470
vt 2.875000 -0.831470
vt 2.937500 -0.831470
vt 3.000000 -0.831470
vt 0.062500 -0.923880
vt 0.000000 -0.923880
vt 0.125000 -0.923880
vt 0.187500 -0.923880
vt 0.250000 -0.923880
vt 0.312500 -0.923880
vt 0.375000 -0.923880
vt 0.437500 -0.923880
vt 0.500000 -0.923880
vt 0.562500 -0.923880
vt 0.625000 -0.923880
vt 0.687500 -0.923880
vt 0.750000 -0.923880
vt 0.812500 -0.923880
vt 0.875000 -0.923880
vt 0.937500 -0.923880
vt 1.000000 -0.923880
vt 1.062500 -0.923880
vt 1.125000 -0.923880
vt 1.187500 -0.923880
vt 1.250000 -0.923880
vt 1.312500 -0.923880
vt 1.375000 -0.923880
vt 1.437500 -0.923880
vt 1.500000 -0.923880
vt 1.562500 -0.923880
vt 1.625000 -0.923880
vt 1.687500 -0.923880
vt 1.750000 -0.923880
vt 1.812500 -0.923880
vt 1.875000 -0.923880
vt 1.937500 -0.923880
vt 2.000000 -0.923880
vt 2.062500 -0.923880
vt 2.125000 -0.923880
vt 2.187500 -0.923880
vt 2.250000 -0.923880
vt 2.312500 -0.923880
vt 2.375000 -0.923880
vt 2.437500 -0.923880
vt 2.500000 -0.923880
vt 2.562500 -0.923880
vt 2.625000 -0.923880
vt 2.687500 -0.923880
vt 2.750000 -0.923880
vt 2.812500 -0.923880
vt 2.875000 -0.923880
vt 2.937500 -0.923880
vt 3.000000 -0.923880
vt 0.062500 -0.980785
vt 0.000000 -0.980785
vt 0.125000 -0.980785
vt 0.187500 -0.980785
vt 0.250000 -0.980785
vt 0.312500 -0.980785
vt 0.375000 -0.980785
vt 0.437500 -0.980785
vt 0.500000 -0.980785
vt 0.562500 -0.980785
vt 0.625000 -0.980785
vt 0.687500 -0.980785
vt 0.750000 -0.980785
vt 0.812500 -0.980785
vt 0.875000 -0.980785
vt 0.937500 -0.980785
vt 1.000000 -0.980785
vt 1.062500 -0.980785
vt 1.125000 -0.980785
vt 1.187500 -0.980785
vt 1.250000 -0.980785
vt 1.312500 -0.980785
vt 1.375000 -0.980785
vt 1.437500 -0.980785
vt 1.500000 -0.980785
vt 1.562500 -0.980785
vt 1.625000 -0.980785
vt 1.687500 -0.980785
vt 1.750000 -0.980785
vt 1.812500 -0.980785
vt 1.875000 -0.980785
vt 1.937500 -0.980785
vt 2.000000 -0.980785
vt 2.062500 -0.980785
vt 2.125000 -0.980785
vt 2.187500 -0.980785
vt 2.250000 -0.980785
vt 2.312500 -0.980785
vt 2.375000 -0.980785
vt 2.437500 -0.980785
vt 2.500000 -0.980785
vt 2.562500 -0.980785
vt 2.625000 -0.980785
vt 2.687500 -0.980785
vt 2.750000 -0.980785
vt 2.812500 -0.980785
vt 2.875000 -0.980785
vt 2.937500 -0.980785
vt 3.000000 -0.980785
vt 0.062500 -1.000000
vt 0.000000 -1.000000
vt 0.125000 -1.000000
vt 0.187500 -1.000000
vt 0.250000 -1.000000
vt 0.312500 -1.000000
vt 0.375000 -1.000000
vt 0.437500 -1.000000
vt 0.500000 -1.000000
vt 0.562500 -1.000000
vt 0.625000 -1.000000
vt 0.687500 -1.000000
vt 0.750000 -1.000000
vt 0.812500 -1.000000
vt 0.875000 -1.000000
vt 0.937500 -1.000000
vt 1.000000 -1.000000
vt 1.062500 -1.000000
vt 1.125000 -1.000000
vt 1.187500 -1.000000
vt 1.250000 -1.000000
vt 1.312500 -1.000000
vt 1.375000 -1.000000
vt 1.437500 -1.000000
vt 1.500000 -1.000000
vt 1.562500 -1.000000
vt 1.625000 -1.000000
vt 1.687500 -1.000000
vt 1.750000 -1.000000
vt 1.812500 -1.000000
vt 1.875000 -1.000000
vt 1.937500 -1.000000
vt 2.000000 -1.000000
vt 2.062500 -1.000000
vt 2.125000 -1.000000
vt 2.187500 -1.000000
vt 2.250000 -1.000000
vt 2.312500 -1.000000
vt 2.375000 -1.000000
vt 2.437500 -1.000000
vt 2.500000 -1.000000
vt 2.562500 -1.000000
vt 2.625000 -1.000000
vt 2.687500 -1.000000
vt 2.750000 -1.000000
vt 2.812500 -1.000000
vt 2.875000 -1.000000
vt 2.937500 -1.000000
vt 3.000000 -1.000000
vt 3.000000 1.000000
s 1
f 3145/1681/1153 3178/1682/1186 3146/1683/1154
f 3177/1684/1185 3210/1685/1218 3178/1682/1186
f 3209/1686/1217 3242/1687/1250 3210/1685/1218
f 3241/1688/1249 3274/1689/1282 3242/1687/1250
f 3273/1690/1281 3306/1691/1314 3274/1689/1282
f 3305/1692/1313 3338/1693/1346 3306/1691/1314
f 3337/1694/1345 3370/1695/1378 3338/1693/1346
f 3369/1696/1377 3402/1697/1410 3370/1695/1378
f 3401/1698/1409 3434/1699/1442 3402/1697/1410
f 3433/1700/1441 3466/1701/1472 3434/1699/1442
f 3465/1702/1471 3498/1703/1502 3466/1701/1472
f 3497/1704/1501 3530/1705/1532 3498/1703/1502
f 3529/1706/1531 3562/1707/1562 3530/1705/1532
f 3561/1708/1561 3594/1709/1592 3562/1707/1562
f 3593/1710/1591 3626/1711/1622 3594/1709/1592
f 3625/1712/1621 3658/1713/1652 3626/1711/1622
f 3657/1714/1651 3690/1715/1186 3658/1713/1652
f 3689/1716/1185 3722/1717/1218 3690/1715/1186
f 3721/1718/1217 3754/1719/1250 3722/1717/1218
f 3753/1720/1249 3786/1721/1282 3754/1719/1250
f 3785/1722/1281 3818/1723/1314 3786/1721/1282
f 3817/1724/1313 3850/1725/1346 3818/1723/1314
f 3849/1726/1345 3882/1727/1378 3850/1725/1346
f 3881/1728/1377 3914/1729/1410 3882/1727/1378
f 3913/1730/1409 3946/1731/1442 3914/1729/1410
f 3945/1732/1441 3978/1733/1472 3946/1731/1442
f 3977/1734/1471 4010/1735/1502 3978/1733/1472
f 4009/1736/1501 4042/1737/1532 4010/1735/1502
f 4041/1738/1531 4074/1739/1562 4042/1737/1532
f 4073/1740/1561 4106/1741/1592 4074/1739/1562
f 4105/1742/1591 4138/1743/1622 4106/1741/1592
f 4137/1744/1621 4170/1745/1652 4138/1743/1622
f 4169/1746/1651 4202/1747/1186 4170/1745/1652
f 4201/1748/1185 4234/1749/1218 4202/1747/1186
f 4233/1750/1217 4266/1751/1250 4234/1749/1218
f 4265/1752/1687 4298/1753/1282 4266/1751/1250
f 4297/1754/1281 4330/1755/1314 4298/1753/1282
f 4329/1756/1313 4362/1757/1346 4330/1755/1314
f 4361/1758/1345 4394/1759/1378 4362/1757/1346
f 4393/1760/1377 4426/1761/1410 4394/1759/1378
f 4425/1762/1409 4458/1763/1442 4426/1761/1410
f 4457/1764/1441 4490/1765/1472 4458/1763/1442
f 4489/1766/1471 4522/1767/1502 4490/1765/1472
f 4521/1768/1501 4554/1769/1532 4522/1767/1502
f 4553/1770/1531 4586/1771/1562 4554/1769/1532
f 4585/1772/1561 4618/1773/1592 4586/1771/1562
f 4617/1774/1591 4650/1775/1622 4618/1773/1592
f 4649/1776/1621 4682/1777/1695 4650/1775/1622
f 3146/1683/1154 3179/1778/1187 3147/1779/1155
f 3178/1682/1186 3211/1780/1219 3179/1778/1187
f 3210/1685/1218 3243/1781/1251 3211/1780/1219
f 3242/1687/1250 3275/1782/1283 3243/1781/1251
f 3274/1689/1282 3307/1783/1315 3275/1782/1283
f 3306/1691/1314 3339/1784/1347 3307/1783/1315
f 3338/1693/1346 3371/1785/1379 3339/1784/1347
f 3370/1695/1378 3403/1786/1411 3371/1785/1379
f 3402/1697/1410 3435/1787/1443 3403/1786/1411
f 3434/1699/1442 3467/1788/1473 3435/1787/1443
f 3466/1701/1472 3499/1789/1503 3467/1788/1473
f 3498/1703/1502 3531/1790/1533 3499/1789/1503
f 3530/1705/1532 3563/1791/1563 3531/1790/1533
f 3562/1707/1562 3595/1792/1593 3563/1791/1563
f 3594/1709/1592 3627/1793/1623 3595/1792/1593
f 3626/1711/1622 3659/1794/1653 3627/1793/1623
f 3658/1713/1652 3691/1795/1187 3659/1794/1653
f 3690/1715/1186 3723/1796/1219 3691/1795/1187
f 3722/1717/1218 3755/1797/1251 3723/1796/1219
f 3754/1719/1250 3787/1798/1283 3755/1797/1251
f 3786/1721/1282 3819/1799/1315 3787/1798/1283
f 3818/1723/1314 3851/1800/1347 3819/1799/1315
f 3850/1725/1346 3883/1801/1379 3851/1800/1347
f 3882/1727/1378 3915/1802/1411 3883/1801/1379
f 3914/1729/1410 3947/1803/1443 3915/1802/1411
f 3946/1731/1442 3979/1804/1473 3947/1803/1443
f 3978/1733/1472 4011/1805/1503 3979/1804/1473
f 4010/1735/1502 4043/1806/1533 4011/1805/1503
f 4042/1737/1532 4075/1807/1563 4043/1806/1533
f 4074/1739/1562 4107/1808/1593 4075/1807/1563
f 4106/1741/1592 4139/1809/1623 4107/1808/1593
f 4138/1743/1622 4171/1810/1653 4139/1809/1623
f 4170/1745/1652 4203/1811/1187 4171/1810/1653
f 4202/1747/1186 4235/1812/1219 4203/1811/1187
f 4234/1749/1218 4267/1813/1251 4235/1812/1219
f 4266/1751/1250 4299/1814/1283 4267/1813/1251
f 4298/1753/1282 4331/1815/1315 4299/1814/1283
f 4330/1755/1314 4363/1816/1347 4331/1815/1315
f 4362/1757/1346 4395/1817/1379 4363/1816/1347
f 4394/1759/1378 4427/1818/1411 4395/1817/1379
f 4426/1761/1410 4459/1819/1443 4427/1818/1411
f 4458/1763/1442 4491/1820/1473 4459/1819/1443
f 4490/1765/1472 4523/1821/1503 4491/1820/1473
f 4522/1767/1502 4555/1822/1533 4523/1821/1503
f 4554/1769/1532 4587/1823/1563 4555/1822/1533
f 4586/1771/1562 4619/1824/1593 4587/1823/1563
f 4618/1773/1592 4651/1825/1623 4619/1824/1593
f 4650/1775/1622 4683/1826/1696 4651/1825/1623
f 3147/1779/1155 3180/1827/1188 3148/1828/1156
f 3179/1778/1187 3212/1829/1220 3180/1827/1188
f 3211/1780/1219 3244/1830/1252 3212/1829/1220
f 3243/1781/1251 3276/1831/1284 3244/1830/1252
f 3275/1782/1283 3308/1832/1316 3276/1831/1284
f 3307/1783/1315 3340/1833/1348 3308/1832/1316
f 3339/1784/1347 3372/1834/1380 3340/1833/1348
f 3371/1785/1379 3404/1835/1412 3372/1834/1380
f 3403/1786/1411 3436/1836/1444 3404/1835/1412
f 3435/1787/1443 3468/1837/1474 3436/1836/1444
f 3467/1788/1473 3500/1838/1504 3468/1837/1474
f 3499/1789/1503 3532/1839/1534 3500/1838/1504
f 3531/1790/1533 3564/1840/1564 3532/1839/1534
f 3563/1791/1563 3596/1841/1594 3564/1840/1564
f 3595/1792/1593 3628/1842/1624 3596/1841/1594
f 3627/1793/1623 3660/1843/1654 3628/1842/1624
f 3659/1794/1653 3692/1844/1188 3660/1843/1654
f 3691/1795/1187 3724/1845/1220 3692/1844/1188
f 3723/1796/1219 3756/1846/1252 3724/1845/1220
f 3755/1797/1251 3788/1847/1284 3756/1846/1252
f 3787/1798/1283 3820/1848/1316 3788/1847/1284
f 3819/1799/1315 3852/1849/1348 3820/1848/1316
f 3851/1800/1347 3884/1850/1380 3852/1849/1348
f 3883/1801/1379 3916/1851/1412 3884/1850/1380
f 3915/1802/1411 3948/1852/1444 3916/1851/1412
f 3947/1803/1443 3980/1853/1474 3948/1852/1444
f 3979/1804/1473 4012/1854/1504 3980/1853/1474
f 4011/1805/1503 4044/1855/1534 4012/1854/1504
f 4043/1806/1533 4076/1856/1564 4044/1855/1534
f 4075/1807/1563 4108/1857/1594 4076/1856/1564
f 4107/1808/1593 4140/1858/1624 4108/1857/1594
f 4139/1809/1623 4172/1859/1654 4140/1858/1624
f 4171/1810/1653 4204/1860/1188 4172/1859/1654
f 4203/1811/1187 4236/1861/1220 4204/1860/1188
f 4235/1812/1219 4268/1862/1252 4236/1861/1220
f 4267/1813/1251 4300/1863/1284 4268/1862/1252
f 4299/1814/1283 4332/1864/1316 4300/1863/1284
f 4331/1815/1315 4364/1865/1348 4332/1864/1316
f 4363/1816/1347 4396/1866/1380 4364/1865/1348
f 4395/1817/1379 4428/1867/1412 4396/1866/1380
f 4427/1818/1411 4460/1868/1444 4428/1867/1412
f 4459/1819/1443 4492/1869/1474 4460/1868/1444
f 4491/1820/1473 4524/1870/1690 4492/1869/1474
f 4523/1821/1503 4556/1871/1534 4524/1870/1690
f 4555/1822/1533 4588/1872/1564 4556/1871/1534
f 4587/1823/1563 4620/1873/1594 4588/1872/1564
f 4619/1824/1593 4652/1874/1624 4620/1873/1594
f 4651/1825/1623 4684/1875/1697 4652/1874/1624
f 3148/1828/1156 3181/1876/1189 3149/1877/1157
f 3180/1827/1188 3213/1878/1221 3181/1876/1189
f 3212/1829/1220 3245/1879/1253 3213/1878/1221
f 3244/1830/1252 3277/1880/1285 3245/1879/1253
f 3276/1831/1284 3309/1881/1317 3277/1880/1285
f 3308/1832/1316 3341/1882/1349 3309/1881/1317
f 3340/1833/1348 3373/1883/1381 3341/1882/1349
f 3372/1834/1380 3405/1884/1413 3373/1883/1381
f 3404/1835/1412 3437/1885/1445 3405/1884/1413
f 3436/1836/1444 3469/1886/1475 3437/1885/1445
f 3468/1837/1474 3501/1887/1505 3469/1886/1475
f 3500/1838/1504 3533/1888/1535 3501/1887/1505
f 3532/1839/1534 3565/1889/1565 3533/1888/1535
f 3564/1840/1564 3597/1890/1595 3565/1889/1565
f 3596/1841/1594 3629/1891/1625 3597/1890/1595
f 3628/1842/1624 3661/1892/1655 3629/1891/1625
f 3660/1843/1654 3693/1893/1189 3661/1892/1655
f 3692/1844/1188 3725/1894/1221 3693/1893/1189
f 3724/1845/1220 3757/1895/1253 3725/1894/1221
f 3756/1846/1252 3789/1896/1285 3757/1895/1253
f 3788/1847/1284 3821/1897/1317 3789/1896/1285
f 3820/1848/1316 3853/1898/1349 3821/1897/1317
f 3852/1849/1348 3885/1899/1381 3853/1898/1349
f 3884/1850/1380 3917/1900/1413 3885/1899/1381
f 3916/1851/1412 3949/1901/1445 3917/1900/1413
f 3948/1852/1444 3981/1902/1475 3949/1901/1445
f 3980/1853/1474 4013/1903/1505 3981/1902/1475
f 4012/1854/1504 4045/1904/1535 4013/1903/1505
f 4044/1855/1534 4077/1905/1684 4045/1904/1535
f 4076/1856/1564 4109/1906/1595 4077/1905/1684
f 4108/1857/1594 4141/1907/1625 4109/1906/1595
f 4140/1858/1624 4173/1908/1655 4141/1907/1625
f 4172/1859/1654 4205/1909/1189 4173/1908/1655
f 4204/1860/1188 4237/1910/1221 4205/1909/1189
f 4236/1861/1220 4269/1911/1253 4237/1910/1221
f 4268/1862/1252 4301/1912/1285 4269/1911/1253
f 4300/1863/1284 4333/1913/1317 4301/1912/1285
f 4332/1864/1316 4365/1914/1349 4333/1913/1317
f 4364/1865/1348 4397/1915/1381 4365/1914/1349
f 4396/1866/1380 4429/1916/1413 4397/1915/1381
f 4428/1867/1412 4461/1917/1445 4429/1916/1413
f 4460/1868/1444 4493/1918/1475 4461/1917/1445
f 4492/1869/1474 4525/1919/1505 4493/1918/1475
f 4524/1870/1690 4557/1920/1535 4525/1919/1505
f 4556/1871/1534 4589/1921/1684 4557/1920/1535
f 4588/1872/1564 4621/1922/1595 4589/1921/1684
f 4620/1873/1594 4653/1923/1625 4621/1922/1595
f 4652/1874/1624 4685/1924/1698 4653/1923/1625
f 3149/1877/1157 3182/1925/1190 3150/1926/1158
f 3181/1876/1189 3214/1927/1222 3182/1925/1190
f 3213/1878/1221 3246/1928/1254 3214/1927/1222
f 3245/1879/1253 3278/1929/1286 3246/1928/1254
f 3277/1880/1285 3310/1930/1318 3278/1929/1286
f 3309/1881/1317 3342/1931/1350 3310/1930/1318
f 3341/1882/1349 3374/1932/1382 3342/1931/1350
f 3373/1883/1381 3406/1933/1414 3374/1932/1382
f 3405/1884/1413 3438/1934/1446 3406/1933/1414
f 3437/1885/1445 3470/1935/1476 3438/1934/1446
f 3469/1886/1475 3502/1936/1506 3470/1935/1476
f 3501/1887/1505 3534/1937/1536 3502/1936/1506
f 3533/1888/1535 3566/1938/1566 3534/1937/1536
f 3565/1889/1565 3598/1939/1596 3566/1938/1566
f 3597/1890/1595 3630/1940/1626 3598/1939/1596
f 3629/1891/1625 3662/1941/1656 3630/1940/1626
f 3661/1892/1655 3694/1942/1190 3662/1941/1656
f 3693/1893/1189 3726/1943/1222 3694/1942/1190
f 3725/1894/1221 3758/1944/1254 3726/1943/1222
f 3757/1895/1253 3790/1945/1286 3758/1944/1254
f 3789/1896/1285 3822/1946/1318 3790/1945/1286
f 3821/1897/1317 3854/1947/1350 3822/1946/1318
f 3853/1898/1349 3886/1948/1382 3854/1947/1350
f 3885/1899/1381 3918/1949/1414 3886/1948/1382
f 3917/1900/1413 3950/1950/1446 3918/1949/1414
f 3949/1901/1445 3982/1951/1476 3950/1950/1446
f 3981/1902/1475 4014/1952/1506 3982/1951/1476
f 4013/1903/1505 4046/1953/1536 4014/1952/1506
f 4045/1904/1535 4078/1954/1566 4046/1953/1536
f 4077/1905/1684 4110/1955/1596 4078/1954/1566
f 4109/1906/1595 4142/1956/1626 4110/1955/1596
f 4141/1907/1625 4174/1957/1656 4142/1956/1626
f 4173/1908/1655 4206/1958/1190 4174/1957/1656
f 4205/1909/1189 4238/1959/1222 4206/1958/1190
f 4237/1910/1221 4270/1960/1254 4238/1959/1222
f 4269/1911/1253 4302/1961/1286 4270/1960/1254
f 4301/1912/1285 4334/1962/1318 4302/1961/1286
f 4333/1913/1317 4366/1963/1350 4334/1962/1318
f 4365/1914/1349 4398/1964/1382 4366/1963/1350
f 4397/1915/1381 4430/1965/1414 4398/1964/1382
f 4429/1916/1413 4462/1966/1446 4430/1965/1414
f 4461/1917/1445 4494/1967/1476 4462/1966/1446
f 4493/1918/1475 4526/1968/1506 4494/1967/1476
f 4525/1919/1505 4558/1969/1536 4526/1968/1506
f 4557/1920/1535 4590/1970/1566 4558/1969/1536
f 4589/1921/1684 4622/1971/1596 4590/1970/1566
f 4621/1922/1595 4654/1972/1626 4622/1971/1596
f 4653/1923/1625 4686/1973/1699 4654/1972/1626
f 3150/1926/1158 3183/1974/1191 3151/1975/1159
f 3182/1925/1190 3215/1976/1223 3183/1974/1191
f 3214/1927/1222 3247/1977/1255 3215/1976/1223
f 3246/1928/1254 3279/1978/1287 3247/1977/1255
f 3278/1929/1286 3311/1979/1319 3279/1978/1287
f 3310/1930/1318 3343/1980/1351 3311/1979/1319
f 3342/1931/1350 3375/1981/1383 3343/1980/1351
f 3374/1932/1382 3407/1982/1415 3375/1981/1383
f 3406/1933/1414 3439/1983/1447 3407/1982/1415
f 3438/1934/1446 3471/1984/1477 3439/1983/1447
f 3470/1935/1476 3503/1985/1507 3471/1984/1477
f 3502/1936/1506 3535/1986/1537 3503/1985/1507
f 3534/1937/1536 3567/1987/1567 3535/1986/1537
f 3566/1938/1566 3599/1988/1597 3567/1987/1567
f 3598/1939/1596 3631/1989/1627 3599/1988/1597
f 3630/1940/1626 3663/1990/1657 3631/1989/1627
f 3662/1941/1656 3695/1991/1191 3663/1990/1657
f 3694/1942/1190 3727/1992/1223 3695/1991/1191
f 3726/1943/1222 3759/1993/1255 3727/1992/1223
f 3758/1944/1254 3791/1994/1287 3759/1993/1255
f 3790/1945/1286 3823/1995/1319 3791/1994/1287
f 3822/1946/1318 3855/1996/1351 3823/1995/1319
f 3854/1947/1350 3887/1997/1383 3855/1996/1351
f 3886/1948/1382 3919/1998/1415 3887/1997/1383
f 3918/1949/1414 3951/1999/1447 3919/1998/1415
f 3950/1950/1446 3983/2000/1477 3951/1999/1447
f 3982/1951/1476 4015/2001/1507 3983/2000/1477
f 4014/1952/1506 4047/2002/1537 4015/2001/1507
f 4046/1953/1536 4079/2003/1567 4047/2002/1537
f 4078/1954/1566 4111/2004/1597 4079/2003/1567
f 4110/1955/1596 4143/2005/1627 4111/2004/1597
f 4142/1956/1626 4175/2006/1657 4143/2005/1627
f 4174/1957/1656 4207/2007/1191 4175/2006/1657
f 4206/1958/1190 4239/2008/1223 4207/2007/1191
f 4238/1959/1222 4271/2009/1255 4239/2008/1223
f 4270/1960/1254 4303/2010/1287 4271/2009/1255
f 4302/1961/1286 4335/2011/1319 4303/2010/1287
f 4334/1962/1318 4367/2012/1351 4335/2011/1319
f 4366/1963/1350 4399/2013/1383 4367/2012/1351
f 4398/1964/1382 4431/2014/1415 4399/2013/1383
f 4430/1965/1414 4463/2015/1447 4431/2014/1415
f 4462/1966/1446 4495/2016/1477 4463/2015/1447
f 4494/1967/1476 4527/2017/1507 4495/2016/1477
f 4526/1968/1506 4559/2018/1537 4527/2017/1507
f 4558/1969/1536 4591/2019/1567 4559/2018/1537
f 4590/1970/1566 4623/2020/1597 4591/2019/1567
f 4622/1971/1596 4655/2021/1627 4623/2020/1597
f 4654/1972/1626 4687/2022/1700 4655/2021/1627
f 3151/1975/1159 3184/2023/1192 3152/2024/1160
f 3183/1974/1191 3216/2025/1224 3184/2023/1192
f 3215/1976/1223 3248/2026/1256 3216/2025/1224
f 3247/1977/1255 3280/2027/1288 3248/2026/1256
f 3279/1978/1287 3312/2028/1320 3280/2027/1288
f 3311/1979/1319 3344/2029/1352 3312/2028/1320
f 3343/1980/1351 3376/2030/1384 3344/2029/1352
f 3375/1981/1383 3408/2031/1416 3376/2030/1384
f 3407/1982/1415 3440/2032/1448 3408/2031/1416
f 3439/1983/1447 3472/2033/1478 3440/2032/1448
f 3471/1984/1477 3504/2034/1508 3472/2033/1478
f 3503/1985/1507 3536/2035/1538 3504/2034/1508
f 3535/1986/1537 3568/2036/1568 3536/2035/1538
f 3567/1987/1567 3600/2037/1598 3568/2036/1568
f 3599/1988/1597 3632/2038/1628 3600/2037/1598
f 3631/1989/1627 3664/2039/1658 3632/2038/1628
f 3663/1990/1657 3696/2040/1192 3664/2039/1658
f 3695/1991/1191 3728/2041/1224 3696/2040/1192
f 3727/1992/1223 3760/2042/1256 3728/2041/1224
f 3759/1993/1255 3792/2043/1288 3760/2042/1256
f 3791/1994/1287 3824/2044/1320 3792/2043/1288
f 3823/1995/1319 3856/2045/1352 3824/2044/1320
f 3855/1996/1351 3888/2046/1384 3856/2045/1352
f 3887/1997/1383 3920/2047/1416 3888/2046/1384
f 3919/1998/1415 3952/2048/1448 3920/2047/1416
f 3951/1999/1447 3984/2049/1478 3952/2048/1448
f 3983/2000/1477 4016/2050/1508 3984/2049/1478
f 4015/2001/1507 4048/2051/1538 4016/2050/1508
f 4047/2002/1537 4080/2052/1568 4048/2051/1538
f 4079/2003/1567 4112/2053/1598 4080/2052/1568
f 4111/2004/1597 4144/2054/1628 4112/2053/1598
f 4143/2005/1627 4176/2055/1658 4144/2054/1628
f 4175/2006/1657 4208/2056/1192 4176/2055/1658
f 4207/2007/1191 4240/2057/1224 4208/2056/1192
f 4239/2008/1223 4272/2058/1256 4240/2057/1224
f 4271/2009/1255 4304/2059/1288 4272/2058/1256
f 4303/2010/1287 4336/2060/1320 4304/2059/1288
f 4335/2011/1319 4368/2061/1352 4336/2060/1320
f 4367/2012/1351 4400/2062/1384 4368/2061/1352
f 4399/2013/1383 4432/2063/1416 4400/2062/1384
f 4431/2014/1415 4464/2064/1448 4432/2063/1416
f 4463/2015/1447 4496/2065/1478 4464/2064/1448
f 4495/2016/1477 4528/2066/1508 4496/2065/1478
f 4527/2017/1507 4560/2067/1538 4528/2066/1508
f 4559/2018/1537 4592/2068/1568 4560/2067/1538
f 4591/2019/1567 4624/2069/1598 4592/2068/1568
f 4623/2020/1597 4656/2070/1628 4624/2069/1598
f 4655/2021/1627 4688/2071/1701 4656/2070/1628
f 3152/2024/1160 3185/2072/1193 3153/2073/1161
f 3184/2023/1192 3217/2074/1225 3185/2072/1193
f 3216/2025/1224 3249/2075/1257 3217/2074/1225
f 3248/2026/1256 3281/2076/1289 3249/2075/1257
f 3280/2027/1288 3313/2077/1321 3281/2076/1289
f 3312/2028/1320 3345/2078/1353 3313/2077/1321
f 3344/2029/1352 3377/2079/1385 3345/2078/1353
f 3376/2030/1384 3409/2080/1417 3377/2079/1385
f 3408/2031/1416 3441/2081/1209 3409/2080/1417
f 3440/2032/1448 3473/2082/1241 3441/2081/1209
f 3472/2033/1478 3505/2083/1273 3473/2082/1241
f 3504/2034/1508 3537/2084/1305 3505/2083/1273
f 3536/2035/1538 3569/2085/1337 3537/2084/1305
f 3568/2036/1568 3601/2086/1369 3569/2085/1337
f 3600/2037/1598 3633/2087/1401 3601/2086/1369
f 3632/2038/1628 3665/2088/1433 3633/2087/1401
f 3664/2039/1658 3697/2089/1193 3665/2088/1433
f 3696/2040/1192 3729/2090/1225 3697/2089/1193
f 3728/2041/1224 3761/2091/1257 3729/2090/1225
f 3760/2042/1256 3793/2092/1289 3761/2091/1257
f 3792/2043/1288 3825/2093/1321 3793/2092/1289
f 3824/2044/1320 3857/2094/1353 3825/2093/1321
f 3856/2045/1352 3889/2095/1385 3857/2094/1353
f 3888/2046/1384 3921/2096/1417 3889/2095/1385
f 3920/2047/1416 3953/2097/1209 3921/2096/1417
f 3952/2048/1448 3985/2098/1241 3953/2097/1209
f 3984/2049/1478 4017/2099/1273 3985/2098/1241
f 4016/2050/1508 4049/2100/1305 4017/2099/1273
f 4048/2051/1538 4081/2101/1337 4049/2100/1305
f 4080/2052/1568 4113/2102/1369 4081/2101/1337
f 4112/2053/1598 4145/2103/1401 4113/2102/1369
f 4144/2054/1628 4177/2104/1433 4145/2103/1401
f 4176/2055/1658 4209/2105/1193 4177/2104/1433
f 4208/2056/1192 4241/2106/1225 4209/2105/1193
f 4240/2057/1224 4273/2107/1257 4241/2106/1225
f 4272/2058/1256 4305/2108/1289 4273/2107/1257
f 4304/2059/1288 4337/2109/1321 4305/2108/1289
f 4336/2060/1320 4369/2110/1353 4337/2109/1321
f 4368/2061/1352 4401/2111/1385 4369/2110/1353
f 4400/2062/1384 4433/2112/1417 4401/2111/1385
f 4432/2063/1416 4465/2113/1209 4433/2112/1417
f 4464/2064/1448 4497/2114/1241 4465/2113/1209
f 4496/2065/1478 4529/2115/1273 4497/2114/1241
f 4528/2066/1508 4561/2116/1305 4529/2115/1273
f 4560/2067/1538 4593/2117/1337 4561/2116/1305
f 4592/2068/1568 4625/2118/1369 4593/2117/1337
f 4624/2069/1598 4657/2119/1401 4625/2118/1369
f 4656/2070/1628 4689/2120/1702 4657/2119/1401
f 3153/2073/1161 3186/2121/1194 3154/2122/1162
f 3185/2072/1193 3218/2123/1226 3186/2121/1194
f 3217/2074/1225 3250/2124/1258 3218/2123/1226
f 3249/2075/1257 3282/2125/1290 3250/2124/1258
f 3281/2076/1289 3314/2126/1322 3282/2125/1290
f 3313/2077/1321 3346/2127/1354 3314/2126/1322
f 3345/2078/1353 3378/2128/1386 3346/2127/1354
f 3377/2079/1385 3410/2129/1418 3378/2128/1386
f 3409/2080/1417 3442/2130/1449 3410/2129/1418
f 3441/2081/1209 3474/2131/1479 3442/2130/1449
f 3473/2082/1241 3506/2132/1509 3474/2131/1479
f 3505/2083/1273 3538/2133/1539 3506/2132/1509
f 3537/2084/1305 3570/2134/1569 3538/2133/1539
f 3569/2085/1337 3602/2135/1599 3570/2134/1569
f 3601/2086/1369 3634/2136/1629 3602/2135/1599
f 3633/2087/1401 3666/2137/1659 3634/2136/1629
f 3665/2088/1433 3698/2138/1194 3666/2137/1659
f 3697/2089/1193 3730/2139/1226 3698/2138/1194
f 3729/2090/1225 3762/2140/1258 3730/2139/1226
f 3761/2091/1257 3794/2141/1290 3762/2140/1258
f 3793/2092/1289 3826/2142/1322 3794/2141/1290
f 3825/2093/1321 3858/2143/1354 3826/2142/1322
f 3857/2094/1353 3890/2144/1386 3858/2143/1354
f 3889/2095/1385 3922/2145/1418 3890/2144/1386
f 3921/2096/1417 3954/2146/1449 3922/2145/1418
f 3953/2097/1209 3986/2147/1479 3954/2146/1449
f 3985/2098/1241 4018/2148/1509 3986/2147/1479
f 4017/2099/1273 4050/2149/1539 4018/2148/1509
f 4049/2100/1305 4082/2150/1569 4050/2149/1539
f 4081/2101/1337 4114/2151/1599 4082/2150/1569
f 4113/2102/1369 4146/2152/1629 4114/2151/1599
f 4145/2103/1401 4178/2153/1659 4146/2152/1629
f 4177/2104/1433 4210/2154/1194 4178/2153/1659
f 4209/2105/1193 4242/2155/1226 4210/2154/1194
f 4241/2106/1225 4274/2156/1258 4242/2155/1226
f 4273/2107/1257 4306/2157/1290 4274/2156/1258
f 4305/2108/1289 4338/2158/1322 4306/2157/1290
f 4337/2109/1321 4370/2159/1354 4338/2158/1322
f 4369/2110/1353 4402/2160/1386 4370/2159/1354
f 4401/2111/1385 4434/2161/1418 4402/2160/1386
f 4433/2112/1417 4466/2162/1449 4434/2161/1418
f 4465/2113/1209 4498/2163/1479 4466/2162/1449
f 4497/2114/1241 4530/2164/1509 4498/2163/1479
f 4529/2115/1273 4562/2165/1539 4530/2164/1509
f 4561/2116/1305 4594/2166/1569 4562/2165/1539
f 4593/2117/1337 4626/2167/1599 4594/2166/1569
f 4625/2118/1369 4658/2168/1629 4626/2167/1599
f 4657/2119/1401 4690/2169/1703 4658/2168/1629
f 3154/2122/1162 3187/2170/1195 3155/2171/1163
f 3186/2121/1194 3219/2172/1227 3187/2170/1195
f 3218/2123/1226 3251/2173/1259 3219/2172/1227
f 3250/2124/1258 3283/2174/1291 3251/2173/1259
f 3282/2125/1290 3315/2175/1323 3283/2174/1291
f 3314/2126/1322 3347/2176/1355 3315/2175/1323
f 3346/2127/1354 3379/2177/1387 3347/2176/1355
f 3378/2128/1386 3411/2178/1419 3379/2177/1387
f 3410/2129/1418 3443/2179/1450 3411/2178/1419
f 3442/2130/1449 3475/2180/1480 3443/2179/1450
f 3474/2131/1479 3507/2181/1510 3475/2180/1480
f 3506/2132/1509 3539/2182/1540 3507/2181/1510
f 3538/2133/1539 3571/2183/1570 3539/2182/1540
f 3570/2134/1569 3603/2184/1600 3571/2183/1570
f 3602/2135/1599 3635/2185/1630 3603/2184/1600
f 3634/2136/1629 3667/2186/1660 3635/2185/1630
f 3666/2137/1659 3699/2187/1195 3667/2186/1660
f 3698/2138/1194 3731/2188/1227 3699/2187/1195
f 3730/2139/1226 3763/2189/1259 3731/2188/1227
f 3762/2140/1258 3795/2190/1291 3763/2189/1259
f 3794/2141/1290 3827/2191/1323 3795/2190/1291
f 3826/2142/1322 3859/2192/1355 3827/2191/1323
f 3858/2143/1354 3891/2193/1387 3859/2192/1355
f 3890/2144/1386 3923/2194/1419 3891/2193/1387
f 3922/2145/1418 3955/2195/1450 3923/2194/1419
f 3954/2146/1449 3987/2196/1480 3955/2195/1450
f 3986/2147/1479 4019/2197/1510 3987/2196/1480
f 4018/2148/1509 4051/2198/1540 4019/2197/1510
f 4050/2149/1539 4083/2199/1570 4051/2198/1540
f 4082/2150/1569 4115/2200/1600 4083/2199/1570
f 4114/2151/1599 4147/2201/1630 4115/2200/1600
f 4146/2152/1629 4179/2202/1660 4147/2201/1630
f 4178/2153/1659 4211/2203/1195 4179/2202/1660
f 4210/2154/1194 4243/2204/1227 4211/2203/1195
f 4242/2155/1226 4275/2205/1259 4243/2204/1227
f 4274/2156/1258 4307/2206/1291 4275/2205/1259
f 4306/2157/1290 4339/2207/1323 4307/2206/1291
f 4338/2158/1322 4371/2208/1355 4339/2207/1323
f 4370/2159/1354 4403/2209/1387 4371/2208/1355
f 4402/2160/1386 4435/2210/1419 4403/2209/1387
f 4434/2161/1418 4467/2211/1450 4435/2210/1419
f 4466/2162/1449 4499/2212/1480 4467/2211/1450
f 4498/2163/1479 4531/2213/1510 4499/2212/1480
f 4530/2164/1509 4563/2214/1540 4531/2213/1510
f 4562/2165/1539 4595/2215/1570 4563/2214/1540
f 4594/2166/1569 4627/2216/1600 4595/2215/1570
f 4626/2167/1599 4659/2217/1630 4627/2216/1600
f 4658/2168/1629 4691/2218/1704 4659/2217/1630
f 3155/2171/1163 3188/2219/1196 3156/2220/1164
f 3187/2170/1195 3220/2221/1228 3188/2219/1196
f 3219/2172/1227 3252/2222/1260 3220/2221/1228
f 3251/2173/1259 3284/2223/1292 3252/2222/1260
f 3283/2174/1291 3316/2224/1324 3284/2223/1292
f 3315/2175/1323 3348/2225/1356 3316/2224/1324
f 3347/2176/1355 3380/2226/1388 3348/2225/1356
f 3379/2177/1387 3412/2227/1420 3380/2226/1388
f 3411/2178/1419 3444/2228/1451 3412/2227/1420
f 3443/2179/1450 3476/2229/1481 3444/2228/1451
f 3475/2180/1480 3508/2230/1511 3476/2229/1481
f 3507/2181/1510 3540/2231/1541 3508/2230/1511
f 3539/2182/1540 3572/2232/1571 3540/2231/1541
f 3571/2183/1570 3604/2233/1601 3572/2232/1571
f 3603/2184/1600 3636/2234/1631 3604/2233/1601
f 3635/2185/1630 3668/2235/1661 3636/2234/1631
f 3667/2186/1660 3700/2236/1196 3668/2235/1661
f 3699/2187/1195 3732/2237/1228 3700/2236/1196
f 3731/2188/1227 3764/2238/1260 3732/2237/1228
f 3763/2189/1259 3796/2239/1292 3764/2238/1260
f 3795/2190/1291 3828/2240/1324 3796/2239/1292
f 3827/2191/1323 3860/2241/1356 3828/2240/1324
f 3859/2192/1355 3892/2242/1388 3860/2241/1356
f 3891/2193/1387 3924/2243/1420 3892/2242/1388
f 3923/2194/1419 3956/2244/1451 3924/2243/1420
f 3955/2195/1450 3988/2245/1481 3956/2244/1451
f 3987/2196/1480 4020/2246/1511 3988/2245/1481
f 4019/2197/1510 4052/2247/1541 4020/2246/1511
f 4051/2198/1540 4084/2248/1571 4052/2247/1541
f 4083/2199/1570 4116/2249/1601 4084/2248/1571
f 4115/2200/1600 4148/2250/1631 4116/2249/1601
f 4147/2201/1630 4180/2251/1661 4148/2250/1631
f 4179/2202/1660 4212/2252/1196 4180/2251/1661
f 4211/2203/1195 4244/2253/1228 4212/2252/1196
f 4243/2204/1227 4276/2254/1260 4244/2253/1228
f 4275/2205/1259 4308/2255/1292 4276/2254/1260
f 4307/2206/1291 4340/2256/1324 4308/2255/1292
f 4339/2207/1323 4372/2257/1356 4340/2256/1324
f 4371/2208/1355 4404/2258/1388 4372/2257/1356
f 4403/2209/1387 4436/2259/1420 4404/2258/1388
f 4435/2210/1419 4468/2260/1451 4436/2259/1420
f 4467/2211/1450 4500/2261/1481 4468/2260/1451
f 4499/2212/1480 4532/2262/1511 4500/2261/1481
f 4531/2213/1510 4564/2263/1541 4532/2262/1511
f 4563/2214/1540 4596/2264/1571 4564/2263/1541
f 4595/2215/1570 4628/2265/1601 4596/2264/1571
f 4627/2216/1600 4660/2266/1631 4628/2265/1601
f 4659/2217/1630 4692/2267/1705 4660/2266/1631
f 3156/2220/1164 3189/2268/1197 3157/2269/1165
f 3188/2219/1196 3221/2270/1229 3189/2268/1197
f 3220/2221/1228 3253/2271/1261 3221/2270/1229
f 3252/2222/1260 3285/2272/1293 3253/2271/1261
f 3284/2223/1292 3317/2273/1325 3285/2272/1293
f 3316/2224/1324 3349/2274/1357 3317/2273/1325
f 3348/2225/1356 3381/2275/1389 3349/2274/1357
f 3380/2226/1388 3413/2276/1421 3381/2275/1389
f 3412/2227/1420 3445/2277/1452 3413/2276/1421
f 3444/2228/1451 3477/2278/1482 3445/2277/1452
f 3476/2229/1481 3509/2279/1512 3477/2278/1482
f 3508/2230/1511 3541/2280/1542 3509/2279/1512
f 3540/2231/1541 3573/2281/1572 3541/2280/1542
f 3572/2232/1571 3605/2282/1602 3573/2281/1572
f 3604/2233/1601 3637/2283/1632 3605/2282/1602
f 3636/2234/1631 3669/2284/1662 3637/2283/1632
f 3668/2235/1661 3701/2285/1197 3669/2284/1662
f 3700/2236/1196 3733/2286/1229 3701/2285/1197
f 3732/2237/1228 3765/2287/1261 3733/2286/1229
f 3764/2238/1260 3797/2288/1293 3765/2287/1261
f 3796/2239/1292 3829/2289/1325 3797/2288/1293
f 3828/2240/1324 3861/2290/1357 3829/2289/1325
f 3860/2241/1356 3893/2291/1389 3861/2290/1357
f 3892/2242/1388 3925/2292/1421 3893/2291/1389
f 3924/2243/1420 3957/2293/1452 3925/2292/1421
f 3956/2244/1451 3989/2294/1482 3957/2293/1452
f 3988/2245/1481 4021/2295/1512 3989/2294/1482
f 4020/2246/1511 4053/2296/1542 4021/2295/1512
f 4052/2247/1541 4085/2297/1572 4053/2296/1542
f 4084/2248/1571 4117/2298/1602 4085/2297/1572
f 4116/2249/1601 4149/2299/1632 4117/2298/1602
f 4148/2250/1631 4181/2300/1662 4149/2299/1632
f 4180/2251/1661 4213/2301/1197 4181/2300/1662
f 4212/2252/1196 4245/2302/1229 4213/2301/1197
f 4244/2253/1228 4277/2303/1261 4245/2302/1229
f 4276/2254/1260 4309/2304/1293 4277/2303/1261
f 4308/2255/1292 4341/2305/1325 4309/2304/1293
f 4340/2256/1324 4373/2306/1357 4341/2305/1325
f 4372/2257/1356 4405/2307/1389 4373/2306/1357
f 4404/2258/1388 4437/2308/1421 4405/2307/1389
f 4436/2259/1420 4469/2309/1452 4437/2308/1421
f 4468/2260/1451 4501/2310/1482 4469/2309/1452
f 4500/2261/1481 4533/2311/1691 4501/2310/1482
f 4532/2262/1511 4565/2312/1542 4533/2311/1691
f 4564/2263/1541 4597/2313/1572 4565/2312/1542
f 4596/2264/1571 4629/2314/1602 4597/2313/1572
f 4628/2265/1601 4661/2315/1632 4629/2314/1602
f 4660/2266/1631 4693/2316/1706 4661/2315/1632
f 3157/2269/1165 3190/2317/1198 3158/2318/1166
f 3189/2268/1197 3222/2319/1230 3190/2317/1198
f 3221/2270/1229 3254/2320/1262 3222/2319/1230
f 3253/2271/1261 3286/2321/1294 3254/2320/1262
f 3285/2272/1293 3318/2322/1326 3286/2321/1294
f 3317/2273/1325 3350/2323/1358 3318/2322/1326
f 3349/2274/1357 3382/2324/1390 3350/2323/1358
f 3381/2275/1389 3414/2325/1422 3382/2324/1390
f 3413/2276/1421 3446/2326/1453 3414/2325/1422
f 3445/2277/1452 3478/2327/1483 3446/2326/1453
f 3477/2278/1482 3510/2328/1513 3478/2327/1483
f 3509/2279/1512 3542/2329/1543 3510/2328/1513
f 3541/2280/1542 3574/2330/1573 3542/2329/1543
f 3573/2281/1572 3606/2331/1603 3574/2330/1573
f 3605/2282/1602 3638/2332/1633 3606/2331/1603
f 3637/2283/1632 3670/2333/1663 3638/2332/1633
f 3669/2284/1662 3702/2334/1198 3670/2333/1663
f 3701/2285/1197 3734/2335/1230 3702/2334/1198
f 3733/2286/1229 3766/2336/1262 3734/2335/1230
f 3765/2287/1261 3798/2337/1294 3766/2336/1262
f 3797/2288/1293 3830/2338/1326 3798/2337/1294
f 3829/2289/1325 3862/2339/1358 3830/2338/1326
f 3861/2290/1357 3894/2340/1390 3862/2339/1358
f 3893/2291/1389 3926/2341/1422 3894/2340/1390
f 3925/2292/1421 3958/2342/1453 3926/2341/1422
f 3957/2293/1452 3990/2343/1483 3958/2342/1453
f 3989/2294/1482 4022/2344/1513 3990/2343/1483
f 4021/2295/1512 4054/2345/1543 4022/2344/1513
f 4053/2296/1542 4086/2346/1573 4054/2345/1543
f 4085/2297/1572 4118/2347/1603 4086/2346/1573
f 4117/2298/1602 4150/2348/1633 4118/2347/1603
f 4149/2299/1632 4182/2349/1663 4150/2348/1633
f 4181/2300/1662 4214/2350/1198 4182/2349/1663
f 4213/2301/1197 4246/2351/1230 4214/2350/1198
f 4245/2302/1229 4278/2352/1262 4246/2351/1230
f 4277/2303/1261 4310/2353/1294 4278/2352/1262
f 4309/2304/1293 4342/2354/1326 4310/2353/1294
f 4341/2305/1325 4374/2355/1358 4342/2354/1326
f 4373/2306/1357 4406/2356/1390 4374/2355/1358
f 4405/2307/1389 4438/2357/1422 4406/2356/1390
f 4437/2308/1421 4470/2358/1453 4438/2357/1422
f 4469/2309/1452 4502/2359/1483 4470/2358/1453
f 4501/2310/1482 4534/2360/1513 4502/2359/1483
f 4533/2311/1691 4566/2361/1543 4534/2360/1513
f 4565/2312/1542 4598/2362/1573 4566/2361/1543
f 4597/2313/1572 4630/2363/1603 4598/2362/1573
f 4629/2314/1602 4662/2364/1633 4630/2363/1603
f 4661/2315/1632 4694/2365/1707 4662/2364/1633
f 3158/2318/1166 3191/2366/1199 3159/2367/1167
f 3190/2317/1198 3223/2368/1231 3191/2366/1199
f 3222/2319/1230 3255/2369/1263 3223/2368/1231
f 3254/2320/1262 3287/2370/1295 3255/2369/1263
f 3286/2321/1294 3319/2371/1327 3287/2370/1295
f 3318/2322/1326 3351/2372/1359 3319/2371/1327
f 3350/2323/1358 3383/2373/1391 3351/2372/1359
f 3382/2324/1390 3415/2374/1423 3383/2373/1391
f 3414/2325/1422 3447/2375/1454 3415/2374/1423
f 3446/2326/1453 3479/2376/1484 3447/2375/1454
f 3478/2327/1483 3511/2377/1514 3479/2376/1484
f 3510/2328/1513 3543/2378/1544 3511/2377/1514
f 3542/2329/1543 3575/2379/1574 3543/2378/1544
f 3574/2330/1573 3607/2380/1604 3575/2379/1574
f 3606/2331/1603 3639/2381/1634 3607/2380/1604
f 3638/2332/1633 3671/2382/1664 3639/2381/1634
f 3670/2333/1663 3703/2383/1199 3671/2382/1664
f 3702/2334/1198 3735/2384/1231 3703/2383/1199
f 3734/2335/1230 3767/2385/1263 3735/2384/1231
f 3766/2336/1262 3799/2386/1295 3767/2385/1263
f 3798/2337/1294 3831/2387/1327 3799/2386/1295
f 3830/2338/1326 3863/2388/1359 3831/2387/1327
f 3862/2339/1358 3895/2389/1391 3863/2388/1359
f 3894/2340/1390 3927/2390/1423 3895/2389/1391
f 3926/2341/1422 3959/2391/1454 3927/2390/1423
f 3958/2342/1453 3991/2392/1484 3959/2391/1454
f 3990/2343/1483 4023/2393/1514 3991/2392/1484
f 4022/2344/1513 4055/2394/1544 4023/2393/1514
f 4054/2345/1543 4087/2395/1574 4055/2394/1544
f 4086/2346/1573 4119/2396/1604 4087/2395/1574
f 4118/2347/1603 4151/2397/1634 4119/2396/1604
f 4150/2348/1633 4183/2398/1664 4151/2397/1634
f 4182/2349/1663 4215/2399/1199 4183/2398/1664
f 4214/2350/1198 4247/2400/1231 4215/2399/1199
f 4246/2351/1230 4279/2401/1263 4247/2400/1231
f 4278/2352/1262 4311/2402/1295 4279/2401/1263
f 4310/2353/1294 4343/2403/1327 4311/2402/1295
f 4342/2354/1326 4375/2404/1359 4343/2403/1327
f 4374/2355/1358 4407/2405/1391 4375/2404/1359
f 4406/2356/1390 4439/2406/1423 4407/2405/1391
f 4438/2357/1422 4471/2407/1454 4439/2406/1423
f 4470/2358/1453 4503/2408/1484 4471/2407/1454
f 4502/2359/1483 4535/2409/1514 4503/2408/1484
f 4534/2360/1513 4567/2410/1544 4535/2409/1514
f 4566/2361/1543 4599/2411/1693 4567/2410/1544
f 4598/2362/1573 4631/2412/1604 4599/2411/1693
f 4630/2363/1603 4663/2413/1634 4631/2412/1604
f 4662/2364/1633 4695/2414/1708 4663/2413/1634
f 3159/2367/1167 3192/2415/1200 3160/2416/1168
f 3191/2366/1199 3224/2417/1232 3192/2415/1200
f 3223/2368/1231 3256/2418/1264 3224/2417/1232
f 3255/2369/1263 3288/2419/1296 3256/2418/1264
f 3287/2370/1295 3320/2420/1328 3288/2419/1296
f 3319/2371/1327 3352/2421/1360 3320/2420/1328
f 3351/2372/1359 3384/2422/1392 3352/2421/1360
f 3383/2373/1391 3416/2423/1424 3384/2422/1392
f 3415/2374/1423 3448/2424/1455 3416/2423/1424
f 3447/2375/1454 3480/2425/1485 3448/2424/1455
f 3479/2376/1484 3512/2426/1515 3480/2425/1485
f 3511/2377/1514 3544/2427/1545 3512/2426/1515
f 3543/2378/1544 3576/2428/1575 3544/2427/1545
f 3575/2379/1574 3608/2429/1605 3576/2428/1575
f 3607/2380/1604 3640/2430/1635 3608/2429/1605
f 3639/2381/1634 3672/2431/1665 3640/2430/1635
f 3671/2382/1664 3704/2432/1200 3672/2431/1665
f 3703/2383/1199 3736/2433/1232 3704/2432/1200
f 3735/2384/1231 3768/2434/1264 3736/2433/1232
f 3767/2385/1263 3800/2435/1296 3768/2434/1264
f 3799/2386/1295 3832/2436/1328 3800/2435/1296
f 3831/2387/1327 3864/2437/1360 3832/2436/1328
f 3863/2388/1359 3896/2438/1392 3864/2437/1360
f 3895/2389/1391 3928/2439/1424 3896/2438/1392
f 3927/2390/1423 3960/2440/1455 3928/2439/1424
f 3959/2391/1454 3992/2441/1485 3960/2440/1455
f 3991/2392/1484 4024/2442/1515 3992/2441/1485
f 4023/2393/1514 4056/2443/1545 4024/2442/1515
f 4055/2394/1544 4088/2444/1575 4056/2443/1545
f 4087/2395/1574 4120/2445/1605 4088/2444/1575
f 4119/2396/1604 4152/2446/1635 4120/2445/1605
f 4151/2397/1634 4184/2447/1665 4152/2446/1635
f 4183/2398/1664 4216/2448/1200 4184/2447/1665
f 4215/2399/1199 4248/2449/1232 4216/2448/1200
f 4247/2400/1231 4280/2450/1264 4248/2449/1232
f 4279/2401/1263 4312/2451/1296 4280/2450/1264
f 4311/2402/1295 4344/2452/1328 4312/2451/1296
f 4343/2403/1327 4376/2453/1360 4344/2452/1328
f 4375/2404/1359 4408/2454/1392 4376/2453/1360
f 4407/2405/1391 4440/2455/1424 4408/2454/1392
f 4439/2406/1423 4472/2456/1455 4440/2455/1424
f 4471/2407/1454 4504/2457/1485 4472/2456/1455
f 4503/2408/1484 4536/2458/1515 4504/2457/1485
f 4535/2409/1514 4568/2459/1545 4536/2458/1515
f 4567/2410/1544 4600/2460/1575 4568/2459/1545
f 4599/2411/1693 4632/2461/1605 4600/2460/1575
f 4631/2412/1604 4664/2462/1635 4632/2461/1605
f 4663/2413/1634 4696/2463/1709 4664/2462/1635
f 3160/2416/1168 3193/2464/1201 3161/2465/1169
f 3192/2415/1200 3225/2466/1233 3193/2464/1201
f 3224/2417/1232 3257/2467/1265 3225/2466/1233
f 3256/2418/1264 3289/2468/1297 3257/2467/1265
f 3288/2419/1296 3321/2469/1329 3289/2468/1297
f 3320/2420/1328 3353/2470/1361 3321/2469/1329
f 3352/2421/1360 3385/2471/1393 3353/2470/1361
f 3384/2422/1392 3417/2472/1425 3385/2471/1393
f 3416/2423/1424 3449/2473/1456 3417/2472/1425
f 3448/2424/1455 3481/2474/1486 3449/2473/1456
f 3480/2425/1485 3513/2475/1516 3481/2474/1486
f 3512/2426/1515 3545/2476/1546 3513/2475/1516
f 3544/2427/1545 3577/2477/1576 3545/2476/1546
f 3576/2428/1575 3609/2478/1606 3577/2477/1576
f 3608/2429/1605 3641/2479/1636 3609/2478/1606
f 3640/2430/1635 3673/2480/1666 3641/2479/1636
f 3672/2431/1665 3705/2481/1201 3673/2480/1666
f 3704/2432/1200 3737/2482/1233 3705/2481/1201
f 3736/2433/1232 3769/2483/1265 3737/2482/1233
f 3768/2434/1264 3801/2484/1297 3769/2483/1265
f 3800/2435/1296 3833/2485/1329 3801/2484/1297
f 3832/2436/1328 3865/2486/1361 3833/2485/1329
f 3864/2437/1360 3897/2487/1393 3865/2486/1361
f 3896/2438/1392 3929/2488/1425 3897/2487/1393
f 3928/2439/1424 3961/2489/1456 3929/2488/1425
f 3960/2440/1455 3993/2490/1486 3961/2489/1456
f 3992/2441/1485 4025/2491/1516 3993/2490/1486
f 4024/2442/1515 4057/2492/1546 4025/2491/1516
f 4056/2443/1545 4089/2493/1685 4057/2492/1546
f 4088/2444/1575 4121/2494/1606 4089/2493/1685
f 4120/2445/1605 4153/2495/1636 4121/2494/1606
f 4152/2446/1635 4185/2496/1666 4153/2495/1636
f 4184/2447/1665 4217/2497/1201 4185/2496/1666
f 4216/2448/1200 4249/2498/1233 4217/2497/1201
f 4248/2449/1232 4281/2499/1688 4249/2498/1233
f 4280/2450/1264 4313/2500/1297 4281/2499/1688
f 4312/2451/1296 4345/2501/1329 4313/2500/1297
f 4344/2452/1328 4377/2502/1361 4345/2501/1329
f 4376/2453/1360 4409/2503/1393 4377/2502/1361
f 4408/2454/1392 4441/2504/1425 4409/2503/1393
f 4440/2455/1424 4473/2505/1456 4441/2504/1425
f 4472/2456/1455 4505/2506/1486 4473/2505/1456
f 4504/2457/1485 4537/2507/1516 4505/2506/1486
f 4536/2458/1515 4569/2508/1546 4537/2507/1516
f 4568/2459/1545 4601/2509/1576 4569/2508/1546
f 4600/2460/1575 4633/2510/1606 4601/2509/1576
f 4632/2461/1605 4665/2511/1636 4633/2510/1606
f 4664/2462/1635 4697/2512/1710 4665/2511/1636
f 3162/2416/1170 3193/2464/1201 3194/2415/1202
f 3194/2415/1202 3225/2466/1233 3226/2417/1234
f 3226/2417/1234 3257/2467/1265 3258/2418/1266
f 3258/2418/1266 3289/2468/1297 3290/2419/1298
f 3290/2419/1298 3321/2469/1329 3322/2420/1330
f 3322/2420/1330 3353/2470/1361 3354/2421/1362
f 3354/2421/1362 3385/2471/1393 3386/2422/1394
f 3386/2422/1394 3417/2472/1425 3418/2423/1426
f 3418/2423/1426 3449/2473/1456 3450/2424/1457
f 3450/2424/1457 3481/2474/1486 3482/2425/1487
f 3482/2425/1487 3513/2475/1516 3514/2426/1517
f 3514/2426/1517 3545/2476/1546 3546/2427/1547
f 3546/2427/1547 3577/2477/1576 3578/2428/1577
f 3578/2428/1577 3609/2478/1606 3610/2429/1607
f 3610/2429/1607 3641/2479/1636 3642/2430/1637
f 3642/2430/1637 3673/2480/1666 3674/2431/1667
f 3674/2431/1667 3705/2481/1201 3706/2432/1202
f 3706/2432/1202 3737/2482/1233 3738/2433/1234
f 3738/2433/1234 3769/2483/1265 3770/2434/1266
f 3770/2434/1266 3801/2484/1297 3802/2435/1298
f 3802/2435/1298 3833/2485/1329 3834/2436/1330
f 3834/2436/1330 3865/2486/1361 3866/2437/1362
f 3866/2437/1362 3897/2487/1393 3898/2438/1394
f 3898/2438/1394 3929/2488/1425 3930/2439/1426
f 3930/2439/1426 3961/2489/1456 3962/2440/1457
f 3962/2440/1457 3993/2490/1486 3994/2441/1487
f 3994/2441/1487 4025/2491/1516 4026/2442/1517
f 4026/2442/1517 4057/2492/1546 4058/2443/1547
f 4058/2443/1547 4089/2493/1685 4090/2444/1577
f 4090/2444/1577 4121/2494/1606 4122/2445/1607
f 4122/2445/1607 4153/2495/1636 4154/2446/1637
f 4154/2446/1637 4185/2496/1666 4186/2447/1667
f 4186/2447/1667 4217/2497/1201 4218/2448/1202
f 4218/2448/1202 4249/2498/1233 4250/2449/1234
f 4250/2449/1234 4281/2499/1688 4282/2450/1266
f 4282/2450/1266 4313/2500/1297 4314/2451/1298
f 4314/2451/1298 4345/2501/1329 4346/2452/1330
f 4346/2452/1330 4377/2502/1361 4378/2453/1362
f 4378/2453/1362 4409/2503/1393 4410/2454/1394
f 4410/2454/1394 4441/2504/1425 4442/2455/1426
f 4442/2455/1426 4473/2505/1456 4474/2456/1457
f 4474/2456/1457 4505/2506/1486 4506/2457/1487
f 4506/2457/1487 4537/2507/1516 4538/2458/1517
f 4538/2458/1517 4569/2508/1546 4570/2459/1547
f 4570/2459/1547 4601/2509/1576 4602/2460/1577
f 4602/2460/1577 4633/2510/1606 4634/2461/1607
f 4634/2461/1607 4665/2511/1636 4666/2462/1637
f 4666/2462/1637 4697/2512/1710 4698/2463/1711
f 3163/2367/1171 3194/2415/1202 3195/2366/1203
f 3195/2366/1203 3226/2417/1234 3227/2368/1235
f 3227/2368/1235 3258/2418/1266 3259/2369/1267
f 3259/2369/1267 3290/2419/1298 3291/2370/1299
f 3291/2370/1299 3322/2420/1330 3323/2371/1331
f 3323/2371/1331 3354/2421/1362 3355/2372/1363
f 3355/2372/1363 3386/2422/1394 3387/2373/1395
f 3387/2373/1395 3418/2423/1426 3419/2374/1427
f 3419/2374/1427 3450/2424/1457 3451/2375/1458
f 3451/2375/1458 3482/2425/1487 3483/2376/1488
f 3483/2376/1488 3514/2426/1517 3515/2377/1518
f 3515/2377/1518 3546/2427/1547 3547/2378/1548
f 3547/2378/1548 3578/2428/1577 3579/2379/1578
f 3579/2379/1578 3610/2429/1607 3611/2380/1608
f 3611/2380/1608 3642/2430/1637 3643/2381/1638
f 3643/2381/1638 3674/2431/1667 3675/2382/1668
f 3675/2382/1668 3706/2432/1202 3707/2383/1203
f 3707/2383/1203 3738/2433/1234 3739/2384/1235
f 3739/2384/1235 3770/2434/1266 3771/2385/1267
f 3771/2385/1267 3802/2435/1298 3803/2386/1299
f 3803/2386/1299 3834/2436/1330 3835/2387/1331
f 3835/2387/1331 3866/2437/1362 3867/2388/1363
f 3867/2388/1363 3898/2438/1394 3899/2389/1395
f 3899/2389/1395 3930/2439/1426 3931/2390/1427
f 3931/2390/1427 3962/2440/1457 3963/2391/1458
f 3963/2391/1458 3994/2441/1487 3995/2392/1488
f 3995/2392/1488 4026/2442/1517 4027/2393/1518
f 4027/2393/1518 4058/2443/1547 4059/2394/1548
f 4059/2394/1548 4090/2444/1577 4091/2395/1578
f 4091/2395/1578 4122/2445/1607 4123/2396/1608
f 4123/2396/1608 4154/2446/1637 4155/2397/1638
f 4155/2397/1638 4186/2447/1667 4187/2398/1668
f 4187/2398/1668 4218/2448/1202 4219/2399/1203
f 4219/2399/1203 4250/2449/1234 4251/2400/1235
f 4251/2400/1235 4282/2450/1266 4283/2401/1267
f 4283/2401/1267 4314/2451/1298 4315/2402/1299
f 4315/2402/1299 4346/2452/1330 4347/2403/1331
f 4347/2403/1331 4378/2453/1362 4379/2404/1363
f 4379/2404/1363 4410/2454/1394 4411/2405/1395
f 4411/2405/1395 4442/2455/1426 4443/2406/1427
f 4443/2406/1427 4474/2456/1457 4475/2407/1458
f 4475/2407/1458 4506/2457/1487 4507/2408/1488
f 4507/2408/1488 4538/2458/1517 4539/2409/1518
f 4539/2409/1518 4570/2459/1547 4571/2410/1548
f 4571/2410/1548 4602/2460/1577 4603/2411/1578
f 4603/2411/1578 4634/2461/1607 4635/2412/1608
f 4635/2412/1608 4666/2462/1637 4667/2413/1638
f 4667/2413/1638 4698/2463/1711 4699/2414/1712
f 3164/2318/1172 3195/2366/1203 3196/2317/1204
f 3196/2317/1204 3227/2368/1235 3228/2319/1236
f 3228/2319/1236 3259/2369/1267 3260/2320/1268
f 3260/2320/1268 3291/2370/1299 3292/2321/1300
f 3292/2321/1300 3323/2371/1331 3324/2322/1332
f 3324/2322/1332 3355/2372/1363 3356/2323/1364
f 3356/2323/1364 3387/2373/1395 3388/2324/1396
f 3388/2324/1396 3419/2374/1427 3420/2325/1428
f 3420/2325/1428 3451/2375/1458 3452/2326/1459
f 3452/2326/1459 3483/2376/1488 3484/2327/1489
f 3484/2327/1489 3515/2377/1518 3516/2328/1519
f 3516/2328/1519 3547/2378/1548 3548/2329/1549
f 3548/2329/1549 3579/2379/1578 3580/2330/1579
f 3580/2330/1579 3611/2380/1608 3612/2331/1609
f 3612/2331/1609 3643/2381/1638 3644/2332/1639
f 3644/2332/1639 3675/2382/1668 3676/2333/1669
f 3676/2333/1669 3707/2383/1203 3708/2334/1204
f 3708/2334/1204 3739/2384/1235 3740/2335/1236
f 3740/2335/1236 3771/2385/1267 3772/2336/1268
f 3772/2336/1268 3803/2386/1299 3804/2337/1300
f 3804/2337/1300 3835/2387/1331 3836/2338/1332
f 3836/2338/1332 3867/2388/1363 3868/2339/1364
f 3868/2339/1364 3899/2389/1395 3900/2340/1396
f 3900/2340/1396 3931/2390/1427 3932/2341/1428
f 3932/2341/1428 3963/2391/1458 3964/2342/1459
f 3964/2342/1459 3995/2392/1488 3996/2343/1489
f 3996/2343/1489 4027/2393/1518 4028/2344/1519
f 4028/2344/1519 4059/2394/1548 4060/2345/1549
f 4060/2345/1549 4091/2395/1578 4092/2346/1579
f 4092/2346/1579 4123/2396/1608 4124/2347/1609
f 4124/2347/1609 4155/2397/1638 4156/2348/1639
f 4156/2348/1639 4187/2398/1668 4188/2349/1669
f 4188/2349/1669 4219/2399/1203 4220/2350/1204
f 4220/2350/1204 4251/2400/1235 4252/2351/1236
f 4252/2351/1236 4283/2401/1267 4284/2352/1268
f 4284/2352/1268 4315/2402/1299 4316/2353/1300
f 4316/2353/1300 4347/2403/1331 4348/2354/1332
f 4348/2354/1332 4379/2404/1363 4380/2355/1364
f 4380/2355/1364 4411/2405/1395 4412/2356/1396
f 4412/2356/1396 4443/2406/1427 4444/2357/1428
f 4444/2357/1428 4475/2407/1458 4476/2358/1459
f 4476/2358/1459 4507/2408/1488 4508/2359/1489
f 4508/2359/1489 4539/2409/1518 4540/2360/1519
f 4540/2360/1519 4571/2410/1548 4572/2361/1549
f 4572/2361/1549 4603/2411/1578 4604/2362/1579
f 4604/2362/1579 4635/2412/1608 4636/2363/1609
f 4636/2363/1609 4667/2413/1638 4668/2364/1639
f 4668/2364/1639 4699/2414/1712 4700/2365/1713
f 3165/2269/1173 3196/2317/1204 3197/2268/1205
f 3197/2268/1205 3228/2319/1236 3229/2270/1237
f 3229/2270/1237 3260/2320/1268 3261/2271/1269
f 3261/2271/1269 3292/2321/1300 3293/2272/1301
f 3293/2272/1301 3324/2322/1332 3325/2273/1333
f 3325/2273/1333 3356/2323/1364 3357/2274/1365
f 3357/2274/1365 3388/2324/1396 3389/2275/1397
f 3389/2275/1397 3420/2325/1428 3421/2276/1429
f 3421/2276/1429 3452/2326/1459 3453/2277/1460
f 3453/2277/1460 3484/2327/1489 3485/2278/1490
f 3485/2278/1490 3516/2328/1519 3517/2279/1520
f 3517/2279/1520 3548/2329/1549 3549/2280/1550
f 3549/2280/1550 3580/2330/1579 3581/2281/1580
f 3581/2281/1580 3612/2331/1609 3613/2282/1610
f 3613/2282/1610 3644/2332/1639 3645/2283/1640
f 3645/2283/1640 3676/2333/1669 3677/2284/1670
f 3677/2284/1670 3708/2334/1204 3709/2285/1205
f 3709/2285/1205 3740/2335/1236 3741/2286/1237
f 3741/2286/1237 3772/2336/1268 3773/2287/1269
f 3773/2287/1269 3804/2337/1300 3805/2288/1301
f 3805/2288/1301 3836/2338/1332 3837/2289/1333
f 3837/2289/1333 3868/2339/1364 3869/2290/1365
f 3869/2290/1365 3900/2340/1396 3901/2291/1397
f 3901/2291/1397 3932/2341/1428 3933/2292/1429
f 3933/2292/1429 3964/2342/1459 3965/2293/1460
f 3965/2293/1460 3996/2343/1489 3997/2294/1490
f 3997/2294/1490 4028/2344/1519 4029/2295/1520
f 4029/2295/1520 4060/2345/1549 4061/2296/1550
f 4061/2296/1550 4092/2346/1579 4093/2297/1580
f 4093/2297/1580 4124/2347/1609 4125/2298/1610
f 4125/2298/1610 4156/2348/1639 4157/2299/1640
f 4157/2299/1640 4188/2349/1669 4189/2300/1670
f 4189/2300/1670 4220/2350/1204 4221/2301/1205
f 4221/2301/1205 4252/2351/1236 4253/2302/1237
f 4253/2302/1237 4284/2352/1268 4285/2303/1269
f 4285/2303/1269 4316/2353/1300 4317/2304/1301
f 4317/2304/1301 4348/2354/1332 4349/2305/1333
f 4349/2305/1333 4380/2355/1364 4381/2306/1365
f 4381/2306/1365 4412/2356/1396 4413/2307/1397
f 4413/2307/1397 4444/2357/1428 4445/2308/1429
f 4445/2308/1429 4476/2358/1459 4477/2309/1460
f 4477/2309/1460 4508/2359/1489 4509/2310/1490
f 4509/2310/1490 4540/2360/1519 4541/2311/1520
f 4541/2311/1520 4572/2361/1549 4573/2312/1550
f 4573/2312/1550 4604/2362/1579 4605/2313/1580
f 4605/2313/1580 4636/2363/1609 4637/2314/1610
f 4637/2314/1610 4668/2364/1639 4669/2315/1640
f 4669/2315/1640 4700/2365/1713 4701/2316/1714
f 3166/2220/1174 3197/2268/1205 3198/2219/1206
f 3198/2219/1206 3229/2270/1237 3230/2221/1238
f 3230/2221/1238 3261/2271/1269 3262/2222/1270
f 3262/2222/1270 3293/2272/1301 3294/2223/1302
f 3294/2223/1302 3325/2273/1333 3326/2224/1334
f 3326/2224/1334 3357/2274/1365 3358/2225/1366
f 3358/2225/1366 3389/2275/1397 3390/2226/1398
f 3390/2226/1398 3421/2276/1429 3422/2227/1430
f 3422/2227/1430 3453/2277/1460 3454/2228/1461
f 3454/2228/1461 3485/2278/1490 3486/2229/1491
f 3486/2229/1491 3517/2279/1520 3518/2230/1521
f 3518/2230/1521 3549/2280/1550 3550/2231/1551
f 3550/2231/1551 3581/2281/1580 3582/2232/1581
f 3582/2232/1581 3613/2282/1610 3614/2233/1611
f 3614/2233/1611 3645/2283/1640 3646/2234/1641
f 3646/2234/1641 3677/2284/1670 3678/2235/1671
f 3678/2235/1671 3709/2285/1205 3710/2236/1206
f 3710/2236/1206 3741/2286/1237 3742/2237/1238
f 3742/2237/1238 3773/2287/1269 3774/2238/1270
f 3774/2238/1270 3805/2288/1301 3806/2239/1302
f 3806/2239/1302 3837/2289/1333 3838/2240/1334
f 3838/2240/1334 3869/2290/1365 3870/2241/1366
f 3870/2241/1366 3901/2291/1397 3902/2242/1398
f 3902/2242/1398 3933/2292/1429 3934/2243/1430
f 3934/2243/1430 3965/2293/1460 3966/2244/1461
f 3966/2244/1461 3997/2294/1490 3998/2245/1491
f 3998/2245/1491 4029/2295/1520 4030/2246/1521
f 4030/2246/1521 4061/2296/1550 4062/2247/1551
f 4062/2247/1551 4093/2297/1580 4094/2248/1581
f 4094/2248/1581 4125/2298/1610 4126/2249/1611
f 4126/2249/1611 4157/2299/1640 4158/2250/1641
f 4158/2250/1641 4189/2300/1670 4190/2251/1671
f 4190/2251/1671 4221/2301/1205 4222/2252/1206
f 4222/2252/1206 4253/2302/1237 4254/2253/1238
f 4254/2253/1238 4285/2303/1269 4286/2254/1270
f 4286/2254/1270 4317/2304/1301 4318/2255/1302
f 4318/2255/1302 4349/2305/1333 4350/2256/1334
f 4350/2256/1334 4381/2306/1365 4382/2257/1366
f 4382/2257/1366 4413/2307/1397 4414/2258/1398
f 4414/2258/1398 4445/2308/1429 4446/2259/1430
f 4446/2259/1430 4477/2309/1460 4478/2260/1461
f 4478/2260/1461 4509/2310/1490 4510/2261/1491
f 4510/2261/1491 4541/2311/1520 4542/2262/1521
f 4542/2262/1521 4573/2312/1550 4574/2263/1551
f 4574/2263/1551 4605/2313/1580 4606/2264/1581
f 4606/2264/1581 4637/2314/1610 4638/2265/1611
f 4638/2265/1611 4669/2315/1640 4670/2266/1641
f 4670/2266/1641 4701/2316/1714 4702/2267/1715
f 3167/2171/1175 3198/2219/1206 3199/2170/1207
f 3199/2170/1207 3230/2221/1238 3231/2172/1239
f 3231/2172/1239 3262/2222/1270 3263/2173/1271
f 3263/2173/1271 3294/2223/1302 3295/2174/1303
f 3295/2174/1303 3326/2224/1334 3327/2175/1335
f 3327/2175/1335 3358/2225/1366 3359/2176/1367
f 3359/2176/1367 3390/2226/1398 3391/2177/1399
f 3391/2177/1399 3422/2227/1430 3423/2178/1431
f 3423/2178/1431 3454/2228/1461 3455/2179/1462
f 3455/2179/1462 3486/2229/1491 3487/2180/1492
f 3487/2180/1492 3518/2230/1521 3519/2181/1522
f 3519/2181/1522 3550/2231/1551 3551/2182/1552
f 3551/2182/1552 3582/2232/1581 3583/2183/1582
f 3583/2183/1582 3614/2233/1611 3615/2184/1612
f 3615/2184/1612 3646/2234/1641 3647/2185/1642
f 3647/2185/1642 3678/2235/1671 3679/2186/1672
f 3679/2186/1672 3710/2236/1206 3711/2187/1207
f 3711/2187/1207 3742/2237/1238 3743/2188/1239
f 3743/2188/1239 3774/2238/1270 3775/2189/1271
f 3775/2189/1271 3806/2239/1302 3807/2190/1303
f 3807/2190/1303 3838/2240/1334 3839/2191/1335
f 3839/2191/1335 3870/2241/1366 3871/2192/1367
f 3871/2192/1367 3902/2242/1398 3903/2193/1399
f 3903/2193/1399 3934/2243/1430 3935/2194/1431
f 3935/2194/1431 3966/2244/1461 3967/2195/1462
f 3967/2195/1462 3998/2245/1491 3999/2196/1492
f 3999/2196/1492 4030/2246/1521 4031/2197/1522
f 4031/2197/1522 4062/2247/1551 4063/2198/1552
f 4063/2198/1552 4094/2248/1581 4095/2199/1582
f 4095/2199/1582 4126/2249/1611 4127/2200/1612
f 4127/2200/1612 4158/2250/1641 4159/2201/1642
f 4159/2201/1642 4190/2251/1671 4191/2202/1672
f 4191/2202/1672 4222/2252/1206 4223/2203/1207
f 4223/2203/1207 4254/2253/1238 4255/2204/1239
f 4255/2204/1239 4286/2254/1270 4287/2205/1271
f 4287/2205/1271 4318/2255/1302 4319/2206/1303
f 4319/2206/1303 4350/2256/1334 4351/2207/1335
f 4351/2207/1335 4382/2257/1366 4383/2208/1367
f 4383/2208/1367 4414/2258/1398 4415/2209/1399
f 4415/2209/1399 4446/2259/1430 4447/2210/1431
f 4447/2210/1431 4478/2260/1461 4479/2211/1462
f 4479/2211/1462 4510/2261/1491 4511/2212/1492
f 4511/2212/1492 4542/2262/1521 4543/2213/1522
f 4543/2213/1522 4574/2263/1551 4575/2214/1552
f 4575/2214/1552 4606/2264/1581 4607/2215/1582
f 4607/2215/1582 4638/2265/1611 4639/2216/1612
f 4639/2216/1612 4670/2266/1641 4671/2217/1642
f 4671/2217/1642 4702/2267/1715 4703/2218/1716
f 3168/2122/1176 3199/2170/1207 3200/2121/1208
f 3200/2121/1208 3231/2172/1239 3232/2123/1240
f 3232/2123/1240 3263/2173/1271 3264/2124/1272
f 3264/2124/1272 3295/2174/1303 3296/2125/1304
f 3296/2125/1304 3327/2175/1335 3328/2126/1336
f 3328/2126/1336 3359/2176/1367 3360/2127/1368
f 3360/2127/1368 3391/2177/1399 3392/2128/1400
f 3392/2128/1400 3423/2178/1431 3424/2129/1432
f 3424/2129/1432 3455/2179/1462 3456/2130/1463
f 3456/2130/1463 3487/2180/1492 3488/2131/1493
f 3488/2131/1493 3519/2181/1522 3520/2132/1523
f 3520/2132/1523 3551/2182/1552 3552/2133/1553
f 3552/2133/1553 3583/2183/1582 3584/2134/1583
f 3584/2134/1583 3615/2184/1612 3616/2135/1613
f 3616/2135/1613 3647/2185/1642 3648/2136/1643
f 3648/2136/1643 3679/2186/1672 3680/2137/1673
f 3680/2137/1673 3711/2187/1207 3712/2138/1208
f 3712/2138/1208 3743/2188/1239 3744/2139/1240
f 3744/2139/1240 3775/2189/1271 3776/2140/1272
f 3776/2140/1272 3807/2190/1303 3808/2141/1681
f 3808/2141/1681 3839/2191/1335 3840/2142/1336
f 3840/2142/1336 3871/2192/1367 3872/2143/1368
f 3872/2143/1368 3903/2193/1399 3904/2144/1400
f 3904/2144/1400 3935/2194/1431 3936/2145/1432
f 3936/2145/1432 3967/2195/1462 3968/2146/1463
f 3968/2146/1463 3999/2196/1492 4000/2147/1493
f 4000/2147/1493 4031/2197/1522 4032/2148/1523
f 4032/2148/1523 4063/2198/1552 4064/2149/1553
f 4064/2149/1553 4095/2199/1582 4096/2150/1583
f 4096/2150/1583 4127/2200/1612 4128/2151/1613
f 4128/2151/1613 4159/2201/1642 4160/2152/1643
f 4160/2152/1643 4191/2202/1672 4192/2153/1673
f 4192/2153/1673 4223/2203/1207 4224/2154/1208
f 4224/2154/1208 4255/2204/1239 4256/2155/1240
f 4256/2155/1240 4287/2205/1271 4288/2156/1272
f 4288/2156/1272 4319/2206/1303 4320/2157/1304
f 4320/2157/1304 4351/2207/1335 4352/2158/1336
f 4352/2158/1336 4383/2208/1367 4384/2159/1368
f 4384/2159/1368 4415/2209/1399 4416/2160/1400
f 4416/2160/1400 4447/2210/1431 4448/2161/1689
f 4448/2161/1689 4479/2211/1462 4480/2162/1463
f 4480/2162/1463 4511/2212/1492 4512/2163/1493
f 4512/2163/1493 4543/2213/1522 4544/2164/1523
f 4544/2164/1523 4575/2214/1552 4576/2165/1553
f 4576/2165/1553 4607/2215/1582 4608/2166/1583
f 4608/2166/1583 4639/2216/1612 4640/2167/1613
f 4640/2167/1613 4671/2217/1642 4672/2168/1643
f 4672/2168/1643 4703/2218/1716 4704/2169/1717
f 3169/2073/1177 3200/2121/1208 3201/2072/1209
f 3201/2072/1209 3232/2123/1240 3233/2074/1241
f 3233/2074/1241 3264/2124/1272 3265/2075/1273
f 3265/2075/1273 3296/2125/1304 3297/2076/1305
f 3297/2076/1305 3328/2126/1336 3329/2077/1337
f 3329/2077/1337 3360/2127/1368 3361/2078/1369
f 3361/2078/1369 3392/2128/1400 3393/2079/1401
f 3393/2079/1401 3424/2129/1432 3425/2080/1433
f 3425/2080/1433 3456/2130/1463 3457/2081/1193
f 3457/2081/1193 3488/2131/1493 3489/2082/1225
f 3489/2082/1225 3520/2132/1523 3521/2083/1257
f 3521/2083/1257 3552/2133/1553 3553/2084/1289
f 3553/2084/1289 3584/2134/1583 3585/2085/1321
f 3585/2085/1321 3616/2135/1613 3617/2086/1353
f 3617/2086/1353 3648/2136/1643 3649/2087/1385
f 3649/2087/1385 3680/2137/1673 3681/2088/1417
f 3681/2088/1417 3712/2138/1208 3713/2089/1209
f 3713/2089/1209 3744/2139/1240 3745/2090/1241
f 3745/2090/1241 3776/2140/1272 3777/2091/1273
f 3777/2091/1273 3808/2141/1681 3809/2092/1305
f 3809/2092/1305 3840/2142/1336 3841/2093/1337
f 3841/2093/1337 3872/2143/1368 3873/2094/1369
f 3873/2094/1369 3904/2144/1400 3905/2095/1401
f 3905/2095/1401 3936/2145/1432 3937/2096/1433
f 3937/2096/1433 3968/2146/1463 3969/2097/1193
f 3969/2097/1193 4000/2147/1493 4001/2098/1225
f 4001/2098/1225 4032/2148/1523 4033/2099/1257
f 4033/2099/1257 4064/2149/1553 4065/2100/1289
f 4065/2100/1289 4096/2150/1583 4097/2101/1321
f 4097/2101/1321 4128/2151/1613 4129/2102/1353
f 4129/2102/1353 4160/2152/1643 4161/2103/1385
f 4161/2103/1385 4192/2153/1673 4193/2104/1417
f 4193/2104/1417 4224/2154/1208 4225/2105/1209
f 4225/2105/1209 4256/2155/1240 4257/2106/1241
f 4257/2106/1241 4288/2156/1272 4289/2107/1273
f 4289/2107/1273 4320/2157/1304 4321/2108/1305
f 4321/2108/1305 4352/2158/1336 4353/2109/1337
f 4353/2109/1337 4384/2159/1368 4385/2110/1369
f 4385/2110/1369 4416/2160/1400 4417/2111/1401
f 4417/2111/1401 4448/2161/1689 4449/2112/1433
f 4449/2112/1433 4480/2162/1463 4481/2113/1193
f 4481/2113/1193 4512/2163/1493 4513/2114/1225
f 4513/2114/1225 4544/2164/1523 4545/2115/1257
f 4545/2115/1257 4576/2165/1553 4577/2116/1289
f 4577/2116/1289 4608/2166/1583 4609/2117/1321
f 4609/2117/1321 4640/2167/1613 4641/2118/1353
f 4641/2118/1353 4672/2168/1643 4673/2119/1385
f 4673/2119/1385 4704/2169/1717 4705/2120/1718
f 3170/2024/1178 3201/2072/1209 3202/2023/1210
f 3202/2023/1210 3233/2074/1241 3234/2025/1242
f 3234/2025/1242 3265/2075/1273 3266/2026/1274
f 3266/2026/1274 3297/2076/1305 3298/2027/1306
f 3298/2027/1306 3329/2077/1337 3330/2028/1338
f 3330/2028/1338 3361/2078/1369 3362/2029/1370
f 3362/2029/1370 3393/2079/1401 3394/2030/1402
f 3394/2030/1402 3425/2080/1433 3426/2031/1434
f 3426/2031/1434 3457/2081/1193 3458/2032/1464
f 3458/2032/1464 3489/2082/1225 3490/2033/1494
f 3490/2033/1494 3521/2083/1257 3522/2034/1524
f 3522/2034/1524 3553/2084/1289 3554/2035/1554
f 3554/2035/1554 3585/2085/1321 3586/2036/1584
f 3586/2036/1584 3617/2086/1353 3618/2037/1614
f 3618/2037/1614 3649/2087/1385 3650/2038/1644
f 3650/2038/1644 3681/2088/1417 3682/2039/1674
f 3682/2039/1674 3713/2089/1209 3714/2040/1210
f 3714/2040/1210 3745/2090/1241 3746/2041/1242
f 3746/2041/1242 3777/2091/1273 3778/2042/1274
f 3778/2042/1274 3809/2092/1305 3810/2043/1682
f 3810/2043/1682 3841/2093/1337 3842/2044/1338
f 3842/2044/1338 3873/2094/1369 3874/2045/1370
f 3874/2045/1370 3905/2095/1401 3906/2046/1402
f 3906/2046/1402 3937/2096/1433 3938/2047/1683
f 3938/2047/1683 3969/2097/1193 3970/2048/1464
f 3970/2048/1464 4001/2098/1225 4002/2049/1494
f 4002/2049/1494 4033/2099/1257 4034/2050/1524
f 4034/2050/1524 4065/2100/1289 4066/2051/1554
f 4066/2051/1554 4097/2101/1321 4098/2052/1584
f 4098/2052/1584 4129/2102/1353 4130/2053/1614
f 4130/2053/1614 4161/2103/1385 4162/2054/1644
f 4162/2054/1644 4193/2104/1417 4194/2055/1686
f 4194/2055/1686 4225/2105/1209 4226/2056/1210
f 4226/2056/1210 4257/2106/1241 4258/2057/1242
f 4258/2057/1242 4289/2107/1273 4290/2058/1274
f 4290/2058/1274 4321/2108/1305 4322/2059/1682
f 4322/2059/1682 4353/2109/1337 4354/2060/1338
f 4354/2060/1338 4385/2110/1369 4386/2061/1370
f 4386/2061/1370 4417/2111/1401 4418/2062/1402
f 4418/2062/1402 4449/2112/1433 4450/2063/1434
f 4450/2063/1434 4481/2113/1193 4482/2064/1464
f 4482/2064/1464 4513/2114/1225 4514/2065/1494
f 4514/2065/1494 4545/2115/1257 4546/2066/1524
f 4546/2066/1524 4577/2116/1289 4578/2067/1692
f 4578/2067/1692 4609/2117/1321 4610/2068/1584
f 4610/2068/1584 4641/2118/1353 4642/2069/1614
f 4642/2069/1614 4673/2119/1385 4674/2070/1644
f 4674/2070/1644 4705/2120/1718 4706/2071/1719
f 3171/1975/1179 3202/2023/1210 3203/1974/1211
f 3203/1974/1211 3234/2025/1242 3235/1976/1243
f 3235/1976/1243 3266/2026/1274 3267/1977/1275
f 3267/1977/1275 3298/2027/1306 3299/1978/1307
f 3299/1978/1307 3330/2028/1338 3331/1979/1339
f 3331/1979/1339 3362/2029/1370 3363/1980/1371
f 3363/1980/1371 3394/2030/1402 3395/1981/1403
f 3395/1981/1403 3426/2031/1434 3427/1982/1435
f 3427/1982/1435 3458/2032/1464 3459/1983/1465
f 3459/1983/1465 3490/2033/1494 3491/1984/1495
f 3491/1984/1495 3522/2034/1524 3523/1985/1525
f 3523/1985/1525 3554/2035/1554 3555/1986/1555
f 3555/1986/1555 3586/2036/1584 3587/1987/1585
f 3587/1987/1585 3618/2037/1614 3619/1988/1615
f 3619/1988/1615 3650/2038/1644 3651/1989/1645
f 3651/1989/1645 3682/2039/1674 3683/1990/1675
f 3683/1990/1675 3714/2040/1210 3715/1991/1211
f 3715/1991/1211 3746/2041/1242 3747/1992/1243
f 3747/1992/1243 3778/2042/1274 3779/1993/1275
f 3779/1993/1275 3810/2043/1682 3811/1994/1307
f 3811/1994/1307 3842/2044/1338 3843/1995/1339
f 3843/1995/1339 3874/2045/1370 3875/1996/1371
f 3875/1996/1371 3906/2046/1402 3907/1997/1403
f 3907/1997/1403 3938/2047/1683 3939/1998/1435
f 3939/1998/1435 3970/2048/1464 3971/1999/1465
f 3971/1999/1465 4002/2049/1494 4003/2000/1495
f 4003/2000/1495 4034/2050/1524 4035/2001/1525
f 4035/2001/1525 4066/2051/1554 4067/2002/1555
f 4067/2002/1555 4098/2052/1584 4099/2003/1585
f 4099/2003/1585 4130/2053/1614 4131/2004/1615
f 4131/2004/1615 4162/2054/1644 4163/2005/1645
f 4163/2005/1645 4194/2055/1686 4195/2006/1675
f 4195/2006/1675 4226/2056/1210 4227/2007/1211
f 4227/2007/1211 4258/2057/1242 4259/2008/1243
f 4259/2008/1243 4290/2058/1274 4291/2009/1275
f 4291/2009/1275 4322/2059/1682 4323/2010/1307
f 4323/2010/1307 4354/2060/1338 4355/2011/1339
f 4355/2011/1339 4386/2061/1370 4387/2012/1371
f 4387/2012/1371 4418/2062/1402 4419/2013/1403
f 4419/2013/1403 4450/2063/1434 4451/2014/1435
f 4451/2014/1435 4482/2064/1464 4483/2015/1465
f 4483/2015/1465 4514/2065/1494 4515/2016/1495
f 4515/2016/1495 4546/2066/1524 4547/2017/1525
f 4547/2017/1525 4578/2067/1692 4579/2018/1555
f 4579/2018/1555 4610/2068/1584 4611/2019/1585
f 4611/2019/1585 4642/2069/1614 4643/2020/1615
f 4643/2020/1615 4674/2070/1644 4675/2021/1645
f 4675/2021/1645 4706/2071/1719 4707/2022/1720
f 3172/1926/1180 3203/1974/1211 3204/1925/1212
f 3204/1925/1212 3235/1976/1243 3236/1927/1244
f 3236/1927/1244 3267/1977/1275 3268/1928/1276
f 3268/1928/1276 3299/1978/1307 3300/1929/1308
f 3300/1929/1308 3331/1979/1339 3332/1930/1340
f 3332/1930/1340 3363/1980/1371 3364/1931/1372
f 3364/1931/1372 3395/1981/1403 3396/1932/1404
f 3396/1932/1404 3427/1982/1435 3428/1933/1436
f 3428/1933/1436 3459/1983/1465 3460/1934/1466
f 3460/1934/1466 3491/1984/1495 3492/1935/1496
f 3492/1935/1496 3523/1985/1525 3524/1936/1526
f 3524/1936/1526 3555/1986/1555 3556/1937/1556
f 3556/1937/1556 3587/1987/1585 3588/1938/1586
f 3588/1938/1586 3619/1988/1615 3620/1939/1616
f 3620/1939/1616 3651/1989/1645 3652/1940/1646
f 3652/1940/1646 3683/1990/1675 3684/1941/1676
f 3684/1941/1676 3715/1991/1211 3716/1942/1212
f 3716/1942/1212 3747/1992/1243 3748/1943/1244
f 3748/1943/1244 3779/1993/1275 3780/1944/1276
f 3780/1944/1276 3811/1994/1307 3812/1945/1308
f 3812/1945/1308 3843/1995/1339 3844/1946/1340
f 3844/1946/1340 3875/1996/1371 3876/1947/1372
f 3876/1947/1372 3907/1997/1403 3908/1948/1404
f 3908/1948/1404 3939/1998/1435 3940/1949/1436
f 3940/1949/1436 3971/1999/1465 3972/1950/1466
f 3972/1950/1466 4003/2000/1495 4004/1951/1496
f 4004/1951/1496 4035/2001/1525 4036/1952/1526
f 4036/1952/1526 4067/2002/1555 4068/1953/1556
f 4068/1953/1556 4099/2003/1585 4100/1954/1586
f 4100/1954/1586 4131/2004/1615 4132/1955/1616
f 4132/1955/1616 4163/2005/1645 4164/1956/1646
f 4164/1956/1646 4195/2006/1675 4196/1957/1676
f 4196/1957/1676 4227/2007/1211 4228/1958/1212
f 4228/1958/1212 4259/2008/1243 4260/1959/1244
f 4260/1959/1244 4291/2009/1275 4292/1960/1276
f 4292/1960/1276 4323/2010/1307 4324/1961/1308
f 4324/1961/1308 4355/2011/1339 4356/1962/1340
f 4356/1962/1340 4387/2012/1371 4388/1963/1372
f 4388/1963/1372 4419/2013/1403 4420/1964/1404
f 4420/1964/1404 4451/2014/1435 4452/1965/1436
f 4452/1965/1436 4483/2015/1465 4484/1966/1466
f 4484/1966/1466 4515/2016/1495 4516/1967/1496
f 4516/1967/1496 4547/2017/1525 4548/1968/1526
f 4548/1968/1526 4579/2018/1555 4580/1969/1556
f 4580/1969/1556 4611/2019/1585 4612/1970/1586
f 4612/1970/1586 4643/2020/1615 4644/1971/1616
f 4644/1971/1616 4675/2021/1645 4676/1972/1646
f 4676/1972/1646 4707/2022/1720 4708/1973/1721
f 3173/1877/1181 3204/1925/1212 3205/1876/1213
f 3205/1876/1213 3236/1927/1244 3237/1878/1245
f 3237/1878/1245 3268/1928/1276 3269/1879/1277
f 3269/1879/1277 3300/1929/1308 3301/1880/1309
f 3301/1880/1309 3332/1930/1340 3333/1881/1341
f 3333/1881/1341 3364/1931/1372 3365/1882/1373
f 3365/1882/1373 3396/1932/1404 3397/1883/1405
f 3397/1883/1405 3428/1933/1436 3429/1884/1437
f 3429/1884/1437 3460/1934/1466 3461/1885/1467
f 3461/1885/1467 3492/1935/1496 3493/1886/1497
f 3493/1886/1497 3524/1936/1526 3525/1887/1527
f 3525/1887/1527 3556/1937/1556 3557/1888/1557
f 3557/1888/1557 3588/1938/1586 3589/1889/1587
f 3589/1889/1587 3620/1939/1616 3621/1890/1617
f 3621/1890/1617 3652/1940/1646 3653/1891/1647
f 3653/1891/1647 3684/1941/1676 3685/1892/1677
f 3685/1892/1677 3716/1942/1212 3717/1893/1213
f 3717/1893/1213 3748/1943/1244 3749/1894/1245
f 3749/1894/1245 3780/1944/1276 3781/1895/1277
f 3781/1895/1277 3812/1945/1308 3813/1896/1309
f 3813/1896/1309 3844/1946/1340 3845/1897/1341
f 3845/1897/1341 3876/1947/1372 3877/1898/1373
f 3877/1898/1373 3908/1948/1404 3909/1899/1405
f 3909/1899/1405 3940/1949/1436 3941/1900/1437
f 3941/1900/1437 3972/1950/1466 3973/1901/1467
f 3973/1901/1467 4004/1951/1496 4005/1902/1497
f 4005/1902/1497 4036/1952/1526 4037/1903/1527
f 4037/1903/1527 4068/1953/1556 4069/1904/1557
f 4069/1904/1557 4100/1954/1586 4101/1905/1587
f 4101/1905/1587 4132/1955/1616 4133/1906/1617
f 4133/1906/1617 4164/1956/1646 4165/1907/1647
f 4165/1907/1647 4196/1957/1676 4197/1908/1677
f 4197/1908/1677 4228/1958/1212 4229/1909/1213
f 4229/1909/1213 4260/1959/1244 4261/1910/1245
f 4261/1910/1245 4292/1960/1276 4293/1911/1277
f 4293/1911/1277 4324/1961/1308 4325/1912/1309
f 4325/1912/1309 4356/1962/1340 4357/1913/1341
f 4357/1913/1341 4388/1963/1372 4389/1914/1373
f 4389/1914/1373 4420/1964/1404 4421/1915/1405
f 4421/1915/1405 4452/1965/1436 4453/1916/1437
f 4453/1916/1437 4484/1966/1466 4485/1917/1467
f 4485/1917/1467 4516/1967/1496 4517/1918/1497
f 4517/1918/1497 4548/1968/1526 4549/1919/1527
f 4549/1919/1527 4580/1969/1556 4581/1920/1557
f 4581/1920/1557 4612/1970/1586 4613/1921/1587
f 4613/1921/1587 4644/1971/1616 4645/1922/1617
f 4645/1922/1617 4676/1972/1646 4677/1923/1647
f 4677/1923/1647 4708/1973/1721 4709/1924/1722
f 3174/1828/1182 3205/1876/1213 3206/1827/1214
f 3206/1827/1214 3237/1878/1245 3238/1829/1246
f 3238/1829/1246 3269/1879/1277 3270/1830/1278
f 3270/1830/1278 3301/1880/1309 3302/1831/1310
f 3302/1831/1310 3333/1881/1341 3334/1832/1342
f 3334/1832/1342 3365/1882/1373 3366/1833/1374
f 3366/1833/1374 3397/1883/1405 3398/1834/1406
f 3398/1834/1406 3429/1884/1437 3430/1835/1438
f 3430/1835/1438 3461/1885/1467 3462/1836/1468
f 3462/1836/1468 3493/1886/1497 3494/1837/1498
f 3494/1837/1498 3525/1887/1527 3526/1838/1528
f 3526/1838/1528 3557/1888/1557 3558/1839/1558
f 3558/1839/1558 3589/1889/1587 3590/1840/1588
f 3590/1840/1588 3621/1890/1617 3622/1841/1618
f 3622/1841/1618 3653/1891/1647 3654/1842/1648
f 3654/1842/1648 3685/1892/1677 3686/1843/1678
f 3686/1843/1678 3717/1893/1213 3718/1844/1214
f 3718/1844/1214 3749/1894/1245 3750/1845/1246
f 3750/1845/1246 3781/1895/1277 3782/1846/1278
f 3782/1846/1278 3813/1896/1309 3814/1847/1310
f 3814/1847/1310 3845/1897/1341 3846/1848/1342
f 3846/1848/1342 3877/1898/1373 3878/1849/1374
f 3878/1849/1374 3909/1899/1405 3910/1850/1406
f 3910/1850/1406 3941/1900/1437 3942/1851/1438
f 3942/1851/1438 3973/1901/1467 3974/1852/1468
f 3974/1852/1468 4005/1902/1497 4006/1853/1498
f 4006/1853/1498 4037/1903/1527 4038/1854/1528
f 4038/1854/1528 4069/1904/1557 4070/1855/1558
f 4070/1855/1558 4101/1905/1587 4102/1856/1588
f 4102/1856/1588 4133/1906/1617 4134/1857/1618
f 4134/1857/1618 4165/1907/1647 4166/1858/1648
f 4166/1858/1648 4197/1908/1677 4198/1859/1678
f 4198/1859/1678 4229/1909/1213 4230/1860/1214
f 4230/1860/1214 4261/1910/1245 4262/1861/1246
f 4262/1861/1246 4293/1911/1277 4294/1862/1278
f 4294/1862/1278 4325/1912/1309 4326/1863/1310
f 4326/1863/1310 4357/1913/1341 4358/1864/1342
f 4358/1864/1342 4389/1914/1373 4390/1865/1374
f 4390/1865/1374 4421/1915/1405 4422/1866/1406
f 4422/1866/1406 4453/1916/1437 4454/1867/1438
f 4454/1867/1438 4485/1917/1467 4486/1868/1468
f 4486/1868/1468 4517/1918/1497 4518/1869/1498
f 4518/1869/1498 4549/1919/1527 4550/1870/1528
f 4550/1870/1528 4581/1920/1557 4582/1871/1558
f 4582/1871/1558 4613/1921/1587 4614/1872/1588
f 4614/1872/1588 4645/1922/1617 4646/1873/1618
f 4646/1873/1618 4677/1923/1647 4678/1874/1648
f 4678/1874/1648 4709/1924/1722 4710/1875/1723
f 3175/1779/1183 3206/1827/1214 3207/1778/1215
f 3207/1778/1215 3238/1829/1246 3239/1780/1247
f 3239/1780/1247 3270/1830/1278 3271/1781/1279
f 3271/1781/1279 3302/1831/1310 3303/1782/1311
f 3303/1782/1311 3334/1832/1342 3335/1783/1343
f 3335/1783/1343 3366/1833/1374 3367/1784/1375
f 3367/1784/1375 3398/1834/1406 3399/1785/1407
f 3399/1785/1407 3430/1835/1438 3431/1786/1439
f 3431/1786/1439 3462/1836/1468 3463/1787/1469
f 3463/1787/1469 3494/1837/1498 3495/1788/1499
f 3495/1788/1499 3526/1838/1528 3527/1789/1529
f 3527/1789/1529 3558/1839/1558 3559/1790/1559
f 3559/1790/1559 3590/1840/1588 3591/1791/1589
f 3591/1791/1589 3622/1841/1618 3623/1792/1619
f 3623/1792/1619 3654/1842/1648 3655/1793/1649
f 3655/1793/1649 3686/1843/1678 3687/1794/1679
f 3687/1794/1679 3718/1844/1214 3719/1795/1215
f 3719/1795/1215 3750/1845/1246 3751/1796/1247
f 3751/1796/1247 3782/1846/1278 3783/1797/1279
f 3783/1797/1279 3814/1847/1310 3815/1798/1311
f 3815/1798/1311 3846/1848/1342 3847/1799/1343
f 3847/1799/1343 3878/1849/1374 3879/1800/1375
f 3879/1800/1375 3910/1850/1406 3911/1801/1407
f 3911/1801/1407 3942/1851/1438 3943/1802/1439
f 3943/1802/1439 3974/1852/1468 3975/1803/1469
f 3975/1803/1469 4006/1853/1498 4007/1804/1499
f 4007/1804/1499 4038/1854/1528 4039/1805/1529
f 4039/1805/1529 4070/1855/1558 4071/1806/1559
f 4071/1806/1559 4102/1856/1588 4103/1807/1589
f 4103/1807/1589 4134/1857/1618 4135/1808/1619
f 4135/1808/1619 4166/1858/1648 4167/1809/1649
f 4167/1809/1649 4198/1859/1678 4199/1810/1679
f 4199/1810/1679 4230/1860/1214 4231/1811/1215
f 4231/1811/1215 4262/1861/1246 4263/1812/1247
f 4263/1812/1247 4294/1862/1278 4295/1813/1279
f 4295/1813/1279 4326/1863/1310 4327/1814/1311
f 4327/1814/1311 4358/1864/1342 4359/1815/1343
f 4359/1815/1343 4390/1865/1374 4391/1816/1375
f 4391/1816/1375 4422/1866/1406 4423/1817/1407
f 4423/1817/1407 4454/1867/1438 4455/1818/1439
f 4455/1818/1439 4486/1868/1468 4487/1819/1469
f 4487/1819/1469 4518/1869/1498 4519/1820/1499
f 4519/1820/1499 4550/1870/1528 4551/1821/1529
f 4551/1821/1529 4582/1871/1558 4583/1822/1559
f 4583/1822/1559 4614/1872/1588 4615/1823/1589
f 4615/1823/1589 4646/1873/1618 4647/1824/1619
f 4647/1824/1619 4678/1874/1648 4679/1825/1649
f 4679/1825/1649 4710/1875/1723 4711/1826/1724
f 3176/1683/1184 3207/1778/1215 3208/1682/1216
f 3208/1682/1216 3239/1780/1247 3240/1685/1248
f 3240/1685/1248 3271/1781/1279 3272/1687/1280
f 3272/1687/1280 3303/1782/1311 3304/1689/1312
f 3304/1689/1312 3335/1783/1343 3336/1691/1344
f 3336/1691/1344 3367/1784/1375 3368/1693/1376
f 3368/1693/1376 3399/1785/1407 3400/1695/1408
f 3400/1695/1408 3431/1786/1439 3432/1697/1440
f 3432/1697/1440 3463/1787/1469 3464/1699/1470
f 3464/1699/1470 3495/1788/1499 3496/1701/1500
f 3496/1701/1500 3527/1789/1529 3528/1703/1530
f 3528/1703/1530 3559/1790/1559 3560/1705/1560
f 3560/1705/1560 3591/1791/1589 3592/1707/1590
f 3592/1707/1590 3623/1792/1619 3624/1709/1620
f 3624/1709/1620 3655/1793/1649 3656/1711/1650
f 3656/1711/1650 3687/1794/1679 3688/1713/1680
f 3688/1713/1680 3719/1795/1215 3720/1715/1216
f 3720/1715/1216 3751/1796/1247 3752/1717/1248
f 3752/1717/1248 3783/1797/1279 3784/1719/1280
f 3784/1719/1280 3815/1798/1311 3816/1721/1312
f 3816/1721/1312 3847/1799/1343 3848/1723/1344
f 3848/1723/1344 3879/1800/1375 3880/1725/1376
f 3880/1725/1376 3911/1801/1407 3912/1727/1408
f 3912/1727/1408 3943/1802/1439 3944/1729/1440
f 3944/1729/1440 3975/1803/1469 3976/1731/1470
f 3976/1731/1470 4007/1804/1499 4008/1733/1500
f 4008/1733/1500 4039/1805/1529 4040/1735/1530
f 4040/1735/1530 4071/1806/1559 4072/1737/1560
f 4072/1737/1560 4103/1807/1589 4104/1739/1590
f 4104/1739/1590 4135/1808/1619 4136/1741/1620
f 4136/1741/1620 4167/1809/1649 4168/1743/1650
f 4168/1743/1650 4199/1810/1679 4200/1745/1680
f 4200/1745/1680 4231/1811/1215 4232/1747/1216
f 4232/1747/1216 4263/1812/1247 4264/1749/1248
f 4264/1749/1248 4295/1813/1279 4296/1751/1280
f 4296/1751/1280 4327/1814/1311 4328/1753/1312
f 4328/1753/1312 4359/1815/1343 4360/1755/1344
f 4360/1755/1344 4391/1816/1375 4392/1757/1376
f 4392/1757/1376 4423/1817/1407 4424/1759/1408
f 4424/1759/1408 4455/1818/1439 4456/1761/1440
f 4456/1761/1440 4487/1819/1469 4488/1763/1470
f 4488/1763/1470 4519/1820/1499 4520/1765/1500
f 4520/1765/1500 4551/1821/1529 4552/1767/1530
f 4552/1767/1530 4583/1822/1559 4584/1769/1560
f 4584/1769/1560 4615/1823/1589 4616/1771/1590
f 4616/1771/1590 4647/1824/1619 4648/1773/1620
f 4648/1773/1620 4679/1825/1649 4680/1775/1650
f 4680/1775/1650 4711/1826/1724 4712/1777/1725
f 3145/1681/1153 3208/1682/1216 3177/1684/1185
f 3177/1684/1185 3240/1685/1248 3209/1686/1217
f 3209/1686/1217 3272/1687/1280 3241/1688/1249
f 3241/1688/1249 3304/1689/1312 3273/1690/1281
f 3273/1690/1281 3336/1691/1344 3305/1692/1313
f 3305/1692/1313 3368/1693/1376 3337/1694/1345
f 3337/1694/1345 3400/1695/1408 3369/1696/1377
f 3369/1696/1377 3432/1697/1440 3401/1698/1409
f 3401/1698/1409 3464/1699/1470 3433/1700/1441
f 3433/1700/1441 3496/1701/1500 3465/1702/1471
f 3465/1702/1471 3528/1703/1530 3497/1704/1501
f 3497/1704/1501 3560/1705/1560 3529/1706/1531
f 3529/1706/1531 3592/1707/1590 3561/1708/1561
f 3561/1708/1561 3624/1709/1620 3593/1710/1591
f 3593/1710/1591 3656/1711/1650 3625/1712/1621
f 3625/1712/1621 3688/1713/1680 3657/1714/1651
f 3657/1714/1651 3720/1715/1216 3689/1716/1185
f 3689/1716/1185 3752/1717/1248 3721/1718/1217
f 3721/1718/1217 3784/1719/1280 3753/1720/1249
f 3753/1720/1249 3816/1721/1312 3785/1722/1281
f 3785/1722/1281 3848/1723/1344 3817/1724/1313
f 3817/1724/1313 3880/1725/1376 3849/1726/1345
f 3849/1726/1345 3912/1727/1408 3881/1728/1377
f 3881/1728/1377 3944/1729/1440 3913/1730/1409
f 3913/1730/1409 3976/1731/1470 3945/1732/1441
f 3945/1732/1441 4008/1733/1500 3977/1734/1471
f 3977/1734/1471 4040/1735/1530 4009/1736/1501
f 4009/1736/1501 4072/1737/1560 4041/1738/1531
f 4041/1738/1531 4104/1739/1590 4073/1740/1561
f 4073/1740/1561 4136/1741/1620 4105/1742/1591
f 4105/1742/1591 4168/1743/1650 4137/1744/1621
f 4137/1744/1621 4200/1745/1680 4169/1746/1651
f 4169/1746/1651 4232/1747/1216 4201/1748/1185
f 4201/1748/1185 4264/1749/1248 4233/1750/1217
f 4233/1750/1217 4296/1751/1280 4265/1752/1687
f 4265/1752/1687 4328/1753/1312 4297/1754/1281
f 4297/1754/1281 4360/1755/1344 4329/1756/1313
f 4329/1756/1313 4392/1757/1376 4361/1758/1345
f 4361/1758/1345 4424/1759/1408 4393/1760/1377
f 4393/1760/1377 4456/1761/1440 4425/1762/1409
f 4425/1762/1409 4488/1763/1470 4457/1764/1441
f 4457/1764/1441 4520/1765/1500 4489/1766/1471
f 4489/1766/1471 4552/1767/1530 4521/1768/1501
f 4521/1768/1501 4584/1769/1560 4553/1770/1531
f 4553/1770/1531 4616/1771/1590 4585/1772/1561
f 4585/1772/1561 4648/1773/1620 4617/1774/1591
f 4617/1774/1591 4680/1775/1650 4649/1776/1621
f 4649/1776/1621 4712/1777/1725 4681/2513/1694
f 3145/1681/1153 3177/1684/1185 3178/1682/1186
f 3177/1684/1185 3209/1686/1217 3210/1685/1218
f 3209/1686/1217 3241/1688/1249 3242/1687/1250
f 3241/1688/1249 3273/1690/1281 3274/1689/1282
f 3273/1690/1281 3305/1692/1313 3306/1691/1314
f 3305/1692/1313 3337/1694/1345 3338/1693/1346
f 3337/1694/1345 3369/1696/1377 3370/1695/1378
f 3369/1696/1377 3401/1698/1409 3402/1697/1410
f 3401/1698/1409 3433/1700/1441 3434/1699/1442
f 3433/1700/1441 3465/1702/1471 3466/1701/1472
f 3465/1702/1471 3497/1704/1501 3498/1703/1502
f 3497/1704/1501 3529/1706/1531 3530/1705/1532
f 3529/1706/1531 3561/1708/1561 3562/1707/1562
f 3561/1708/1561 3593/1710/1591 3594/1709/1592
f 3593/1710/1591 3625/1712/1621 3626/1711/1622
f 3625/1712/1621 3657/1714/1651 3658/1713/1652
f 3657/1714/1651 3689/1716/1185 3690/1715/1186
f 3689/1716/1185 3721/1718/1217 3722/1717/1218
f 3721/1718/1217 3753/1720/1249 3754/1719/1250
f 3753/1720/1249 3785/1722/1281 3786/1721/1282
f 3785/1722/1281 3817/1724/1313 3818/1723/1314
f 3817/1724/1313 3849/1726/1345 3850/1725/1346
f 3849/1726/1345 3881/1728/1377 3882/1727/1378
f 3881/1728/1377 3913/1730/1409 3914/1729/1410
f 3913/1730/1409 3945/1732/1441 3946/1731/1442
f 3945/1732/1441 3977/1734/1471 3978/1733/1472
f 3977/1734/1471 4009/1736/1501 4010/1735/1502
f 4009/1736/1501 4041/1738/1531 4042/1737/1532
f 4041/1738/1531 4073/1740/1561 4074/1739/1562
f 4073/1740/1561 4105/1742/1591 4106/1741/1592
f 4105/1742/1591 4137/1744/1621 4138/1743/1622
f 4137/1744/1621 4169/1746/1651 4170/1745/1652
f 4169/1746/1651 4201/1748/1185 4202/1747/1186
f 4201/1748/1185 4233/1750/1217 4234/1749/1218
f 4233/1750/1217 4265/1752/1687 4266/1751/1250
f 4265/1752/1687 4297/1754/1281 4298/1753/1282
f 4297/1754/1281 4329/1756/1313 4330/1755/1314
f 4329/1756/1313 4361/1758/1345 4362/1757/1346
f 4361/1758/1345 4393/1760/1377 4394/1759/1378
f 4393/1760/1377 4425/1762/1409 4426/1761/1410
f 4425/1762/1409 4457/1764/1441 4458/1763/1442
f 4457/1764/1441 4489/1766/1471 4490/1765/1472
f 4489/1766/1471 4521/1768/1501 4522/1767/1502
f 4521/1768/1501 4553/1770/1531 4554/1769/1532
f 4553/1770/1531 4585/1772/1561 4586/1771/1562
f 4585/1772/1561 4617/1774/1591 4618/1773/1592
f 4617/1774/1591 4649/1776/1621 4650/1775/1622
f 4649/1776/1621 4681/2513/1694 4682/1777/1695
f 3146/1683/1154 3178/1682/1186 3179/1778/1187
f 3178/1682/1186 3210/1685/1218 3211/1780/1219
f 3210/1685/1218 3242/1687/1250 3243/1781/1251
f 3242/1687/1250 3274/1689/1282 3275/1782/1283
f 3274/1689/1282 3306/1691/1314 3307/1783/1315
f 3306/1691/1314 3338/1693/1346 3339/1784/1347
f 3338/1693/1346 3370/1695/1378 3371/1785/1379
f 3370/1695/1378 3402/1697/1410 3403/1786/1411
f 3402/1697/1410 3434/1699/1442 3435/1787/1443
f 3434/1699/1442 3466/1701/1472 3467/1788/1473
f 3466/1701/1472 3498/1703/1502 3499/1789/1503
f 3498/1703/1502 3530/1705/1532 3531/1790/1533
f 3530/1705/1532 3562/1707/1562 3563/1791/1563
f 3562/1707/1562 3594/1709/1592 3595/1792/1593
f 3594/1709/1592 3626/1711/1622 3627/1793/1623
f 3626/1711/1622 3658/1713/1652 3659/1794/1653
f 3658/1713/1652 3690/1715/1186 3691/1795/1187
f 3690/1715/1186 3722/1717/1218 3723/1796/1219
f 3722/1717/1218 3754/1719/1250 3755/1797/1251
f 3754/1719/1250 3786/1721/1282 3787/1798/1283
f 3786/1721/1282 3818/1723/1314 3819/1799/1315
f 3818/1723/1314 3850/1725/1346 3851/1800/1347
f 3850/1725/1346 3882/1727/1378 3883/1801/1379
f 3882/1727/1378 3914/1729/1410 3915/1802/1411
f 3914/1729/1410 3946/1731/1442 3947/1803/1443
f 3946/1731/1442 3978/1733/1472 3979/1804/1473
f 3978/1733/1472 4010/1735/1502 4011/1805/1503
f 4010/1735/1502 4042/1737/1532 4043/1806/1533
f 4042/1737/1532 4074/1739/1562 4075/1807/1563
f 4074/1739/1562 4106/1741/1592 4107/1808/1593
f 4106/1741/1592 4138/1743/1622 4139/1809/1623
f 4138/1743/1622 4170/1745/1652 4171/1810/1653
f 4170/1745/1652 4202/1747/1186 4203/1811/1187
f 4202/1747/1186 4234/1749/1218 4235/1812/1219
f 4234/1749/1218 4266/1751/1250 4267/1813/1251
f 4266/1751/1250 4298/1753/1282 4299/1814/1283
f 4298/1753/1282 4330/1755/1314 4331/1815/1315
f 4330/1755/1314 4362/1757/1346 4363/1816/1347
f 4362/1757/1346 4394/1759/1378 4395/1817/1379
f 4394/1759/1378 4426/1761/1410 4427/1818/1411
f 4426/1761/1410 4458/1763/1442 4459/1819/1443
f 4458/1763/1442 4490/1765/1472 4491/1820/1473
f 4490/1765/1472 4522/1767/1502 4523/1821/1503
f 4522/1767/1502 4554/1769/1532 4555/1822/1533
f 4554/1769/1532 4586/1771/1562 4587/1823/1563
f 4586/1771/1562 4618/1773/1592 4619/1824/1593
f 4618/1773/1592 4650/1775/1622 4651/1825/1623
f 4650/1775/1622 4682/1777/1695 4683/1826/1696
f 3147/1779/1155 3179/1778/1187 3180/1827/1188
f 3179/1778/1187 3211/1780/1219 3212/1829/1220
f 3211/1780/1219 3243/1781/1251 3244/1830/1252
f 3243/1781/1251 3275/1782/1283 3276/1831/1284
f 3275/1782/1283 3307/1783/1315 3308/1832/1316
f 3307/1783/1315 3339/1784/1347 3340/1833/1348
f 3339/1784/1347 3371/1785/1379 3372/1834/1380
f 3371/1785/1379 3403/1786/1411 3404/1835/1412
f 3403/1786/1411 3435/1787/1443 3436/1836/1444
f 3435/1787/1443 3467/1788/1473 3468/1837/1474
f 3467/1788/1473 3499/1789/1503 3500/1838/1504
f 3499/1789/1503 3531/1790/1533 3532/1839/1534
f 3531/1790/1533 3563/1791/1563 3564/1840/1564
f 3563/1791/1563 3595/1792/1593 3596/1841/1594
f 3595/1792/1593 3627/1793/1623 3628/1842/1624
f 3627/1793/1623 3659/1794/1653 3660/1843/1654
f 3659/1794/1653 3691/1795/1187 3692/1844/1188
f 3691/1795/1187 3723/1796/1219 3724/1845/1220
f 3723/1796/1219 3755/1797/1251 3756/1846/1252
f 3755/1797/1251 3787/1798/1283 3788/1847/1284
f 3787/1798/1283 3819/1799/1315 3820/1848/1316
f 3819/1799/1315 3851/1800/1347 3852/1849/1348
f 3851/1800/1347 3883/1801/1379 3884/1850/1380
f 3883/1801/1379 3915/1802/1411 3916/1851/1412
f 3915/1802/1411 3947/1803/1443 3948/1852/1444
f 3947/1803/1443 3979/1804/1473 3980/1853/1474
f 3979/1804/1473 4011/1805/1503 4012/1854/1504
f 4011/1805/1503 4043/1806/1533 4044/1855/1534
f 4043/1806/1533 4075/1807/1563 4076/1856/1564
f 4075/1807/1563 4107/1808/1593 4108/1857/1594
f 4107/1808/1593 4139/1809/1623 4140/1858/1624
f 4139/1809/1623 4171/1810/1653 4172/1859/1654
f 4171/1810/1653 4203/1811/1187 4204/1860/1188
f 4203/1811/1187 4235/1812/1219 4236/1861/1220
f 4235/1812/1219 4267/1813/1251 4268/1862/1252
f 4267/1813/1251 4299/1814/1283 4300/1863/1284
f 4299/1814/1283 4331/1815/1315 4332/1864/1316
f 4331/1815/1315 4363/1816/1347 4364/1865/1348
f 4363/1816/1347 4395/1817/1379 4396/1866/1380
f 4395/1817/1379 4427/1818/1411 4428/1867/1412
f 4427/1818/1411 4459/1819/1443 4460/1868/1444
f 4459/1819/1443 4491/1820/1473 4492/1869/1474
f 4491/1820/1473 4523/1821/1503 4524/1870/1690
f 4523/1821/1503 4555/1822/1533 4556/1871/1534
f 4555/1822/1533 4587/1823/1563 4588/1872/1564
f 4587/1823/1563 4619/1824/1593 4620/1873/1594
f 4619/1824/1593 4651/1825/1623 4652/1874/1624
f 4651/1825/1623 4683/1826/1696 4684/1875/1697
f 3148/1828/1156 3180/1827/1188 3181/1876/1189
f 3180/1827/1188 3212/1829/1220 3213/1878/1221
f 3212/1829/1220 3244/1830/1252 3245/1879/1253
f 3244/1830/1252 3276/1831/1284 3277/1880/1285
f 3276/1831/1284 3308/1832/1316 3309/1881/1317
f 3308/1832/1316 3340/1833/1348 3341/1882/1349
f 3340/1833/1348 3372/1834/1380 3373/1883/1381
f 3372/1834/1380 3404/1835/1412 3405/1884/1413
f 3404/1835/1412 3436/1836/1444 3437/1885/1445
f 3436/1836/1444 3468/1837/1474 3469/1886/1475
f 3468/1837/1474 3500/1838/1504 3501/1887/1505
f 3500/1838/1504 3532/1839/1534 3533/1888/1535
f 3532/1839/1534 3564/1840/1564 3565/1889/1565
f 3564/1840/1564 3596/1841/1594 3597/1890/1595
f 3596/1841/1594 3628/1842/1624 3629/1891/1625
f 3628/1842/1624 3660/1843/1654 3661/1892/1655
f 3660/1843/1654 3692/1844/1188 3693/1893/1189
f 3692/1844/1188 3724/1845/1220 3725/1894/1221
f 3724/1845/1220 3756/1846/1252 3757/1895/1253
f 3756/1846/1252 3788/1847/1284 3789/1896/1285
f 3788/1847/1284 3820/1848/1316 3821/1897/1317
f 3820/1848/1316 3852/1849/1348 3853/1898/1349
f 3852/1849/1348 3884/1850/1380 3885/1899/1381
f 3884/1850/1380 3916/1851/1412 3917/1900/1413
f 3916/1851/1412 3948/1852/1444 3949/1901/1445
f 3948/1852/1444 3980/1853/1474 3981/1902/1475
f 3980/1853/1474 4012/1854/1504 4013/1903/1505
f 4012/1854/1504 4044/1855/1534 4045/1904/1535
f 4044/1855/1534 4076/1856/1564 4077/1905/1684
f 4076/1856/1564 4108/1857/1594 4109/1906/1595
f 4108/1857/1594 4140/1858/1624 4141/1907/1625
f 4140/1858/1624 4172/1859/1654 4173/1908/1655
f 4172/1859/1654 4204/1860/1188 4205/1909/1189
f 4204/1860/1188 4236/1861/1220 4237/1910/1221
f 4236/1861/1220 4268/1862/1252 4269/1911/1253
f 4268/1862/1252 4300/1863/1284 4301/1912/1285
f 4300/1863/1284 4332/1864/1316 4333/1913/1317
f 4332/1864/1316 4364/1865/1348 4365/1914/1349
f 4364/1865/1348 4396/1866/1380 4397/1915/1381
f 4396/1866/1380 4428/1867/1412 4429/1916/1413
f 4428/1867/1412 4460/1868/1444 4461/1917/1445
f 4460/1868/1444 4492/1869/1474 4493/1918/1475
f 4492/1869/1474 4524/1870/1690 4525/1919/1505
f 4524/1870/1690 4556/1871/1534 4557/1920/1535
f 4556/1871/1534 4588/1872/1564 4589/1921/1684
f 4588/1872/1564 4620/1873/1594 4621/1922/1595
f 4620/1873/1594 4652/1874/1624 4653/1923/1625
f 4652/1874/1624 4684/1875/1697 4685/1924/1698
f 3149/1877/1157 3181/1876/1189 3182/1925/1190
f 3181/1876/1189 3213/1878/1221 3214/1927/1222
f 3213/1878/1221 3245/1879/1253 3246/1928/1254
f 3245/1879/1253 3277/1880/1285 3278/1929/1286
f 3277/1880/1285 3309/1881/1317 3310/1930/1318
f 3309/1881/1317 3341/1882/1349 3342/1931/1350
f 3341/1882/1349 3373/1883/1381 3374/1932/1382
f 3373/1883/1381 3405/1884/1413 3406/1933/1414
f 3405/1884/1413 3437/1885/1445 3438/1934/1446
f 3437/1885/1445 3469/1886/1475 3470/1935/1476
f 3469/1886/1475 3501/1887/1505 3502/1936/1506
f 3501/1887/1505 3533/1888/1535 3534/1937/1536
f 3533/1888/1535 3565/1889/1565 3566/1938/1566
f 3565/1889/1565 3597/1890/1595 3598/1939/1596
f 3597/1890/1595 3629/1891/1625 3630/1940/1626
f 3629/1891/1625 3661/1892/1655 3662/1941/1656
f 3661/1892/1655 3693/1893/1189 3694/1942/1190
f 3693/1893/1189 3725/1894/1221 3726/1943/1222
f 3725/1894/1221 3757/1895/1253 3758/1944/1254
f 3757/1895/1253 3789/1896/1285 3790/1945/1286
f 3789/1896/1285 3821/1897/1317 3822/1946/1318
f 3821/1897/1317 3853/1898/1349 3854/1947/1350
f 3853/1898/1349 3885/1899/1381 3886/1948/1382
f 3885/1899/1381 3917/1900/1413 3918/1949/1414
f 3917/1900/1413 3949/1901/1445 3950/1950/1446
f 3949/1901/1445 3981/1902/1475 3982/1951/1476
f 3981/1902/1475 4013/1903/1505 4014/1952/1506
f 4013/1903/1505 4045/1904/1535 4046/1953/1536
f 4045/1904/1535 4077/1905/1684 4078/1954/1566
f 4077/1905/1684 4109/1906/1595 4110/1955/1596
f 4109/1906/1595 4141/1907/1625 4142/1956/1626
f 4141/1907/1625 4173/1908/1655 4174/1957/1656
f 4173/1908/1655 4205/1909/1189 4206/1958/1190
f 4205/1909/1189 4237/1910/1221 4238/1959/1222
f 4237/1910/1221 4269/1911/1253 4270/1960/1254
f 4269/1911/1253 4301/1912/1285 4302/1961/1286
f 4301/1912/1285 4333/1913/1317 4334/1962/1318
f 4333/1913/1317 4365/1914/1349 4366/1963/1350
f 4365/1914/1349 4397/1915/1381 4398/1964/1382
f 4397/1915/1381 4429/1916/1413 4430/1965/1414
f 4429/1916/1413 4461/1917/1445 4462/1966/1446
f 4461/1917/1445 4493/1918/1475 4494/1967/1476
f 4493/1918/1475 4525/1919/1505 4526/1968/1506
f 4525/1919/1505 4557/1920/1535 4558/1969/1536
f 4557/1920/1535 4589/1921/1684 4590/1970/1566
f 4589/1921/1684 4621/1922/1595 4622/1971/1596
f 4621/1922/1595 4653/1923/1625 4654/1972/1626
f 4653/1923/1625 4685/1924/1698 4686/1973/1699
f 3150/1926/1158 3182/1925/1190 3183/1974/1191
f 3182/1925/1190 3214/1927/1222 3215/1976/1223
f 3214/1927/1222 3246/1928/1254 3247/1977/1255
f 3246/1928/1254 3278/1929/1286 3279/1978/1287
f 3278/1929/1286 3310/1930/1318 3311/1979/1319
f 3310/1930/1318 3342/1931/1350 3343/1980/1351
f 3342/1931/1350 3374/1932/1382 3375/1981/1383
f 3374/1932/1382 3406/1933/1414 3407/1982/1415
f 3406/1933/1414 3438/1934/1446 3439/1983/1447
f 3438/1934/1446 3470/1935/1476 3471/1984/1477
f 3470/1935/1476 3502/1936/1506 3503/1985/1507
f 3502/1936/1506 3534/1937/1536 3535/1986/1537
f 3534/1937/1536 3566/1938/1566 3567/1987/1567
f 3566/1938/1566 3598/1939/1596 3599/1988/1597
f 3598/1939/1596 3630/1940/1626 3631/1989/1627
f 3630/1940/1626 3662/1941/1656 3663/1990/1657
f 3662/1941/1656 3694/1942/1190 3695/1991/1191
f 3694/1942/1190 3726/1943/1222 3727/1992/1223
f 3726/1943/1222 3758/1944/1254 3759/1993/1255
f 3758/1944/1254 3790/1945/1286 3791/1994/1287
f 3790/1945/1286 3822/1946/1318 3823/1995/1319
f 3822/1946/1318 3854/1947/1350 3855/1996/1351
f 3854/1947/1350 3886/1948/1382 3887/1997/1383
f 3886/1948/1382 3918/1949/1414 3919/1998/1415
f 3918/1949/1414 3950/1950/1446 3951/1999/1447
f 3950/1950/1446 3982/1951/1476 3983/2000/1477
f 3982/1951/1476 4014/1952/1506 4015/2001/1507
f 4014/1952/1506 4046/1953/1536 4047/2002/1537
f 4046/1953/1536 4078/1954/1566 4079/2003/1567
f 4078/1954/1566 4110/1955/1596 4111/2004/1597
f 4110/1955/1596 4142/1956/1626 4143/2005/1627
f 4142/1956/1626 4174/1957/1656 4175/2006/1657
f 4174/1957/1656 4206/1958/1190 4207/2007/1191
f 4206/1958/1190 4238/1959/1222 4239/2008/1223
f 4238/1959/1222 4270/1960/1254 4271/2009/1255
f 4270/1960/1254 4302/1961/1286 4303/2010/1287
f 4302/1961/1286 4334/1962/1318 4335/2011/1319
f 4334/1962/1318 4366/1963/1350 4367/2012/1351
f 4366/1963/1350 4398/1964/1382 4399/2013/1383
f 4398/1964/1382 4430/1965/1414 4431/2014/1415
f 4430/1965/1414 4462/1966/1446 4463/2015/1447
f 4462/1966/1446 4494/1967/1476 4495/2016/1477
f 4494/1967/1476 4526/1968/1506 4527/2017/1507
f 4526/1968/1506 4558/1969/1536 4559/2018/1537
f 4558/1969/1536 4590/1970/1566 4591/2019/1567
f 4590/1970/1566 4622/1971/1596 4623/2020/1597
f 4622/1971/1596 4654/1972/1626 4655/2021/1627
f 4654/1972/1626 4686/1973/1699 4687/2022/1700
f 3151/1975/1159 3183/1974/1191 3184/2023/1192
f 3183/1974/1191 3215/1976/1223 3216/2025/1224
f 3215/1976/1223 3247/1977/1255 3248/2026/1256
f 3247/1977/1255 3279/1978/1287 3280/2027/1288
f 3279/1978/1287 3311/1979/1319 3312/2028/1320
f 3311/1979/1319 3343/1980/1351 3344/2029/1352
f 3343/1980/1351 3375/1981/1383 3376/2030/1384
f 3375/1981/1383 3407/1982/1415 3408/2031/1416
f 3407/1982/1415 3439/1983/1447 3440/2032/1448
f 3439/1983/1447 3471/1984/1477 3472/2033/1478
f 3471/1984/1477 3503/1985/1507 3504/2034/1508
f 3503/1985/1507 3535/1986/1537 3536/2035/1538
f 3535/1986/1537 3567/1987/1567 3568/2036/1568
f 3567/1987/1567 3599/1988/1597 3600/2037/1598
f 3599/1988/1597 3631/1989/1627 3632/2038/1628
f 3631/1989/1627 3663/1990/1657 3664/2039/1658
f 3663/1990/1657 3695/1991/1191 3696/2040/1192
f 3695/1991/1191 3727/1992/1223 3728/2041/1224
f 3727/1992/1223 3759/1993/1255 3760/2042/1256
f 3759/1993/1255 3791/1994/1287 3792/2043/1288
f 3791/1994/1287 3823/1995/1319 3824/2044/1320
f 3823/1995/1319 3855/1996/1351 3856/2045/1352
f 3855/1996/1351 3887/1997/1383 3888/2046/1384
f 3887/1997/1383 3919/1998/1415 3920/2047/1416
f 3919/1998/1415 3951/1999/1447 3952/2048/1448
f 3951/1999/1447 3983/2000/1477 3984/2049/1478
f 3983/2000/1477 4015/2001/1507 4016/2050/1508
f 4015/2001/1507 4047/2002/1537 4048/2051/1538
f 4047/2002/1537 4079/2003/1567 4080/2052/1568
f 4079/2003/1567 4111/2004/1597 4112/2053/1598
f 4111/2004/1597 4143/2005/1627 4144/2054/1628
f 4143/2005/1627 4175/2006/1657 4176/2055/1658
f 4175/2006/1657 4207/2007/1191 4208/2056/1192
f 4207/2007/1191 4239/2008/1223 4240/2057/1224
f 4239/2008/1223 4271/2009/1255 4272/2058/1256
f 4271/2009/1255 4303/2010/1287 4304/2059/1288
f 4303/2010/1287 4335/2011/1319 4336/2060/1320
f 4335/2011/1319 4367/2012/1351 4368/2061/1352
f 4367/2012/1351 4399/2013/1383 4400/2062/1384
f 4399/2013/1383 4431/2014/1415 4432/2063/1416
f 4431/2014/1415 4463/2015/1447 4464/2064/1448
f 4463/2015/1447 4495/2016/1477 4496/2065/1478
f 4495/2016/1477 4527/2017/1507 4528/2066/1508
f 4527/2017/1507 4559/2018/1537 4560/2067/1538
f 4559/2018/1537 4591/2019/1567 4592/2068/1568
f 4591/2019/1567 4623/2020/1597 4624/2069/1598
f 4623/2020/1597 4655/2021/1627 4656/2070/1628
f 4655/2021/1627 4687/2022/1700 4688/2071/1701
f 3152/2024/1160 3184/2023/1192 3185/2072/1193
f 3184/2023/1192 3216/2025/1224 3217/2074/1225
f 3216/2025/1224 3248/2026/1256 3249/2075/1257
f 3248/2026/1256 3280/2027/1288 3281/2076/1289
f 3280/2027/1288 3312/2028/1320 3313/2077/1321
f 3312/2028/1320 3344/2029/1352 3345/2078/1353
f 3344/2029/1352 3376/2030/1384 3377/2079/1385
f 3376/2030/1384 3408/2031/1416 3409/2080/1417
f 3408/2031/1416 3440/2032/1448 3441/2081/1209
f 3440/2032/1448 3472/2033/1478 3473/2082/1241
f 3472/2033/1478 3504/2034/1508 3505/2083/1273
f 3504/2034/1508 3536/2035/1538 3537/2084/1305
f 3536/2035/1538 3568/2036/1568 3569/2085/1337
f 3568/2036/1568 3600/2037/1598 3601/2086/1369
f 3600/2037/1598 3632/2038/1628 3633/2087/1401
f 3632/2038/1628 3664/2039/1658 3665/2088/1433
f 3664/2039/1658 3696/2040/1192 3697/2089/1193
f 3696/2040/1192 3728/2041/1224 3729/2090/1225
f 3728/2041/1224 3760/2042/1256 3761/2091/1257
f 3760/2042/1256 3792/2043/1288 3793/2092/1289
f 3792/2043/1288 3824/2044/1320 3825/2093/1321
f 3824/2044/1320 3856/2045/1352 3857/2094/1353
f 3856/2045/1352 3888/2046/1384 3889/2095/1385
f 3888/2046/1384 3920/2047/1416 3921/2096/1417
f 3920/2047/1416 3952/2048/1448 3953/2097/1209
f 3952/2048/1448 3984/2049/1478 3985/2098/1241
f 3984/2049/1478 4016/2050/1508 4017/2099/1273
f 4016/2050/1508 4048/2051/1538 4049/2100/1305
f 4048/2051/1538 4080/2052/1568 4081/2101/1337
f 4080/2052/1568 4112/2053/1598 4113/2102/1369
f 4112/2053/1598 4144/2054/1628 4145/2103/1401
f 4144/2054/1628 4176/2055/1658 4177/2104/1433
f 4176/2055/1658 4208/2056/1192 4209/2105/1193
f 4208/2056/1192 4240/2057/1224 4241/2106/1225
f 4240/2057/1224 4272/2058/1256 4273/2107/1257
f 4272/2058/1256 4304/2059/1288 4305/2108/1289
f 4304/2059/1288 4336/2060/1320 4337/2109/1321
f 4336/2060/1320 4368/2061/1352 4369/2110/1353
f 4368/2061/1352 4400/2062/1384 4401/2111/1385
f 4400/2062/1384 4432/2063/1416 4433/2112/1417
f 4432/2063/1416 4464/2064/1448 4465/2113/1209
f 4464/2064/1448 4496/2065/1478 4497/2114/1241
f 4496/2065/1478 4528/2066/1508 4529/2115/1273
f 4528/2066/1508 4560/2067/1538 4561/2116/1305
f 4560/2067/1538 4592/2068/1568 4593/2117/1337
f 4592/2068/1568 4624/2069/1598 4625/2118/1369
f 4624/2069/1598 4656/2070/1628 4657/2119/1401
f 4656/2070/1628 4688/2071/1701 4689/2120/1702
f 3153/2073/1161 3185/2072/1193 3186/2121/1194
f 3185/2072/1193 3217/2074/1225 3218/2123/1226
f 3217/2074/1225 3249/2075/1257 3250/2124/1258
f 3249/2075/1257 3281/2076/1289 3282/2125/1290
f 3281/2076/1289 3313/2077/1321 3314/2126/1322
f 3313/2077/1321 3345/2078/1353 3346/2127/1354
f 3345/2078/1353 3377/2079/1385 3378/2128/1386
f 3377/2079/1385 3409/2080/1417 3410/2129/1418
f 3409/2080/1417 3441/2081/1209 3442/2130/1449
f 3441/2081/1209 3473/2082/1241 3474/2131/1479
f 3473/2082/1241 3505/2083/1273 3506/2132/1509
f 3505/2083/1273 3537/2084/1305 3538/2133/1539
f 3537/2084/1305 3569/2085/1337 3570/2134/1569
f 3569/2085/1337 3601/2086/1369 3602/2135/1599
f 3601/2086/1369 3633/2087/1401 3634/2136/1629
f 3633/2087/1401 3665/2088/1433 3666/2137/1659
f 3665/2088/1433 3697/2089/1193 3698/2138/1194
f 3697/2089/1193 3729/2090/1225 3730/2139/1226
f 3729/2090/1225 3761/2091/1257 3762/2140/1258
f 3761/2091/1257 3793/2092/1289 3794/2141/1290
f 3793/2092/1289 3825/2093/1321 3826/2142/1322
f 3825/2093/1321 3857/2094/1353 3858/2143/1354
f 3857/2094/1353 3889/2095/1385 3890/2144/1386
f 3889/2095/1385 3921/2096/1417 3922/2145/1418
f 3921/2096/1417 3953/2097/1209 3954/2146/1449
f 3953/2097/1209 3985/2098/1241 3986/2147/1479
f 3985/2098/1241 4017/2099/1273 4018/2148/1509
f 4017/2099/1273 4049/2100/1305 4050/2149/1539
f 4049/2100/1305 4081/2101/1337 4082/2150/1569
f 4081/2101/1337 4113/2102/1369 4114/2151/1599
f 4113/2102/1369 4145/2103/1401 4146/2152/1629
f 4145/2103/1401 4177/2104/1433 4178/2153/1659
f 4177/2104/1433 4209/2105/1193 4210/2154/1194
f 4209/2105/1193 4241/2106/1225 4242/2155/1226
f 4241/2106/1225 4273/2107/1257 4274/2156/1258
f 4273/2107/1257 4305/2108/1289 4306/2157/1290
f 4305/2108/1289 4337/2109/1321 4338/2158/1322
f 4337/2109/1321 4369/2110/1353 4370/2159/1354
f 4369/2110/1353 4401/2111/1385 4402/2160/1386
f 4401/2111/1385 4433/2112/1417 4434/2161/1418
f 4433/2112/1417 4465/2113/1209 4466/2162/1449
f 4465/2113/1209 4497/2114/1241 4498/2163/1479
f 4497/2114/1241 4529/2115/1273 4530/2164/1509
f 4529/2115/1273 4561/2116/1305 4562/2165/1539
f 4561/2116/1305 4593/2117/1337 4594/2166/1569
f 4593/2117/1337 4625/2118/1369 4626/2167/1599
f 4625/2118/1369 4657/2119/1401 4658/2168/1629
f 4657/2119/1401 4689/2120/1702 4690/2169/1703
f 3154/2122/1162 3186/2121/1194 3187/2170/1195
f 3186/2121/1194 3218/2123/1226 3219/2172/1227
f 3218/2123/1226 3250/2124/1258 3251/2173/1259
f 3250/2124/1258 3282/2125/1290 3283/2174/1291
f 3282/2125/1290 3314/2126/1322 3315/2175/1323
f 3314/2126/1322 3346/2127/1354 3347/2176/1355
f 3346/2127/1354 3378/2128/1386 3379/2177/1387
f 3378/2128/1386 3410/2129/1418 3411/2178/1419
f 3410/2129/1418 3442/2130/1449 3443/2179/1450
f 3442/2130/1449 3474/2131/1479 3475/2180/1480
f 3474/2131/1479 3506/2132/1509 3507/2181/1510
f 3506/2132/1509 3538/2133/1539 3539/2182/1540
f 3538/2133/1539 3570/2134/1569 3571/2183/1570
f 3570/2134/1569 3602/2135/1599 3603/2184/1600
f 3602/2135/1599 3634/2136/1629 3635/2185/1630
f 3634/2136/1629 3666/2137/1659 3667/2186/1660
f 3666/2137/1659 3698/2138/1194 3699/2187/1195
f 3698/2138/1194 3730/2139/1226 3731/2188/1227
f 3730/2139/1226 3762/2140/1258 3763/2189/1259
f 3762/2140/1258 3794/2141/1290 3795/2190/1291
f 3794/2141/1290 3826/2142/1322 3827/2191/1323
f 3826/2142/1322 3858/2143/1354 3859/2192/1355
f 3858/2143/1354 3890/2144/1386 3891/2193/1387
f 3890/2144/1386 3922/2145/1418 3923/2194/1419
f 3922/2145/1418 3954/2146/1449 3955/2195/1450
f 3954/2146/1449 3986/2147/1479 3987/2196/1480
f 3986/2147/1479 4018/2148/1509 4019/2197/1510
f 4018/2148/1509 4050/2149/1539 4051/2198/1540
f 4050/2149/1539 4082/2150/1569 4083/2199/1570
f 4082/2150/1569 4114/2151/1599 4115/2200/1600
f 4114/2151/1599 4146/2152/1629 4147/2201/1630
f 4146/2152/1629 4178/2153/1659 4179/2202/1660
f 4178/2153/1659 4210/2154/1194 4211/2203/1195
f 4210/2154/1194 4242/2155/1226 4243/2204/1227
f 4242/2155/1226 4274/2156/1258 4275/2205/1259
f 4274/2156/1258 4306/2157/1290 4307/2206/1291
f 4306/2157/1290 4338/2158/1322 4339/2207/1323
f 4338/2158/1322 4370/2159/1354 4371/2208/1355
f 4370/2159/1354 4402/2160/1386 4403/2209/1387
f 4402/2160/1386 4434/2161/1418 4435/2210/1419
f 4434/2161/1418 4466/2162/1449 4467/2211/1450
f 4466/2162/1449 4498/2163/1479 4499/2212/1480
f 4498/2163/1479 4530/2164/1509 4531/2213/1510
f 4530/2164/1509 4562/2165/1539 4563/2214/1540
f 4562/2165/1539 4594/2166/1569 4595/2215/1570
f 4594/2166/1569 4626/2167/1599 4627/2216/1600
f 4626/2167/1599 4658/2168/1629 4659/2217/1630
f 4658/2168/1629 4690/2169/1703 4691/2218/1704
f 3155/2171/1163 3187/2170/1195 3188/2219/1196
f 3187/2170/1195 3219/2172/1227 3220/2221/1228
f 3219/2172/1227 3251/2173/1259 3252/2222/1260
f 3251/2173/1259 3283/2174/1291 3284/2223/1292
f 3283/2174/1291 3315/2175/1323 3316/2224/1324
f 3315/2175/1323 3347/2176/1355 3348/2225/1356
f 3347/2176/1355 3379/2177/1387 3380/2226/1388
f 3379/2177/1387 3411/2178/1419 3412/2227/1420
f 3411/2178/1419 3443/2179/1450 3444/2228/1451
f 3443/2179/1450 3475/2180/1480 3476/2229/1481
f 3475/2180/1480 3507/2181/1510 3508/2230/1511
f 3507/2181/1510 3539/2182/1540 3540/2231/1541
f 3539/2182/1540 3571/2183/1570 3572/2232/1571
f 3571/2183/1570 3603/2184/1600 3604/2233/1601
f 3603/2184/1600 3635/2185/1630 3636/2234/1631
f 3635/2185/1630 3667/2186/1660 3668/2235/1661
f 3667/2186/1660 3699/2187/1195 3700/2236/1196
f 3699/2187/1195 3731/2188/1227 3732/2237/1228
f 3731/2188/1227 3763/2189/1259 3764/2238/1260
f 3763/2189/1259 3795/2190/1291 3796/2239/1292
f 3795/2190/1291 3827/2191/1323 3828/2240/1324
f 3827/2191/1323 3859/2192/1355 3860/2241/1356
f 3859/2192/1355 3891/2193/1387 3892/2242/1388
f 3891/2193/1387 3923/2194/1419 3924/2243/1420
f 3923/2194/1419 3955/2195/1450 3956/2244/1451
f 3955/2195/1450 3987/2196/1480 3988/2245/1481
f 3987/2196/1480 4019/2197/1510 4020/2246/1511
f 4019/2197/1510 4051/2198/1540 4052/2247/1541
f 4051/2198/1540 4083/2199/1570 4084/2248/1571
f 4083/2199/1570 4115/2200/1600 4116/2249/1601
f 4115/2200/1600 4147/2201/1630 4148/2250/1631
f 4147/2201/1630 4179/2202/1660 4180/2251/1661
f 4179/2202/1660 4211/2203/1195 4212/2252/1196
f 4211/2203/1195 4243/2204/1227 4244/2253/1228
f 4243/2204/1227 4275/2205/1259 4276/2254/1260
f 4275/2205/1259 4307/2206/1291 4308/2255/1292
f 4307/2206/1291 4339/2207/1323 4340/2256/1324
f 4339/2207/1323 4371/2208/1355 4372/2257/1356
f 4371/2208/1355 4403/2209/1387 4404/2258/1388
f 4403/2209/1387 4435/2210/1419 4436/2259/1420
f 4435/2210/1419 4467/2211/1450 4468/2260/1451
f 4467/2211/1450 4499/2212/1480 4500/2261/1481
f 4499/2212/1480 4531/2213/1510 4532/2262/1511
f 4531/2213/1510 4563/2214/1540 4564/2263/1541
f 4563/2214/1540 4595/2215/1570 4596/2264/1571
f 4595/2215/1570 4627/2216/1600 4628/2265/1601
f 4627/2216/1600 4659/2217/1630 4660/2266/1631
f 4659/2217/1630 4691/2218/1704 4692/2267/1705
f 3156/2220/1164 3188/2219/1196 3189/2268/1197
f 3188/2219/1196 3220/2221/1228 3221/2270/1229
f 3220/2221/1228 3252/2222/1260 3253/2271/1261
f 3252/2222/1260 3284/2223/1292 3285/2272/1293
f 3284/2223/1292 3316/2224/1324 3317/2273/1325
f 3316/2224/1324 3348/2225/1356 3349/2274/1357
f 3348/2225/1356 3380/2226/1388 3381/2275/1389
f 3380/2226/1388 3412/2227/1420 3413/2276/1421
f 3412/2227/1420 3444/2228/1451 3445/2277/1452
f 3444/2228/1451 3476/2229/1481 3477/2278/1482
f 3476/2229/1481 3508/2230/1511 3509/2279/1512
f 3508/2230/1511 3540/2231/1541 3541/2280/1542
f 3540/2231/1541 3572/2232/1571 3573/2281/1572
f 3572/2232/1571 3604/2233/1601 3605/2282/1602
f 3604/2233/1601 3636/2234/1631 3637/2283/1632
f 3636/2234/1631 3668/2235/1661 3669/2284/1662
f 3668/2235/1661 3700/2236/1196 3701/2285/1197
f 3700/2236/1196 3732/2237/1228 3733/2286/1229
f 3732/2237/1228 3764/2238/1260 3765/2287/1261
f 3764/2238/1260 3796/2239/1292 3797/2288/1293
f 3796/2239/1292 3828/2240/1324 3829/2289/1325
f 3828/2240/1324 3860/2241/1356 3861/2290/1357
f 3860/2241/1356 3892/2242/1388 3893/2291/1389
f 3892/2242/1388 3924/2243/1420 3925/2292/1421
f 3924/2243/1420 3956/2244/1451 3957/2293/1452
f 3956/2244/1451 3988/2245/1481 3989/2294/1482
f 3988/2245/1481 4020/2246/1511 4021/2295/1512
f 4020/2246/1511 4052/2247/1541 4053/2296/1542
f 4052/2247/1541 4084/2248/1571 4085/2297/1572
f 4084/2248/1571 4116/2249/1601 4117/2298/1602
f 4116/2249/1601 4148/2250/1631 4149/2299/1632
f 4148/2250/1631 4180/2251/1661 4181/2300/1662
f 4180/2251/1661 4212/2252/1196 4213/2301/1197
f 4212/2252/1196 4244/2253/1228 4245/2302/1229
f 4244/2253/1228 4276/2254/1260 4277/2303/1261
f 4276/2254/1260 4308/2255/1292 4309/2304/1293
f 4308/2255/1292 4340/2256/1324 4341/2305/1325
f 4340/2256/1324 4372/2257/1356 4373/2306/1357
f 4372/2257/1356 4404/2258/1388 4405/2307/1389
f 4404/2258/1388 4436/2259/1420 4437/2308/1421
f 4436/2259/1420 4468/2260/1451 4469/2309/1452
f 4468/2260/1451 4500/2261/1481 4501/2310/1482
f 4500/2261/1481 4532/2262/1511 4533/2311/1691
f 4532/2262/1511 4564/2263/1541 4565/2312/1542
f 4564/2263/1541 4596/2264/1571 4597/2313/1572
f 4596/2264/1571 4628/2265/1601 4629/2314/1602
f 4628/2265/1601 4660/2266/1631 4661/2315/1632
f 4660/2266/1631 4692/2267/1705 4693/2316/1706
f 3157/2269/1165 3189/2268/1197 3190/2317/1198
f 3189/2268/1197 3221/2270/1229 3222/2319/1230
f 3221/2270/1229 3253/2271/1261 3254/2320/1262
f 3253/2271/1261 3285/2272/1293 3286/2321/1294
f 3285/2272/1293 3317/2273/1325 3318/2322/1326
f 3317/2273/1325 3349/2274/1357 3350/2323/1358
f 3349/2274/1357 3381/2275/1389 3382/2324/1390
f 3381/2275/1389 3413/2276/1421 3414/2325/1422
f 3413/2276/1421 3445/2277/1452 3446/2326/1453
f 3445/2277/1452 3477/2278/1482 3478/2327/1483
f 3477/2278/1482 3509/2279/1512 3510/2328/1513
f 3509/2279/1512 3541/2280/1542 3542/2329/1543
f 3541/2280/1542 3573/2281/1572 3574/2330/1573
f 3573/2281/1572 3605/2282/1602 3606/2331/1603
f 3605/2282/1602 3637/2283/1632 3638/2332/1633
f 3637/2283/1632 3669/2284/1662 3670/2333/1663
f 3669/2284/1662 3701/2285/1197 3702/2334/1198
f 3701/2285/1197 3733/2286/1229 3734/2335/1230
f 3733/2286/1229 3765/2287/1261 3766/2336/1262
f 3765/2287/1261 3797/2288/1293 3798/2337/1294
f 3797/2288/1293 3829/2289/1325 3830/2338/1326
f 3829/2289/1325 3861/2290/1357 3862/2339/1358
f 3861/2290/1357 3893/2291/1389 3894/2340/1390
f 3893/2291/1389 3925/2292/1421 3926/2341/1422
f 3925/2292/1421 3957/2293/1452 3958/2342/1453
f 3957/2293/1452 3989/2294/1482 3990/2343/1483
f 3989/2294/1482 4021/2295/1512 4022/2344/1513
f 4021/2295/1512 4053/2296/1542 4054/2345/1543
f 4053/2296/1542 4085/2297/1572 4086/2346/1573
f 4085/2297/1572 4117/2298/1602 4118/2347/1603
f 4117/2298/1602 4149/2299/1632 4150/2348/1633
f 4149/2299/1632 4181/2300/1662 4182/2349/1663
f 4181/2300/1662 4213/2301/1197 4214/2350/1198
f 4213/2301/1197 4245/2302/1229 4246/2351/1230
f 4245/2302/1229 4277/2303/1261 4278/2352/1262
f 4277/2303/1261 4309/2304/1293 4310/2353/1294
f 4309/2304/1293 4341/2305/1325 4342/2354/1326
f 4341/2305/1325 4373/2306/1357 4374/2355/1358
f 4373/2306/1357 4405/2307/1389 4406/2356/1390
f 4405/2307/1389 4437/2308/1421 4438/2357/1422
f 4437/2308/1421 4469/2309/1452 4470/2358/1453
f 4469/2309/1452 4501/2310/1482 4502/2359/1483
f 4501/2310/1482 4533/2311/1691 4534/2360/1513
f 4533/2311/1691 4565/2312/1542 4566/2361/1543
f 4565/2312/1542 4597/2313/1572 4598/2362/1573
f 4597/2313/1572 4629/2314/1602 4630/2363/1603
f 4629/2314/1602 4661/2315/1632 4662/2364/1633
f 4661/2315/1632 4693/2316/1706 4694/2365/1707
f 3158/2318/1166 3190/2317/1198 3191/2366/1199
f 3190/2317/1198 3222/2319/1230 3223/2368/1231
f 3222/2319/1230 3254/2320/1262 3255/2369/1263
f 3254/2320/1262 3286/2321/1294 3287/2370/1295
f 3286/2321/1294 3318/2322/1326 3319/2371/1327
f 3318/2322/1326 3350/2323/1358 3351/2372/1359
f 3350/2323/1358 3382/2324/1390 3383/2373/1391
f 3382/2324/1390 3414/2325/1422 3415/2374/1423
f 3414/2325/1422 3446/2326/1453 3447/2375/1454
f 3446/2326/1453 3478/2327/1483 3479/2376/1484
f 3478/2327/1483 3510/2328/1513 3511/2377/1514
f 3510/2328/1513 3542/2329/1543 3543/2378/1544
f 3542/2329/1543 3574/2330/1573 3575/2379/1574
f 3574/2330/1573 3606/2331/1603 3607/2380/1604
f 3606/2331/1603 3638/2332/1633 3639/2381/1634
f 3638/2332/1633 3670/2333/1663 3671/2382/1664
f 3670/2333/1663 3702/2334/1198 3703/2383/1199
f 3702/2334/1198 3734/2335/1230 3735/2384/1231
f 3734/2335/1230 3766/2336/1262 3767/2385/1263
f 3766/2336/1262 3798/2337/1294 3799/2386/1295
f 3798/2337/1294 3830/2338/1326 3831/2387/1327
f 3830/2338/1326 3862/2339/1358 3863/2388/1359
f 3862/2339/1358 3894/2340/1390 3895/2389/1391
f 3894/2340/1390 3926/2341/1422 3927/2390/1423
f 3926/2341/1422 3958/2342/1453 3959/2391/1454
f 3958/2342/1453 3990/2343/1483 3991/2392/1484
f 3990/2343/1483 4022/2344/1513 4023/2393/1514
f 4022/2344/1513 4054/2345/1543 4055/2394/1544
f 4054/2345/1543 4086/2346/1573 4087/2395/1574
f 4086/2346/1573 4118/2347/1603 4119/2396/1604
f 4118/2347/1603 4150/2348/1633 4151/2397/1634
f 4150/2348/1633 4182/2349/1663 4183/2398/1664
f 4182/2349/1663 4214/2350/1198 4215/2399/1199
f 4214/2350/1198 4246/2351/1230 4247/2400/1231
f 4246/2351/1230 4278/2352/1262 4279/2401/1263
f 4278/2352/1262 4310/2353/1294 4311/2402/1295
f 4310/2353/1294 4342/2354/1326 4343/2403/1327
f 4342/2354/1326 4374/2355/1358 4375/2404/1359
f 4374/2355/1358 4406/2356/1390 4407/2405/1391
f 4406/2356/1390 4438/2357/1422 4439/2406/1423
f 4438/2357/1422 4470/2358/1453 4471/2407/1454
f 4470/2358/1453 4502/2359/1483 4503/2408/1484
f 4502/2359/1483 4534/2360/1513 4535/2409/1514
f 4534/2360/1513 4566/2361/1543 4567/2410/1544
f 4566/2361/1543 4598/2362/1573 4599/2411/1693
f 4598/2362/1573 4630/2363/1603 4631/2412/1604
f 4630/2363/1603 4662/2364/1633 4663/2413/1634
f 4662/2364/1633 4694/2365/1707 4695/2414/1708
f 3159/2367/1167 3191/2366/1199 3192/2415/1200
f 3191/2366/1199 3223/2368/1231 3224/2417/1232
f 3223/2368/1231 3255/2369/1263 3256/2418/1264
f 3255/2369/1263 3287/2370/1295 3288/2419/1296
f 3287/2370/1295 3319/2371/1327 3320/2420/1328
f 3319/2371/1327 3351/2372/1359 3352/2421/1360
f 3351/2372/1359 3383/2373/1391 3384/2422/1392
f 3383/2373/1391 3415/2374/1423 3416/2423/1424
f 3415/2374/1423 3447/2375/1454 3448/2424/1455
f 3447/2375/1454 3479/2376/1484 3480/2425/1485
f 3479/2376/1484 3511/2377/1514 3512/2426/1515
f 3511/2377/1514 3543/2378/1544 3544/2427/1545
f 3543/2378/1544 3575/2379/1574 3576/2428/1575
f 3575/2379/1574 3607/2380/1604 3608/2429/1605
f 3607/2380/1604 3639/2381/1634 3640/2430/1635
f 3639/2381/1634 3671/2382/1664 3672/2431/1665
f 3671/2382/1664 3703/2383/1199 3704/2432/1200
f 3703/2383/1199 3735/2384/1231 3736/2433/1232
f 3735/2384/1231 3767/2385/1263 3768/2434/1264
f 3767/2385/1263 3799/2386/1295 3800/2435/1296
f 3799/2386/1295 3831/2387/1327 3832/2436/1328
f 3831/2387/1327 3863/2388/1359 3864/2437/1360
f 3863/2388/1359 3895/2389/1391 3896/2438/1392
f 3895/2389/1391 3927/2390/1423 3928/2439/1424
f 3927/2390/1423 3959/2391/1454 3960/2440/1455
f 3959/2391/1454 3991/2392/1484 3992/2441/1485
f 3991/2392/1484 4023/2393/1514 4024/2442/1515
f 4023/2393/1514 4055/2394/1544 4056/2443/1545
f 4055/2394/1544 4087/2395/1574 4088/2444/1575
f 4087/2395/1574 4119/2396/1604 4120/2445/1605
f 4119/2396/1604 4151/2397/1634 4152/2446/1635
f 4151/2397/1634 4183/2398/1664 4184/2447/1665
f 4183/2398/1664 4215/2399/1199 4216/2448/1200
f 4215/2399/1199 4247/2400/1231 4248/2449/1232
f 4247/2400/1231 4279/2401/1263 4280/2450/1264
f 4279/2401/1263 4311/2402/1295 4312/2451/1296
f 4311/2402/1295 4343/2403/1327 4344/2452/1328
f 4343/2403/1327 4375/2404/1359 4376/2453/1360
f 4375/2404/1359 4407/2405/1391 4408/2454/1392
f 4407/2405/1391 4439/2406/1423 4440/2455/1424
f 4439/2406/1423 4471/2407/1454 4472/2456/1455
f 4471/2407/1454 4503/2408/1484 4504/2457/1485
f 4503/2408/1484 4535/2409/1514 4536/2458/1515
f 4535/2409/1514 4567/2410/1544 4568/2459/1545
f 4567/2410/1544 4599/2411/1693 4600/2460/1575
f 4599/2411/1693 4631/2412/1604 4632/2461/1605
f 4631/2412/1604 4663/2413/1634 4664/2462/1635
f 4663/2413/1634 4695/2414/1708 4696/2463/1709
f 3160/2416/1168 3192/2415/1200 3193/2464/1201
f 3192/2415/1200 3224/2417/1232 3225/2466/1233
f 3224/2417/1232 3256/2418/1264 3257/2467/1265
f 3256/2418/1264 3288/2419/1296 3289/2468/1297
f 3288/2419/1296 3320/2420/1328 3321/2469/1329
f 3320/2420/1328 3352/2421/1360 3353/2470/1361
f 3352/2421/1360 3384/2422/1392 3385/2471/1393
f 3384/2422/1392 3416/2423/1424 3417/2472/1425
f 3416/2423/1424 3448/2424/1455 3449/2473/1456
f 3448/2424/1455 3480/2425/1485 3481/2474/1486
f 3480/2425/1485 3512/2426/1515 3513/2475/1516
f 3512/2426/1515 3544/2427/1545 3545/2476/1546
f 3544/2427/1545 3576/2428/1575 3577/2477/1576
f 3576/2428/1575 3608/2429/1605 3609/2478/1606
f 3608/2429/1605 3640/2430/1635 3641/2479/1636
f 3640/2430/1635 3672/2431/1665 3673/2480/1666
f 3672/2431/1665 3704/2432/1200 3705/2481/1201
f 3704/2432/1200 3736/2433/1232 3737/2482/1233
f 3736/2433/1232 3768/2434/1264 3769/2483/1265
f 3768/2434/1264 3800/2435/1296 3801/2484/1297
f 3800/2435/1296 3832/2436/1328 3833/2485/1329
f 3832/2436/1328 3864/2437/1360 3865/2486/1361
f 3864/2437/1360 3896/2438/1392 3897/2487/1393
f 3896/2438/1392 3928/2439/1424 3929/2488/1425
f 3928/2439/1424 3960/2440/1455 3961/2489/1456
f 3960/2440/1455 3992/2441/1485 3993/2490/1486
f 3992/2441/1485 4024/2442/1515 4025/2491/1516
f 4024/2442/1515 4056/2443/1545 4057/2492/1546
f 4056/2443/1545 4088/2444/1575 4089/2493/1685
f 4088/2444/1575 4120/2445/1605 4121/2494/1606
f 4120/2445/1605 4152/2446/1635 4153/2495/1636
f 4152/2446/1635 4184/2447/1665 4185/2496/1666
f 4184/2447/1665 4216/2448/1200 4217/2497/1201
f 4216/2448/1200 4248/2449/1232 4249/2498/1233
f 4248/2449/1232 4280/2450/1264 4281/2499/1688
f 4280/2450/1264 4312/2451/1296 4313/2500/1297
f 4312/2451/1296 4344/2452/1328 4345/2501/1329
f 4344/2452/1328 4376/2453/1360 4377/2502/1361
f 4376/2453/1360 4408/2454/1392 4409/2503/1393
f 4408/2454/1392 4440/2455/1424 4441/2504/1425
f 4440/2455/1424 4472/2456/1455 4473/2505/1456
f 4472/2456/1455 4504/2457/1485 4505/2506/1486
f 4504/2457/1485 4536/2458/1515 4537/2507/1516
f 4536/2458/1515 4568/2459/1545 4569/2508/1546
f 4568/2459/1545 4600/2460/1575 4601/2509/1576
f 4600/2460/1575 4632/2461/1605 4633/2510/1606
f 4632/2461/1605 4664/2462/1635 4665/2511/1636
f 4664/2462/1635 4696/2463/1709 4697/2512/1710
f 3162/2416/1170 3161/2465/1169 3193/2464/1201
f 3194/2415/1202 3193/2464/1201 3225/2466/1233
f 3226/2417/1234 3225/2466/1233 3257/2467/1265
f 3258/2418/1266 3257/2467/1265 3289/2468/1297
f 3290/2419/1298 3289/2468/1297 3321/2469/1329
f 3322/2420/1330 3321/2469/1329 3353/2470/1361
f 3354/2421/1362 3353/2470/1361 3385/2471/1393
f 3386/2422/1394 3385/2471/1393 3417/2472/1425
f 3418/2423/1426 3417/2472/1425 3449/2473/1456
f 3450/2424/1457 3449/2473/1456 3481/2474/1486
f 3482/2425/1487 3481/2474/1486 3513/2475/1516
f 3514/2426/1517 3513/2475/1516 3545/2476/1546
f 3546/2427/1547 3545/2476/1546 3577/2477/1576
f 3578/2428/1577 3577/2477/1576 3609/2478/1606
f 3610/2429/1607 3609/2478/1606 3641/2479/1636
f 3642/2430/1637 3641/2479/1636 3673/2480/1666
f 3674/2431/1667 3673/2480/1666 3705/2481/1201
f 3706/2432/1202 3705/2481/1201 3737/2482/1233
f 3738/2433/1234 3737/2482/1233 3769/2483/1265
f 3770/2434/1266 3769/2483/1265 3801/2484/1297
f 3802/2435/1298 3801/2484/1297 3833/2485/1329
f 3834/2436/1330 3833/2485/1329 3865/2486/1361
f 3866/2437/1362 3865/2486/1361 3897/2487/1393
f 3898/2438/1394 3897/2487/1393 3929/2488/1425
f 3930/2439/1426 3929/2488/1425 3961/2489/1456
f 3962/2440/1457 3961/2489/1456 3993/2490/1486
f 3994/2441/1487 3993/2490/1486 4025/2491/1516
f 4026/2442/1517 4025/2491/1516 4057/2492/1546
f 4058/2443/1547 4057/2492/1546 4089/2493/1685
f 4090/2444/1577 4089/2493/1685 4121/2494/1606
f 4122/2445/1607 4121/2494/1606 4153/2495/1636
f 4154/2446/1637 4153/2495/1636 4185/2496/1666
f 4186/2447/1667 4185/2496/1666 4217/2497/1201
f 4218/2448/1202 4217/2497/1201 4249/2498/1233
f 4250/2449/1234 4249/2498/1233 4281/2499/1688
f 4282/2450/1266 4281/2499/1688 4313/2500/1297
f 4314/2451/1298 4313/2500/1297 4345/2501/1329
f 4346/2452/1330 4345/2501/1329 4377/2502/1361
f 4378/2453/1362 4377/2502/1361 4409/2503/1393
f 4410/2454/1394 4409/2503/1393 4441/2504/1425
f 4442/2455/1426 4441/2504/1425 4473/2505/1456
f 4474/2456/1457 4473/2505/1456 4505/2506/1486
f 4506/2457/1487 4505/2506/1486 4537/2507/1516
f 4538/2458/1517 4537/2507/1516 4569/2508/1546
f 4570/2459/1547 4569/2508/1546 4601/2509/1576
f 4602/2460/1577 4601/2509/1576 4633/2510/1606
f 4634/2461/1607 4633/2510/1606 4665/2511/1636
f 4666/2462/1637 4665/2511/1636 4697/2512/1710
f 3163/2367/1171 3162/2416/1170 3194/2415/1202
f 3195/2366/1203 3194/2415/1202 3226/2417/1234
f 3227/2368/1235 3226/2417/1234 3258/2418/1266
f 3259/2369/1267 3258/2418/1266 3290/2419/1298
f 3291/2370/1299 3290/2419/1298 3322/2420/1330
f 3323/2371/1331 3322/2420/1330 3354/2421/1362
f 3355/2372/1363 3354/2421/1362 3386/2422/1394
f 3387/2373/1395 3386/2422/1394 3418/2423/1426
f 3419/2374/1427 3418/2423/1426 3450/2424/1457
f 3451/2375/1458 3450/2424/1457 3482/2425/1487
f 3483/2376/1488 3482/2425/1487 3514/2426/1517
f 3515/2377/1518 3514/2426/1517 3546/2427/1547
f 3547/2378/1548 3546/2427/1547 3578/2428/1577
f 3579/2379/1578 3578/2428/1577 3610/2429/1607
f 3611/2380/1608 3610/2429/1607 3642/2430/1637
f 3643/2381/1638 3642/2430/1637 3674/2431/1667
f 3675/2382/1668 3674/2431/1667 3706/2432/1202
f 3707/2383/1203 3706/2432/1202 3738/2433/1234
f 3739/2384/1235 3738/2433/1234 3770/2434/1266
f 3771/2385/1267 3770/2434/1266 3802/2435/1298
f 3803/2386/1299 3802/2435/1298 3834/2436/1330
f 3835/2387/1331 3834/2436/1330 3866/2437/1362
f 3867/2388/1363 3866/2437/1362 3898/2438/1394
f 3899/2389/1395 3898/2438/1394 3930/2439/1426
f 3931/2390/1427 3930/2439/1426 3962/2440/1457
f 3963/2391/1458 3962/2440/1457 3994/2441/1487
f 3995/2392/1488 3994/2441/1487 4026/2442/1517
f 4027/2393/1518 4026/2442/1517 4058/2443/1547
f 4059/2394/1548 4058/2443/1547 4090/2444/1577
f 4091/2395/1578 4090/2444/1577 4122/2445/1607
f 4123/2396/1608 4122/2445/1607 4154/2446/1637
f 4155/2397/1638 4154/2446/1637 4186/2447/1667
f 4187/2398/1668 4186/2447/1667 4218/2448/1202
f 4219/2399/1203 4218/2448/1202 4250/2449/1234
f 4251/2400/1235 4250/2449/1234 4282/2450/1266
f 4283/2401/1267 4282/2450/1266 4314/2451/1298
f 4315/2402/1299 4314/2451/1298 4346/2452/1330
f 4347/2403/1331 4346/2452/1330 4378/2453/1362
f 4379/2404/1363 4378/2453/1362 4410/2454/1394
f 4411/2405/1395 4410/2454/1394 4442/2455/1426
f 4443/2406/1427 4442/2455/1426 4474/2456/1457
f 4475/2407/1458 4474/2456/1457 4506/2457/1487
f 4507/2408/1488 4506/2457/1487 4538/2458/1517
f 4539/2409/1518 4538/2458/1517 4570/2459/1547
f 4571/2410/1548 4570/2459/1547 4602/2460/1577
f 4603/2411/1578 4602/2460/1577 4634/2461/1607
f 4635/2412/1608 4634/2461/1607 4666/2462/1637
f 4667/2413/1638 4666/2462/1637 4698/2463/1711
f 3164/2318/1172 3163/2367/1171 3195/2366/1203
f 3196/2317/1204 3195/2366/1203 3227/2368/1235
f 3228/2319/1236 3227/2368/1235 3259/2369/1267
f 3260/2320/1268 3259/2369/1267 3291/2370/1299
f 3292/2321/1300 3291/2370/1299 3323/2371/1331
f 3324/2322/1332 3323/2371/1331 3355/2372/1363
f 3356/2323/1364 3355/2372/1363 3387/2373/1395
f 3388/2324/1396 3387/2373/1395 3419/2374/1427
f 3420/2325/1428 3419/2374/1427 3451/2375/1458
f 3452/2326/1459 3451/2375/1458 3483/2376/1488
f 3484/2327/1489 3483/2376/1488 3515/2377/1518
f 3516/2328/1519 3515/2377/1518 3547/2378/1548
f 3548/2329/1549 3547/2378/1548 3579/2379/1578
f 3580/2330/1579 3579/2379/1578 3611/2380/1608
f 3612/2331/1609 3611/2380/1608 3643/2381/1638
f 3644/2332/1639 3643/2381/1638 3675/2382/1668
f 3676/2333/1669 3675/2382/1668 3707/2383/1203
f 3708/2334/1204 3707/2383/1203 3739/2384/1235
f 3740/2335/1236 3739/2384/1235 3771/2385/1267
f 3772/2336/1268 3771/2385/1267 3803/2386/1299
f 3804/2337/1300 3803/2386/1299 3835/2387/1331
f 3836/2338/1332 3835/2387/1331 3867/2388/1363
f 3868/2339/1364 3867/2388/1363 3899/2389/1395
f 3900/2340/1396 3899/2389/1395 3931/2390/1427
f 3932/2341/1428 3931/2390/1427 3963/2391/1458
f 3964/2342/1459 3963/2391/1458 3995/2392/1488
f 3996/2343/1489 3995/2392/1488 4027/2393/1518
f 4028/2344/1519 4027/2393/1518 4059/2394/1548
f 4060/2345/1549 4059/2394/1548 4091/2395/1578
f 4092/2346/1579 4091/2395/1578 4123/2396/1608
f 4124/2347/1609 4123/2396/1608 4155/2397/1638
f 4156/2348/1639 4155/2397/1638 4187/2398/1668
f 4188/2349/1669 4187/2398/1668 4219/2399/1203
f 4220/2350/1204 4219/2399/1203 4251/2400/1235
f 4252/2351/1236 4251/2400/1235 4283/2401/1267
f 4284/2352/1268 4283/2401/1267 4315/2402/1299
f 4316/2353/1300 4315/2402/1299 4347/2403/1331
f 4348/2354/1332 4347/2403/1331 4379/2404/1363
f 4380/2355/1364 4379/2404/1363 4411/2405/1395
f 4412/2356/1396 4411/2405/1395 4443/2406/1427
f 4444/2357/1428 4443/2406/1427 4475/2407/1458
f 4476/2358/1459 4475/2407/1458 4507/2408/1488
f 4508/2359/1489 4507/2408/1488 4539/2409/1518
f 4540/2360/1519 4539/2409/1518 4571/2410/1548
f 4572/2361/1549 4571/2410/1548 4603/2411/1578
f 4604/2362/1579 4603/2411/1578 4635/2412/1608
f 4636/2363/1609 4635/2412/1608 4667/2413/1638
f 4668/2364/1639 4667/2413/1638 4699/2414/1712
f 3165/2269/1173 3164/2318/1172 3196/2317/1204
f 3197/2268/1205 3196/2317/1204 3228/2319/1236
f 3229/2270/1237 3228/2319/1236 3260/2320/1268
f 3261/2271/1269 3260/2320/1268 3292/2321/1300
f 3293/2272/1301 3292/2321/1300 3324/2322/1332
f 3325/2273/1333 3324/2322/1332 3356/2323/1364
f 3357/2274/1365 3356/2323/1364 3388/2324/1396
f 3389/2275/1397 3388/2324/1396 3420/2325/1428
f 3421/2276/1429 3420/2325/1428 3452/2326/1459
f 3453/2277/1460 3452/2326/1459 3484/2327/1489
f 3485/2278/1490 3484/2327/1489 3516/2328/1519
f 3517/2279/1520 3516/2328/1519 3548/2329/1549
f 3549/2280/1550 3548/2329/1549 3580/2330/1579
f 3581/2281/1580 3580/2330/1579 3612/2331/1609
f 3613/2282/1610 3612/2331/1609 3644/2332/1639
f 3645/2283/1640 3644/2332/1639 3676/2333/1669
f 3677/2284/1670 3676/2333/1669 3708/2334/1204
f 3709/2285/1205 3708/2334/1204 3740/2335/1236
f 3741/2286/1237 3740/2335/1236 3772/2336/1268
f 3773/2287/1269 3772/2336/1268 3804/2337/1300
f 3805/2288/1301 3804/2337/1300 3836/2338/1332
f 3837/2289/1333 3836/2338/1332 3868/2339/1364
f 3869/2290/1365 3868/2339/1364 3900/2340/1396
f 3901/2291/1397 3900/2340/1396 3932/2341/1428
f 3933/2292/1429 3932/2341/1428 3964/2342/1459
f 3965/2293/1460 3964/2342/1459 3996/2343/1489
f 3997/2294/1490 3996/2343/1489 4028/2344/1519
f 4029/2295/1520 4028/2344/1519 4060/2345/1549
f 4061/2296/1550 4060/2345/1549 4092/2346/1579
f 4093/2297/1580 4092/2346/1579 4124/2347/1609
f 4125/2298/1610 4124/2347/1609 4156/2348/1639
f 4157/2299/1640 4156/2348/1639 4188/2349/1669
f 4189/2300/1670 4188/2349/1669 4220/2350/1204
f 4221/2301/1205 4220/2350/1204 4252/2351/1236
f 4253/2302/1237 4252/2351/1236 4284/2352/1268
f 4285/2303/1269 4284/2352/1268 4316/2353/1300
f 4317/2304/1301 4316/2353/1300 4348/2354/1332
f 4349/2305/1333 4348/2354/1332 4380/2355/1364
f 4381/2306/1365 4380/2355/1364 4412/2356/1396
f 4413/2307/1397 4412/2356/1396 4444/2357/1428
f 4445/2308/1429 4444/2357/1428 4476/2358/1459
f 4477/2309/1460 4476/2358/1459 4508/2359/1489
f 4509/2310/1490 4508/2359/1489 4540/2360/1519
f 4541/2311/1520 4540/2360/1519 4572/2361/1549
f 4573/2312/1550 4572/2361/1549 4604/2362/1579
f 4605/2313/1580 4604/2362/1579 4636/2363/1609
f 4637/2314/1610 4636/2363/1609 4668/2364/1639
f 4669/2315/1640 4668/2364/1639 4700/2365/1713
f 3166/2220/1174 3165/2269/1173 3197/2268/1205
f 3198/2219/1206 3197/2268/1205 3229/2270/1237
f 3230/2221/1238 3229/2270/1237 3261/2271/1269
f 3262/2222/1270 3261/2271/1269 3293/2272/1301
f 3294/2223/1302 3293/2272/1301 3325/2273/1333
f 3326/2224/1334 3325/2273/1333 3357/2274/1365
f 3358/2225/1366 3357/2274/1365 3389/2275/1397
f 3390/2226/1398 3389/2275/1397 3421/2276/1429
f 3422/2227/1430 3421/2276/1429 3453/2277/1460
f 3454/2228/1461 3453/2277/1460 3485/2278/1490
f 3486/2229/1491 3485/2278/1490 3517/2279/1520
f 3518/2230/1521 3517/2279/1520 3549/2280/1550
f 3550/2231/1551 3549/2280/1550 3581/2281/1580
f 3582/2232/1581 3581/2281/1580 3613/2282/1610
f 3614/2233/1611 3613/2282/1610 3645/2283/1640
f 3646/2234/1641 3645/2283/1640 3677/2284/1670
f 3678/2235/1671 3677/2284/1670 3709/2285/1205
f 3710/2236/1206 3709/2285/1205 3741/2286/1237
f 3742/2237/1238 3741/2286/1237 3773/2287/1269
f 3774/2238/1270 3773/2287/1269 3805/2288/1301
f 3806/2239/1302 3805/2288/1301 3837/2289/1333
f 3838/2240/1334 3837/2289/1333 3869/2290/1365
f 3870/2241/1366 3869/2290/1365 3901/2291/1397
f 3902/2242/1398 3901/2291/1397 3933/2292/1429
f 3934/2243/1430 3933/2292/1429 3965/2293/1460
f 3966/2244/1461 3965/2293/1460 3997/2294/1490
f 3998/2245/1491 3997/2294/1490 4029/2295/1520
f 4030/2246/1521 4029/2295/1520 4061/2296/1550
f 4062/2247/1551 4061/2296/1550 4093/2297/1580
f 4094/2248/1581 4093/2297/1580 4125/2298/1610
f 4126/2249/1611 4125/2298/1610 4157/2299/1640
f 4158/2250/1641 4157/2299/1640 4189/2300/1670
f 4190/2251/1671 4189/2300/1670 4221/2301/1205
f 4222/2252/1206 4221/2301/1205 4253/2302/1237
f 4254/2253/1238 4253/2302/1237 4285/2303/1269
f 4286/2254/1270 4285/2303/1269 4317/2304/1301
f 4318/2255/1302 4317/2304/1301 4349/2305/1333
f 4350/2256/1334 4349/2305/1333 4381/2306/1365
f 4382/2257/1366 4381/2306/1365 4413/2307/1397
f 4414/2258/1398 4413/2307/1397 4445/2308/1429
f 4446/2259/1430 4445/2308/1429 4477/2309/1460
f 4478/2260/1461 4477/2309/1460 4509/2310/1490
f 4510/2261/1491 4509/2310/1490 4541/2311/1520
f 4542/2262/1521 4541/2311/1520 4573/2312/1550
f 4574/2263/1551 4573/2312/1550 4605/2313/1580
f 4606/2264/1581 4605/2313/1580 4637/2314/1610
f 4638/2265/1611 4637/2314/1610 4669/2315/1640
f 4670/2266/1641 4669/2315/1640 4701/2316/1714
f 3167/2171/1175 3166/2220/1174 3198/2219/1206
f 3199/2170/1207 3198/2219/1206 3230/2221/1238
f 3231/2172/1239 3230/2221/1238 3262/2222/1270
f 3263/2173/1271 3262/2222/1270 3294/2223/1302
f 3295/2174/1303 3294/2223/1302 3326/2224/1334
f 3327/2175/1335 3326/2224/1334 3358/2225/1366
f 3359/2176/1367 3358/2225/1366 3390/2226/1398
f 3391/2177/1399 3390/2226/1398 3422/2227/1430
f 3423/2178/1431 3422/2227/1430 3454/2228/1461
f 3455/2179/1462 3454/2228/1461 3486/2229/1491
f 3487/2180/1492 3486/2229/1491 3518/2230/1521
f 3519/2181/1522 3518/2230/1521 3550/2231/1551
f 3551/2182/1552 3550/2231/1551 3582/2232/1581
f 3583/2183/1582 3582/2232/1581 3614/2233/1611
f 3615/2184/1612 3614/2233/1611 3646/2234/1641
f 3647/2185/1642 3646/2234/1641 3678/2235/1671
f 3679/2186/1672 3678/2235/1671 3710/2236/1206
f 3711/2187/1207 3710/2236/1206 3742/2237/1238
f 3743/2188/1239 3742/2237/1238 3774/2238/1270
f 3775/2189/1271 3774/2238/1270 3806/2239/1302
f 3807/2190/1303 3806/2239/1302 3838/2240/1334
f 3839/2191/1335 3838/2240/1334 3870/2241/1366
f 3871/2192/1367 3870/2241/1366 3902/2242/1398
f 3903/2193/1399 3902/2242/1398 3934/2243/1430
f 3935/2194/1431 3934/2243/1430 3966/2244/1461
f 3967/2195/1462 3966/2244/1461 3998/2245/1491
f 3999/2196/1492 3998/2245/1491 4030/2246/1521
f 4031/2197/1522 4030/2246/1521 4062/2247/1551
f 4063/2198/1552 4062/2247/1551 4094/2248/1581
f 4095/2199/1582 4094/2248/1581 4126/2249/1611
f 4127/2200/1612 4126/2249/1611 4158/2250/1641
f 4159/2201/1642 4158/2250/1641 4190/2251/1671
f 4191/2202/1672 4190/2251/1671 4222/2252/1206
f 4223/2203/1207 4222/2252/1206 4254/2253/1238
f 4255/2204/1239 4254/2253/1238 4286/2254/1270
f 4287/2205/1271 4286/2254/1270 4318/2255/1302
f 4319/2206/1303 4318/2255/1302 4350/2256/1334
f 4351/2207/1335 4350/2256/1334 4382/2257/1366
f 4383/2208/1367 4382/2257/1366 4414/2258/1398
f 4415/2209/1399 4414/2258/1398 4446/2259/1430
f 4447/2210/1431 4446/2259/1430 4478/2260/1461
f 4479/2211/1462 4478/2260/1461 4510/2261/1491
f 4511/2212/1492 4510/2261/1491 4542/2262/1521
f 4543/2213/1522 4542/2262/1521 4574/2263/1551
f 4575/2214/1552 4574/2263/1551 4606/2264/1581
f 4607/2215/1582 4606/2264/1581 4638/2265/1611
f 4639/2216/1612 4638/2265/1611 4670/2266/1641
f 4671/2217/1642 4670/2266/1641 4702/2267/1715
f 3168/2122/1176 3167/2171/1175 3199/2170/1207
f 3200/2121/1208 3199/2170/1207 3231/2172/1239
f 3232/2123/1240 3231/2172/1239 3263/2173/1271
f 3264/2124/1272 3263/2173/1271 3295/2174/1303
f 3296/2125/1304 3295/2174/1303 3327/2175/1335
f 3328/2126/1336 3327/2175/1335 3359/2176/1367
f 3360/2127/1368 3359/2176/1367 3391/2177/1399
f 3392/2128/1400 3391/2177/1399 3423/2178/1431
f 3424/2129/1432 3423/2178/1431 3455/2179/1462
f 3456/2130/1463 3455/2179/1462 3487/2180/1492
f 3488/2131/1493 3487/2180/1492 3519/2181/1522
f 3520/2132/1523 3519/2181/1522 3551/2182/1552
f 3552/2133/1553 3551/2182/1552 3583/2183/1582
f 3584/2134/1583 3583/2183/1582 3615/2184/1612
f 3616/2135/1613 3615/2184/1612 3647/2185/1642
f 3648/2136/1643 3647/2185/1642 3679/2186/1672
f 3680/2137/1673 3679/2186/1672 3711/2187/1207
f 3712/2138/1208 3711/2187/1207 3743/2188/1239
f 3744/2139/1240 3743/2188/1239 3775/2189/1271
f 3776/2140/1272 3775/2189/1271 3807/2190/1303
f 3808/2141/1681 3807/2190/1303 3839/2191/1335
f 3840/2142/1336 3839/2191/1335 3871/2192/1367
f 3872/2143/1368 3871/2192/1367 3903/2193/1399
f 3904/2144/1400 3903/2193/1399 3935/2194/1431
f 3936/2145/1432 3935/2194/1431 3967/2195/1462
f 3968/2146/1463 3967/2195/1462 3999/2196/1492
f 4000/2147/1493 3999/2196/1492 4031/2197/1522
f 4032/2148/1523 4031/2197/1522 4063/2198/1552
f 4064/2149/1553 4063/2198/1552 4095/2199/1582
f 4096/2150/1583 4095/2199/1582 4127/2200/1612
f 4128/2151/1613 4127/2200/1612 4159/2201/1642
f 4160/2152/1643 4159/2201/1642 4191/2202/1672
f 4192/2153/1673 4191/2202/1672 4223/2203/1207
f 4224/2154/1208 4223/2203/1207 4255/2204/1239
f 4256/2155/1240 4255/2204/1239 4287/2205/1271
f 4288/2156/1272 4287/2205/1271 4319/2206/1303
f 4320/2157/1304 4319/2206/1303 4351/2207/1335
f 4352/2158/1336 4351/2207/1335 4383/2208/1367
f 4384/2159/1368 4383/2208/1367 4415/2209/1399
f 4416/2160/1400 4415/2209/1399 4447/2210/1431
f 4448/2161/1689 4447/2210/1431 4479/2211/1462
f 4480/2162/1463 4479/2211/1462 4511/2212/1492
f 4512/2163/1493 4511/2212/1492 4543/2213/1522
f 4544/2164/1523 4543/2213/1522 4575/2214/1552
f 4576/2165/1553 4575/2214/1552 4607/2215/1582
f 4608/2166/1583 4607/2215/1582 4639/2216/1612
f 4640/2167/1613 4639/2216/1612 4671/2217/1642
f 4672/2168/1643 4671/2217/1642 4703/2218/1716
f 3169/2073/1177 3168/2122/1176 3200/2121/1208
f 3201/2072/1209 3200/2121/1208 3232/2123/1240
f 3233/2074/1241 3232/2123/1240 3264/2124/1272
f 3265/2075/1273 3264/2124/1272 3296/2125/1304
f 3297/2076/1305 3296/2125/1304 3328/2126/1336
f 3329/2077/1337 3328/2126/1336 3360/2127/1368
f 3361/2078/1369 3360/2127/1368 3392/2128/1400
f 3393/2079/1401 3392/2128/1400 3424/2129/1432
f 3425/2080/1433 3424/2129/1432 3456/2130/1463
f 3457/2081/1193 3456/2130/1463 3488/2131/1493
f 3489/2082/1225 3488/2131/1493 3520/2132/1523
f 3521/2083/1257 3520/2132/1523 3552/2133/1553
f 3553/2084/1289 3552/2133/1553 3584/2134/1583
f 3585/2085/1321 3584/2134/1583 3616/2135/1613
f 3617/2086/1353 3616/2135/1613 3648/2136/1643
f 3649/2087/1385 3648/2136/1643 3680/2137/1673
f 3681/2088/1417 3680/2137/1673 3712/2138/1208
f 3713/2089/1209 3712/2138/1208 3744/2139/1240
f 3745/2090/1241 3744/2139/1240 3776/2140/1272
f 3777/2091/1273 3776/2140/1272 3808/2141/1681
f 3809/2092/1305 3808/2141/1681 3840/2142/1336
f 3841/2093/1337 3840/2142/1336 3872/2143/1368
f 3873/2094/1369 3872/2143/1368 3904/2144/1400
f 3905/2095/1401 3904/2144/1400 3936/2145/1432
f 3937/2096/1433 3936/2145/1432 3968/2146/1463
f 3969/2097/1193 3968/2146/1463 4000/2147/1493
f 4001/2098/1225 4000/2147/1493 4032/2148/1523
f 4033/2099/1257 4032/2148/1523 4064/2149/1553
f 4065/2100/1289 4064/2149/1553 4096/2150/1583
f 4097/2101/1321 4096/2150/1583 4128/2151/1613
f 4129/2102/1353 4128/2151/1613 4160/2152/1643
f 4161/2103/1385 4160/2152/1643 4192/2153/1673
f 4193/2104/1417 4192/2153/1673 4224/2154/1208
f 4225/2105/1209 4224/2154/1208 4256/2155/1240
f 4257/2106/1241 4256/2155/1240 4288/2156/1272
f 4289/2107/1273 4288/2156/1272 4320/2157/1304
f 4321/2108/1305 4320/2157/1304 4352/2158/1336
f 4353/2109/1337 4352/2158/1336 4384/2159/1368
f 4385/2110/1369 4384/2159/1368 4416/2160/1400
f 4417/2111/1401 4416/2160/1400 4448/2161/1689
f 4449/2112/1433 4448/2161/1689 4480/2162/1463
f 4481/2113/1193 4480/2162/1463 4512/2163/1493
f 4513/2114/1225 4512/2163/1493 4544/2164/1523
f 4545/2115/1257 4544/2164/1523 4576/2165/1553
f 4577/2116/1289 4576/2165/1553 4608/2166/1583
f 4609/2117/1321 4608/2166/1583 4640/2167/1613
f 4641/2118/1353 4640/2167/1613 4672/2168/1643
f 4673/2119/1385 4672/2168/1643 4704/2169/1717
f 3170/2024/1178 3169/2073/1177 3201/2072/1209
f 3202/2023/1210 3201/2072/1209 3233/2074/1241
f 3234/2025/1242 3233/2074/1241 3265/2075/1273
f 3266/2026/1274 3265/2075/1273 3297/2076/1305
f 3298/2027/1306 3297/2076/1305 3329/2077/1337
f 3330/2028/1338 3329/2077/1337 3361/2078/1369
f 3362/2029/1370 3361/2078/1369 3393/2079/1401
f 3394/2030/1402 3393/2079/1401 3425/2080/1433
f 3426/2031/1434 3425/2080/1433 3457/2081/1193
f 3458/2032/1464 3457/2081/1193 3489/2082/1225
f 3490/2033/1494 3489/2082/1225 3521/2083/1257
f 3522/2034/1524 3521/2083/1257 3553/2084/1289
f 3554/2035/1554 3553/2084/1289 3585/2085/1321
f 3586/2036/1584 3585/2085/1321 3617/2086/1353
f 3618/2037/1614 3617/2086/1353 3649/2087/1385
f 3650/2038/1644 3649/2087/1385 3681/2088/1417
f 3682/2039/1674 3681/2088/1417 3713/2089/1209
f 3714/2040/1210 3713/2089/1209 3745/2090/1241
f 3746/2041/1242 3745/2090/1241 3777/2091/1273
f 3778/2042/1274 3777/2091/1273 3809/2092/1305
f 3810/2043/1682 3809/2092/1305 3841/2093/1337
f 3842/2044/1338 3841/2093/1337 3873/2094/1369
f 3874/2045/1370 3873/2094/1369 3905/2095/1401
f 3906/2046/1402 3905/2095/1401 3937/2096/1433
f 3938/2047/1683 3937/2096/1433 3969/2097/1193
f 3970/2048/1464 3969/2097/1193 4001/2098/1225
f 4002/2049/1494 4001/2098/1225 4033/2099/1257
f 4034/2050/1524 4033/2099/1257 4065/2100/1289
f 4066/2051/1554 4065/2100/1289 4097/2101/1321
f 4098/2052/1584 4097/2101/1321 4129/2102/1353
f 4130/2053/1614 4129/2102/1353 4161/2103/1385
f 4162/2054/1644 4161/2103/1385 4193/2104/1417
f 4194/2055/1686 4193/2104/1417 4225/2105/1209
f 4226/2056/1210 4225/2105/1209 4257/2106/1241
f 4258/2057/1242 4257/2106/1241 4289/2107/1273
f 4290/2058/1274 4289/2107/1273 4321/2108/1305
f 4322/2059/1682 4321/2108/1305 4353/2109/1337
f 4354/2060/1338 4353/2109/1337 4385/2110/1369
f 4386/2061/1370 4385/2110/1369 4417/2111/1401
f 4418/2062/1402 4417/2111/1401 4449/2112/1433
f 4450/2063/1434 4449/2112/1433 4481/2113/1193
f 4482/2064/1464 4481/2113/1193 4513/2114/1225
f 4514/2065/1494 4513/2114/1225 4545/2115/1257
f 4546/2066/1524 4545/2115/1257 4577/2116/1289
f 4578/2067/1692 4577/2116/1289 4609/2117/1321
f 4610/2068/1584 4609/2117/1321 4641/2118/1353
f 4642/2069/1614 4641/2118/1353 4673/2119/1385
f 4674/2070/1644 4673/2119/1385 4705/2120/1718
f 3171/1975/1179 3170/2024/1178 3202/2023/1210
f 3203/1974/1211 3202/2023/1210 3234/2025/1242
f 3235/1976/1243 3234/2025/1242 3266/2026/1274
f 3267/1977/1275 3266/2026/1274 3298/2027/1306
f 3299/1978/1307 3298/2027/1306 3330/2028/1338
f 3331/1979/1339 3330/2028/1338 3362/2029/1370
f 3363/1980/1371 3362/2029/1370 3394/2030/1402
f 3395/1981/1403 3394/2030/1402 3426/2031/1434
f 3427/1982/1435 3426/2031/1434 3458/2032/1464
f 3459/1983/1465 3458/2032/1464 3490/2033/1494
f 3491/1984/1495 3490/2033/1494 3522/2034/1524
f 3523/1985/1525 3522/2034/1524 3554/2035/1554
f 3555/1986/1555 3554/2035/1554 3586/2036/1584
f 3587/1987/1585 3586/2036/1584 3618/2037/1614
f 3619/1988/1615 3618/2037/1614 3650/2038/1644
f 3651/1989/1645 3650/2038/1644 3682/2039/1674
f 3683/1990/1675 3682/2039/1674 3714/2040/1210
f 3715/1991/1211 3714/2040/1210 3746/2041/1242
f 3747/1992/1243 3746/2041/1242 3778/2042/1274
f 3779/1993/1275 3778/2042/1274 3810/2043/1682
f 3811/1994/1307 3810/2043/1682 3842/2044/1338
f 3843/1995/1339 3842/2044/1338 3874/2045/1370
f 3875/1996/1371 3874/2045/1370 3906/2046/1402
f 3907/1997/1403 3906/2046/1402 3938/2047/1683
f 3939/1998/1435 3938/2047/1683 3970/2048/1464
f 3971/1999/1465 3970/2048/1464 4002/2049/1494
f 4003/2000/1495 4002/2049/1494 4034/2050/1524
f 4035/2001/1525 4034/2050/1524 4066/2051/1554
f 4067/2002/1555 4066/2051/1554 4098/2052/1584
f 4099/2003/1585 4098/2052/1584 4130/2053/1614
f 4131/2004/1615 4130/2053/1614 4162/2054/1644
f 4163/2005/1645 4162/2054/1644 4194/2055/1686
f 4195/2006/1675 4194/2055/1686 4226/2056/1210
f 4227/2007/1211 4226/2056/1210 4258/2057/1242
f 4259/2008/1243 4258/2057/1242 4290/2058/1274
f 4291/2009/1275 4290/2058/1274 4322/2059/1682
f 4323/2010/1307 4322/2059/1682 4354/2060/1338
f 4355/2011/1339 4354/2060/1338 4386/2061/1370
f 4387/2012/1371 4386/2061/1370 4418/2062/1402
f 4419/2013/1403 4418/2062/1402 4450/2063/1434
f 4451/2014/1435 4450/2063/1434 4482/2064/1464
f 4483/2015/1465 4482/2064/1464 4514/2065/1494
f 4515/2016/1495 4514/2065/1494 4546/2066/1524
f 4547/2017/1525 4546/2066/1524 4578/2067/1692
f 4579/2018/1555 4578/2067/1692 4610/2068/1584
f 4611/2019/1585 4610/2068/1584 4642/2069/1614
f 4643/2020/1615 4642/2069/1614 4674/2070/1644
f 4675/2021/1645 4674/2070/1644 4706/2071/1719
f 3172/1926/1180 3171/1975/1179 3203/1974/1211
f 3204/1925/1212 3203/1974/1211 3235/1976/1243
f 3236/1927/1244 3235/1976/1243 3267/1977/1275
f 3268/1928/1276 3267/1977/1275 3299/1978/1307
f 3300/1929/1308 3299/1978/1307 3331/1979/1339
f 3332/1930/1340 3331/1979/1339 3363/1980/1371
f 3364/1931/1372 3363/1980/1371 3395/1981/1403
f 3396/1932/1404 3395/1981/1403 3427/1982/1435
f 3428/1933/1436 3427/1982/1435 3459/1983/1465
f 3460/1934/1466 3459/1983/1465 3491/1984/1495
f 3492/1935/1496 3491/1984/1495 3523/1985/1525
f 3524/1936/1526 3523/1985/1525 3555/1986/1555
f 3556/1937/1556 3555/1986/1555 3587/1987/1585
f 3588/1938/1586 3587/1987/1585 3619/1988/1615
f 3620/1939/1616 3619/1988/1615 3651/1989/1645
f 3652/1940/1646 3651/1989/1645 3683/1990/1675
f 3684/1941/1676 3683/1990/1675 3715/1991/1211
f 3716/1942/1212 3715/1991/1211 3747/1992/1243
f 3748/1943/1244 3747/1992/1243 3779/1993/1275
f 3780/1944/1276 3779/1993/1275 3811/1994/1307
f 3812/1945/1308 3811/1994/1307 3843/1995/1339
f 3844/1946/1340 3843/1995/1339 3875/1996/1371
f 3876/1947/1372 3875/1996/1371 3907/1997/1403
f 3908/1948/1404 3907/1997/1403 3939/1998/1435
f 3940/1949/1436 3939/1998/1435 3971/1999/1465
f 3972/1950/1466 3971/1999/1465 4003/2000/1495
f 4004/1951/1496 4003/2000/1495 4035/2001/1525
f 4036/1952/1526 4035/2001/1525 4067/2002/1555
f 4068/1953/1556 4067/2002/1555 4099/2003/1585
f 4100/1954/1586 4099/2003/1585 4131/2004/1615
f 4132/1955/1616 4131/2004/1615 4163/2005/1645
f 4164/1956/1646 4163/2005/1645 4195/2006/1675
f 4196/1957/1676 4195/2006/1675 4227/2007/1211
f 4228/1958/1212 4227/2007/1211 4259/2008/1243
f 4260/1959/1244 4259/2008/1243 4291/2009/1275
f 4292/1960/1276 4291/2009/1275 4323/2010/1307
f 4324/1961/1308 4323/2010/1307 4355/2011/1339
f 4356/1962/1340 4355/2011/1339 4387/2012/1371
f 4388/1963/1372 4387/2012/1371 4419/2013/1403
f 4420/1964/1404 4419/2013/1403 4451/2014/1435
f 4452/1965/1436 4451/2014/1435 4483/2015/1465
f 4484/1966/1466 4483/2015/1465 4515/2016/1495
f 4516/1967/1496 4515/2016/1495 4547/2017/1525
f 4548/1968/1526 4547/2017/1525 4579/2018/1555
f 4580/1969/1556 4579/2018/1555 4611/2019/1585
f 4612/1970/1586 4611/2019/1585 4643/2020/1615
f 4644/1971/1616 4643/2020/1615 4675/2021/1645
f 4676/1972/1646 4675/2021/1645 4707/2022/1720
f 3173/1877/1181 3172/1926/1180 3204/1925/1212
f 3205/1876/1213 3204/1925/1212 3236/1927/1244
f 3237/1878/1245 3236/1927/1244 3268/1928/1276
f 3269/1879/1277 3268/1928/1276 3300/1929/1308
f 3301/1880/1309 3300/1929/1308 3332/1930/1340
f 3333/1881/1341 3332/1930/1340 3364/1931/1372
f 3365/1882/1373 3364/1931/1372 3396/1932/1404
f 3397/1883/1405 3396/1932/1404 3428/1933/1436
f 3429/1884/1437 3428/1933/1436 3460/1934/1466
f 3461/1885/1467 3460/1934/1466 3492/1935/1496
f 3493/1886/1497 3492/1935/1496 3524/1936/1526
f 3525/1887/1527 3524/1936/1526 3556/1937/1556
f 3557/1888/1557 3556/1937/1556 3588/1938/1586
f 3589/1889/1587 3588/1938/1586 3620/1939/1616
f 3621/1890/1617 3620/1939/1616 3652/1940/1646
f 3653/1891/1647 3652/1940/1646 3684/1941/1676
f 3685/1892/1677 3684/1941/1676 3716/1942/1212
f 3717/1893/1213 3716/1942/1212 3748/1943/1244
f 3749/1894/1245 3748/1943/1244 3780/1944/1276
f 3781/1895/1277 3780/1944/1276 3812/1945/1308
f 3813/1896/1309 3812/1945/1308 3844/1946/1340
f 3845/1897/1341 3844/1946/1340 3876/1947/1372
f 3877/1898/1373 3876/1947/1372 3908/1948/1404
f 3909/1899/1405 3908/1948/1404 3940/1949/1436
f 3941/1900/1437 3940/1949/1436 3972/1950/1466
f 3973/1901/1467 3972/1950/1466 4004/1951/1496
f 4005/1902/1497 4004/1951/1496 4036/1952/1526
f 4037/1903/1527 4036/1952/1526 4068/1953/1556
f 4069/1904/1557 4068/1953/1556 4100/1954/1586
f 4101/1905/1587 4100/1954/1586 4132/1955/1616
f 4133/1906/1617 4132/1955/1616 4164/1956/1646
f 4165/1907/1647 4164/1956/1646 4196/1957/1676
f 4197/1908/1677 4196/1957/1676 4228/1958/1212
f 4229/1909/1213 4228/1958/1212 4260/1959/1244
f 4261/1910/1245 4260/1959/1244 4292/1960/1276
f 4293/1911/1277 4292/1960/1276 4324/1961/1308
f 4325/1912/1309 4324/1961/1308 4356/1962/1340
f 4357/1913/1341 4356/1962/1340 4388/1963/1372
f 4389/1914/1373 4388/1963/1372 4420/1964/1404
f 4421/1915/1405 4420/1964/1404 4452/1965/1436
f 4453/1916/1437 4452/1965/1436 4484/1966/1466
f 4485/1917/1467 4484/1966/1466 4516/1967/1496
f 4517/1918/1497 4516/1967/1496 4548/1968/1526
f 4549/1919/1527 4548/1968/1526 4580/1969/1556
f 4581/1920/1557 4580/1969/1556 4612/1970/1586
f 4613/1921/1587 4612/1970/1586 4644/1971/1616
f 4645/1922/1617 4644/1971/1616 4676/1972/1646
f 4677/1923/1647 4676/1972/1646 4708/1973/1721
f 3174/1828/1182 3173/1877/1181 3205/1876/1213
f 3206/1827/1214 3205/1876/1213 3237/1878/1245
f 3238/1829/1246 3237/1878/1245 3269/1879/1277
f 3270/1830/1278 3269/1879/1277 3301/1880/1309
f 3302/1831/1310 3301/1880/1309 3333/1881/1341
f 3334/1832/1342 3333/1881/1341 3365/1882/1373
f 3366/1833/1374 3365/1882/1373 3397/1883/1405
f 3398/1834/1406 3397/1883/1405 3429/1884/1437
f 3430/1835/1438 3429/1884/1437 3461/1885/1467
f 3462/1836/1468 3461/1885/1467 3493/1886/1497
f 3494/1837/1498 3493/1886/1497 3525/1887/1527
f 3526/1838/1528 3525/1887/1527 3557/1888/1557
f 3558/1839/1558 3557/1888/1557 3589/1889/1587
f 3590/1840/1588 3589/1889/1587 3621/1890/1617
f 3622/1841/1618 3621/1890/1617 3653/1891/1647
f 3654/1842/1648 3653/1891/1647 3685/1892/1677
f 3686/1843/1678 3685/1892/1677 3717/1893/1213
f 3718/1844/1214 3717/1893/1213 3749/1894/1245
f 3750/1845/1246 3749/1894/1245 3781/1895/1277
f 3782/1846/1278 3781/1895/1277 3813/1896/1309
f 3814/1847/1310 3813/1896/1309 3845/1897/1341
f 3846/1848/1342 3845/1897/1341 3877/1898/1373
f 3878/1849/1374 3877/1898/1373 3909/1899/1405
f 3910/1850/1406 3909/1899/1405 3941/1900/1437
f 3942/1851/1438 3941/1900/1437 3973/1901/1467
f 3974/1852/1468 3973/1901/1467 4005/1902/1497
f 4006/1853/1498 4005/1902/1497 4037/1903/1527
f 4038/1854/1528 4037/1903/1527 4069/1904/1557
f 4070/1855/1558 4069/1904/1557 4101/1905/1587
f 4102/1856/1588 4101/1905/1587 4133/1906/1617
f 4134/1857/1618 4133/1906/1617 4165/1907/1647
f 4166/1858/1648 4165/1907/1647 4197/1908/1677
f 4198/1859/1678 4197/1908/1677 4229/1909/1213
f 4230/1860/1214 4229/1909/1213 4261/1910/1245
f 4262/1861/1246 4261/1910/1245 4293/1911/1277
f 4294/1862/1278 4293/1911/1277 4325/1912/1309
f 4326/1863/1310 4325/1912/1309 4357/1913/1341
f 4358/1864/1342 4357/1913/1341 4389/1914/1373
f 4390/1865/1374 4389/1914/1373 4421/1915/1405
f 4422/1866/1406 4421/1915/1405 4453/1916/1437
f 4454/1867/1438 4453/1916/1437 4485/1917/1467
f 4486/1868/1468 4485/1917/1467 4517/1918/1497
f 4518/1869/1498 4517/1918/1497 4549/1919/1527
f 4550/1870/1528 4549/1919/1527 4581/1920/1557
f 4582/1871/1558 4581/1920/1557 4613/1921/1587
f 4614/1872/1588 4613/1921/1587 4645/1922/1617
f 4646/1873/1618 4645/1922/1617 4677/1923/1647
f 4678/1874/1648 4677/1923/1647 4709/1924/1722
f 3175/1779/1183 3174/1828/1182 3206/1827/1214
f 3207/1778/1215 3206/1827/1214 3238/1829/1246
f 3239/1780/1247 3238/1829/1246 3270/1830/1278
f 3271/1781/1279 3270/1830/1278 3302/1831/1310
f 3303/1782/1311 3302/1831/1310 3334/1832/1342
f 3335/1783/1343 3334/1832/1342 3366/1833/1374
f 3367/1784/1375 3366/1833/1374 3398/1834/1406
f 3399/1785/1407 3398/1834/1406 3430/1835/1438
f 3431/1786/1439 3430/1835/1438 3462/1836/1468
f 3463/1787/1469 3462/1836/1468 3494/1837/1498
f 3495/1788/1499 3494/1837/1498 3526/1838/1528
f 3527/1789/1529 3526/1838/1528 3558/1839/1558
f 3559/1790/1559 3558/1839/1558 3590/1840/1588
f 3591/1791/1589 3590/1840/1588 3622/1841/1618
f 3623/1792/1619 3622/1841/1618 3654/1842/1648
f 3655/1793/1649 3654/1842/1648 3686/1843/1678
f 3687/1794/1679 3686/1843/1678 3718/1844/1214
f 3719/1795/1215 3718/1844/1214 3750/1845/1246
f 3751/1796/1247 3750/1845/1246 3782/1846/1278
f 3783/1797/1279 3782/1846/1278 3814/1847/1310
f 3815/1798/1311 3814/1847/1310 3846/1848/1342
f 3847/1799/1343 3846/1848/1342 3878/1849/1374
f 3879/1800/1375 3878/1849/1374 3910/1850/1406
f 3911/1801/1407 3910/1850/1406 3942/1851/1438
f 3943/1802/1439 3942/1851/1438 3974/1852/1468
f 3975/1803/1469 3974/1852/1468 4006/1853/1498
f 4007/1804/1499 4006/1853/1498 4038/1854/1528
f 4039/1805/1529 4038/1854/1528 4070/1855/1558
f 4071/1806/1559 4070/1855/1558 4102/1856/1588
f 4103/1807/1589 4102/1856/1588 4134/1857/1618
f 4135/1808/1619 4134/1857/1618 4166/1858/1648
f 4167/1809/1649 4166/1858/1648 4198/1859/1678
f 4199/1810/1679 4198/1859/1678 4230/1860/1214
f 4231/1811/1215 4230/1860/1214 4262/1861/1246
f 4263/1812/1247 4262/1861/1246 4294/1862/1278
f 4295/1813/1279 4294/1862/1278 4326/1863/1310
f 4327/1814/1311 4326/1863/1310 4358/1864/1342
f 4359/1815/1343 4358/1864/1342 4390/1865/1374
f 4391/1816/1375 4390/1865/1374 4422/1866/1406
f 4423/1817/1407 4422/1866/1406 4454/1867/1438
f 4455/1818/1439 4454/1867/1438 4486/1868/1468
f 4487/1819/1469 4486/1868/1468 4518/1869/1498
f 4519/1820/1499 4518/1869/1498 4550/1870/1528
f 4551/1821/1529 4550/1870/1528 4582/1871/1558
f 4583/1822/1559 4582/1871/1558 4614/1872/1588
f 4615/1823/1589 4614/1872/1588 4646/1873/1618
f 4647/1824/1619 4646/1873/1618 4678/1874/1648
f 4679/1825/1649 4678/1874/1648 4710/1875/1723
f 3176/1683/1184 3175/1779/1183 3207/1778/1215
f 3208/1682/1216 3207/1778/1215 3239/1780/1247
f 3240/1685/1248 3239/1780/1247 3271/1781/1279
f 3272/1687/1280 3271/1781/1279 3303/1782/1311
f 3304/1689/1312 3303/1782/1311 3335/1783/1343
f 3336/1691/1344 3335/1783/1343 3367/1784/1375
f 3368/1693/1376 3367/1784/1375 3399/1785/1407
f 3400/1695/1408 3399/1785/1407 3431/1786/1439
f 3432/1697/1440 3431/1786/1439 3463/1787/1469
f 3464/1699/1470 3463/1787/1469 3495/1788/1499
f 3496/1701/1500 3495/1788/1499 3527/1789/1529
f 3528/1703/1530 3527/1789/1529 3559/1790/1559
f 3560/1705/1560 3559/1790/1559 3591/1791/1589
f 3592/1707/1590 3591/1791/1589 3623/1792/1619
f 3624/1709/1620 3623/1792/1619 3655/1793/1649
f 3656/1711/1650 3655/1793/1649 3687/1794/1679
f 3688/1713/1680 3687/1794/1679 3719/1795/1215
f 3720/1715/1216 3719/1795/1215 3751/1796/1247
f 3752/1717/1248 3751/1796/1247 3783/1797/1279
f 3784/1719/1280 3783/1797/1279 3815/1798/1311
f 3816/1721/1312 3815/1798/1311 3847/1799/1343
f 3848/1723/1344 3847/1799/1343 3879/1800/1375
f 3880/1725/1376 3879/1800/1375 3911/1801/1407
f 3912/1727/1408 3911/1801/1407 3943/1802/1439
f 3944/1729/1440 3943/1802/1439 3975/1803/1469
f 3976/1731/1470 3975/1803/1469 4007/1804/1499
f 4008/1733/1500 4007/1804/1499 4039/1805/1529
f 4040/1735/1530 4039/1805/1529 4071/1806/1559
f 4072/1737/1560 4071/1806/1559 4103/1807/1589
f 4104/1739/1590 4103/1807/1589 4135/1808/1619
f 4136/1741/1620 4135/1808/1619 4167/1809/1649
f 4168/1743/1650 4167/1809/1649 4199/1810/1679
f 4200/1745/1680 4199/1810/1679 4231/1811/1215
f 4232/1747/1216 4231/1811/1215 4263/1812/1247
f 4264/1749/1248 4263/1812/1247 4295/1813/1279
f 4296/1751/1280 4295/1813/1279 4327/1814/1311
f 4328/1753/1312 4327/1814/1311 4359/1815/1343
f 4360/1755/1344 4359/1815/1343 4391/1816/1375
f 4392/1757/1376 4391/1816/1375 4423/1817/1407
f 4424/1759/1408 4423/1817/1407 4455/1818/1439
f 4456/1761/1440 4455/1818/1439 4487/1819/1469
f 4488/1763/1470 4487/1819/1469 4519/1820/1499
f 4520/1765/1500 4519/1820/1499 4551/1821/1529
f 4552/1767/1530 4551/1821/1529 4583/1822/1559
f 4584/1769/1560 4583/1822/1559 4615/1823/1589
f 4616/1771/1590 4615/1823/1589 4647/1824/1619
f 4648/1773/1620 4647/1824/1619 4679/1825/1649
f 4680/1775/1650 4679/1825/1649 4711/1826/1724
f 3145/1681/1153 3176/1683/1184 3208/1682/1216
f 3177/1684/1185 3208/1682/1216 3240/1685/1248
f 3209/1686/1217 3240/1685/1248 3272/1687/1280
f 3241/1688/1249 3272/1687/1280 3304/1689/1312
f 3273/1690/1281 3304/1689/1312 3336/1691/1344
f 3305/1692/1313 3336/1691/1344 3368/1693/1376
f 3337/1694/1345 3368/1693/1376 3400/1695/1408
f 3369/1696/1377 3400/1695/1408 3432/1697/1440
f 3401/1698/1409 3432/1697/1440 3464/1699/1470
f 3433/1700/1441 3464/1699/1470 3496/1701/1500
f 3465/1702/1471 3496/1701/1500 3528/1703/1530
f 3497/1704/1501 3528/1703/1530 3560/1705/1560
f 3529/1706/1531 3560/1705/1560 3592/1707/1590
f 3561/1708/1561 3592/1707/1590 3624/1709/1620
f 3593/1710/1591 3624/1709/1620 3656/1711/1650
f 3625/1712/1621 3656/1711/1650 3688/1713/1680
f 3657/1714/1651 3688/1713/1680 3720/1715/1216
f 3689/1716/1185 3720/1715/1216 3752/1717/1248
f 3721/1718/1217 3752/1717/1248 3784/1719/1280
f 3753/1720/1249 3784/1719/1280 3816/1721/1312
f 3785/1722/1281 3816/1721/1312 3848/1723/1344
f 3817/1724/1313 3848/1723/1344 3880/1725/1376
f 3849/1726/1345 3880/1725/1376 3912/1727/1408
f 3881/1728/1377 3912/1727/1408 3944/1729/1440
f 3913/1730/1409 3944/1729/1440 3976/1731/1470
f 3945/1732/1441 3976/1731/1470 4008/1733/1500
f 3977/1734/1471 4008/1733/1500 4040/1735/1530
f 4009/1736/1501 4040/1735/1530 4072/1737/1560
f 4041/1738/1531 4072/1737/1560 4104/1739/1590
f 4073/1740/1561 4104/1739/1590 4136/1741/1620
f 4105/1742/1591 4136/1741/1620 4168/1743/1650
f 4137/1744/1621 4168/1743/1650 4200/1745/1680
f 4169/1746/1651 4200/1745/1680 4232/1747/1216
f 4201/1748/1185 4232/1747/1216 4264/1749/1248
f 4233/1750/1217 4264/1749/1248 4296/1751/1280
f 4265/1752/1687 4296/1751/1280 4328/1753/1312
f 4297/1754/1281 4328/1753/1312 4360/1755/1344
f 4329/1756/1313 4360/1755/1344 4392/1757/1376
f 4361/1758/1345 4392/1757/1376 4424/1759/1408
f 4393/1760/1377 4424/1759/1408 4456/1761/1440
f 4425/1762/1409 4456/1761/1440 4488/1763/1470
f 4457/1764/1441 4488/1763/1470 4520/1765/1500
f 4489/1766/1471 4520/1765/1500 4552/1767/1530
f 4521/1768/1501 4552/1767/1530 4584/1769/1560
f 4553/1770/1531 4584/1769/1560 4616/1771/1590
f 4585/1772/1561 4616/1771/1590 4648/1773/1620
f 4617/1774/1591 4648/1773/1620 4680/1775/1650
f 4649/1776/1621 4680/1775/1650 4712/1777/1725
o 円.003
v 0.500000 -0.650000 -0.900439
v 0.500000 -0.650961 -0.890684
v 0.500000 -0.653806 -0.881305
v 0.500000 -0.658427 -0.872660
v 0.500000 -0.664645 -0.865083
v 0.500000 -0.672221 -0.858865
v 0.500000 -0.680866 -0.854245
v 0.500000 -0.690245 -0.851399
v 0.500000 -0.700000 -0.850439
v 0.500000 -0.709755 -0.851399
v 0.500000 -0.719134 -0.854245
v 0.500000 -0.727778 -0.858865
v 0.500000 -0.735355 -0.865083
v 0.500000 -0.741573 -0.872660
v 0.500000 -0.746194 -0.881305
v 0.500000 -0.749039 -0.890684
v 0.500000 -0.750000 -0.900439
v 0.500000 -0.749039 -0.910193
v 0.500000 -0.746194 -0.919573
v 0.500000 -0.741573 -0.928217
v 0.500000 -0.735355 -0.935794
v 0.500000 -0.727778 -0.942012
v 0.500000 -0.719134 -0.946633
v 0.500000 -0.709755 -0.949478
v 0.500000 -0.700000 -0.950439
v 0.500000 -0.690245 -0.949478
v 0.500000 -0.680866 -0.946633
v 0.500000 -0.672221 -0.942012
v 0.500000 -0.664645 -0.935794
v 0.500000 -0.658427 -0.928217
v 0.500000 -0.653806 -0.919573
v 0.500000 -0.650961 -0.910193
v 0.346759 -0.611750 -0.869957
v 0.350492 -0.612711 -0.860945
v 0.354081 -0.615556 -0.852279
v 0.357389 -0.620176 -0.844293
v 0.360289 -0.626395 -0.837293
v 0.362668 -0.633971 -0.831548
v 0.364436 -0.642616 -0.827279
v 0.365525 -0.651995 -0.824651
v 0.365893 -0.661750 -0.823763
v 0.365525 -0.671504 -0.824651
v 0.364436 -0.680884 -0.827279
v 0.362668 -0.689528 -0.831548
v 0.360289 -0.697105 -0.837293
v 0.357389 -0.703323 -0.844293
v 0.354081 -0.707944 -0.852279
v 0.350492 -0.710789 -0.860945
v 0.346759 -0.711750 -0.869957
v 0.343026 -0.710789 -0.878969
v 0.339436 -0.707944 -0.887635
v 0.336128 -0.703323 -0.895621
v 0.333229 -0.697105 -0.902621
v 0.330849 -0.689528 -0.908366
v 0.329081 -0.680884 -0.912635
v 0.327992 -0.671504 -0.915264
v 0.327625 -0.661750 -0.916151
v 0.327992 -0.651995 -0.915264
v 0.329081 -0.642616 -0.912635
v 0.330849 -0.633971 -0.908366
v 0.333229 -0.626395 -0.902621
v 0.336128 -0.620176 -0.895621
v 0.339436 -0.615556 -0.887635
v 0.343026 -0.612711 -0.878969
v 0.216847 -0.573500 -0.783153
v 0.223745 -0.574461 -0.776255
v 0.230377 -0.577306 -0.769623
v 0.236489 -0.581926 -0.763511
v 0.241847 -0.588145 -0.758153
v 0.246244 -0.595721 -0.753756
v 0.249511 -0.604366 -0.750489
v 0.251523 -0.613745 -0.748477
v 0.252202 -0.623500 -0.747798
v 0.251523 -0.633254 -0.748477
v 0.249511 -0.642634 -0.750489
v 0.246244 -0.651278 -0.753756
v 0.241847 -0.658855 -0.758153
v 0.236489 -0.665073 -0.763511
v 0.230377 -0.669694 -0.769623
v 0.223745 -0.672539 -0.776255
v 0.216847 -0.673500 -0.783153
v 0.209950 -0.672539 -0.790051
v 0.203317 -0.669694 -0.796683
v 0.197205 -0.665073 -0.802795
v 0.191847 -0.658855 -0.808153
v 0.187450 -0.651278 -0.812550
v 0.184183 -0.642634 -0.815817
v 0.182171 -0.633254 -0.817829
v 0.181492 -0.623500 -0.818508
v 0.182171 -0.613745 -0.817829
v 0.184183 -0.604366 -0.815817
v 0.187450 -0.595721 -0.812550
v 0.191847 -0.588145 -0.808153
v 0.197205 -0.581926 -0.802795
v 0.203317 -0.577306 -0.796683
v 0.209950 -0.574461 -0.790051
v 0.130043 -0.535250 -0.653241
v 0.139055 -0.536211 -0.649508
v 0.147721 -0.539056 -0.645919
v 0.155707 -0.543676 -0.642611
v 0.162707 -0.549895 -0.639711
v 0.168452 -0.557471 -0.637332
v 0.172721 -0.566116 -0.635564
v 0.175349 -0.575495 -0.634475
v 0.176237 -0.585250 -0.634107
v 0.175349 -0.595004 -0.634475
v 0.172721 -0.604384 -0.635564
v 0.168452 -0.613028 -0.637332
v 0.162707 -0.620605 -0.639711
v 0.155707 -0.626823 -0.642611
v 0.147721 -0.631444 -0.645919
v 0.139055 -0.634289 -0.649508
v 0.130043 -0.635250 -0.653241
v 0.121031 -0.634289 -0.656974
v 0.112365 -0.631444 -0.660564
v 0.104379 -0.626823 -0.663872
v 0.097379 -0.620605 -0.666771
v 0.091634 -0.613028 -0.669151
v 0.087365 -0.604384 -0.670919
v 0.084736 -0.595004 -0.672008
v 0.083849 -0.585250 -0.672375
v 0.084736 -0.575495 -0.672008
v 0.087365 -0.566116 -0.670919
v 0.091634 -0.557471 -0.669151
v 0.097379 -0.549895 -0.666771
v 0.104379 -0.543676 -0.663872
v 0.112365 -0.539056 -0.660564
v 0.121031 -0.536211 -0.656974
v 0.099561 -0.497000 -0.500000
v 0.109316 -0.497961 -0.500000
v 0.118695 -0.500806 -0.500000
v 0.127340 -0.505426 -0.500000
v 0.134917 -0.511645 -0.500000
v 0.141135 -0.519221 -0.500000
v 0.145755 -0.527866 -0.500000
v 0.148601 -0.537245 -0.500000
v 0.149561 -0.547000 -0.500000
v 0.148601 -0.556754 -0.500000
v 0.145755 -0.566134 -0.500000
v 0.141135 -0.574778 -0.500000
v 0.134917 -0.582355 -0.500000
v 0.127340 -0.588573 -0.500000
v 0.118695 -0.593194 -0.500000
v 0.109316 -0.596039 -0.500000
v 0.099561 -0.597000 -0.500000
v 0.089807 -0.596039 -0.500000
v 0.080427 -0.593194 -0.500000
v 0.071783 -0.588573 -0.500000
v 0.064206 -0.582355 -0.500000
v 0.057988 -0.574778 -0.500000
v 0.053367 -0.566134 -0.500000
v 0.050522 -0.556754 -0.500000
v 0.049561 -0.547000 -0.500000
v 0.050522 -0.537245 -0.500000
v 0.053367 -0.527866 -0.500000
v 0.057988 -0.519221 -0.500000
v 0.064206 -0.511645 -0.500000
v 0.071783 -0.505426 -0.500000
v 0.080427 -0.500806 -0.500000
v 0.089807 -0.497961 -0.500000
v 0.130043 -0.458750 -0.346759
v 0.139055 -0.459711 -0.350492
v 0.147721 -0.462556 -0.354081
v 0.155707 -0.467176 -0.357389
v 0.162707 -0.473395 -0.360289
v 0.168452 -0.480971 -0.362668
v 0.172721 -0.489616 -0.364436
v 0.175349 -0.498995 -0.365525
v 0.176237 -0.508750 -0.365893
v 0.175349 -0.518505 -0.365525
v 0.172721 -0.527884 -0.364436
v 0.168452 -0.536528 -0.362668
v 0.162707 -0.544105 -0.360289
v 0.155707 -0.550323 -0.357389
v 0.147721 -0.554944 -0.354081
v 0.139055 -0.557789 -0.350492
v 0.130043 -0.558750 -0.346759
v 0.121031 -0.557789 -0.343026
v 0.112365 -0.554944 -0.339436
v 0.104379 -0.550323 -0.336128
v 0.097379 -0.544105 -0.333229
v 0.091634 -0.536528 -0.330849
v 0.087365 -0.527884 -0.329081
v 0.084737 -0.518505 -0.327992
v 0.083849 -0.508750 -0.327624
v 0.084737 -0.498995 -0.327992
v 0.087365 -0.489616 -0.329081
v 0.091634 -0.480971 -0.330849
v 0.097379 -0.473395 -0.333229
v 0.104379 -0.467176 -0.336128
v 0.112365 -0.462556 -0.339436
v 0.121031 -0.459711 -0.343026
v 0.216847 -0.420500 -0.216847
v 0.223745 -0.421461 -0.223745
v 0.230377 -0.424306 -0.230377
v 0.236489 -0.428926 -0.236489
v 0.241847 -0.435145 -0.241847
v 0.246244 -0.442721 -0.246244
v 0.249511 -0.451366 -0.249511
v 0.251523 -0.460745 -0.251523
v 0.252202 -0.470500 -0.252202
v 0.251523 -0.480254 -0.251523
v 0.249511 -0.489634 -0.249511
v 0.246244 -0.498278 -0.246244
v 0.241847 -0.505855 -0.241847
v 0.236489 -0.512073 -0.236489
v 0.230377 -0.516694 -0.230377
v 0.223745 -0.519539 -0.223745
v 0.216847 -0.520500 -0.216847
v 0.209950 -0.519539 -0.209950
v 0.203317 -0.516694 -0.203317
v 0.197205 -0.512073 -0.197205
v 0.191847 -0.505855 -0.191847
v 0.187450 -0.498278 -0.187450
v 0.184183 -0.489634 -0.184183
v 0.182171 -0.480254 -0.182171
v 0.181492 -0.470500 -0.181492
v 0.182171 -0.460745 -0.182171
v 0.184183 -0.451366 -0.184183
v 0.187450 -0.442721 -0.187450
v 0.191847 -0.435145 -0.191847
v 0.197205 -0.428926 -0.197205
v 0.203317 -0.424306 -0.203317
v 0.209950 -0.421461 -0.209950
v 0.346759 -0.382250 -0.130043
v 0.350492 -0.383211 -0.139055
v 0.354081 -0.386056 -0.147720
v 0.357389 -0.390676 -0.155707
v 0.360289 -0.396895 -0.162707
v 0.362668 -0.404471 -0.168452
v 0.364436 -0.413116 -0.172720
v 0.365525 -0.422495 -0.175349
v 0.365893 -0.432250 -0.176237
v 0.365525 -0.442005 -0.175349
v 0.364436 -0.451384 -0.172720
v 0.362668 -0.460028 -0.168452
v 0.360289 -0.467605 -0.162707
v 0.357389 -0.473823 -0.155707
v 0.354081 -0.478444 -0.147720
v 0.350492 -0.481289 -0.139055
v 0.346759 -0.482250 -0.130043
v 0.343026 -0.481289 -0.121031
v 0.339436 -0.478444 -0.112365
v 0.336128 -0.473823 -0.104379
v 0.333229 -0.467605 -0.097379
v 0.330849 -0.460028 -0.091634
v 0.329081 -0.451384 -0.087365
v 0.327992 -0.442005 -0.084736
v 0.327625 -0.432250 -0.083849
v 0.327992 -0.422495 -0.084736
v 0.329081 -0.413116 -0.087365
v 0.330849 -0.404471 -0.091634
v 0.333229 -0.396895 -0.097379
v 0.336128 -0.390676 -0.104379
v 0.339436 -0.386056 -0.112365
v 0.343026 -0.383211 -0.121031
v 0.500000 -0.344000 -0.099561
v 0.500000 -0.344961 -0.109316
v 0.500000 -0.347806 -0.118695
v 0.500000 -0.352426 -0.127340
v 0.500000 -0.358645 -0.134917
v 0.500000 -0.366221 -0.141135
v 0.500000 -0.374866 -0.145755
v 0.500000 -0.384245 -0.148601
v 0.500000 -0.394000 -0.149561
v 0.500000 -0.403754 -0.148601
v 0.500000 -0.413134 -0.145755
v 0.500000 -0.421778 -0.141135
v 0.500000 -0.429355 -0.134917
v 0.500000 -0.435573 -0.127340
v 0.500000 -0.440194 -0.118695
v 0.500000 -0.443039 -0.109316
v 0.500000 -0.444000 -0.099561
v 0.500000 -0.443039 -0.089807
v 0.500000 -0.440194 -0.080427
v 0.500000 -0.435573 -0.071783
v 0.500000 -0.429355 -0.064206
v 0.500000 -0.421778 -0.057988
v 0.500000 -0.413134 -0.053367
v 0.500000 -0.403754 -0.050522
v 0.500000 -0.394000 -0.049561
v 0.500000 -0.384245 -0.050522
v 0.500000 -0.374866 -0.053367
v 0.500000 -0.366221 -0.057988
v 0.500000 -0.358645 -0.064206
v 0.500000 -0.352426 -0.071783
v 0.500000 -0.347806 -0.080427
v 0.500000 -0.344961 -0.089807
v 0.653241 -0.305750 -0.130043
v 0.649508 -0.306711 -0.139055
v 0.645919 -0.309556 -0.147721
v 0.642611 -0.314176 -0.155707
v 0.639711 -0.320395 -0.162707
v 0.637332 -0.327971 -0.168452
v 0.635564 -0.336616 -0.172721
v 0.634475 -0.345995 -0.175349
v 0.634107 -0.355750 -0.176237
v 0.634475 -0.365504 -0.175349
v 0.635564 -0.374884 -0.172721
v 0.637332 -0.383528 -0.168452
v 0.639711 -0.391105 -0.162707
v 0.642611 -0.397323 -0.155707
v 0.645919 -0.401944 -0.147721
v 0.649508 -0.404789 -0.139055
v 0.653241 -0.405750 -0.130043
v 0.656974 -0.404789 -0.121031
v 0.660564 -0.401944 -0.112365
v 0.663872 -0.397323 -0.104379
v 0.666771 -0.391105 -0.097379
v 0.669151 -0.383528 -0.091634
v 0.670919 -0.374884 -0.087365
v 0.672008 -0.365504 -0.084736
v 0.672375 -0.355750 -0.083849
v 0.672008 -0.345995 -0.084736
v 0.670919 -0.336616 -0.087365
v 0.669151 -0.327971 -0.091634
v 0.666771 -0.320395 -0.097379
v 0.663872 -0.314176 -0.104379
v 0.660564 -0.309556 -0.112365
v 0.656974 -0.306711 -0.121031
v 0.783153 -0.267500 -0.216847
v 0.776255 -0.268461 -0.223745
v 0.769623 -0.271306 -0.230377
v 0.763511 -0.275926 -0.236489
v 0.758153 -0.282145 -0.241847
v 0.753756 -0.289721 -0.246244
v 0.750489 -0.298366 -0.249511
v 0.748477 -0.307745 -0.251523
v 0.747798 -0.317500 -0.252202
v 0.748477 -0.327255 -0.251523
v 0.750489 -0.336634 -0.249511
v 0.753756 -0.345278 -0.246244
v 0.758153 -0.352855 -0.241847
v 0.763511 -0.359073 -0.236489
v 0.769623 -0.363694 -0.230377
v 0.776255 -0.366539 -0.223745
v 0.783153 -0.367500 -0.216847
v 0.790051 -0.366539 -0.209950
v 0.796683 -0.363694 -0.203317
v 0.802795 -0.359073 -0.197205
v 0.808153 -0.352855 -0.191847
v 0.812550 -0.345278 -0.187450
v 0.815817 -0.336634 -0.184183
v 0.817829 -0.327255 -0.182171
v 0.818508 -0.317500 -0.181492
v 0.817829 -0.307745 -0.182171
v 0.815817 -0.298366 -0.184183
v 0.812550 -0.289721 -0.187450
v 0.808153 -0.282145 -0.191847
v 0.802795 -0.275926 -0.197205
v 0.796683 -0.271306 -0.203317
v 0.790051 -0.268461 -0.209950
v 0.869957 -0.229250 -0.346759
v 0.860945 -0.230211 -0.350492
v 0.852280 -0.233056 -0.354081
v 0.844293 -0.237677 -0.357389
v 0.837293 -0.243895 -0.360289
v 0.831548 -0.251471 -0.362668
v 0.827280 -0.260116 -0.364437
v 0.824651 -0.269495 -0.365525
v 0.823763 -0.279250 -0.365893
v 0.824651 -0.289004 -0.365525
v 0.827280 -0.298384 -0.364437
v 0.831548 -0.307028 -0.362668
v 0.837293 -0.314605 -0.360289
v 0.844293 -0.320823 -0.357389
v 0.852280 -0.325444 -0.354081
v 0.860945 -0.328289 -0.350492
v 0.869957 -0.329250 -0.346759
v 0.878969 -0.328289 -0.343026
v 0.887635 -0.325444 -0.339437
v 0.895621 -0.320823 -0.336128
v 0.902621 -0.314605 -0.333229
v 0.908366 -0.307028 -0.330849
v 0.912635 -0.298384 -0.329081
v 0.915264 -0.289004 -0.327992
v 0.916151 -0.279250 -0.327625
v 0.915264 -0.269495 -0.327992
v 0.912635 -0.260116 -0.329081
v 0.908366 -0.251471 -0.330849
v 0.902621 -0.243895 -0.333229
v 0.895621 -0.237677 -0.336128
v 0.887635 -0.233056 -0.339437
v 0.878969 -0.230211 -0.343026
v 0.900439 -0.191000 -0.500000
v 0.890684 -0.191961 -0.500000
v 0.881305 -0.194806 -0.500000
v 0.872660 -0.199426 -0.500000
v 0.865083 -0.205645 -0.500000
v 0.858865 -0.213221 -0.500000
v 0.854245 -0.221866 -0.500000
v 0.851400 -0.231245 -0.500000
v 0.850439 -0.241000 -0.500000
v 0.851400 -0.250755 -0.500000
v 0.854245 -0.260134 -0.500000
v 0.858865 -0.268779 -0.500000
v 0.865083 -0.276355 -0.500000
v 0.872660 -0.282573 -0.500000
v 0.881305 -0.287194 -0.500000
v 0.890684 -0.290039 -0.500000
v 0.900439 -0.291000 -0.500000
v 0.910193 -0.290039 -0.500000
v 0.919573 -0.287194 -0.500000
v 0.928217 -0.282573 -0.500000
v 0.935794 -0.276355 -0.500000
v 0.942012 -0.268779 -0.500000
v 0.946633 -0.260134 -0.500000
v 0.949478 -0.250755 -0.500000
v 0.950439 -0.241000 -0.500000
v 0.949478 -0.231245 -0.500000
v 0.946633 -0.221866 -0.500000
v 0.942012 -0.213221 -0.500000
v 0.935794 -0.205645 -0.500000
v 0.928217 -0.199426 -0.500000
v 0.919573 -0.194806 -0.500000
v 0.910193 -0.191961 -0.500000
v 0.869957 -0.152750 -0.653241
v 0.860945 -0.153711 -0.649508
v 0.852279 -0.156556 -0.645919
v 0.844293 -0.161176 -0.642611
v 0.837293 -0.167395 -0.639711
v 0.831548 -0.174971 -0.637332
v 0.827279 -0.183616 -0.635564
v 0.824651 -0.192995 -0.634475
v 0.823763 -0.202750 -0.634107
v 0.824651 -0.212504 -0.634475
v 0.827279 -0.221884 -0.635564
v 0.831548 -0.230528 -0.637332
v 0.837293 -0.238105 -0.639711
v 0.844293 -0.244323 -0.642611
v 0.852279 -0.248944 -0.645919
v 0.860945 -0.251789 -0.649508
v 0.869957 -0.252750 -0.653241
v 0.878969 -0.251789 -0.656974
v 0.887635 -0.248944 -0.660564
v 0.895621 -0.244323 -0.663872
v 0.902621 -0.238105 -0.666771
v 0.908366 -0.230529 -0.669151
v 0.912635 -0.221884 -0.670919
v 0.915264 -0.212505 -0.672008
v 0.916151 -0.202750 -0.672376
v 0.915264 -0.192995 -0.672008
v 0.912635 -0.183616 -0.670919
v 0.908366 -0.174971 -0.669151
v 0.902621 -0.167395 -0.666771
v 0.895621 -0.161176 -0.663872
v 0.887635 -0.156556 -0.660564
v 0.878969 -0.153711 -0.656974
v 0.783153 -0.114500 -0.783153
v 0.776255 -0.115461 -0.776256
v 0.769623 -0.118306 -0.769623
v 0.763511 -0.122926 -0.763511
v 0.758153 -0.129145 -0.758153
v 0.753756 -0.136721 -0.753756
v 0.750489 -0.145366 -0.750489
v 0.748477 -0.154745 -0.748477
v 0.747798 -0.164500 -0.747798
v 0.748477 -0.174254 -0.748477
v 0.750489 -0.183634 -0.750489
v 0.753756 -0.192279 -0.753756
v 0.758153 -0.199855 -0.758153
v 0.763511 -0.206073 -0.763511
v 0.769623 -0.210694 -0.769623
v 0.776255 -0.213539 -0.776256
v 0.783153 -0.214500 -0.783153
v 0.790050 -0.213539 -0.790051
v 0.796683 -0.210694 -0.796683
v 0.802795 -0.206073 -0.802795
v 0.808153 -0.199855 -0.808153
v 0.812550 -0.192279 -0.812550
v 0.815817 -0.183634 -0.815817
v 0.817829 -0.174254 -0.817829
v 0.818508 -0.164500 -0.818508
v 0.817829 -0.154745 -0.817829
v 0.815817 -0.145366 -0.815817
v 0.812550 -0.136721 -0.812550
v 0.808153 -0.129145 -0.808153
v 0.802795 -0.122926 -0.802795
v 0.796683 -0.118306 -0.796683
v 0.790050 -0.115461 -0.790051
v 0.653241 -0.076250 -0.869957
v 0.649508 -0.077211 -0.860945
v 0.645919 -0.080056 -0.852280
v 0.642611 -0.084677 -0.844293
v 0.639711 -0.090895 -0.837293
v 0.637332 -0.098471 -0.831548
v 0.635564 -0.107116 -0.827280
v 0.634475 -0.116495 -0.824651
v 0.634107 -0.126250 -0.823763
v 0.634475 -0.136004 -0.824651
v 0.635564 -0.145384 -0.827280
v 0.637332 -0.154028 -0.831548
v 0.639711 -0.161605 -0.837293
v 0.642611 -0.167823 -0.844293
v 0.645919 -0.172444 -0.852280
v 0.649508 -0.175289 -0.860945
v 0.653241 -0.176250 -0.869957
v 0.656974 -0.175289 -0.878969
v 0.660564 -0.172444 -0.887635
v 0.663872 -0.167823 -0.895621
v 0.666771 -0.161605 -0.902621
v 0.669151 -0.154028 -0.908366
v 0.670919 -0.145384 -0.912635
v 0.672008 -0.136004 -0.915264
v 0.672375 -0.126250 -0.916151
v 0.672008 -0.116495 -0.915264
v 0.670919 -0.107116 -0.912635
v 0.669151 -0.098471 -0.908366
v 0.666771 -0.090895 -0.902621
v 0.663872 -0.084677 -0.895621
v 0.660564 -0.080056 -0.887635
v 0.656974 -0.077211 -0.878969
v 0.500000 -0.038000 -0.900439
v 0.500000 -0.038961 -0.890684
v 0.500000 -0.041806 -0.881305
v 0.500000 -0.046426 -0.872660
v 0.500000 -0.052645 -0.865083
v 0.500000 -0.060221 -0.858865
v 0.500000 -0.068866 -0.854245
v 0.500000 -0.078245 -0.851399
v 0.500000 -0.088000 -0.850439
v 0.500000 -0.097754 -0.851399
v 0.500000 -0.107134 -0.854245
v 0.500000 -0.115778 -0.858865
v 0.500000 -0.123355 -0.865083
v 0.500000 -0.129573 -0.872660
v 0.500000 -0.134194 -0.881305
v 0.500000 -0.137039 -0.890684
v 0.500000 -0.138000 -0.900439
v 0.500000 -0.137039 -0.910193
v 0.500000 -0.134194 -0.919573
v 0.500000 -0.129573 -0.928217
v 0.500000 -0.123355 -0.935794
v 0.500000 -0.115778 -0.942012
v 0.500000 -0.107134 -0.946633
v 0.500000 -0.097754 -0.949478
v 0.500000 -0.088000 -0.950439
v 0.500000 -0.078245 -0.949478
v 0.500000 -0.068866 -0.946633
v 0.500000 -0.060221 -0.942012
v 0.500000 -0.052645 -0.935794
v 0.500000 -0.046426 -0.928217
v 0.500000 -0.041806 -0.919573
v 0.500000 -0.038961 -0.910193
v 0.346759 0.000250 -0.869957
v 0.350492 -0.000711 -0.860945
v 0.354081 -0.003556 -0.852279
v 0.357389 -0.008177 -0.844293
v 0.360289 -0.014395 -0.837293
v 0.362668 -0.021971 -0.831548
v 0.364436 -0.030616 -0.827279
v 0.365525 -0.039995 -0.824651
v 0.365893 -0.049750 -0.823763
v 0.365525 -0.059505 -0.824651
v 0.364436 -0.068884 -0.827279
v 0.362668 -0.077528 -0.831548
v 0.360289 -0.085105 -0.837293
v 0.357389 -0.091323 -0.844293
v 0.354081 -0.095944 -0.852279
v 0.350492 -0.098789 -0.860945
v 0.346759 -0.099750 -0.869957
v 0.343026 -0.098789 -0.878969
v 0.339436 -0.095944 -0.887635
v 0.336128 -0.091323 -0.895621
v 0.333229 -0.085105 -0.902621
v 0.330849 -0.077528 -0.908366
v 0.329081 -0.068884 -0.912635
v 0.327992 -0.059505 -0.915263
v 0.327624 -0.049750 -0.916151
v 0.327992 -0.039995 -0.915263
v 0.329081 -0.030616 -0.912635
v 0.330849 -0.021971 -0.908366
v 0.333229 -0.014395 -0.902621
v 0.336128 -0.008177 -0.895621
v 0.339436 -0.003556 -0.887635
v 0.343026 -0.000711 -0.878969
v 0.216847 0.038500 -0.783153
v 0.223745 0.037539 -0.776255
v 0.230377 0.034694 -0.769623
v 0.236489 0.030074 -0.763511
v 0.241847 0.023855 -0.758153
v 0.246244 0.016279 -0.753756
v 0.249511 0.007634 -0.750489
v 0.251523 -0.001745 -0.748477
v 0.252202 -0.011500 -0.747798
v 0.251523 -0.021254 -0.748477
v 0.249511 -0.030634 -0.750489
v 0.246244 -0.039279 -0.753756
v 0.241847 -0.046855 -0.758153
v 0.236489 -0.053073 -0.763511
v 0.230377 -0.057694 -0.769623
v 0.223745 -0.060539 -0.776255
v 0.216847 -0.061500 -0.783153
v 0.209950 -0.060539 -0.790051
v 0.203317 -0.057694 -0.796683
v 0.197205 -0.053073 -0.802795
v 0.191847 -0.046855 -0.808153
v 0.187450 -0.039279 -0.812550
v 0.184183 -0.030634 -0.815817
v 0.182171 -0.021254 -0.817829
v 0.181492 -0.011500 -0.818508
v 0.182171 -0.001745 -0.817829
v 0.184183 0.007634 -0.815817
v 0.187450 0.016279 -0.812550
v 0.191847 0.023855 -0.808153
v 0.197205 0.030074 -0.802795
v 0.203317 0.034694 -0.796683
v 0.209950 0.037539 -0.790051
v 0.130043 0.076750 -0.653241
v 0.139055 0.075789 -0.649508
v 0.147721 0.072944 -0.645919
v 0.155707 0.068324 -0.642611
v 0.162707 0.062105 -0.639711
v 0.168452 0.054529 -0.637332
v 0.172720 0.045884 -0.635564
v 0.175349 0.036505 -0.634475
v 0.176237 0.026750 -0.634107
v 0.175349 0.016996 -0.634475
v 0.172720 0.007616 -0.635564
v 0.168452 -0.001028 -0.637332
v 0.162707 -0.008605 -0.639711
v 0.155707 -0.014823 -0.642611
v 0.147721 -0.019444 -0.645919
v 0.139055 -0.022289 -0.649508
v 0.130043 -0.023250 -0.653241
v 0.121031 -0.022289 -0.656974
v 0.112365 -0.019444 -0.660564
v 0.104379 -0.014823 -0.663872
v 0.097379 -0.008605 -0.666771
v 0.091634 -0.001028 -0.669151
v 0.087365 0.007616 -0.670919
v 0.084736 0.016996 -0.672008
v 0.083849 0.026750 -0.672375
v 0.084736 0.036505 -0.672008
v 0.087365 0.045884 -0.670919
v 0.091634 0.054529 -0.669151
v 0.097379 0.062105 -0.666771
v 0.104379 0.068324 -0.663872
v 0.112365 0.072944 -0.660564
v 0.121031 0.075789 -0.656974
v 0.099561 0.115000 -0.500000
v 0.109316 0.114039 -0.500000
v 0.118695 0.111194 -0.500000
v 0.127340 0.106574 -0.500000
v 0.134917 0.100355 -0.500000
v 0.141135 0.092779 -0.500000
v 0.145755 0.084134 -0.500000
v 0.148601 0.074755 -0.500000
v 0.149561 0.065000 -0.500000
v 0.148601 0.055246 -0.500000
v 0.145755 0.045866 -0.500000
v 0.141135 0.037221 -0.500000
v 0.134917 0.029645 -0.500000
v 0.127340 0.023427 -0.500000
v 0.118695 0.018806 -0.500000
v 0.109316 0.015961 -0.500000
v 0.099561 0.015000 -0.500000
v 0.089807 0.015961 -0.500000
v 0.080427 0.018806 -0.500000
v 0.071783 0.023427 -0.500000
v 0.064206 0.029645 -0.500000
v 0.057988 0.037221 -0.500000
v 0.053367 0.045866 -0.500000
v 0.050522 0.055246 -0.500000
v 0.049561 0.065000 -0.500000
v 0.050522 0.074755 -0.500000
v 0.053367 0.084134 -0.500000
v 0.057988 0.092779 -0.500000
v 0.064206 0.100355 -0.500000
v 0.071783 0.106574 -0.500000
v 0.080427 0.111194 -0.500000
v 0.089807 0.114039 -0.500000
v 0.130043 0.153250 -0.346759
v 0.139055 0.152289 -0.350491
v 0.147721 0.149444 -0.354081
v 0.155707 0.144824 -0.357389
v 0.162707 0.138605 -0.360288
v 0.168452 0.131029 -0.362668
v 0.172721 0.122384 -0.364436
v 0.175349 0.113005 -0.365525
v 0.176237 0.103250 -0.365893
v 0.175349 0.093496 -0.365525
v 0.172721 0.084116 -0.364436
v 0.168452 0.075472 -0.362668
v 0.162707 0.067895 -0.360288
v 0.155707 0.061677 -0.357389
v 0.147721 0.057056 -0.354081
v 0.139055 0.054211 -0.350491
v 0.130043 0.053250 -0.346759
v 0.121031 0.054211 -0.343026
v 0.112365 0.057056 -0.339436
v 0.104379 0.061677 -0.336128
v 0.097379 0.067895 -0.333229
v 0.091634 0.075472 -0.330849
v 0.087365 0.084116 -0.329081
v 0.084737 0.093496 -0.327992
v 0.083849 0.103250 -0.327624
v 0.084737 0.113005 -0.327992
v 0.087365 0.122384 -0.329081
v 0.091634 0.131029 -0.330849
v 0.097379 0.138605 -0.333229
v 0.104379 0.144824 -0.336128
v 0.112365 0.149444 -0.339436
v 0.121031 0.152289 -0.343026
v 0.216847 0.191500 -0.216847
v 0.223745 0.190539 -0.223744
v 0.230377 0.187694 -0.230377
v 0.236490 0.183074 -0.236489
v 0.241847 0.176856 -0.241847
v 0.246244 0.169279 -0.246244
v 0.249511 0.160634 -0.249511
v 0.251523 0.151255 -0.251523
v 0.252203 0.141500 -0.252202
v 0.251523 0.131746 -0.251523
v 0.249511 0.122366 -0.249511
v 0.246244 0.113722 -0.246244
v 0.241847 0.106145 -0.241847
v 0.236490 0.099927 -0.236489
v 0.230377 0.095306 -0.230377
v 0.223745 0.092461 -0.223744
v 0.216847 0.091500 -0.216847
v 0.209950 0.092461 -0.209949
v 0.203317 0.095306 -0.203317
v 0.197205 0.099927 -0.197205
v 0.191847 0.106145 -0.191847
v 0.187450 0.113722 -0.187450
v 0.184183 0.122366 -0.184183
v 0.182171 0.131746 -0.182171
v 0.181492 0.141500 -0.181492
v 0.182171 0.151255 -0.182171
v 0.184183 0.160634 -0.184183
v 0.187450 0.169279 -0.187450
v 0.191847 0.176856 -0.191847
v 0.197205 0.183074 -0.197205
v 0.203317 0.187694 -0.203317
v 0.209950 0.190539 -0.209949
v 0.346759 0.229750 -0.130043
v 0.350492 0.228789 -0.139055
v 0.354081 0.225944 -0.147721
v 0.357389 0.221323 -0.155707
v 0.360289 0.215105 -0.162707
v 0.362668 0.207529 -0.168452
v 0.364436 0.198884 -0.172721
v 0.365525 0.189505 -0.175349
v 0.365893 0.179750 -0.176237
v 0.365525 0.169995 -0.175349
v 0.364436 0.160616 -0.172721
v 0.362668 0.151971 -0.168452
v 0.360289 0.144395 -0.162707
v 0.357389 0.138176 -0.155707
v 0.354081 0.133556 -0.147721
v 0.350492 0.130711 -0.139055
v 0.346759 0.129750 -0.130043
v 0.343026 0.130711 -0.121031
v 0.339436 0.133556 -0.112365
v 0.336128 0.138176 -0.104379
v 0.333229 0.144395 -0.097379
v 0.330849 0.151971 -0.091634
v 0.329081 0.160616 -0.087365
v 0.327992 0.169995 -0.084736
v 0.327625 0.179750 -0.083849
v 0.327992 0.189505 -0.084736
v 0.329081 0.198884 -0.087365
v 0.330849 0.207529 -0.091634
v 0.333229 0.215105 -0.097379
v 0.336128 0.221323 -0.104379
v 0.339436 0.225944 -0.112365
v 0.343026 0.228789 -0.121031
v 0.500000 0.268000 -0.099561
v 0.500000 0.267039 -0.109316
v 0.500000 0.264194 -0.118695
v 0.500000 0.259574 -0.127340
v 0.500000 0.253355 -0.134917
v 0.500000 0.245779 -0.141135
v 0.500000 0.237134 -0.145755
v 0.500000 0.227755 -0.148601
v 0.500000 0.218000 -0.149561
v 0.500000 0.208246 -0.148601
v 0.500000 0.198866 -0.145755
v 0.500000 0.190222 -0.141135
v 0.500000 0.182645 -0.134917
v 0.500000 0.176427 -0.127340
v 0.500000 0.171806 -0.118695
v 0.500000 0.168961 -0.109316
v 0.500000 0.168000 -0.099561
v 0.500000 0.168961 -0.089807
v 0.500000 0.171806 -0.080427
v 0.500000 0.176427 -0.071783
v 0.500000 0.182645 -0.064206
v 0.500000 0.190222 -0.057988
v 0.500000 0.198866 -0.053367
v 0.500000 0.208246 -0.050522
v 0.500000 0.218000 -0.049561
v 0.500000 0.227755 -0.050522
v 0.500000 0.237134 -0.053367
v 0.500000 0.245779 -0.057988
v 0.500000 0.253355 -0.064206
v 0.500000 0.259574 -0.071783
v 0.500000 0.264194 -0.080427
v 0.500000 0.267039 -0.089807
v 0.653241 0.306250 -0.130043
v 0.649508 0.305289 -0.139055
v 0.645919 0.302444 -0.147721
v 0.642611 0.297824 -0.155707
v 0.639711 0.291605 -0.162707
v 0.637332 0.284029 -0.168452
v 0.635564 0.275384 -0.172721
v 0.634475 0.266005 -0.175349
v 0.634107 0.256250 -0.176237
v 0.634475 0.246495 -0.175349
v 0.635564 0.237116 -0.172721
v 0.637332 0.228472 -0.168452
v 0.639711 0.220895 -0.162707
v 0.642611 0.214676 -0.155707
v 0.645919 0.210056 -0.147721
v 0.649508 0.207211 -0.139055
v 0.653241 0.206250 -0.130043
v 0.656974 0.207211 -0.121031
v 0.660564 0.210056 -0.112365
v 0.663872 0.214676 -0.104379
v 0.666771 0.220895 -0.097379
v 0.669151 0.228472 -0.091634
v 0.670919 0.237116 -0.087365
v 0.672008 0.246495 -0.084736
v 0.672376 0.256250 -0.083849
v 0.672008 0.266005 -0.084736
v 0.670919 0.275384 -0.087365
v 0.669151 0.284029 -0.091634
v 0.666771 0.291605 -0.097379
v 0.663872 0.297824 -0.104379
v 0.660564 0.302444 -0.112365
v 0.656974 0.305289 -0.121031
v 0.783153 0.344500 -0.216847
v 0.776256 0.343539 -0.223745
v 0.769623 0.340694 -0.230377
v 0.763511 0.336074 -0.236489
v 0.758153 0.329856 -0.241847
v 0.753756 0.322279 -0.246244
v 0.750489 0.313634 -0.249511
v 0.748477 0.304255 -0.251523
v 0.747798 0.294500 -0.252202
v 0.748477 0.284746 -0.251523
v 0.750489 0.275366 -0.249511
v 0.753756 0.266722 -0.246244
v 0.758153 0.259145 -0.241847
v 0.763511 0.252927 -0.236489
v 0.769623 0.248306 -0.230377
v 0.776256 0.245461 -0.223745
v 0.783153 0.244500 -0.216847
v 0.790051 0.245461 -0.209950
v 0.796683 0.248306 -0.203317
v 0.802795 0.252927 -0.197205
v 0.808153 0.259145 -0.191847
v 0.812550 0.266722 -0.187450
v 0.815817 0.275366 -0.184183
v 0.817829 0.284746 -0.182171
v 0.818508 0.294500 -0.181492
v 0.817829 0.304255 -0.182171
v 0.815817 0.313634 -0.184183
v 0.812550 0.322279 -0.187450
v 0.808153 0.329856 -0.191847
v 0.802795 0.336074 -0.197205
v 0.796683 0.340694 -0.203317
v 0.790051 0.343539 -0.209950
v 0.869957 0.382750 -0.346759
v 0.860945 0.381789 -0.350492
v 0.852280 0.378944 -0.354081
v 0.844293 0.374324 -0.357389
v 0.837293 0.368105 -0.360289
v 0.831548 0.360529 -0.362668
v 0.827280 0.351884 -0.364437
v 0.824651 0.342505 -0.365525
v 0.823763 0.332750 -0.365893
v 0.824651 0.322995 -0.365525
v 0.827280 0.313616 -0.364437
v 0.831548 0.304972 -0.362668
v 0.837293 0.297395 -0.360289
v 0.844293 0.291177 -0.357389
v 0.852280 0.286556 -0.354081
v 0.860945 0.283711 -0.350492
v 0.869957 0.282750 -0.346759
v 0.878969 0.283711 -0.343026
v 0.887635 0.286556 -0.339437
v 0.895621 0.291177 -0.336129
v 0.902621 0.297395 -0.333229
v 0.908366 0.304972 -0.330849
v 0.912635 0.313616 -0.329081
v 0.915264 0.322995 -0.327992
v 0.916151 0.332750 -0.327625
v 0.915264 0.342505 -0.327992
v 0.912635 0.351884 -0.329081
v 0.908366 0.360529 -0.330849
v 0.902621 0.368105 -0.333229
v 0.895621 0.374324 -0.336129
v 0.887635 0.378944 -0.339437
v 0.878969 0.381789 -0.343026
v 0.900439 0.421000 -0.500000
v 0.890684 0.420039 -0.500000
v 0.881305 0.417194 -0.500000
v 0.872660 0.412574 -0.500000
v 0.865083 0.406355 -0.500000
v 0.858865 0.398779 -0.500000
v 0.854245 0.390134 -0.500000
v 0.851400 0.380755 -0.500000
v 0.850439 0.371000 -0.500000
v 0.851400 0.361245 -0.500000
v 0.854245 0.351866 -0.500000
v 0.858865 0.343221 -0.500000
v 0.865083 0.335645 -0.500000
v 0.872660 0.329426 -0.500000
v 0.881305 0.324806 -0.500000
v 0.890684 0.321961 -0.500000
v 0.900439 0.321000 -0.500000
v 0.910193 0.321961 -0.500000
v 0.919573 0.324806 -0.500000
v 0.928217 0.329426 -0.500000
v 0.935794 0.335645 -0.500000
v 0.942012 0.343221 -0.500000
v 0.946633 0.351866 -0.500000
v 0.949478 0.361245 -0.500000
v 0.950439 0.371000 -0.500000
v 0.949478 0.380755 -0.500000
v 0.946633 0.390134 -0.500000
v 0.942012 0.398779 -0.500000
v 0.935794 0.406355 -0.500000
v 0.928217 0.412574 -0.500000
v 0.919573 0.417194 -0.500000
v 0.910193 0.420039 -0.500000
v 0.869957 0.459250 -0.653241
v 0.860945 0.458289 -0.649508
v 0.852280 0.455444 -0.645919
v 0.844293 0.450824 -0.642611
v 0.837293 0.444606 -0.639711
v 0.831548 0.437029 -0.637332
v 0.827280 0.428384 -0.635564
v 0.824651 0.419005 -0.634475
v 0.823763 0.409250 -0.634107
v 0.824651 0.399496 -0.634475
v 0.827280 0.390116 -0.635564
v 0.831548 0.381472 -0.637332
v 0.837293 0.373895 -0.639711
v 0.844293 0.367677 -0.642611
v 0.852280 0.363056 -0.645919
v 0.860945 0.360211 -0.649508
v 0.869957 0.359250 -0.653241
v 0.878969 0.360211 -0.656974
v 0.887635 0.363056 -0.660564
v 0.895621 0.367677 -0.663872
v 0.902621 0.373895 -0.666771
v 0.908366 0.381472 -0.669151
v 0.912635 0.390116 -0.670919
v 0.915264 0.399496 -0.672008
v 0.916151 0.409250 -0.672375
v 0.915264 0.419005 -0.672008
v 0.912635 0.428384 -0.670919
v 0.908366 0.437029 -0.669151
v 0.902621 0.444606 -0.666771
v 0.895621 0.450824 -0.663872
v 0.887635 0.455444 -0.660564
v 0.878969 0.458289 -0.656974
v 0.783153 0.497500 -0.783153
v 0.776255 0.496539 -0.776255
v 0.769623 0.493694 -0.769623
v 0.763511 0.489074 -0.763511
v 0.758153 0.482855 -0.758153
v 0.753756 0.475279 -0.753756
v 0.750489 0.466634 -0.750489
v 0.748477 0.457255 -0.748477
v 0.747798 0.447500 -0.747798
v 0.748477 0.437746 -0.748477
v 0.750489 0.428366 -0.750489
v 0.753756 0.419722 -0.753756
v 0.758153 0.412145 -0.758153
v 0.763511 0.405927 -0.763511
v 0.769623 0.401306 -0.769623
v 0.776255 0.398461 -0.776255
v 0.783153 0.397500 -0.783153
v 0.790051 0.398461 -0.790050
v 0.796683 0.401306 -0.796683
v 0.802795 0.405927 -0.802795
v 0.808153 0.412145 -0.808153
v 0.812550 0.419722 -0.812550
v 0.815817 0.428366 -0.815817
v 0.817829 0.437746 -0.817829
v 0.818508 0.447500 -0.818508
v 0.817829 0.457255 -0.817829
v 0.815817 0.466634 -0.815817
v 0.812550 0.475279 -0.812550
v 0.808153 0.482855 -0.808153
v 0.802795 0.489074 -0.802795
v 0.796683 0.493694 -0.796683
v 0.790051 0.496539 -0.790050
v 0.653241 0.535750 -0.869957
v 0.649508 0.534789 -0.860945
v 0.645919 0.531944 -0.852280
v 0.642611 0.527324 -0.844293
v 0.639711 0.521105 -0.837293
v 0.637332 0.513529 -0.831548
v 0.635564 0.504884 -0.827280
v 0.634475 0.495505 -0.824651
v 0.634107 0.485750 -0.823763
v 0.634475 0.475995 -0.824651
v 0.635564 0.466616 -0.827280
v 0.637332 0.457972 -0.831548
v 0.639711 0.450395 -0.837293
v 0.642611 0.444176 -0.844293
v 0.645919 0.439556 -0.852280
v 0.649508 0.436711 -0.860945
v 0.653241 0.435750 -0.869957
v 0.656974 0.436711 -0.878969
v 0.660564 0.439556 -0.887635
v 0.663872 0.444176 -0.895621
v 0.666771 0.450395 -0.902621
v 0.669151 0.457972 -0.908366
v 0.670919 0.466616 -0.912635
v 0.672008 0.475995 -0.915264
v 0.672375 0.485750 -0.916151
v 0.672008 0.495505 -0.915264
v 0.670919 0.504884 -0.912635
v 0.669151 0.513529 -0.908366
v 0.666771 0.521105 -0.902621
v 0.663872 0.527324 -0.895621
v 0.660564 0.531944 -0.887635
v 0.656974 0.534789 -0.878969
v 0.500000 0.574000 -0.900439
v 0.500000 0.573039 -0.890684
v 0.500000 0.570194 -0.881305
v 0.500000 0.565574 -0.872660
v 0.500000 0.559355 -0.865083
v 0.500000 0.551779 -0.858865
v 0.500000 0.543134 -0.854245
v 0.500000 0.533755 -0.851399
v 0.500000 0.524000 -0.850439
v 0.500000 0.514246 -0.851399
v 0.500000 0.504866 -0.854245
v 0.500000 0.496222 -0.858865
v 0.500000 0.488645 -0.865083
v 0.500000 0.482427 -0.872660
v 0.500000 0.477806 -0.881305
v 0.500000 0.474961 -0.890684
v 0.500000 0.474000 -0.900439
v 0.500000 0.474961 -0.910193
v 0.500000 0.477806 -0.919573
v 0.500000 0.482427 -0.928217
v 0.500000 0.488645 -0.935794
v 0.500000 0.496222 -0.942012
v 0.500000 0.504866 -0.946633
v 0.500000 0.514246 -0.949478
v 0.500000 0.524000 -0.950439
v 0.500000 0.533755 -0.949478
v 0.500000 0.543134 -0.946633
v 0.500000 0.551779 -0.942012
v 0.500000 0.559355 -0.935794
v 0.500000 0.565574 -0.928217
v 0.500000 0.570194 -0.919573
v 0.500000 0.573039 -0.910193
v 0.346759 0.612250 -0.869957
v 0.350491 0.611289 -0.860945
v 0.354081 0.608444 -0.852279
v 0.357389 0.603824 -0.844293
v 0.360289 0.597605 -0.837293
v 0.362668 0.590029 -0.831548
v 0.364436 0.581384 -0.827279
v 0.365525 0.572005 -0.824651
v 0.365893 0.562250 -0.823763
v 0.365525 0.552496 -0.824651
v 0.364436 0.543116 -0.827279
v 0.362668 0.534472 -0.831548
v 0.360289 0.526895 -0.837293
v 0.357389 0.520677 -0.844293
v 0.354081 0.516056 -0.852279
v 0.350491 0.513211 -0.860945
v 0.346759 0.512250 -0.869957
v 0.343026 0.513211 -0.878969
v 0.339436 0.516056 -0.887635
v 0.336128 0.520677 -0.895621
v 0.333229 0.526895 -0.902621
v 0.330849 0.534472 -0.908366
v 0.329081 0.543116 -0.912635
v 0.327992 0.552496 -0.915263
v 0.327624 0.562250 -0.916151
v 0.327992 0.572005 -0.915263
v 0.329081 0.581384 -0.912635
v 0.330849 0.590029 -0.908366
v 0.333229 0.597605 -0.902621
v 0.336128 0.603824 -0.895621
v 0.339436 0.608444 -0.887635
v 0.343026 0.611289 -0.878969
v 0.216847 0.650500 -0.783153
v 0.223744 0.649539 -0.776255
v 0.230377 0.646694 -0.769623
v 0.236489 0.642074 -0.763510
v 0.241847 0.635855 -0.758153
v 0.246244 0.628279 -0.753756
v 0.249511 0.619634 -0.750489
v 0.251523 0.610255 -0.748477
v 0.252202 0.600500 -0.747797
v 0.251523 0.590746 -0.748477
v 0.249511 0.581366 -0.750489
v 0.246244 0.572722 -0.753756
v 0.241847 0.565145 -0.758153
v 0.236489 0.558927 -0.763510
v 0.230377 0.554306 -0.769623
v 0.223744 0.551461 -0.776255
v 0.216847 0.550500 -0.783153
v 0.209949 0.551461 -0.790050
v 0.203317 0.554306 -0.796683
v 0.197205 0.558927 -0.802795
v 0.191847 0.565145 -0.808153
v 0.187450 0.572722 -0.812550
v 0.184183 0.581366 -0.815817
v 0.182171 0.590746 -0.817829
v 0.181492 0.600500 -0.818508
v 0.182171 0.610255 -0.817829
v 0.184183 0.619634 -0.815817
v 0.187450 0.628279 -0.812550
v 0.191847 0.635855 -0.808153
v 0.197205 0.642074 -0.802795
v 0.203317 0.646694 -0.796683
v 0.209949 0.649539 -0.790050
v 0.130043 0.688750 -0.653241
v 0.139055 0.687789 -0.649508
v 0.147720 0.684944 -0.645919
v 0.155707 0.680324 -0.642611
v 0.162707 0.674105 -0.639711
v 0.168452 0.666529 -0.637331
v 0.172720 0.657884 -0.635563
v 0.175349 0.648505 -0.634475
v 0.176237 0.638750 -0.634107
v 0.175349 0.628996 -0.634475
v 0.172720 0.619616 -0.635563
v 0.168452 0.610972 -0.637331
v 0.162707 0.603395 -0.639711
v 0.155707 0.597177 -0.642611
v 0.147720 0.592556 -0.645919
v 0.139055 0.589711 -0.649508
v 0.130043 0.588750 -0.653241
v 0.121031 0.589711 -0.656974
v 0.112365 0.592556 -0.660563
v 0.104379 0.597177 -0.663871
v 0.097379 0.603395 -0.666771
v 0.091634 0.610972 -0.669150
v 0.087365 0.619616 -0.670919
v 0.084736 0.628996 -0.672007
v 0.083849 0.638750 -0.672375
v 0.084736 0.648505 -0.672007
v 0.087365 0.657884 -0.670919
v 0.091634 0.666529 -0.669150
v 0.097379 0.674105 -0.666771
v 0.104379 0.680324 -0.663871
v 0.112365 0.684944 -0.660563
v 0.121031 0.687789 -0.656974
v 0.099561 0.727000 -0.500000
v 0.109316 0.726039 -0.500000
v 0.118695 0.723194 -0.500000
v 0.127340 0.718574 -0.500000
v 0.134917 0.712355 -0.500000
v 0.141135 0.704779 -0.500000
v 0.145755 0.696134 -0.500000
v 0.148601 0.686755 -0.500000
v 0.149561 0.677000 -0.500000
v 0.148601 0.667246 -0.500000
v 0.145755 0.657866 -0.500000
v 0.141135 0.649222 -0.500000
v 0.134917 0.641645 -0.500000
v 0.127340 0.635427 -0.500000
v 0.118695 0.630806 -0.500000
v 0.109316 0.627961 -0.500000
v 0.099561 0.627000 -0.500000
v 0.089807 0.627961 -0.500000
v 0.080427 0.630806 -0.500000
v 0.071783 0.635427 -0.500000
v 0.064206 0.641645 -0.500000
v 0.057988 0.649222 -0.500000
v 0.053367 0.657866 -0.500000
v 0.050522 0.667246 -0.500000
v 0.049561 0.677000 -0.500000
v 0.050522 0.686755 -0.500000
v 0.053367 0.696134 -0.500000
v 0.057988 0.704779 -0.500000
v 0.064206 0.712355 -0.500000
v 0.071783 0.718574 -0.500000
v 0.080427 0.723194 -0.500000
v 0.089807 0.726039 -0.500000
v 0.130043 0.765250 -0.346759
v 0.139055 0.764289 -0.350492
v 0.147721 0.761444 -0.354081
v 0.155707 0.756824 -0.357389
v 0.162707 0.750605 -0.360289
v 0.168452 0.743029 -0.362668
v 0.172721 0.734384 -0.364436
v 0.175349 0.725005 -0.365525
v 0.176237 0.715250 -0.365893
v 0.175349 0.705496 -0.365525
v 0.172721 0.696116 -0.364436
v 0.168452 0.687472 -0.362668
v 0.162707 0.679895 -0.360289
v 0.155707 0.673677 -0.357389
v 0.147721 0.669056 -0.354081
v 0.139055 0.666211 -0.350492
v 0.130043 0.665250 -0.346759
v 0.121031 0.666211 -0.343026
v 0.112365 0.669056 -0.339436
v 0.104379 0.673677 -0.336128
v 0.097379 0.679895 -0.333229
v 0.091634 0.687472 -0.330849
v 0.087365 0.696116 -0.329081
v 0.084737 0.705496 -0.327992
v 0.083849 0.715250 -0.327624
v 0.084737 0.725005 -0.327992
v 0.087365 0.734384 -0.329081
v 0.091634 0.743029 -0.330849
v 0.097379 0.750605 -0.333229
v 0.104379 0.756824 -0.336128
v 0.112365 0.761444 -0.339436
v 0.121031 0.764289 -0.343026
v 0.216847 0.803500 -0.216847
v 0.223745 0.802539 -0.223744
v 0.230377 0.799694 -0.230377
v 0.236490 0.795074 -0.236489
v 0.241847 0.788855 -0.241847
v 0.246244 0.781279 -0.246244
v 0.249511 0.772634 -0.249511
v 0.251523 0.763255 -0.251523
v 0.252203 0.753500 -0.252202
v 0.251523 0.743746 -0.251523
v 0.249511 0.734366 -0.249511
v 0.246244 0.725722 -0.246244
v 0.241847 0.718145 -0.241847
v 0.236490 0.711927 -0.236489
v 0.230377 0.707306 -0.230377
v 0.223745 0.704461 -0.223744
v 0.216847 0.703500 -0.216847
v 0.209950 0.704461 -0.209949
v 0.203317 0.707306 -0.203317
v 0.197205 0.711927 -0.197205
v 0.191847 0.718145 -0.191847
v 0.187450 0.725722 -0.187450
v 0.184183 0.734366 -0.184183
v 0.182171 0.743746 -0.182171
v 0.181492 0.753500 -0.181492
v 0.182171 0.763255 -0.182171
v 0.184183 0.772634 -0.184183
v 0.187450 0.781279 -0.187450
v 0.191847 0.788855 -0.191847
v 0.197205 0.795074 -0.197205
v 0.203317 0.799694 -0.203317
v 0.209950 0.802539 -0.209949
v 0.346759 0.841750 -0.130043
v 0.350492 0.840789 -0.139055
v 0.354081 0.837944 -0.147720
v 0.357389 0.833324 -0.155707
v 0.360289 0.827105 -0.162707
v 0.362668 0.819529 -0.168452
v 0.364437 0.810884 -0.172720
v 0.365525 0.801505 -0.175349
v 0.365893 0.791750 -0.176237
v 0.365525 0.781995 -0.175349
v 0.364437 0.772616 -0.172720
v 0.362668 0.763972 -0.168452
v 0.360289 0.756395 -0.162707
v 0.357389 0.750177 -0.155707
v 0.354081 0.745556 -0.147720
v 0.350492 0.742711 -0.139055
v 0.346759 0.741750 -0.130043
v 0.343026 0.742711 -0.121031
v 0.339437 0.745556 -0.112365
v 0.336129 0.750177 -0.104379
v 0.333229 0.756395 -0.097379
v 0.330850 0.763972 -0.091634
v 0.329081 0.772616 -0.087365
v 0.327992 0.781995 -0.084736
v 0.327625 0.791750 -0.083849
v 0.327992 0.801505 -0.084736
v 0.329081 0.810884 -0.087365
v 0.330850 0.819529 -0.091634
v 0.333229 0.827105 -0.097379
v 0.336129 0.833324 -0.104379
v 0.339437 0.837944 -0.112365
v 0.343026 0.840789 -0.121031
v 0.500000 0.880000 -0.099561
v 0.500000 0.879039 -0.109316
v 0.500000 0.876194 -0.118695
v 0.500000 0.871574 -0.127340
v 0.500000 0.865355 -0.134917
v 0.500000 0.857779 -0.141135
v 0.500000 0.849134 -0.145755
v 0.500000 0.839755 -0.148601
v 0.500000 0.830000 -0.149561
v 0.500000 0.820245 -0.148601
v 0.500000 0.810866 -0.145755
v 0.500000 0.802221 -0.141135
v 0.500000 0.794645 -0.134917
v 0.500000 0.788427 -0.127340
v 0.500000 0.783806 -0.118695
v 0.500000 0.780961 -0.109316
v 0.500000 0.780000 -0.099561
v 0.500000 0.780961 -0.089807
v 0.500000 0.783806 -0.080427
v 0.500000 0.788427 -0.071783
v 0.500000 0.794645 -0.064206
v 0.500000 0.802221 -0.057988
v 0.500000 0.810866 -0.053367
v 0.500000 0.820245 -0.050522
v 0.500000 0.830000 -0.049561
v 0.500000 0.839755 -0.050522
v 0.500000 0.849134 -0.053367
v 0.500000 0.857779 -0.057988
v 0.500000 0.865355 -0.064206
v 0.500000 0.871574 -0.071783
v 0.500000 0.876194 -0.080427
v 0.500000 0.879039 -0.089807
v 0.653241 0.918250 -0.130043
v 0.649508 0.917289 -0.139055
v 0.645919 0.914444 -0.147720
v 0.642611 0.909824 -0.155707
v 0.639711 0.903606 -0.162707
v 0.637332 0.896029 -0.168452
v 0.635564 0.887384 -0.172720
v 0.634475 0.878005 -0.175349
v 0.634107 0.868250 -0.176237
v 0.634475 0.858496 -0.175349
v 0.635564 0.849116 -0.172720
v 0.637332 0.840472 -0.168452
v 0.639711 0.832895 -0.162707
v 0.642611 0.826677 -0.155707
v 0.645919 0.822056 -0.147720
v 0.649508 0.819211 -0.139055
v 0.653241 0.818250 -0.130043
v 0.656974 0.819211 -0.121031
v 0.660564 0.822056 -0.112365
v 0.663872 0.826677 -0.104379
v 0.666771 0.832895 -0.097379
v 0.669151 0.840472 -0.091634
v 0.670919 0.849116 -0.087365
v 0.672008 0.858496 -0.084736
v 0.672376 0.868250 -0.083849
v 0.672008 0.878005 -0.084736
v 0.670919 0.887384 -0.087365
v 0.669151 0.896029 -0.091634
v 0.666771 0.903606 -0.097379
v 0.663872 0.909824 -0.104379
v 0.660564 0.914444 -0.112365
v 0.656974 0.917289 -0.121031
v 0.783153 0.956500 -0.216847
v 0.776256 0.955539 -0.223745
v 0.769623 0.952694 -0.230377
v 0.763511 0.948074 -0.236490
v 0.758153 0.941855 -0.241847
v 0.753756 0.934279 -0.246244
v 0.750489 0.925634 -0.249511
v 0.748477 0.916255 -0.251523
v 0.747798 0.906500 -0.252203
v 0.748477 0.896746 -0.251523
v 0.750489 0.887366 -0.249511
v 0.753756 0.878722 -0.246244
v 0.758153 0.871145 -0.241847
v 0.763511 0.864927 -0.236490
v 0.769623 0.860306 -0.230377
v 0.776256 0.857461 -0.223745
v 0.783153 0.856500 -0.216847
v 0.790051 0.857461 -0.209950
v 0.796683 0.860306 -0.203317
v 0.802796 0.864927 -0.197205
v 0.808153 0.871145 -0.191847
v 0.812550 0.878722 -0.187450
v 0.815817 0.887366 -0.184183
v 0.817829 0.896746 -0.182171
v 0.818509 0.906500 -0.181492
v 0.817829 0.916255 -0.182171
v 0.815817 0.925634 -0.184183
v 0.812550 0.934279 -0.187450
v 0.808153 0.941855 -0.191847
v 0.802796 0.948074 -0.197205
v 0.796683 0.952694 -0.203317
v 0.790051 0.955539 -0.209950
v 0.869957 0.994750 -0.346759
v 0.860945 0.993789 -0.350492
v 0.852280 0.990944 -0.354081
v 0.844293 0.986324 -0.357389
v 0.837293 0.980105 -0.360289
v 0.831548 0.972529 -0.362668
v 0.827280 0.963884 -0.364436
v 0.824651 0.954505 -0.365525
v 0.823763 0.944750 -0.365893
v 0.824651 0.934995 -0.365525
v 0.827280 0.925616 -0.364436
v 0.831548 0.916972 -0.362668
v 0.837293 0.909395 -0.360289
v 0.844293 0.903176 -0.357389
v 0.852280 0.898556 -0.354081
v 0.860945 0.895711 -0.350492
v 0.869957 0.894750 -0.346759
v 0.878969 0.895711 -0.343026
v 0.887635 0.898556 -0.339436
v 0.895621 0.903176 -0.336128
v 0.902621 0.909395 -0.333229
v 0.908366 0.916972 -0.330849
v 0.912635 0.925616 -0.329081
v 0.915264 0.934995 -0.327992
v 0.916151 0.944750 -0.327625
v 0.915264 0.954505 -0.327992
v 0.912635 0.963884 -0.329081
v 0.908366 0.972529 -0.330849
v 0.902621 0.980105 -0.333229
v 0.895621 0.986324 -0.336128
v 0.887635 0.990944 -0.339436
v 0.878969 0.993789 -0.343026
v 0.900439 1.033000 -0.500001
v 0.890684 1.032039 -0.500001
v 0.881305 1.029194 -0.500000
v 0.872660 1.024574 -0.500000
v 0.865084 1.018356 -0.500000
v 0.858865 1.010779 -0.500000
v 0.854245 1.002134 -0.500000
v 0.851400 0.992755 -0.500000
v 0.850439 0.983000 -0.500000
v 0.851400 0.973246 -0.500000
v 0.854245 0.963866 -0.500000
v 0.858865 0.955222 -0.500000
v 0.865083 0.947645 -0.500000
v 0.872660 0.941427 -0.500000
v 0.881305 0.936806 -0.500000
v 0.890684 0.933961 -0.500001
v 0.900439 0.933000 -0.500001
v 0.910193 0.933961 -0.500001
v 0.919573 0.936806 -0.500001
v 0.928217 0.941427 -0.500001
v 0.935794 0.947645 -0.500001
v 0.942012 0.955222 -0.500001
v 0.946633 0.963866 -0.500001
v 0.949478 0.973246 -0.500001
v 0.950439 0.983000 -0.500001
v 0.949478 0.992755 -0.500001
v 0.946633 1.002134 -0.500001
v 0.942012 1.010779 -0.500001
v 0.935794 1.018356 -0.500001
v 0.928217 1.024574 -0.500001
v 0.919573 1.029194 -0.500001
v 0.910193 1.032039 -0.500001
v 0.869957 1.071250 -0.653241
v 0.860945 1.070289 -0.649509
v 0.852279 1.067444 -0.645919
v 0.844293 1.062824 -0.642611
v 0.837293 1.056606 -0.639712
v 0.831548 1.049029 -0.637332
v 0.827279 1.040384 -0.635564
v 0.824651 1.031005 -0.634475
v 0.823763 1.021250 -0.634107
v 0.824651 1.011496 -0.634475
v 0.827279 1.002116 -0.635564
v 0.831548 0.993472 -0.637332
v 0.837293 0.985895 -0.639712
v 0.844293 0.979677 -0.642611
v 0.852279 0.975056 -0.645919
v 0.860945 0.972211 -0.649509
v 0.869957 0.971250 -0.653241
v 0.878969 0.972211 -0.656974
v 0.887635 0.975056 -0.660564
v 0.895621 0.979677 -0.663872
v 0.902621 0.985895 -0.666771
v 0.908366 0.993472 -0.669151
v 0.912635 1.002116 -0.670919
v 0.915263 1.011496 -0.672008
v 0.916151 1.021250 -0.672376
v 0.915263 1.031005 -0.672008
v 0.912635 1.040384 -0.670919
v 0.908366 1.049029 -0.669151
v 0.902621 1.056606 -0.666771
v 0.895621 1.062824 -0.663872
v 0.887635 1.067444 -0.660564
v 0.878969 1.070289 -0.656974
v 0.783153 1.109500 -0.783153
v 0.776256 1.108539 -0.776255
v 0.769623 1.105694 -0.769623
v 0.763511 1.101074 -0.763510
v 0.758153 1.094855 -0.758153
v 0.753756 1.087278 -0.753756
v 0.750489 1.078634 -0.750489
v 0.748477 1.069255 -0.748477
v 0.747798 1.059500 -0.747798
v 0.748477 1.049745 -0.748477
v 0.750489 1.040366 -0.750489
v 0.753756 1.031722 -0.753756
v 0.758153 1.024145 -0.758153
v 0.763511 1.017926 -0.763510
v 0.769623 1.013306 -0.769623
v 0.776256 1.010461 -0.776255
v 0.783153 1.009500 -0.783153
v 0.790051 1.010461 -0.790050
v 0.796683 1.013306 -0.796683
v 0.802796 1.017926 -0.802795
v 0.808153 1.024145 -0.808153
v 0.812550 1.031722 -0.812550
v 0.815817 1.040366 -0.815817
v 0.817829 1.049745 -0.817829
v 0.818508 1.059500 -0.818508
v 0.817829 1.069255 -0.817829
v 0.815817 1.078634 -0.815817
v 0.812550 1.087278 -0.812550
v 0.808153 1.094855 -0.808153
v 0.802796 1.101074 -0.802795
v 0.796683 1.105694 -0.796683
v 0.790051 1.108539 -0.790050
v 0.653241 1.147750 -0.869957
v 0.649508 1.146789 -0.860945
v 0.645919 1.143944 -0.852280
v 0.642611 1.139324 -0.844293
v 0.639711 1.133106 -0.837293
v 0.637332 1.125529 -0.831548
v 0.635563 1.116884 -0.827280
v 0.634475 1.107505 -0.824651
v 0.634107 1.097750 -0.823763
v 0.634475 1.087996 -0.824651
v 0.635563 1.078616 -0.827280
v 0.637332 1.069972 -0.831548
v 0.639711 1.062395 -0.837293
v 0.642611 1.056177 -0.844293
v 0.645919 1.051556 -0.852280
v 0.649508 1.048711 -0.860945
v 0.653241 1.047750 -0.869957
v 0.656974 1.048711 -0.878969
v 0.660563 1.051556 -0.887635
v 0.663871 1.056177 -0.895621
v 0.666771 1.062395 -0.902621
v 0.669150 1.069972 -0.908366
v 0.670919 1.078616 -0.912635
v 0.672008 1.087996 -0.915264
v 0.672375 1.097750 -0.916151
v 0.672008 1.107505 -0.915264
v 0.670919 1.116884 -0.912635
v 0.669150 1.125529 -0.908366
v 0.666771 1.133106 -0.902621
v 0.663871 1.139324 -0.895621
v 0.660563 1.143944 -0.887635
v 0.656974 1.146789 -0.878969
v 0.500000 1.186000 -0.900439
v 0.500000 1.185039 -0.890684
v 0.500000 1.182194 -0.881305
v 0.500000 1.177574 -0.872660
v 0.500000 1.171355 -0.865083
v 0.500000 1.163779 -0.858865
v 0.500000 1.155134 -0.854245
v 0.500000 1.145755 -0.851399
v 0.500000 1.136000 -0.850439
v 0.500000 1.126245 -0.851399
v 0.500000 1.116866 -0.854245
v 0.500000 1.108222 -0.858865
v 0.500000 1.100645 -0.865083
v 0.500000 1.094427 -0.872660
v 0.500000 1.089806 -0.881305
v 0.500000 1.086961 -0.890684
v 0.500000 1.086000 -0.900439
v 0.500000 1.086961 -0.910193
v 0.500000 1.089806 -0.919573
v 0.500000 1.094427 -0.928217
v 0.500000 1.100645 -0.935794
v 0.500000 1.108222 -0.942012
v 0.500000 1.116866 -0.946633
v 0.500000 1.126245 -0.949478
v 0.500000 1.136000 -0.950439
v 0.500000 1.145755 -0.949478
v 0.500000 1.155134 -0.946633
v 0.500000 1.163779 -0.942012
v 0.500000 1.171355 -0.935794
v 0.500000 1.177574 -0.928217
v 0.500000 1.182194 -0.919573
v 0.500000 1.185039 -0.910193
vn 0.2387 0.9710 -0.0154
vn 0.2792 0.9437 0.1772
vn 0.3049 0.8823 0.3585
vn 0.3181 0.7895 0.5249
vn 0.3182 0.6688 0.6719
vn 0.3049 0.5237 0.7955
vn 0.2786 0.3577 0.8913
vn 0.2399 0.1755 0.9548
vn 0.1904 -0.0170 0.9816
vn 0.1327 -0.2119 0.9682
vn 0.0699 -0.4000 0.9139
vn 0.0057 -0.5718 0.8203
vn -0.0566 -0.7191 0.6926
vn -0.1140 -0.8354 0.5377
vn -0.1646 -0.9169 0.3637
vn -0.2071 -0.9618 0.1788
vn -0.2443 -0.9696 -0.0113
vn -0.2709 -0.9428 -0.1943
vn -0.2864 -0.8838 -0.3701
vn -0.2932 -0.7945 -0.5318
vn -0.2912 -0.6779 -0.6750
vn -0.2807 -0.5373 -0.7953
vn -0.2616 -0.3765 -0.8887
vn -0.2339 -0.1998 -0.9515
vn -0.1978 -0.0129 -0.9801
vn -0.1538 0.1779 -0.9720
vn -0.1026 0.3649 -0.9254
vn -0.0458 0.5397 -0.8406
vn 0.0146 0.6935 -0.7203
vn 0.0759 0.8184 -0.5695
vn 0.1353 0.9084 -0.3956
vn 0.1897 0.9597 -0.2073
vn 0.2180 0.9703 -0.1047
vn 0.2935 0.9533 0.0712
vn 0.3570 0.9017 0.2440
vn 0.4064 0.8166 0.4098
vn 0.4395 0.6999 0.5629
vn 0.4544 0.5545 0.6972
vn 0.4498 0.3847 0.8060
vn 0.4256 0.1971 0.8832
vn 0.3827 -0.0000 0.9239
vn 0.3236 -0.1971 0.9254
vn 0.2519 -0.3847 0.8880
vn 0.1717 -0.5545 0.8143
vn 0.0873 -0.6999 0.7089
vn 0.0024 -0.8166 0.5772
vn -0.0799 -0.9017 0.4249
vn -0.1572 -0.9533 0.2579
vn -0.2282 -0.9703 0.0801
vn -0.2894 -0.9522 -0.0978
vn -0.3415 -0.8989 -0.2744
vn -0.3825 -0.8116 -0.4415
vn -0.4112 -0.6926 -0.5926
vn -0.4263 -0.5460 -0.7212
vn -0.4270 -0.3770 -0.8219
vn -0.4125 -0.1925 -0.8904
vn -0.3827 -0.0000 -0.9239
vn -0.3379 0.1925 -0.9213
vn -0.2793 0.3770 -0.8831
vn -0.2085 0.5460 -0.8114
vn -0.1283 0.6926 -0.7098
vn -0.0417 0.8116 -0.5827
vn 0.0475 0.8989 -0.4355
vn 0.1355 0.9522 -0.2738
vn 0.1613 0.9703 -0.1802
vn 0.2984 0.9533 -0.0465
vn 0.4232 0.9017 0.0888
vn 0.5323 0.8166 0.2231
vn 0.6215 0.6999 0.3519
vn 0.6866 0.5545 0.4702
vn 0.7240 0.3847 0.5725
vn 0.7312 0.1971 0.6531
vn 0.7071 -0.0000 0.7071
vn 0.6531 -0.1971 0.7312
vn 0.5725 -0.3847 0.7240
vn 0.4702 -0.5545 0.6866
vn 0.3519 -0.6999 0.6215
vn 0.2231 -0.8166 0.5323
vn 0.0888 -0.9017 0.4232
vn -0.0465 -0.9533 0.2984
vn -0.1802 -0.9703 0.1613
vn -0.3048 -0.9522 0.0204
vn -0.4205 -0.8989 -0.1228
vn -0.5224 -0.8116 -0.2615
vn -0.6067 -0.6926 -0.3901
vn -0.6699 -0.5460 -0.5032
vn -0.7090 -0.3770 -0.5960
vn -0.7218 -0.1925 -0.6648
vn -0.7071 -0.0000 -0.7071
vn -0.6648 0.1925 -0.7218
vn -0.5960 0.3770 -0.7090
vn -0.5032 0.5460 -0.6699
vn -0.3901 0.6926 -0.6067
vn -0.2615 0.8116 -0.5224
vn -0.1228 0.8989 -0.4205
vn 0.0204 0.9522 -0.3048
vn 0.0801 0.9703 -0.2282
vn 0.2579 0.9533 -0.1572
vn 0.4249 0.9017 -0.0799
vn 0.5772 0.8166 0.0024
vn 0.7089 0.6999 0.0873
vn 0.8143 0.5545 0.1717
vn 0.8880 0.3847 0.2519
vn 0.9254 0.1971 0.3236
vn 0.9239 -0.0000 0.3827
vn 0.8832 -0.1971 0.4256
vn 0.8060 -0.3847 0.4498
vn 0.6972 -0.5545 0.4544
vn 0.5629 -0.6999 0.4395
vn 0.4098 -0.8166 0.4064
vn 0.2440 -0.9017 0.3570
vn 0.0712 -0.9533 0.2935
vn -0.1047 -0.9703 0.2180
vn -0.2738 -0.9522 0.1355
vn -0.4355 -0.8989 0.0475
vn -0.5827 -0.8116 -0.0417
vn -0.7098 -0.6926 -0.1283
vn -0.8114 -0.5460 -0.2085
vn -0.8831 -0.3770 -0.2793
vn -0.9213 -0.1925 -0.3379
vn -0.9239 -0.0000 -0.3827
vn -0.8904 0.1925 -0.4125
vn -0.8219 0.3770 -0.4270
vn -0.7212 0.5460 -0.4263
vn -0.5926 0.6926 -0.4112
vn -0.4415 0.8116 -0.3825
vn -0.2744 0.8989 -0.3415
vn -0.0978 0.9522 -0.2894
vn -0.0134 0.9703 -0.2414
vn 0.1781 0.9533 -0.2439
vn 0.3620 0.9017 -0.2364
vn 0.5341 0.8166 -0.2187
vn 0.6883 0.6999 -0.1906
vn 0.8180 0.5545 -0.1530
vn 0.9168 0.3847 -0.1071
vn 0.9788 0.1971 -0.0552
vn 1.0000 -0.0000 -0.0000
vn 0.9788 -0.1971 0.0552
vn 0.9168 -0.3847 0.1071
vn 0.8180 -0.5545 0.1530
vn 0.6883 -0.6999 0.1906
vn 0.5341 -0.8166 0.2187
vn 0.3620 -0.9017 0.2364
vn 0.1781 -0.9533 0.2439
vn -0.0134 -0.9703 0.2414
vn -0.2011 -0.9522 0.2299
vn -0.3842 -0.8989 0.2105
vn -0.5543 -0.8116 0.1844
vn -0.7048 -0.6926 0.1531
vn -0.8295 -0.5460 0.1179
vn -0.9227 -0.3770 0.0799
vn -0.9805 -0.1925 0.0404
vn -1.0000 -0.0000 -0.0000
vn -0.9805 0.1925 -0.0404
vn -0.9227 0.3770 -0.0799
vn -0.8295 0.5460 -0.1179
vn -0.7048 0.6926 -0.1531
vn -0.5543 0.8116 -0.1844
vn -0.3842 0.8989 -0.2105
vn -0.2011 0.9522 -0.2299
vn -0.1047 0.9703 -0.2180
vn 0.0712 0.9533 -0.2935
vn 0.2440 0.9017 -0.3570
vn 0.4098 0.8166 -0.4064
vn 0.5629 0.6999 -0.4395
vn 0.6972 0.5545 -0.4544
vn 0.8060 0.3847 -0.4498
vn 0.8832 0.1971 -0.4256
vn 0.9239 -0.0000 -0.3827
vn 0.9254 -0.1971 -0.3236
vn 0.8880 -0.3847 -0.2519
vn 0.8143 -0.5545 -0.1717
vn 0.7089 -0.6999 -0.0873
vn 0.5772 -0.8166 -0.0024
vn 0.4249 -0.9017 0.0799
vn 0.2579 -0.9533 0.1572
vn 0.0801 -0.9703 0.2282
vn -0.0978 -0.9522 0.2894
vn -0.2744 -0.8989 0.3415
vn -0.4415 -0.8116 0.3825
vn -0.5926 -0.6926 0.4112
vn -0.7212 -0.5460 0.4263
vn -0.8219 -0.3770 0.4270
vn -0.8904 -0.1925 0.4125
vn -0.9239 -0.0000 0.3827
vn -0.9213 0.1925 0.3379
vn -0.8831 0.3770 0.2793
vn -0.8114 0.5460 0.2085
vn -0.7098 0.6926 0.1283
vn -0.5827 0.8116 0.0417
vn -0.4355 0.8989 -0.0475
vn -0.2738 0.9522 -0.1355
vn -0.1802 0.9703 -0.1613
vn -0.0465 0.9533 -0.2984
vn 0.0888 0.9017 -0.4232
vn 0.2231 0.8166 -0.5323
vn 0.3519 0.6999 -0.6215
vn 0.4702 0.5545 -0.6866
vn 0.5725 0.3847 -0.7240
vn 0.6531 0.1971 -0.7312
vn 0.7071 -0.0000 -0.7071
vn 0.7312 -0.1971 -0.6531
vn 0.7240 -0.3847 -0.5725
vn 0.6866 -0.5545 -0.4702
vn 0.6215 -0.6999 -0.3519
vn 0.5323 -0.8166 -0.2231
vn 0.4232 -0.9017 -0.0888
vn 0.2984 -0.9533 0.0465
vn 0.1613 -0.9703 0.1802
vn 0.0204 -0.9522 0.3048
vn -0.1228 -0.8989 0.4205
vn -0.2615 -0.8116 0.5224
vn -0.3901 -0.6926 0.6067
vn -0.5032 -0.5460 0.6699
vn -0.5960 -0.3770 0.7090
vn -0.6648 -0.1925 0.7218
vn -0.7071 -0.0000 0.7071
vn -0.7218 0.1925 0.6648
vn -0.7090 0.3770 0.5960
vn -0.6699 0.5460 0.5032
vn -0.6067 0.6926 0.3901
vn -0.5224 0.8116 0.2615
vn -0.4205 0.8989 0.1228
vn -0.3048 0.9522 -0.0204
vn -0.2282 0.9703 -0.0801
vn -0.1572 0.9533 -0.2579
vn -0.0799 0.9017 -0.4249
vn 0.0024 0.8166 -0.5772
vn 0.0873 0.6999 -0.7089
vn 0.1717 0.5545 -0.8143
vn 0.2519 0.3847 -0.8880
vn 0.3236 0.1971 -0.9254
vn 0.3827 -0.0000 -0.9239
vn 0.4256 -0.1971 -0.8832
vn 0.4498 -0.3847 -0.8060
vn 0.4544 -0.5545 -0.6972
vn 0.4395 -0.6999 -0.5629
vn 0.4064 -0.8166 -0.4098
vn 0.3570 -0.9017 -0.2440
vn 0.2935 -0.9533 -0.0712
vn 0.2180 -0.9703 0.1047
vn 0.1355 -0.9522 0.2738
vn 0.0475 -0.8989 0.4355
vn -0.0417 -0.8116 0.5827
vn -0.1283 -0.6926 0.7098
vn -0.2085 -0.5460 0.8114
vn -0.2793 -0.3770 0.8831
vn -0.3379 -0.1925 0.9213
vn -0.3827 -0.0000 0.9239
vn -0.4125 0.1925 0.8904
vn -0.4270 0.3770 0.8219
vn -0.4263 0.5460 0.7212
vn -0.4112 0.6926 0.5926
vn -0.3825 0.8116 0.4415
vn -0.3415 0.8989 0.2744
vn -0.2894 0.9522 0.0978
vn -0.2414 0.9703 0.0134
vn -0.2439 0.9533 -0.1781
vn -0.2364 0.9017 -0.3620
vn -0.2187 0.8166 -0.5341
vn -0.1906 0.6999 -0.6883
vn -0.1530 0.5545 -0.8180
vn -0.1071 0.3847 -0.9168
vn -0.0552 0.1971 -0.9788
vn -0.0000 -0.0000 -1.0000
vn 0.0552 -0.1971 -0.9788
vn 0.1071 -0.3847 -0.9168
vn 0.1530 -0.5545 -0.8180
vn 0.1906 -0.6999 -0.6883
vn 0.2187 -0.8166 -0.5341
vn 0.2364 -0.9017 -0.3620
vn 0.2439 -0.9533 -0.1781
vn 0.2414 -0.9703 0.0134
vn 0.2299 -0.9522 0.2011
vn 0.2105 -0.8989 0.3842
vn 0.1844 -0.8116 0.5543
vn 0.1531 -0.6926 0.7048
vn 0.1179 -0.5460 0.8295
vn 0.0799 -0.3770 0.9227
vn 0.0404 -0.1925 0.9805
vn -0.0000 -0.0000 1.0000
vn -0.0404 0.1925 0.9805
vn -0.0799 0.3770 0.9227
vn -0.1179 0.5460 0.8295
vn -0.1531 0.6926 0.7048
vn -0.1844 0.8116 0.5543
vn -0.2105 0.8989 0.3842
vn -0.2299 0.9522 0.2011
vn -0.2180 0.9703 0.1047
vn -0.2935 0.9533 -0.0712
vn -0.3570 0.9017 -0.2440
vn -0.4064 0.8166 -0.4098
vn -0.4395 0.6999 -0.5629
vn -0.4544 0.5545 -0.6972
vn -0.4498 0.3847 -0.8060
vn -0.4256 0.1971 -0.8832
vn -0.3236 -0.1971 -0.9254
vn -0.2519 -0.3847 -0.8880
vn -0.1717 -0.5545 -0.8143
vn -0.0873 -0.6999 -0.7089
vn -0.0024 -0.8166 -0.5772
vn 0.0799 -0.9017 -0.4249
vn 0.1572 -0.9533 -0.2579
vn 0.2282 -0.9703 -0.0801
vn 0.2894 -0.9522 0.0978
vn 0.3415 -0.8989 0.2744
vn 0.3825 -0.8116 0.4415
vn 0.4112 -0.6926 0.5926
vn 0.4263 -0.5460 0.7212
vn 0.4270 -0.3770 0.8219
vn 0.4125 -0.1925 0.8904
vn 0.3379 0.1925 0.9213
vn 0.2793 0.3770 0.8831
vn 0.2085 0.5460 0.8114
vn 0.1283 0.6926 0.7098
vn 0.0417 0.8116 0.5827
vn -0.0475 0.8989 0.4355
vn -0.1355 0.9522 0.2738
vn -0.1613 0.9703 0.1802
vn -0.2984 0.9533 0.0465
vn -0.4232 0.9017 -0.0888
vn -0.5323 0.8166 -0.2231
vn -0.6215 0.6999 -0.3519
vn -0.6866 0.5545 -0.4702
vn -0.7240 0.3847 -0.5725
vn -0.7312 0.1971 -0.6531
vn -0.6531 -0.1971 -0.7312
vn -0.5725 -0.3847 -0.7240
vn -0.4702 -0.5545 -0.6866
vn -0.3519 -0.6999 -0.6215
vn -0.2231 -0.8166 -0.5323
vn -0.0888 -0.9017 -0.4232
vn 0.0465 -0.9533 -0.2984
vn 0.1802 -0.9703 -0.1613
vn 0.3048 -0.9522 -0.0204
vn 0.4205 -0.8989 0.1228
vn 0.5224 -0.8116 0.2615
vn 0.6067 -0.6926 0.3901
vn 0.6699 -0.5460 0.5032
vn 0.7090 -0.3770 0.5960
vn 0.7218 -0.1925 0.6648
vn 0.6648 0.1925 0.7218
vn 0.5960 0.3770 0.7090
vn 0.5032 0.5460 0.6699
vn 0.3901 0.6926 0.6067
vn 0.2615 0.8116 0.5224
vn 0.1228 0.8989 0.4205
vn -0.0204 0.9522 0.3048
vn -0.0801 0.9703 0.2282
vn -0.2579 0.9533 0.1572
vn -0.4249 0.9017 0.0799
vn -0.5772 0.8166 -0.0024
vn -0.7089 0.6999 -0.0873
vn -0.8143 0.5545 -0.1717
vn -0.8880 0.3847 -0.2519
vn -0.9254 0.1971 -0.3236
vn -0.8832 -0.1971 -0.4256
vn -0.8060 -0.3847 -0.4498
vn -0.6972 -0.5545 -0.4544
vn -0.5629 -0.6999 -0.4395
vn -0.4098 -0.8166 -0.4064
vn -0.2440 -0.9017 -0.3570
vn -0.0712 -0.9533 -0.2935
vn 0.1047 -0.9703 -0.2180
vn 0.2738 -0.9522 -0.1355
vn 0.4355 -0.8989 -0.0475
vn 0.5827 -0.8116 0.0417
vn 0.7098 -0.6926 0.1283
vn 0.8114 -0.5460 0.2085
vn 0.8831 -0.3770 0.2793
vn 0.9213 -0.1925 0.3379
vn 0.8904 0.1925 0.4125
vn 0.8219 0.3770 0.4270
vn 0.7212 0.5460 0.4263
vn 0.5926 0.6926 0.4112
vn 0.4415 0.8116 0.3825
vn 0.2744 0.8989 0.3415
vn 0.0978 0.9522 0.2894
vn 0.0134 0.9703 0.2414
vn -0.1781 0.9533 0.2439
vn -0.3620 0.9017 0.2364
vn -0.5341 0.8166 0.2187
vn -0.6883 0.6999 0.1906
vn -0.8180 0.5545 0.1530
vn -0.9168 0.3847 0.1071
vn -0.9788 0.1971 0.0552
vn -0.9788 -0.1971 -0.0552
vn -0.9168 -0.3847 -0.1071
vn -0.8180 -0.5545 -0.1530
vn -0.6883 -0.6999 -0.1906
vn -0.5341 -0.8166 -0.2187
vn -0.3620 -0.9017 -0.2364
vn -0.1781 -0.9533 -0.2439
vn 0.0134 -0.9703 -0.2414
vn 0.2011 -0.9522 -0.2299
vn 0.3842 -0.8989 -0.2105
vn 0.5543 -0.8116 -0.1844
vn 0.7048 -0.6926 -0.1531
vn 0.8295 -0.5460 -0.1179
vn 0.9227 -0.3770 -0.0799
vn 0.9805 -0.1925 -0.0404
vn 0.9805 0.1925 0.0404
vn 0.9227 0.3770 0.0799
vn 0.8295 0.5460 0.1179
vn 0.7048 0.6926 0.1531
vn 0.5543 0.8116 0.1844
vn 0.3842 0.8989 0.2105
vn 0.2011 0.9522 0.2299
vn 0.1047 0.9703 0.2180
vn -0.0712 0.9533 0.2935
vn -0.2440 0.9017 0.3570
vn -0.4098 0.8166 0.4064
vn -0.5629 0.6999 0.4395
vn -0.6972 0.5545 0.4544
vn -0.8060 0.3847 0.4498
vn -0.8832 0.1971 0.4256
vn -0.9254 -0.1971 0.3236
vn -0.8880 -0.3847 0.2519
vn -0.8143 -0.5545 0.1717
vn -0.7089 -0.6999 0.0873
vn -0.5772 -0.8166 0.0024
vn -0.4249 -0.9017 -0.0799
vn -0.2579 -0.9533 -0.1572
vn -0.0801 -0.9703 -0.2282
vn 0.0978 -0.9522 -0.2894
vn 0.2744 -0.8989 -0.3415
vn 0.4415 -0.8116 -0.3825
vn 0.5926 -0.6926 -0.4112
vn 0.7212 -0.5460 -0.4263
vn 0.8219 -0.3770 -0.4270
vn 0.8904 -0.1925 -0.4125
vn 0.9213 0.1925 -0.3379
vn 0.8831 0.3770 -0.2793
vn 0.8114 0.5460 -0.2085
vn 0.7098 0.6926 -0.1283
vn 0.5827 0.8116 -0.0417
vn 0.4355 0.8989 0.0475
vn 0.2738 0.9522 0.1355
vn 0.1802 0.9703 0.1613
vn 0.0465 0.9533 0.2984
vn -0.0888 0.9017 0.4232
vn -0.2231 0.8166 0.5323
vn -0.3519 0.6999 0.6215
vn -0.4702 0.5545 0.6866
vn -0.5725 0.3847 0.7240
vn -0.6531 0.1971 0.7312
vn -0.7312 -0.1971 0.6531
vn -0.7240 -0.3847 0.5725
vn -0.6866 -0.5545 0.4702
vn -0.6215 -0.6999 0.3519
vn -0.5323 -0.8166 0.2231
vn -0.4232 -0.9017 0.0888
vn -0.2984 -0.9533 -0.0465
vn -0.1613 -0.9703 -0.1802
vn -0.0204 -0.9522 -0.3048
vn 0.1228 -0.8989 -0.4205
vn 0.2615 -0.8116 -0.5224
vn 0.3901 -0.6926 -0.6067
vn 0.5032 -0.5460 -0.6699
vn 0.5960 -0.3770 -0.7090
vn 0.6648 -0.1925 -0.7218
vn 0.7218 0.1925 -0.6648
vn 0.7090 0.3770 -0.5960
vn 0.6699 0.5460 -0.5032
vn 0.6067 0.6926 -0.3901
vn 0.5224 0.8116 -0.2615
vn 0.4205 0.8989 -0.1228
vn 0.3048 0.9522 0.0204
vn 0.2282 0.9703 0.0801
vn 0.1572 0.9533 0.2579
vn 0.0799 0.9017 0.4249
vn -0.0024 0.8166 0.5772
vn -0.0873 0.6999 0.7089
vn -0.1717 0.5545 0.8143
vn -0.2519 0.3847 0.8880
vn -0.3236 0.1971 0.9254
vn -0.4256 -0.1971 0.8832
vn -0.4498 -0.3847 0.8060
vn -0.4544 -0.5545 0.6972
vn -0.4395 -0.6999 0.5629
vn -0.4064 -0.8166 0.4098
vn -0.3570 -0.9017 0.2440
vn -0.2935 -0.9533 0.0712
vn -0.2180 -0.9703 -0.1047
vn -0.1355 -0.9522 -0.2738
vn -0.0475 -0.8989 -0.4355
vn 0.0417 -0.8116 -0.5827
vn 0.1283 -0.6926 -0.7098
vn 0.2085 -0.5460 -0.8114
vn 0.2793 -0.3770 -0.8831
vn 0.3379 -0.1925 -0.9213
vn 0.4125 0.1925 -0.8904
vn 0.4270 0.3770 -0.8219
vn 0.4263 0.5460 -0.7212
vn 0.4112 0.6926 -0.5926
vn 0.3825 0.8116 -0.4415
vn 0.3415 0.8989 -0.2744
vn 0.2894 0.9522 -0.0978
vn 0.2414 0.9703 -0.0134
vn 0.2439 0.9533 0.1781
vn 0.2364 0.9017 0.3620
vn 0.2187 0.8166 0.5341
vn 0.1906 0.6999 0.6883
vn 0.1530 0.5545 0.8180
vn 0.1071 0.3847 0.9168
vn 0.0552 0.1971 0.9788
vn -0.0552 -0.1971 0.9788
vn -0.1071 -0.3847 0.9168
vn -0.1530 -0.5545 0.8180
vn -0.1906 -0.6999 0.6883
vn -0.2187 -0.8166 0.5341
vn -0.2364 -0.9017 0.3620
vn -0.2439 -0.9533 0.1781
vn -0.2414 -0.9703 -0.0134
vn -0.2299 -0.9522 -0.2011
vn -0.2105 -0.8989 -0.3842
vn -0.1844 -0.8116 -0.5543
vn -0.1531 -0.6926 -0.7048
vn -0.1179 -0.5460 -0.8295
vn -0.0799 -0.3770 -0.9227
vn -0.0403 -0.1925 -0.9805
vn 0.0404 0.1925 -0.9805
vn 0.0799 0.3770 -0.9227
vn 0.1179 0.5460 -0.8295
vn 0.1531 0.6926 -0.7048
vn 0.1844 0.8116 -0.5543
vn 0.2105 0.8989 -0.3842
vn 0.2299 0.9522 -0.2011
vn -0.9805 -0.1925 0.0403
vn -0.9805 0.1925 -0.0403
vn -0.0403 0.1925 0.9805
vn -0.5630 0.6999 0.4395
vn -0.0800 -0.9703 -0.2282
vn 0.0403 0.1925 -0.9805
vn 0.0800 0.9703 -0.2282
vn -0.1048 -0.9703 0.2180
vn 0.0403 -0.1925 0.9805
vn -0.5771 0.8166 -0.0024
vn -0.5630 -0.6999 -0.4395
vn 0.9805 0.1925 0.0403
vn -0.4250 -0.9017 -0.0799
vn 0.2443 0.9696 -0.0113
vn 0.2071 0.9618 0.1788
vn 0.1646 0.9169 0.3637
vn 0.1140 0.8354 0.5377
vn 0.0566 0.7191 0.6926
vn -0.0057 0.5718 0.8203
vn -0.0699 0.4000 0.9139
vn -0.1327 0.2119 0.9682
vn -0.1904 0.0170 0.9816
vn -0.2399 -0.1755 0.9548
vn -0.2786 -0.3577 0.8913
vn -0.3049 -0.5237 0.7955
vn -0.3182 -0.6688 0.6719
vn -0.3181 -0.7895 0.5249
vn -0.3049 -0.8823 0.3585
vn -0.2792 -0.9437 0.1772
vn -0.2387 -0.9710 -0.0154
vn -0.1897 -0.9597 -0.2073
vn -0.1353 -0.9084 -0.3956
vn -0.0759 -0.8184 -0.5695
vn -0.0146 -0.6935 -0.7203
vn 0.0458 -0.5397 -0.8406
vn 0.1026 -0.3649 -0.9254
vn 0.1538 -0.1779 -0.9720
vn 0.1979 0.0129 -0.9801
vn 0.2339 0.1998 -0.9515
vn 0.2616 0.3765 -0.8887
vn 0.2807 0.5373 -0.7953
vn 0.2912 0.6779 -0.6750
vn 0.2932 0.7945 -0.5318
vn 0.2864 0.8838 -0.3701
vn 0.2709 0.9428 -0.1943
vt 0.000000 1.000000
vt 0.062500 0.980785
vt 0.000000 0.980785
vt 0.062500 1.000000
vt 0.125000 0.980785
vt 0.125000 1.000000
vt 0.187500 0.980785
vt 0.187500 1.000000
vt 0.250000 0.980785
vt 0.250000 1.000000
vt 0.312500 0.980785
vt 0.312500 1.000000
vt 0.375000 0.980785
vt 0.375000 1.000000
vt 0.437500 0.980785
vt 0.437500 1.000000
vt 0.500000 0.980785
vt 0.500000 1.000000
vt 0.562500 0.980785
vt 0.562500 1.000000
vt 0.625000 0.980785
vt 0.625000 1.000000
vt 0.687500 0.980785
vt 0.687500 1.000000
vt 0.750000 0.980785
vt 0.750000 1.000000
vt 0.812500 0.980785
vt 0.812500 1.000000
vt 0.875000 0.980785
vt 0.875000 1.000000
vt 0.937500 0.980785
vt 0.937500 1.000000
vt 1.000000 0.980785
vt 1.000000 1.000000
vt 1.062500 0.980785
vt 1.062500 1.000000
vt 1.125000 0.980785
vt 1.125000 1.000000
vt 1.187500 0.980785
vt 1.187500 1.000000
vt 1.250000 0.980785
vt 1.250000 1.000000
vt 1.312500 0.980785
vt 1.312500 1.000000
vt 1.375000 0.980785
vt 1.375000 1.000000
vt 1.437500 0.980785
vt 1.437500 1.000000
vt 1.500000 0.980785
vt 1.500000 1.000000
vt 1.562500 0.980785
vt 1.562500 1.000000
vt 1.625000 0.980785
vt 1.625000 1.000000
vt 1.687500 0.980785
vt 1.687500 1.000000
vt 1.750000 0.980785
vt 1.750000 1.000000
vt 1.812500 0.980785
vt 1.812500 1.000000
vt 1.875000 0.980785
vt 1.875000 1.000000
vt 1.937500 0.980785
vt 1.937500 1.000000
vt 2.000000 0.980785
vt 2.000000 1.000000
vt 2.062500 0.980785
vt 2.062500 1.000000
vt 2.125000 0.980785
vt 2.125000 1.000000
vt 2.187500 0.980785
vt 2.187500 1.000000
vt 2.250000 0.980785
vt 2.250000 1.000000
vt 2.312500 0.980785
vt 2.312500 1.000000
vt 2.375000 0.980785
vt 2.375000 1.000000
vt 2.437500 0.980785
vt 2.437500 1.000000
vt 2.500000 0.980785
vt 2.500000 1.000000
vt 2.562500 0.980785
vt 2.562500 1.000000
vt 2.625000 0.980785
vt 2.625000 1.000000
vt 2.687500 0.980785
vt 2.687500 1.000000
vt 2.750000 0.980785
vt 2.750000 1.000000
vt 2.812500 0.980785
vt 2.812500 1.000000
vt 2.875000 0.980785
vt 2.875000 1.000000
vt 2.937500 0.980785
vt 2.937500 1.000000
vt 3.000000 0.980785
vt 0.062500 0.923880
vt 0.000000 0.923880
vt 0.125000 0.923880
vt 0.187500 0.923880
vt 0.250000 0.923880
vt 0.312500 0.923880
vt 0.375000 0.923880
vt 0.437500 0.923880
vt 0.500000 0.923880
vt 0.562500 0.923880
vt 0.625000 0.923880
vt 0.687500 0.923880
vt 0.750000 0.923880
vt 0.812500 0.923880
vt 0.875000 0.923880
vt 0.937500 0.923880
vt 1.000000 0.923880
vt 1.062500 0.923880
vt 1.125000 0.923880
vt 1.187500 0.923880
vt 1.250000 0.923880
vt 1.312500 0.923880
vt 1.375000 0.923880
vt 1.437500 0.923880
vt 1.500000 0.923880
vt 1.562500 0.923880
vt 1.625000 0.923880
vt 1.687500 0.923880
vt 1.750000 0.923880
vt 1.812500 0.923880
vt 1.875000 0.923880
vt 1.937500 0.923880
vt 2.000000 0.923880
vt 2.062500 0.923880
vt 2.125000 0.923880
vt 2.187500 0.923880
vt 2.250000 0.923880
vt 2.312500 0.923880
vt 2.375000 0.923880
vt 2.437500 0.923880
vt 2.500000 0.923880
vt 2.562500 0.923880
vt 2.625000 0.923880
vt 2.687500 0.923880
vt 2.750000 0.923880
vt 2.812500 0.923880
vt 2.875000 0.923880
vt 2.937500 0.923880
vt 3.000000 0.923880
vt 0.062500 0.831470
vt 0.000000 0.831470
vt 0.125000 0.831470
vt 0.187500 0.831470
vt 0.250000 0.831470
vt 0.312500 0.831470
vt 0.375000 0.831470
vt 0.437500 0.831470
vt 0.500000 0.831470
vt 0.562500 0.831470
vt 0.625000 0.831470
vt 0.687500 0.831470
vt 0.750000 0.831470
vt 0.812500 0.831470
vt 0.875000 0.831470
vt 0.937500 0.831470
vt 1.000000 0.831470
vt 1.062500 0.831470
vt 1.125000 0.831470
vt 1.187500 0.831470
vt 1.250000 0.831470
vt 1.312500 0.831470
vt 1.375000 0.831470
vt 1.437500 0.831470
vt 1.500000 0.831470
vt 1.562500 0.831470
vt 1.625000 0.831470
vt 1.687500 0.831470
vt 1.750000 0.831470
vt 1.812500 0.831470
vt 1.875000 0.831470
vt 1.937500 0.831470
vt 2.000000 0.831470
vt 2.062500 0.831470
vt 2.125000 0.831470
vt 2.187500 0.831470
vt 2.250000 0.831470
vt 2.312500 0.831470
vt 2.375000 0.831470
vt 2.437500 0.831470
vt 2.500000 0.831470
vt 2.562500 0.831470
vt 2.625000 0.831470
vt 2.687500 0.831470
vt 2.750000 0.831470
vt 2.812500 0.831470
vt 2.875000 0.831470
vt 2.937500 0.831470
vt 3.000000 0.831470
vt 0.062500 0.707107
vt 0.000000 0.707107
vt 0.125000 0.707107
vt 0.187500 0.707107
vt 0.250000 0.707107
vt 0.312500 0.707107
vt 0.375000 0.707107
vt 0.437500 0.707107
vt 0.500000 0.707107
vt 0.562500 0.707107
vt 0.625000 0.707107
vt 0.687500 0.707107
vt 0.750000 0.707107
vt 0.812500 0.707107
vt 0.875000 0.707107
vt 0.937500 0.707107
vt 1.000000 0.707107
vt 1.062500 0.707107
vt 1.125000 0.707107
vt 1.187500 0.707107
vt 1.250000 0.707107
vt 1.312500 0.707107
vt 1.375000 0.707107
vt 1.437500 0.707107
vt 1.500000 0.707107
vt 1.562500 0.707107
vt 1.625000 0.707107
vt 1.687500 0.707107
vt 1.750000 0.707107
vt 1.812500 0.707107
vt 1.875000 0.707107
vt 1.937500 0.707107
vt 2.000000 0.707107
vt 2.062500 0.707107
vt 2.125000 0.707107
vt 2.187500 0.707107
vt 2.250000 0.707107
vt 2.312500 0.707107
vt 2.375000 0.707107
vt 2.437500 0.707107
vt 2.500000 0.707107
vt 2.562500 0.707107
vt 2.625000 0.707107
vt 2.687500 0.707107
vt 2.750000 0.707107
vt 2.812500 0.707107
vt 2.875000 0.707107
vt 2.937500 0.707107
vt 3.000000 0.707107
vt 0.062500 0.555570
vt 0.000000 0.555570
vt 0.125000 0.555570
vt 0.187500 0.555570
vt 0.250000 0.555570
vt 0.312500 0.555570
vt 0.375000 0.555570
vt 0.437500 0.555570
vt 0.500000 0.555570
vt 0.562500 0.555570
vt 0.625000 0.555570
vt 0.687500 0.555570
vt 0.750000 0.555570
vt 0.812500 0.555570
vt 0.875000 0.555570
vt 0.937500 0.555570
vt 1.000000 0.555570
vt 1.062500 0.555570
vt 1.125000 0.555570
vt 1.187500 0.555570
vt 1.250000 0.555570
vt 1.312500 0.555570
vt 1.375000 0.555570
vt 1.437500 0.555570
vt 1.500000 0.555570
vt 1.562500 0.555570
vt 1.625000 0.555570
vt 1.687500 0.555570
vt 1.750000 0.555570
vt 1.812500 0.555570
vt 1.875000 0.555570
vt 1.937500 0.555570
vt 2.000000 0.555570
vt 2.062500 0.555570
vt 2.125000 0.555570
vt 2.187500 0.555570
vt 2.250000 0.555570
vt 2.312500 0.555570
vt 2.375000 0.555570
vt 2.437500 0.555570
vt 2.500000 0.555570
vt 2.562500 0.555570
vt 2.625000 0.555570
vt 2.687500 0.555570
vt 2.750000 0.555570
vt 2.812500 0.555570
vt 2.875000 0.555570
vt 2.937500 0.555570
vt 3.000000 0.555570
vt 0.062500 0.382683
vt 0.000000 0.382683
vt 0.125000 0.382683
vt 0.187500 0.382683
vt 0.250000 0.382683
vt 0.312500 0.382683
vt 0.375000 0.382683
vt 0.437500 0.382683
vt 0.500000 0.382683
vt 0.562500 0.382683
vt 0.625000 0.382683
vt 0.687500 0.382683
vt 0.750000 0.382683
vt 0.812500 0.382683
vt 0.875000 0.382683
vt 0.937500 0.382683
vt 1.000000 0.382683
vt 1.062500 0.382683
vt 1.125000 0.382683
vt 1.187500 0.382683
vt 1.250000 0.382683
vt 1.312500 0.382683
vt 1.375000 0.382683
vt 1.437500 0.382683
vt 1.500000 0.382683
vt 1.562500 0.382683
vt 1.625000 0.382683
vt 1.687500 0.382683
vt 1.750000 0.382683
vt 1.812500 0.382683
vt 1.875000 0.382683
vt 1.937500 0.382683
vt 2.000000 0.382683
vt 2.062500 0.382683
vt 2.125000 0.382683
vt 2.187500 0.382683
vt 2.250000 0.382683
vt 2.312500 0.382683
vt 2.375000 0.382683
vt 2.437500 0.382683
vt 2.500000 0.382683
vt 2.562500 0.382683
vt 2.625000 0.382683
vt 2.687500 0.382683
vt 2.750000 0.382683
vt 2.812500 0.382683
vt 2.875000 0.382683
vt 2.937500 0.382683
vt 3.000000 0.382683
vt 0.062500 0.195090
vt 0.000000 0.195090
vt 0.125000 0.195090
vt 0.187500 0.195090
vt 0.250000 0.195090
vt 0.312500 0.195090
vt 0.375000 0.195090
vt 0.437500 0.195090
vt 0.500000 0.195090
vt 0.562500 0.195090
vt 0.625000 0.195090
vt 0.687500 0.195090
vt 0.750000 0.195090
vt 0.812500 0.195090
vt 0.875000 0.195090
vt 0.937500 0.195090
vt 1.000000 0.195090
vt 1.062500 0.195090
vt 1.125000 0.195090
vt 1.187500 0.195090
vt 1.250000 0.195090
vt 1.312500 0.195090
vt 1.375000 0.195090
vt 1.437500 0.195090
vt 1.500000 0.195090
vt 1.562500 0.195090
vt 1.625000 0.195090
vt 1.687500 0.195090
vt 1.750000 0.195090
vt 1.812500 0.195090
vt 1.875000 0.195090
vt 1.937500 0.195090
vt 2.000000 0.195090
vt 2.062500 0.195090
vt 2.125000 0.195090
vt 2.187500 0.195090
vt 2.250000 0.195090
vt 2.312500 0.195090
vt 2.375000 0.195090
vt 2.437500 0.195090
vt 2.500000 0.195090
vt 2.562500 0.195090
vt 2.625000 0.195090
vt 2.687500 0.195090
vt 2.750000 0.195090
vt 2.812500 0.195090
vt 2.875000 0.195090
vt 2.937500 0.195090
vt 3.000000 0.195090
vt 0.062500 0.000000
vt 0.000000 0.000000
vt 0.125000 0.000000
vt 0.187500 0.000000
vt 0.250000 0.000000
vt 0.312500 0.000000
vt 0.375000 0.000000
vt 0.437500 0.000000
vt 0.500000 0.000000
vt 0.562500 0.000000
vt 0.625000 0.000000
vt 0.687500 0.000000
vt 0.750000 0.000000
vt 0.812500 0.000000
vt 0.875000 0.000000
vt 0.937500 0.000000
vt 1.000000 0.000000
vt 1.062500 0.000000
vt 1.125000 0.000000
vt 1.187500 0.000000
vt 1.250000 0.000000
vt 1.312500 0.000000
vt 1.375000 0.000000
vt 1.437500 0.000000
vt 1.500000 0.000000
vt 1.562500 0.000000
vt 1.625000 0.000000
vt 1.687500 0.000000
vt 1.750000 0.000000
vt 1.812500 0.000000
vt 1.875000 0.000000
vt 1.937500 0.000000
vt 2.000000 0.000000
vt 2.062500 0.000000
vt 2.125000 0.000000
vt 2.187500 0.000000
vt 2.250000 0.000000
vt 2.312500 0.000000
vt 2.375000 0.000000
vt 2.437500 0.000000
vt 2.500000 0.000000
vt 2.562500 0.000000
vt 2.625000 0.000000
vt 2.687500 0.000000
vt 2.750000 0.000000
vt 2.812500 0.000000
vt 2.875000 0.000000
vt 2.937500 0.000000
vt 3.000000 0.000000
vt 0.062500 -0.195090
vt 0.000000 -0.195090
vt 0.125000 -0.195090
vt 0.187500 -0.195090
vt 0.250000 -0.195090
vt 0.312500 -0.195090
vt 0.375000 -0.195090
vt 0.437500 -0.195090
vt 0.500000 -0.195090
vt 0.562500 -0.195090
vt 0.625000 -0.195090
vt 0.687500 -0.195090
vt 0.750000 -0.195090
vt 0.812500 -0.195090
vt 0.875000 -0.195090
vt 0.937500 -0.195090
vt 1.000000 -0.195090
vt 1.062500 -0.195090
vt 1.125000 -0.195090
vt 1.187500 -0.195090
vt 1.250000 -0.195090
vt 1.312500 -0.195090
vt 1.375000 -0.195090
vt 1.437500 -0.195090
vt 1.500000 -0.195090
vt 1.562500 -0.195090
vt 1.625000 -0.195090
vt 1.687500 -0.195090
vt 1.750000 -0.195090
vt 1.812500 -0.195090
vt 1.875000 -0.195090
vt 1.937500 -0.195090
vt 2.000000 -0.195090
vt 2.062500 -0.195090
vt 2.125000 -0.195090
vt 2.187500 -0.195090
vt 2.250000 -0.195090
vt 2.312500 -0.195090
vt 2.375000 -0.195090
vt 2.437500 -0.195090
vt 2.500000 -0.195090
vt 2.562500 -0.195090
vt 2.625000 -0.195090
vt 2.687500 -0.195090
vt 2.750000 -0.195090
vt 2.812500 -0.195090
vt 2.875000 -0.195090
vt 2.937500 -0.195090
vt 3.000000 -0.195090
vt 0.062500 -0.382683
vt 0.000000 -0.382683
vt 0.125000 -0.382683
vt 0.187500 -0.382683
vt 0.250000 -0.382683
vt 0.312500 -0.382683
vt 0.375000 -0.382683
vt 0.437500 -0.382683
vt 0.500000 -0.382683
vt 0.562500 -0.382683
vt 0.625000 -0.382683
vt 0.687500 -0.382683
vt 0.750000 -0.382683
vt 0.812500 -0.382683
vt 0.875000 -0.382683
vt 0.937500 -0.382683
vt 1.000000 -0.382683
vt 1.062500 -0.382683
vt 1.125000 -0.382683
vt 1.187500 -0.382683
vt 1.250000 -0.382683
vt 1.312500 -0.382683
vt 1.375000 -0.382683
vt 1.437500 -0.382683
vt 1.500000 -0.382683
vt 1.562500 -0.382683
vt 1.625000 -0.382683
vt 1.687500 -0.382683
vt 1.750000 -0.382683
vt 1.812500 -0.382683
vt 1.875000 -0.382683
vt 1.937500 -0.382683
vt 2.000000 -0.382683
vt 2.062500 -0.382683
vt 2.125000 -0.382683
vt 2.187500 -0.382683
vt 2.250000 -0.382683
vt 2.312500 -0.382683
vt 2.375000 -0.382683
vt 2.437500 -0.382683
vt 2.500000 -0.382683
vt 2.562500 -0.382683
vt 2.625000 -0.382683
vt 2.687500 -0.382683
vt 2.750000 -0.382683
vt 2.812500 -0.382683
vt 2.875000 -0.382683
vt 2.937500 -0.382683
vt 3.000000 -0.382683
vt 0.062500 -0.555570
vt 0.000000 -0.555570
vt 0.125000 -0.555570
vt 0.187500 -0.555570
vt 0.250000 -0.555570
vt 0.312500 -0.555570
vt 0.375000 -0.555570
vt 0.437500 -0.555570
vt 0.500000 -0.555570
vt 0.562500 -0.555570
vt 0.625000 -0.555570
vt 0.687500 -0.555570
vt 0.750000 -0.555570
vt 0.812500 -0.555570
vt 0.875000 -0.555570
vt 0.937500 -0.555570
vt 1.000000 -0.555570
vt 1.062500 -0.555570
vt 1.125000 -0.555570
vt 1.187500 -0.555570
vt 1.250000 -0.555570
vt 1.312500 -0.555570
vt 1.375000 -0.555570
vt 1.437500 -0.555570
vt 1.500000 -0.555570
vt 1.562500 -0.555570
vt 1.625000 -0.555570
vt 1.687500 -0.555570
vt 1.750000 -0.555570
vt 1.812500 -0.555570
vt 1.875000 -0.555570
vt 1.937500 -0.555570
vt 2.000000 -0.555570
vt 2.062500 -0.555570
vt 2.125000 -0.555570
vt 2.187500 -0.555570
vt 2.250000 -0.555570
vt 2.312500 -0.555570
vt 2.375000 -0.555570
vt 2.437500 -0.555570
vt 2.500000 -0.555570
vt 2.562500 -0.555570
vt 2.625000 -0.555570
vt 2.687500 -0.555570
vt 2.750000 -0.555570
vt 2.812500 -0.555570
vt 2.875000 -0.555570
vt 2.937500 -0.555570
vt 3.000000 -0.555570
vt 0.062500 -0.707107
vt 0.000000 -0.707107
vt 0.125000 -0.707107
vt 0.187500 -0.707107
vt 0.250000 -0.707107
vt 0.312500 -0.707107
vt 0.375000 -0.707107
vt 0.437500 -0.707107
vt 0.500000 -0.707107
vt 0.562500 -0.707107
vt 0.625000 -0.707107
vt 0.687500 -0.707107
vt 0.750000 -0.707107
vt 0.812500 -0.707107
vt 0.875000 -0.707107
vt 0.937500 -0.707107
vt 1.000000 -0.707107
vt 1.062500 -0.707107
vt 1.125000 -0.707107
vt 1.187500 -0.707107
vt 1.250000 -0.707107
vt 1.312500 -0.707107
vt 1.375000 -0.707107
vt 1.437500 -0.707107
vt 1.500000 -0.707107
vt 1.562500 -0.707107
vt 1.625000 -0.707107
vt 1.687500 -0.707107
vt 1.750000 -0.707107
vt 1.812500 -0.707107
vt 1.875000 -0.707107
vt 1.937500 -0.707107
vt 2.000000 -0.707107
vt 2.062500 -0.707107
vt 2.125000 -0.707107
vt 2.187500 -0.707107
vt 2.250000 -0.707107
vt 2.312500 -0.707107
vt 2.375000 -0.707107
vt 2.437500 -0.707107
vt 2.500000 -0.707107
vt 2.562500 -0.707107
vt 2.625000 -0.707107
vt 2.687500 -0.707107
vt 2.750000 -0.707107
vt 2.812500 -0.707107
vt 2.875000 -0.707107
vt 2.937500 -0.707107
vt 3.000000 -0.707107
vt 0.062500 -0.831470
vt 0.000000 -0.831470
vt 0.125000 -0.831470
vt 0.187500 -0.831470
vt 0.250000 -0.831470
vt 0.312500 -0.831470
vt 0.375000 -0.831470
vt 0.437500 -0.831470
vt 0.500000 -0.831470
vt 0.562500 -0.831470
vt 0.625000 -0.831470
vt 0.687500 -0.831470
vt 0.750000 -0.831470
vt 0.812500 -0.831470
vt 0.875000 -0.831470
vt 0.937500 -0.831470
vt 1.000000 -0.831470
vt 1.062500 -0.831470
vt 1.125000 -0.831470
vt 1.187500 -0.831470
vt 1.250000 -0.831470
vt 1.312500 -0.831470
vt 1.375000 -0.831470
vt 1.437500 -0.831470
vt 1.500000 -0.831470
vt 1.562500 -0.831470
vt 1.625000 -0.831470
vt 1.687500 -0.831470
vt 1.750000 -0.831470
vt 1.812500 -0.831470
vt 1.875000 -0.831470
vt 1.937500 -0.831470
vt 2.000000 -0.831470
vt 2.062500 -0.831470
vt 2.125000 -0.831470
vt 2.187500 -0.831470
vt 2.250000 -0.831470
vt 2.312500 -0.831470
vt 2.375000 -0.831470
vt 2.437500 -0.831470
vt 2.500000 -0.831470
vt 2.562500 -0.831470
vt 2.625000 -0.831470
vt 2.687500 -0.831470
vt 2.750000 -0.831470
vt 2.812500 -0.831470
vt 2.875000 -0.831470
vt 2.937500 -0.831470
vt 3.000000 -0.831470
vt 0.062500 -0.923880
vt 0.000000 -0.923880
vt 0.125000 -0.923880
vt 0.187500 -0.923880
vt 0.250000 -0.923880
vt 0.312500 -0.923880
vt 0.375000 -0.923880
vt 0.437500 -0.923880
vt 0.500000 -0.923880
vt 0.562500 -0.923880
vt 0.625000 -0.923880
vt 0.687500 -0.923880
vt 0.750000 -0.923880
vt 0.812500 -0.923880
vt 0.875000 -0.923880
vt 0.937500 -0.923880
vt 1.000000 -0.923880
vt 1.062500 -0.923880
vt 1.125000 -0.923880
vt 1.187500 -0.923880
vt 1.250000 -0.923880
vt 1.312500 -0.923880
vt 1.375000 -0.923880
vt 1.437500 -0.923880
vt 1.500000 -0.923880
vt 1.562500 -0.923880
vt 1.625000 -0.923880
vt 1.687500 -0.923880
vt 1.750000 -0.923880
vt 1.812500 -0.923880
vt 1.875000 -0.923880
vt 1.937500 -0.923880
vt 2.000000 -0.923880
vt 2.062500 -0.923880
vt 2.125000 -0.923880
vt 2.187500 -0.923880
vt 2.250000 -0.923880
vt 2.312500 -0.923880
vt 2.375000 -0.923880
vt 2.437500 -0.923880
vt 2.500000 -0.923880
vt 2.562500 -0.923880
vt 2.625000 -0.923880
vt 2.687500 -0.923880
vt 2.750000 -0.923880
vt 2.812500 -0.923880
vt 2.875000 -0.923880
vt 2.937500 -0.923880
vt 3.000000 -0.923880
vt 0.062500 -0.980785
vt 0.000000 -0.980785
vt 0.125000 -0.980785
vt 0.187500 -0.980785
vt 0.250000 -0.980785
vt 0.312500 -0.980785
vt 0.375000 -0.980785
vt 0.437500 -0.980785
vt 0.500000 -0.980785
vt 0.562500 -0.980785
vt 0.625000 -0.980785
vt 0.687500 -0.980785
vt 0.750000 -0.980785
vt 0.812500 -0.980785
vt 0.875000 -0.980785
vt 0.937500 -0.980785
vt 1.000000 -0.980785
vt 1.062500 -0.980785
vt 1.125000 -0.980785
vt 1.187500 -0.980785
vt 1.250000 -0.980785
vt 1.312500 -0.980785
vt 1.375000 -0.980785
vt 1.437500 -0.980785
vt 1.500000 -0.980785
vt 1.562500 -0.980785
vt 1.625000 -0.980785
vt 1.687500 -0.980785
vt 1.750000 -0.980785
vt 1.812500 -0.980785
vt 1.875000 -0.980785
vt 1.937500 -0.980785
vt 2.000000 -0.980785
vt 2.062500 -0.980785
vt 2.125000 -0.980785
vt 2.187500 -0.980785
vt 2.250000 -0.980785
vt 2.312500 -0.980785
vt 2.375000 -0.980785
vt 2.437500 -0.980785
vt 2.500000 -0.980785
vt 2.562500 -0.980785
vt 2.625000 -0.980785
vt 2.687500 -0.980785
vt 2.750000 -0.980785
vt 2.812500 -0.980785
vt 2.875000 -0.980785
vt 2.937500 -0.980785
vt 3.000000 -0.980785
vt 0.062500 -1.000000
vt 0.000000 -1.000000
vt 0.125000 -1.000000
vt 0.187500 -1.000000
vt 0.250000 -1.000000
vt 0.312500 -1.000000
vt 0.375000 -1.000000
vt 0.437500 -1.000000
vt 0.500000 -1.000000
vt 0.562500 -1.000000
vt 0.625000 -1.000000
vt 0.687500 -1.000000
vt 0.750000 -1.000000
vt 0.812500 -1.000000
vt 0.875000 -1.000000
vt 0.937500 -1.000000
vt 1.000000 -1.000000
vt 1.062500 -1.000000
vt 1.125000 -1.000000
vt 1.187500 -1.000000
vt 1.250000 -1.000000
vt 1.312500 -1.000000
vt 1.375000 -1.000000
vt 1.437500 -1.000000
vt 1.500000 -1.000000
vt 1.562500 -1.000000
vt 1.625000 -1.000000
vt 1.687500 -1.000000
vt 1.750000 -1.000000
vt 1.812500 -1.000000
vt 1.875000 -1.000000
vt 1.937500 -1.000000
vt 2.000000 -1.000000
vt 2.062500 -1.000000
vt 2.125000 -1.000000
vt 2.187500 -1.000000
vt 2.250000 -1.000000
vt 2.312500 -1.000000
vt 2.375000 -1.000000
vt 2.437500 -1.000000
vt 2.500000 -1.000000
vt 2.562500 -1.000000
vt 2.625000 -1.000000
vt 2.687500 -1.000000
vt 2.750000 -1.000000
vt 2.812500 -1.000000
vt 2.875000 -1.000000
vt 2.937500 -1.000000
vt 3.000000 -1.000000
vt 3.000000 1.000000
s 1
f 4713/2514/1726 4746/2515/1759 4714/2516/1727
f 4745/2517/1758 4778/2518/1791 4746/2515/1759
f 4777/2519/1790 4810/2520/1823 4778/2518/1791
f 4809/2521/1822 4842/2522/1855 4810/2520/1823
f 4841/2523/1854 4874/2524/1887 4842/2522/1855
f 4873/2525/1886 4906/2526/1919 4874/2524/1887
f 4905/2527/1918 4938/2528/1951 4906/2526/1919
f 4937/2529/1950 4970/2530/1983 4938/2528/1951
f 4969/2531/1982 5002/2532/2015 4970/2530/1983
f 5001/2533/2014 5034/2534/2045 5002/2532/2015
f 5033/2535/2044 5066/2536/2075 5034/2534/2045
f 5065/2537/2074 5098/2538/2105 5066/2536/2075
f 5097/2539/2104 5130/2540/2135 5098/2538/2105
f 5129/2541/2134 5162/2542/2165 5130/2540/2135
f 5161/2543/2164 5194/2544/2195 5162/2542/2165
f 5193/2545/2194 5226/2546/2225 5194/2544/2195
f 5225/2547/2224 5258/2548/1759 5226/2546/2225
f 5257/2549/1758 5290/2550/1791 5258/2548/1759
f 5289/2551/1790 5322/2552/1823 5290/2550/1791
f 5321/2553/1822 5354/2554/1855 5322/2552/1823
f 5353/2555/1854 5386/2556/1887 5354/2554/1855
f 5385/2557/1886 5418/2558/1919 5386/2556/1887
f 5417/2559/1918 5450/2560/1951 5418/2558/1919
f 5449/2561/1950 5482/2562/1983 5450/2560/1951
f 5481/2563/1982 5514/2564/2015 5482/2562/1983
f 5513/2565/2014 5546/2566/2045 5514/2564/2015
f 5545/2567/2044 5578/2568/2075 5546/2566/2045
f 5577/2569/2074 5610/2570/2105 5578/2568/2075
f 5609/2571/2104 5642/2572/2135 5610/2570/2105
f 5641/2573/2134 5674/2574/2165 5642/2572/2135
f 5673/2575/2164 5706/2576/2195 5674/2574/2165
f 5705/2577/2194 5738/2578/2225 5706/2576/2195
f 5737/2579/2224 5770/2580/1759 5738/2578/2225
f 5769/2581/1758 5802/2582/1791 5770/2580/1759
f 5801/2583/1790 5834/2584/1823 5802/2582/1791
f 5833/2585/2260 5866/2586/1855 5834/2584/1823
f 5865/2587/1854 5898/2588/1887 5866/2586/1855
f 5897/2589/1886 5930/2590/1919 5898/2588/1887
f 5929/2591/1918 5962/2592/1951 5930/2590/1919
f 5961/2593/1950 5994/2594/1983 5962/2592/1951
f 5993/2595/1982 6026/2596/2015 5994/2594/1983
f 6025/2597/2014 6058/2598/2045 6026/2596/2015
f 6057/2599/2044 6090/2600/2075 6058/2598/2045
f 6089/2601/2074 6122/2602/2105 6090/2600/2075
f 6121/2603/2104 6154/2604/2135 6122/2602/2105
f 6153/2605/2134 6186/2606/2165 6154/2604/2135
f 6185/2607/2164 6218/2608/2195 6186/2606/2165
f 6217/2609/2194 6250/2610/2268 6218/2608/2195
f 4714/2516/1727 4747/2611/1760 4715/2612/1728
f 4746/2515/1759 4779/2613/1792 4747/2611/1760
f 4778/2518/1791 4811/2614/1824 4779/2613/1792
f 4810/2520/1823 4843/2615/1856 4811/2614/1824
f 4842/2522/1855 4875/2616/1888 4843/2615/1856
f 4874/2524/1887 4907/2617/1920 4875/2616/1888
f 4906/2526/1919 4939/2618/1952 4907/2617/1920
f 4938/2528/1951 4971/2619/1984 4939/2618/1952
f 4970/2530/1983 5003/2620/2016 4971/2619/1984
f 5002/2532/2015 5035/2621/2046 5003/2620/2016
f 5034/2534/2045 5067/2622/2076 5035/2621/2046
f 5066/2536/2075 5099/2623/2106 5067/2622/2076
f 5098/2538/2105 5131/2624/2136 5099/2623/2106
f 5130/2540/2135 5163/2625/2166 5131/2624/2136
f 5162/2542/2165 5195/2626/2196 5163/2625/2166
f 5194/2544/2195 5227/2627/2226 5195/2626/2196
f 5226/2546/2225 5259/2628/1760 5227/2627/2226
f 5258/2548/1759 5291/2629/1792 5259/2628/1760
f 5290/2550/1791 5323/2630/1824 5291/2629/1792
f 5322/2552/1823 5355/2631/1856 5323/2630/1824
f 5354/2554/1855 5387/2632/1888 5355/2631/1856
f 5386/2556/1887 5419/2633/1920 5387/2632/1888
f 5418/2558/1919 5451/2634/1952 5419/2633/1920
f 5450/2560/1951 5483/2635/1984 5451/2634/1952
f 5482/2562/1983 5515/2636/2016 5483/2635/1984
f 5514/2564/2015 5547/2637/2046 5515/2636/2016
f 5546/2566/2045 5579/2638/2076 5547/2637/2046
f 5578/2568/2075 5611/2639/2106 5579/2638/2076
f 5610/2570/2105 5643/2640/2136 5611/2639/2106
f 5642/2572/2135 5675/2641/2166 5643/2640/2136
f 5674/2574/2165 5707/2642/2196 5675/2641/2166
f 5706/2576/2195 5739/2643/2226 5707/2642/2196
f 5738/2578/2225 5771/2644/1760 5739/2643/2226
f 5770/2580/1759 5803/2645/1792 5771/2644/1760
f 5802/2582/1791 5835/2646/1824 5803/2645/1792
f 5834/2584/1823 5867/2647/1856 5835/2646/1824
f 5866/2586/1855 5899/2648/1888 5867/2647/1856
f 5898/2588/1887 5931/2649/1920 5899/2648/1888
f 5930/2590/1919 5963/2650/1952 5931/2649/1920
f 5962/2592/1951 5995/2651/1984 5963/2650/1952
f 5994/2594/1983 6027/2652/2016 5995/2651/1984
f 6026/2596/2015 6059/2653/2046 6027/2652/2016
f 6058/2598/2045 6091/2654/2076 6059/2653/2046
f 6090/2600/2075 6123/2655/2106 6091/2654/2076
f 6122/2602/2105 6155/2656/2136 6123/2655/2106
f 6154/2604/2135 6187/2657/2166 6155/2656/2136
f 6186/2606/2165 6219/2658/2196 6187/2657/2166
f 6218/2608/2195 6251/2659/2269 6219/2658/2196
f 4715/2612/1728 4748/2660/1761 4716/2661/1729
f 4747/2611/1760 4780/2662/1793 4748/2660/1761
f 4779/2613/1792 4812/2663/1825 4780/2662/1793
f 4811/2614/1824 4844/2664/1857 4812/2663/1825
f 4843/2615/1856 4876/2665/1889 4844/2664/1857
f 4875/2616/1888 4908/2666/1921 4876/2665/1889
f 4907/2617/1920 4940/2667/1953 4908/2666/1921
f 4939/2618/1952 4972/2668/1985 4940/2667/1953
f 4971/2619/1984 5004/2669/2017 4972/2668/1985
f 5003/2620/2016 5036/2670/2047 5004/2669/2017
f 5035/2621/2046 5068/2671/2077 5036/2670/2047
f 5067/2622/2076 5100/2672/2107 5068/2671/2077
f 5099/2623/2106 5132/2673/2137 5100/2672/2107
f 5131/2624/2136 5164/2674/2167 5132/2673/2137
f 5163/2625/2166 5196/2675/2197 5164/2674/2167
f 5195/2626/2196 5228/2676/2227 5196/2675/2197
f 5227/2627/2226 5260/2677/1761 5228/2676/2227
f 5259/2628/1760 5292/2678/1793 5260/2677/1761
f 5291/2629/1792 5324/2679/1825 5292/2678/1793
f 5323/2630/1824 5356/2680/1857 5324/2679/1825
f 5355/2631/1856 5388/2681/1889 5356/2680/1857
f 5387/2632/1888 5420/2682/1921 5388/2681/1889
f 5419/2633/1920 5452/2683/1953 5420/2682/1921
f 5451/2634/1952 5484/2684/1985 5452/2683/1953
f 5483/2635/1984 5516/2685/2017 5484/2684/1985
f 5515/2636/2016 5548/2686/2047 5516/2685/2017
f 5547/2637/2046 5580/2687/2077 5548/2686/2047
f 5579/2638/2076 5612/2688/2107 5580/2687/2077
f 5611/2639/2106 5644/2689/2137 5612/2688/2107
f 5643/2640/2136 5676/2690/2167 5644/2689/2137
f 5675/2641/2166 5708/2691/2197 5676/2690/2167
f 5707/2642/2196 5740/2692/2227 5708/2691/2197
f 5739/2643/2226 5772/2693/1761 5740/2692/2227
f 5771/2644/1760 5804/2694/1793 5772/2693/1761
f 5803/2645/1792 5836/2695/1825 5804/2694/1793
f 5835/2646/1824 5868/2696/1857 5836/2695/1825
f 5867/2647/1856 5900/2697/1889 5868/2696/1857
f 5899/2648/1888 5932/2698/1921 5900/2697/1889
f 5931/2649/1920 5964/2699/1953 5932/2698/1921
f 5963/2650/1952 5996/2700/1985 5964/2699/1953
f 5995/2651/1984 6028/2701/2017 5996/2700/1985
f 6027/2652/2016 6060/2702/2047 6028/2701/2017
f 6059/2653/2046 6092/2703/2263 6060/2702/2047
f 6091/2654/2076 6124/2704/2107 6092/2703/2263
f 6123/2655/2106 6156/2705/2137 6124/2704/2107
f 6155/2656/2136 6188/2706/2167 6156/2705/2137
f 6187/2657/2166 6220/2707/2197 6188/2706/2167
f 6219/2658/2196 6252/2708/2270 6220/2707/2197
f 4716/2661/1729 4749/2709/1762 4717/2710/1730
f 4748/2660/1761 4781/2711/1794 4749/2709/1762
f 4780/2662/1793 4813/2712/1826 4781/2711/1794
f 4812/2663/1825 4845/2713/1858 4813/2712/1826
f 4844/2664/1857 4877/2714/1890 4845/2713/1858
f 4876/2665/1889 4909/2715/1922 4877/2714/1890
f 4908/2666/1921 4941/2716/1954 4909/2715/1922
f 4940/2667/1953 4973/2717/1986 4941/2716/1954
f 4972/2668/1985 5005/2718/2018 4973/2717/1986
f 5004/2669/2017 5037/2719/2048 5005/2718/2018
f 5036/2670/2047 5069/2720/2078 5037/2719/2048
f 5068/2671/2077 5101/2721/2108 5069/2720/2078
f 5100/2672/2107 5133/2722/2138 5101/2721/2108
f 5132/2673/2137 5165/2723/2168 5133/2722/2138
f 5164/2674/2167 5197/2724/2198 5165/2723/2168
f 5196/2675/2197 5229/2725/2228 5197/2724/2198
f 5228/2676/2227 5261/2726/1762 5229/2725/2228
f 5260/2677/1761 5293/2727/1794 5261/2726/1762
f 5292/2678/1793 5325/2728/1826 5293/2727/1794
f 5324/2679/1825 5357/2729/1858 5325/2728/1826
f 5356/2680/1857 5389/2730/1890 5357/2729/1858
f 5388/2681/1889 5421/2731/1922 5389/2730/1890
f 5420/2682/1921 5453/2732/1954 5421/2731/1922
f 5452/2683/1953 5485/2733/1986 5453/2732/1954
f 5484/2684/1985 5517/2734/2018 5485/2733/1986
f 5516/2685/2017 5549/2735/2048 5517/2734/2018
f 5548/2686/2047 5581/2736/2078 5549/2735/2048
f 5580/2687/2077 5613/2737/2108 5581/2736/2078
f 5612/2688/2107 5645/2738/2257 5613/2737/2108
f 5644/2689/2137 5677/2739/2168 5645/2738/2257
f 5676/2690/2167 5709/2740/2198 5677/2739/2168
f 5708/2691/2197 5741/2741/2228 5709/2740/2198
f 5740/2692/2227 5773/2742/1762 5741/2741/2228
f 5772/2693/1761 5805/2743/1794 5773/2742/1762
f 5804/2694/1793 5837/2744/1826 5805/2743/1794
f 5836/2695/1825 5869/2745/1858 5837/2744/1826
f 5868/2696/1857 5901/2746/1890 5869/2745/1858
f 5900/2697/1889 5933/2747/1922 5901/2746/1890
f 5932/2698/1921 5965/2748/1954 5933/2747/1922
f 5964/2699/1953 5997/2749/1986 5965/2748/1954
f 5996/2700/1985 6029/2750/2018 5997/2749/1986
f 6028/2701/2017 6061/2751/2048 6029/2750/2018
f 6060/2702/2047 6093/2752/2078 6061/2751/2048
f 6092/2703/2263 6125/2753/2108 6093/2752/2078
f 6124/2704/2107 6157/2754/2257 6125/2753/2108
f 6156/2705/2137 6189/2755/2168 6157/2754/2257
f 6188/2706/2167 6221/2756/2198 6189/2755/2168
f 6220/2707/2197 6253/2757/2271 6221/2756/2198
f 4717/2710/1730 4750/2758/1763 4718/2759/1731
f 4749/2709/1762 4782/2760/1795 4750/2758/1763
f 4781/2711/1794 4814/2761/1827 4782/2760/1795
f 4813/2712/1826 4846/2762/1859 4814/2761/1827
f 4845/2713/1858 4878/2763/1891 4846/2762/1859
f 4877/2714/1890 4910/2764/1923 4878/2763/1891
f 4909/2715/1922 4942/2765/1955 4910/2764/1923
f 4941/2716/1954 4974/2766/1987 4942/2765/1955
f 4973/2717/1986 5006/2767/2019 4974/2766/1987
f 5005/2718/2018 5038/2768/2049 5006/2767/2019
f 5037/2719/2048 5070/2769/2079 5038/2768/2049
f 5069/2720/2078 5102/2770/2109 5070/2769/2079
f 5101/2721/2108 5134/2771/2139 5102/2770/2109
f 5133/2722/2138 5166/2772/2169 5134/2771/2139
f 5165/2723/2168 5198/2773/2199 5166/2772/2169
f 5197/2724/2198 5230/2774/2229 5198/2773/2199
f 5229/2725/2228 5262/2775/1763 5230/2774/2229
f 5261/2726/1762 5294/2776/1795 5262/2775/1763
f 5293/2727/1794 5326/2777/1827 5294/2776/1795
f 5325/2728/1826 5358/2778/1859 5326/2777/1827
f 5357/2729/1858 5390/2779/1891 5358/2778/1859
f 5389/2730/1890 5422/2780/1923 5390/2779/1891
f 5421/2731/1922 5454/2781/1955 5422/2780/1923
f 5453/2732/1954 5486/2782/1987 5454/2781/1955
f 5485/2733/1986 5518/2783/2019 5486/2782/1987
f 5517/2734/2018 5550/2784/2049 5518/2783/2019
f 5549/2735/2048 5582/2785/2079 5550/2784/2049
f 5581/2736/2078 5614/2786/2109 5582/2785/2079
f 5613/2737/2108 5646/2787/2139 5614/2786/2109
f 5645/2738/2257 5678/2788/2169 5646/2787/2139
f 5677/2739/2168 5710/2789/2199 5678/2788/2169
f 5709/2740/2198 5742/2790/2229 5710/2789/2199
f 5741/2741/2228 5774/2791/1763 5742/2790/2229
f 5773/2742/1762 5806/2792/1795 5774/2791/1763
f 5805/2743/1794 5838/2793/1827 5806/2792/1795
f 5837/2744/1826 5870/2794/1859 5838/2793/1827
f 5869/2745/1858 5902/2795/1891 5870/2794/1859
f 5901/2746/1890 5934/2796/1923 5902/2795/1891
f 5933/2747/1922 5966/2797/1955 5934/2796/1923
f 5965/2748/1954 5998/2798/1987 5966/2797/1955
f 5997/2749/1986 6030/2799/2019 5998/2798/1987
f 6029/2750/2018 6062/2800/2049 6030/2799/2019
f 6061/2751/2048 6094/2801/2079 6062/2800/2049
f 6093/2752/2078 6126/2802/2109 6094/2801/2079
f 6125/2753/2108 6158/2803/2139 6126/2802/2109
f 6157/2754/2257 6190/2804/2169 6158/2803/2139
f 6189/2755/2168 6222/2805/2199 6190/2804/2169
f 6221/2756/2198 6254/2806/2272 6222/2805/2199
f 4718/2759/1731 4751/2807/1764 4719/2808/1732
f 4750/2758/1763 4783/2809/1796 4751/2807/1764
f 4782/2760/1795 4815/2810/1828 4783/2809/1796
f 4814/2761/1827 4847/2811/1860 4815/2810/1828
f 4846/2762/1859 4879/2812/1892 4847/2811/1860
f 4878/2763/1891 4911/2813/1924 4879/2812/1892
f 4910/2764/1923 4943/2814/1956 4911/2813/1924
f 4942/2765/1955 4975/2815/1988 4943/2814/1956
f 4974/2766/1987 5007/2816/2020 4975/2815/1988
f 5006/2767/2019 5039/2817/2050 5007/2816/2020
f 5038/2768/2049 5071/2818/2080 5039/2817/2050
f 5070/2769/2079 5103/2819/2110 5071/2818/2080
f 5102/2770/2109 5135/2820/2140 5103/2819/2110
f 5134/2771/2139 5167/2821/2170 5135/2820/2140
f 5166/2772/2169 5199/2822/2200 5167/2821/2170
f 5198/2773/2199 5231/2823/2230 5199/2822/2200
f 5230/2774/2229 5263/2824/1764 5231/2823/2230
f 5262/2775/1763 5295/2825/1796 5263/2824/1764
f 5294/2776/1795 5327/2826/1828 5295/2825/1796
f 5326/2777/1827 5359/2827/1860 5327/2826/1828
f 5358/2778/1859 5391/2828/1892 5359/2827/1860
f 5390/2779/1891 5423/2829/1924 5391/2828/1892
f 5422/2780/1923 5455/2830/1956 5423/2829/1924
f 5454/2781/1955 5487/2831/1988 5455/2830/1956
f 5486/2782/1987 5519/2832/2020 5487/2831/1988
f 5518/2783/2019 5551/2833/2050 5519/2832/2020
f 5550/2784/2049 5583/2834/2080 5551/2833/2050
f 5582/2785/2079 5615/2835/2110 5583/2834/2080
f 5614/2786/2109 5647/2836/2140 5615/2835/2110
f 5646/2787/2139 5679/2837/2170 5647/2836/2140
f 5678/2788/2169 5711/2838/2200 5679/2837/2170
f 5710/2789/2199 5743/2839/2230 5711/2838/2200
f 5742/2790/2229 5775/2840/1764 5743/2839/2230
f 5774/2791/1763 5807/2841/1796 5775/2840/1764
f 5806/2792/1795 5839/2842/1828 5807/2841/1796
f 5838/2793/1827 5871/2843/1860 5839/2842/1828
f 5870/2794/1859 5903/2844/1892 5871/2843/1860
f 5902/2795/1891 5935/2845/1924 5903/2844/1892
f 5934/2796/1923 5967/2846/1956 5935/2845/1924
f 5966/2797/1955 5999/2847/1988 5967/2846/1956
f 5998/2798/1987 6031/2848/2020 5999/2847/1988
f 6030/2799/2019 6063/2849/2050 6031/2848/2020
f 6062/2800/2049 6095/2850/2080 6063/2849/2050
f 6094/2801/2079 6127/2851/2110 6095/2850/2080
f 6126/2802/2109 6159/2852/2140 6127/2851/2110
f 6158/2803/2139 6191/2853/2170 6159/2852/2140
f 6190/2804/2169 6223/2854/2200 6191/2853/2170
f 6222/2805/2199 6255/2855/2273 6223/2854/2200
f 4719/2808/1732 4752/2856/1765 4720/2857/1733
f 4751/2807/1764 4784/2858/1797 4752/2856/1765
f 4783/2809/1796 4816/2859/1829 4784/2858/1797
f 4815/2810/1828 4848/2860/1861 4816/2859/1829
f 4847/2811/1860 4880/2861/1893 4848/2860/1861
f 4879/2812/1892 4912/2862/1925 4880/2861/1893
f 4911/2813/1924 4944/2863/1957 4912/2862/1925
f 4943/2814/1956 4976/2864/1989 4944/2863/1957
f 4975/2815/1988 5008/2865/2021 4976/2864/1989
f 5007/2816/2020 5040/2866/2051 5008/2865/2021
f 5039/2817/2050 5072/2867/2081 5040/2866/2051
f 5071/2818/2080 5104/2868/2111 5072/2867/2081
f 5103/2819/2110 5136/2869/2141 5104/2868/2111
f 5135/2820/2140 5168/2870/2171 5136/2869/2141
f 5167/2821/2170 5200/2871/2201 5168/2870/2171
f 5199/2822/2200 5232/2872/2231 5200/2871/2201
f 5231/2823/2230 5264/2873/1765 5232/2872/2231
f 5263/2824/1764 5296/2874/1797 5264/2873/1765
f 5295/2825/1796 5328/2875/1829 5296/2874/1797
f 5327/2826/1828 5360/2876/1861 5328/2875/1829
f 5359/2827/1860 5392/2877/1893 5360/2876/1861
f 5391/2828/1892 5424/2878/1925 5392/2877/1893
f 5423/2829/1924 5456/2879/1957 5424/2878/1925
f 5455/2830/1956 5488/2880/1989 5456/2879/1957
f 5487/2831/1988 5520/2881/2021 5488/2880/1989
f 5519/2832/2020 5552/2882/2051 5520/2881/2021
f 5551/2833/2050 5584/2883/2081 5552/2882/2051
f 5583/2834/2080 5616/2884/2111 5584/2883/2081
f 5615/2835/2110 5648/2885/2141 5616/2884/2111
f 5647/2836/2140 5680/2886/2171 5648/2885/2141
f 5679/2837/2170 5712/2887/2201 5680/2886/2171
f 5711/2838/2200 5744/2888/2231 5712/2887/2201
f 5743/2839/2230 5776/2889/1765 5744/2888/2231
f 5775/2840/1764 5808/2890/1797 5776/2889/1765
f 5807/2841/1796 5840/2891/1829 5808/2890/1797
f 5839/2842/1828 5872/2892/1861 5840/2891/1829
f 5871/2843/1860 5904/2893/1893 5872/2892/1861
f 5903/2844/1892 5936/2894/1925 5904/2893/1893
f 5935/2845/1924 5968/2895/1957 5936/2894/1925
f 5967/2846/1956 6000/2896/1989 5968/2895/1957
f 5999/2847/1988 6032/2897/2021 6000/2896/1989
f 6031/2848/2020 6064/2898/2051 6032/2897/2021
f 6063/2849/2050 6096/2899/2081 6064/2898/2051
f 6095/2850/2080 6128/2900/2111 6096/2899/2081
f 6127/2851/2110 6160/2901/2141 6128/2900/2111
f 6159/2852/2140 6192/2902/2171 6160/2901/2141
f 6191/2853/2170 6224/2903/2201 6192/2902/2171
f 6223/2854/2200 6256/2904/2274 6224/2903/2201
f 4720/2857/1733 4753/2905/1766 4721/2906/1734
f 4752/2856/1765 4785/2907/1798 4753/2905/1766
f 4784/2858/1797 4817/2908/1830 4785/2907/1798
f 4816/2859/1829 4849/2909/1862 4817/2908/1830
f 4848/2860/1861 4881/2910/1894 4849/2909/1862
f 4880/2861/1893 4913/2911/1926 4881/2910/1894
f 4912/2862/1925 4945/2912/1958 4913/2911/1926
f 4944/2863/1957 4977/2913/1990 4945/2912/1958
f 4976/2864/1989 5009/2914/1782 4977/2913/1990
f 5008/2865/2021 5041/2915/1814 5009/2914/1782
f 5040/2866/2051 5073/2916/1846 5041/2915/1814
f 5072/2867/2081 5105/2917/1878 5073/2916/1846
f 5104/2868/2111 5137/2918/1910 5105/2917/1878
f 5136/2869/2141 5169/2919/1942 5137/2918/1910
f 5168/2870/2171 5201/2920/1974 5169/2919/1942
f 5200/2871/2201 5233/2921/2006 5201/2920/1974
f 5232/2872/2231 5265/2922/1766 5233/2921/2006
f 5264/2873/1765 5297/2923/1798 5265/2922/1766
f 5296/2874/1797 5329/2924/1830 5297/2923/1798
f 5328/2875/1829 5361/2925/1862 5329/2924/1830
f 5360/2876/1861 5393/2926/1894 5361/2925/1862
f 5392/2877/1893 5425/2927/1926 5393/2926/1894
f 5424/2878/1925 5457/2928/1958 5425/2927/1926
f 5456/2879/1957 5489/2929/1990 5457/2928/1958
f 5488/2880/1989 5521/2930/1782 5489/2929/1990
f 5520/2881/2021 5553/2931/1814 5521/2930/1782
f 5552/2882/2051 5585/2932/1846 5553/2931/1814
f 5584/2883/2081 5617/2933/1878 5585/2932/1846
f 5616/2884/2111 5649/2934/1910 5617/2933/1878
f 5648/2885/2141 5681/2935/1942 5649/2934/1910
f 5680/2886/2171 5713/2936/1974 5681/2935/1942
f 5712/2887/2201 5745/2937/2006 5713/2936/1974
f 5744/2888/2231 5777/2938/1766 5745/2937/2006
f 5776/2889/1765 5809/2939/1798 5777/2938/1766
f 5808/2890/1797 5841/2940/1830 5809/2939/1798
f 5840/2891/1829 5873/2941/1862 5841/2940/1830
f 5872/2892/1861 5905/2942/1894 5873/2941/1862
f 5904/2893/1893 5937/2943/1926 5905/2942/1894
f 5936/2894/1925 5969/2944/1958 5937/2943/1926
f 5968/2895/1957 6001/2945/1990 5969/2944/1958
f 6000/2896/1989 6033/2946/1782 6001/2945/1990
f 6032/2897/2021 6065/2947/1814 6033/2946/1782
f 6064/2898/2051 6097/2948/1846 6065/2947/1814
f 6096/2899/2081 6129/2949/1878 6097/2948/1846
f 6128/2900/2111 6161/2950/1910 6129/2949/1878
f 6160/2901/2141 6193/2951/1942 6161/2950/1910
f 6192/2902/2171 6225/2952/1974 6193/2951/1942
f 6224/2903/2201 6257/2953/2275 6225/2952/1974
f 4721/2906/1734 4754/2954/1767 4722/2955/1735
f 4753/2905/1766 4786/2956/1799 4754/2954/1767
f 4785/2907/1798 4818/2957/1831 4786/2956/1799
f 4817/2908/1830 4850/2958/1863 4818/2957/1831
f 4849/2909/1862 4882/2959/1895 4850/2958/1863
f 4881/2910/1894 4914/2960/1927 4882/2959/1895
f 4913/2911/1926 4946/2961/1959 4914/2960/1927
f 4945/2912/1958 4978/2962/1991 4946/2961/1959
f 4977/2913/1990 5010/2963/2022 4978/2962/1991
f 5009/2914/1782 5042/2964/2052 5010/2963/2022
f 5041/2915/1814 5074/2965/2082 5042/2964/2052
f 5073/2916/1846 5106/2966/2112 5074/2965/2082
f 5105/2917/1878 5138/2967/2142 5106/2966/2112
f 5137/2918/1910 5170/2968/2172 5138/2967/2142
f 5169/2919/1942 5202/2969/2202 5170/2968/2172
f 5201/2920/1974 5234/2970/2232 5202/2969/2202
f 5233/2921/2006 5266/2971/1767 5234/2970/2232
f 5265/2922/1766 5298/2972/1799 5266/2971/1767
f 5297/2923/1798 5330/2973/1831 5298/2972/1799
f 5329/2924/1830 5362/2974/1863 5330/2973/1831
f 5361/2925/1862 5394/2975/1895 5362/2974/1863
f 5393/2926/1894 5426/2976/1927 5394/2975/1895
f 5425/2927/1926 5458/2977/1959 5426/2976/1927
f 5457/2928/1958 5490/2978/1991 5458/2977/1959
f 5489/2929/1990 5522/2979/2022 5490/2978/1991
f 5521/2930/1782 5554/2980/2052 5522/2979/2022
f 5553/2931/1814 5586/2981/2082 5554/2980/2052
f 5585/2932/1846 5618/2982/2112 5586/2981/2082
f 5617/2933/1878 5650/2983/2142 5618/2982/2112
f 5649/2934/1910 5682/2984/2172 5650/2983/2142
f 5681/2935/1942 5714/2985/2202 5682/2984/2172
f 5713/2936/1974 5746/2986/2232 5714/2985/2202
f 5745/2937/2006 5778/2987/1767 5746/2986/2232
f 5777/2938/1766 5810/2988/1799 5778/2987/1767
f 5809/2939/1798 5842/2989/1831 5810/2988/1799
f 5841/2940/1830 5874/2990/1863 5842/2989/1831
f 5873/2941/1862 5906/2991/1895 5874/2990/1863
f 5905/2942/1894 5938/2992/1927 5906/2991/1895
f 5937/2943/1926 5970/2993/1959 5938/2992/1927
f 5969/2944/1958 6002/2994/1991 5970/2993/1959
f 6001/2945/1990 6034/2995/2022 6002/2994/1991
f 6033/2946/1782 6066/2996/2052 6034/2995/2022
f 6065/2947/1814 6098/2997/2082 6066/2996/2052
f 6097/2948/1846 6130/2998/2112 6098/2997/2082
f 6129/2949/1878 6162/2999/2142 6130/2998/2112
f 6161/2950/1910 6194/3000/2172 6162/2999/2142
f 6193/2951/1942 6226/3001/2202 6194/3000/2172
f 6225/2952/1974 6258/3002/2276 6226/3001/2202
f 4722/2955/1735 4755/3003/1768 4723/3004/1736
f 4754/2954/1767 4787/3005/1800 4755/3003/1768
f 4786/2956/1799 4819/3006/1832 4787/3005/1800
f 4818/2957/1831 4851/3007/1864 4819/3006/1832
f 4850/2958/1863 4883/3008/1896 4851/3007/1864
f 4882/2959/1895 4915/3009/1928 4883/3008/1896
f 4914/2960/1927 4947/3010/1960 4915/3009/1928
f 4946/2961/1959 4979/3011/1992 4947/3010/1960
f 4978/2962/1991 5011/3012/2023 4979/3011/1992
f 5010/2963/2022 5043/3013/2053 5011/3012/2023
f 5042/2964/2052 5075/3014/2083 5043/3013/2053
f 5074/2965/2082 5107/3015/2113 5075/3014/2083
f 5106/2966/2112 5139/3016/2143 5107/3015/2113
f 5138/2967/2142 5171/3017/2173 5139/3016/2143
f 5170/2968/2172 5203/3018/2203 5171/3017/2173
f 5202/2969/2202 5235/3019/2233 5203/3018/2203
f 5234/2970/2232 5267/3020/1768 5235/3019/2233
f 5266/2971/1767 5299/3021/1800 5267/3020/1768
f 5298/2972/1799 5331/3022/1832 5299/3021/1800
f 5330/2973/1831 5363/3023/1864 5331/3022/1832
f 5362/2974/1863 5395/3024/1896 5363/3023/1864
f 5394/2975/1895 5427/3025/1928 5395/3024/1896
f 5426/2976/1927 5459/3026/1960 5427/3025/1928
f 5458/2977/1959 5491/3027/1992 5459/3026/1960
f 5490/2978/1991 5523/3028/2023 5491/3027/1992
f 5522/2979/2022 5555/3029/2053 5523/3028/2023
f 5554/2980/2052 5587/3030/2083 5555/3029/2053
f 5586/2981/2082 5619/3031/2113 5587/3030/2083
f 5618/2982/2112 5651/3032/2143 5619/3031/2113
f 5650/2983/2142 5683/3033/2173 5651/3032/2143
f 5682/2984/2172 5715/3034/2203 5683/3033/2173
f 5714/2985/2202 5747/3035/2233 5715/3034/2203
f 5746/2986/2232 5779/3036/1768 5747/3035/2233
f 5778/2987/1767 5811/3037/1800 5779/3036/1768
f 5810/2988/1799 5843/3038/1832 5811/3037/1800
f 5842/2989/1831 5875/3039/1864 5843/3038/1832
f 5874/2990/1863 5907/3040/1896 5875/3039/1864
f 5906/2991/1895 5939/3041/1928 5907/3040/1896
f 5938/2992/1927 5971/3042/1960 5939/3041/1928
f 5970/2993/1959 6003/3043/1992 5971/3042/1960
f 6002/2994/1991 6035/3044/2023 6003/3043/1992
f 6034/2995/2022 6067/3045/2053 6035/3044/2023
f 6066/2996/2052 6099/3046/2083 6067/3045/2053
f 6098/2997/2082 6131/3047/2113 6099/3046/2083
f 6130/2998/2112 6163/3048/2143 6131/3047/2113
f 6162/2999/2142 6195/3049/2173 6163/3048/2143
f 6194/3000/2172 6227/3050/2203 6195/3049/2173
f 6226/3001/2202 6259/3051/2277 6227/3050/2203
f 4723/3004/1736 4756/3052/1769 4724/3053/1737
f 4755/3003/1768 4788/3054/1801 4756/3052/1769
f 4787/3005/1800 4820/3055/1833 4788/3054/1801
f 4819/3006/1832 4852/3056/1865 4820/3055/1833
f 4851/3007/1864 4884/3057/1897 4852/3056/1865
f 4883/3008/1896 4916/3058/1929 4884/3057/1897
f 4915/3009/1928 4948/3059/1961 4916/3058/1929
f 4947/3010/1960 4980/3060/1993 4948/3059/1961
f 4979/3011/1992 5012/3061/2024 4980/3060/1993
f 5011/3012/2023 5044/3062/2054 5012/3061/2024
f 5043/3013/2053 5076/3063/2084 5044/3062/2054
f 5075/3014/2083 5108/3064/2114 5076/3063/2084
f 5107/3015/2113 5140/3065/2144 5108/3064/2114
f 5139/3016/2143 5172/3066/2174 5140/3065/2144
f 5171/3017/2173 5204/3067/2204 5172/3066/2174
f 5203/3018/2203 5236/3068/2234 5204/3067/2204
f 5235/3019/2233 5268/3069/1769 5236/3068/2234
f 5267/3020/1768 5300/3070/1801 5268/3069/1769
f 5299/3021/1800 5332/3071/1833 5300/3070/1801
f 5331/3022/1832 5364/3072/1865 5332/3071/1833
f 5363/3023/1864 5396/3073/1897 5364/3072/1865
f 5395/3024/1896 5428/3074/1929 5396/3073/1897
f 5427/3025/1928 5460/3075/1961 5428/3074/1929
f 5459/3026/1960 5492/3076/1993 5460/3075/1961
f 5491/3027/1992 5524/3077/2024 5492/3076/1993
f 5523/3028/2023 5556/3078/2054 5524/3077/2024
f 5555/3029/2053 5588/3079/2084 5556/3078/2054
f 5587/3030/2083 5620/3080/2114 5588/3079/2084
f 5619/3031/2113 5652/3081/2144 5620/3080/2114
f 5651/3032/2143 5684/3082/2174 5652/3081/2144
f 5683/3033/2173 5716/3083/2204 5684/3082/2174
f 5715/3034/2203 5748/3084/2234 5716/3083/2204
f 5747/3035/2233 5780/3085/1769 5748/3084/2234
f 5779/3036/1768 5812/3086/1801 5780/3085/1769
f 5811/3037/1800 5844/3087/1833 5812/3086/1801
f 5843/3038/1832 5876/3088/1865 5844/3087/1833
f 5875/3039/1864 5908/3089/1897 5876/3088/1865
f 5907/3040/1896 5940/3090/1929 5908/3089/1897
f 5939/3041/1928 5972/3091/1961 5940/3090/1929
f 5971/3042/1960 6004/3092/1993 5972/3091/1961
f 6003/3043/1992 6036/3093/2024 6004/3092/1993
f 6035/3044/2023 6068/3094/2054 6036/3093/2024
f 6067/3045/2053 6100/3095/2084 6068/3094/2054
f 6099/3046/2083 6132/3096/2114 6100/3095/2084
f 6131/3047/2113 6164/3097/2144 6132/3096/2114
f 6163/3048/2143 6196/3098/2174 6164/3097/2144
f 6195/3049/2173 6228/3099/2204 6196/3098/2174
f 6227/3050/2203 6260/3100/2278 6228/3099/2204
f 4724/3053/1737 4757/3101/1770 4725/3102/1738
f 4756/3052/1769 4789/3103/1802 4757/3101/1770
f 4788/3054/1801 4821/3104/1834 4789/3103/1802
f 4820/3055/1833 4853/3105/1866 4821/3104/1834
f 4852/3056/1865 4885/3106/1898 4853/3105/1866
f 4884/3057/1897 4917/3107/1930 4885/3106/1898
f 4916/3058/1929 4949/3108/1962 4917/3107/1930
f 4948/3059/1961 4981/3109/1994 4949/3108/1962
f 4980/3060/1993 5013/3110/2025 4981/3109/1994
f 5012/3061/2024 5045/3111/2055 5013/3110/2025
f 5044/3062/2054 5077/3112/2085 5045/3111/2055
f 5076/3063/2084 5109/3113/2115 5077/3112/2085
f 5108/3064/2114 5141/3114/2145 5109/3113/2115
f 5140/3065/2144 5173/3115/2175 5141/3114/2145
f 5172/3066/2174 5205/3116/2205 5173/3115/2175
f 5204/3067/2204 5237/3117/2235 5205/3116/2205
f 5236/3068/2234 5269/3118/1770 5237/3117/2235
f 5268/3069/1769 5301/3119/1802 5269/3118/1770
f 5300/3070/1801 5333/3120/1834 5301/3119/1802
f 5332/3071/1833 5365/3121/1866 5333/3120/1834
f 5364/3072/1865 5397/3122/1898 5365/3121/1866
f 5396/3073/1897 5429/3123/1930 5397/3122/1898
f 5428/3074/1929 5461/3124/1962 5429/3123/1930
f 5460/3075/1961 5493/3125/1994 5461/3124/1962
f 5492/3076/1993 5525/3126/2025 5493/3125/1994
f 5524/3077/2024 5557/3127/2055 5525/3126/2025
f 5556/3078/2054 5589/3128/2085 5557/3127/2055
f 5588/3079/2084 5621/3129/2115 5589/3128/2085
f 5620/3080/2114 5653/3130/2145 5621/3129/2115
f 5652/3081/2144 5685/3131/2175 5653/3130/2145
f 5684/3082/2174 5717/3132/2205 5685/3131/2175
f 5716/3083/2204 5749/3133/2235 5717/3132/2205
f 5748/3084/2234 5781/3134/1770 5749/3133/2235
f 5780/3085/1769 5813/3135/1802 5781/3134/1770
f 5812/3086/1801 5845/3136/1834 5813/3135/1802
f 5844/3087/1833 5877/3137/1866 5845/3136/1834
f 5876/3088/1865 5909/3138/1898 5877/3137/1866
f 5908/3089/1897 5941/3139/1930 5909/3138/1898
f 5940/3090/1929 5973/3140/1962 5941/3139/1930
f 5972/3091/1961 6005/3141/1994 5973/3140/1962
f 6004/3092/1993 6037/3142/2025 6005/3141/1994
f 6036/3093/2024 6069/3143/2055 6037/3142/2025
f 6068/3094/2054 6101/3144/2264 6069/3143/2055
f 6100/3095/2084 6133/3145/2115 6101/3144/2264
f 6132/3096/2114 6165/3146/2145 6133/3145/2115
f 6164/3097/2144 6197/3147/2175 6165/3146/2145
f 6196/3098/2174 6229/3148/2205 6197/3147/2175
f 6228/3099/2204 6261/3149/2279 6229/3148/2205
f 4725/3102/1738 4758/3150/1771 4726/3151/1739
f 4757/3101/1770 4790/3152/1803 4758/3150/1771
f 4789/3103/1802 4822/3153/1835 4790/3152/1803
f 4821/3104/1834 4854/3154/1867 4822/3153/1835
f 4853/3105/1866 4886/3155/1899 4854/3154/1867
f 4885/3106/1898 4918/3156/1931 4886/3155/1899
f 4917/3107/1930 4950/3157/1963 4918/3156/1931
f 4949/3108/1962 4982/3158/1995 4950/3157/1963
f 4981/3109/1994 5014/3159/2026 4982/3158/1995
f 5013/3110/2025 5046/3160/2056 5014/3159/2026
f 5045/3111/2055 5078/3161/2086 5046/3160/2056
f 5077/3112/2085 5110/3162/2116 5078/3161/2086
f 5109/3113/2115 5142/3163/2146 5110/3162/2116
f 5141/3114/2145 5174/3164/2176 5142/3163/2146
f 5173/3115/2175 5206/3165/2206 5174/3164/2176
f 5205/3116/2205 5238/3166/2236 5206/3165/2206
f 5237/3117/2235 5270/3167/1771 5238/3166/2236
f 5269/3118/1770 5302/3168/1803 5270/3167/1771
f 5301/3119/1802 5334/3169/1835 5302/3168/1803
f 5333/3120/1834 5366/3170/1867 5334/3169/1835
f 5365/3121/1866 5398/3171/1899 5366/3170/1867
f 5397/3122/1898 5430/3172/1931 5398/3171/1899
f 5429/3123/1930 5462/3173/1963 5430/3172/1931
f 5461/3124/1962 5494/3174/1995 5462/3173/1963
f 5493/3125/1994 5526/3175/2026 5494/3174/1995
f 5525/3126/2025 5558/3176/2056 5526/3175/2026
f 5557/3127/2055 5590/3177/2086 5558/3176/2056
f 5589/3128/2085 5622/3178/2116 5590/3177/2086
f 5621/3129/2115 5654/3179/2146 5622/3178/2116
f 5653/3130/2145 5686/3180/2176 5654/3179/2146
f 5685/3131/2175 5718/3181/2206 5686/3180/2176
f 5717/3132/2205 5750/3182/2236 5718/3181/2206
f 5749/3133/2235 5782/3183/1771 5750/3182/2236
f 5781/3134/1770 5814/3184/1803 5782/3183/1771
f 5813/3135/1802 5846/3185/1835 5814/3184/1803
f 5845/3136/1834 5878/3186/1867 5846/3185/1835
f 5877/3137/1866 5910/3187/1899 5878/3186/1867
f 5909/3138/1898 5942/3188/1931 5910/3187/1899
f 5941/3139/1930 5974/3189/1963 5942/3188/1931
f 5973/3140/1962 6006/3190/1995 5974/3189/1963
f 6005/3141/1994 6038/3191/2026 6006/3190/1995
f 6037/3142/2025 6070/3192/2056 6038/3191/2026
f 6069/3143/2055 6102/3193/2086 6070/3192/2056
f 6101/3144/2264 6134/3194/2116 6102/3193/2086
f 6133/3145/2115 6166/3195/2146 6134/3194/2116
f 6165/3146/2145 6198/3196/2176 6166/3195/2146
f 6197/3147/2175 6230/3197/2206 6198/3196/2176
f 6229/3148/2205 6262/3198/2280 6230/3197/2206
f 4726/3151/1739 4759/3199/1772 4727/3200/1740
f 4758/3150/1771 4791/3201/1804 4759/3199/1772
f 4790/3152/1803 4823/3202/1836 4791/3201/1804
f 4822/3153/1835 4855/3203/1868 4823/3202/1836
f 4854/3154/1867 4887/3204/1900 4855/3203/1868
f 4886/3155/1899 4919/3205/1932 4887/3204/1900
f 4918/3156/1931 4951/3206/1964 4919/3205/1932
f 4950/3157/1963 4983/3207/1996 4951/3206/1964
f 4982/3158/1995 5015/3208/2027 4983/3207/1996
f 5014/3159/2026 5047/3209/2057 5015/3208/2027
f 5046/3160/2056 5079/3210/2087 5047/3209/2057
f 5078/3161/2086 5111/3211/2117 5079/3210/2087
f 5110/3162/2116 5143/3212/2147 5111/3211/2117
f 5142/3163/2146 5175/3213/2177 5143/3212/2147
f 5174/3164/2176 5207/3214/2207 5175/3213/2177
f 5206/3165/2206 5239/3215/2237 5207/3214/2207
f 5238/3166/2236 5271/3216/1772 5239/3215/2237
f 5270/3167/1771 5303/3217/1804 5271/3216/1772
f 5302/3168/1803 5335/3218/1836 5303/3217/1804
f 5334/3169/1835 5367/3219/1868 5335/3218/1836
f 5366/3170/1867 5399/3220/1900 5367/3219/1868
f 5398/3171/1899 5431/3221/1932 5399/3220/1900
f 5430/3172/1931 5463/3222/1964 5431/3221/1932
f 5462/3173/1963 5495/3223/1996 5463/3222/1964
f 5494/3174/1995 5527/3224/2027 5495/3223/1996
f 5526/3175/2026 5559/3225/2057 5527/3224/2027
f 5558/3176/2056 5591/3226/2087 5559/3225/2057
f 5590/3177/2086 5623/3227/2117 5591/3226/2087
f 5622/3178/2116 5655/3228/2147 5623/3227/2117
f 5654/3179/2146 5687/3229/2177 5655/3228/2147
f 5686/3180/2176 5719/3230/2207 5687/3229/2177
f 5718/3181/2206 5751/3231/2237 5719/3230/2207
f 5750/3182/2236 5783/3232/1772 5751/3231/2237
f 5782/3183/1771 5815/3233/1804 5783/3232/1772
f 5814/3184/1803 5847/3234/1836 5815/3233/1804
f 5846/3185/1835 5879/3235/1868 5847/3234/1836
f 5878/3186/1867 5911/3236/1900 5879/3235/1868
f 5910/3187/1899 5943/3237/1932 5911/3236/1900
f 5942/3188/1931 5975/3238/1964 5943/3237/1932
f 5974/3189/1963 6007/3239/1996 5975/3238/1964
f 6006/3190/1995 6039/3240/2027 6007/3239/1996
f 6038/3191/2026 6071/3241/2057 6039/3240/2027
f 6070/3192/2056 6103/3242/2087 6071/3241/2057
f 6102/3193/2086 6135/3243/2117 6103/3242/2087
f 6134/3194/2116 6167/3244/2266 6135/3243/2117
f 6166/3195/2146 6199/3245/2177 6167/3244/2266
f 6198/3196/2176 6231/3246/2207 6199/3245/2177
f 6230/3197/2206 6263/3247/2281 6231/3246/2207
f 4727/3200/1740 4760/3248/1773 4728/3249/1741
f 4759/3199/1772 4792/3250/1805 4760/3248/1773
f 4791/3201/1804 4824/3251/1837 4792/3250/1805
f 4823/3202/1836 4856/3252/1869 4824/3251/1837
f 4855/3203/1868 4888/3253/1901 4856/3252/1869
f 4887/3204/1900 4920/3254/1933 4888/3253/1901
f 4919/3205/1932 4952/3255/1965 4920/3254/1933
f 4951/3206/1964 4984/3256/1997 4952/3255/1965
f 4983/3207/1996 5016/3257/2028 4984/3256/1997
f 5015/3208/2027 5048/3258/2058 5016/3257/2028
f 5047/3209/2057 5080/3259/2088 5048/3258/2058
f 5079/3210/2087 5112/3260/2118 5080/3259/2088
f 5111/3211/2117 5144/3261/2148 5112/3260/2118
f 5143/3212/2147 5176/3262/2178 5144/3261/2148
f 5175/3213/2177 5208/3263/2208 5176/3262/2178
f 5207/3214/2207 5240/3264/2238 5208/3263/2208
f 5239/3215/2237 5272/3265/1773 5240/3264/2238
f 5271/3216/1772 5304/3266/1805 5272/3265/1773
f 5303/3217/1804 5336/3267/1837 5304/3266/1805
f 5335/3218/1836 5368/3268/1869 5336/3267/1837
f 5367/3219/1868 5400/3269/1901 5368/3268/1869
f 5399/3220/1900 5432/3270/1933 5400/3269/1901
f 5431/3221/1932 5464/3271/1965 5432/3270/1933
f 5463/3222/1964 5496/3272/1997 5464/3271/1965
f 5495/3223/1996 5528/3273/2028 5496/3272/1997
f 5527/3224/2027 5560/3274/2058 5528/3273/2028
f 5559/3225/2057 5592/3275/2088 5560/3274/2058
f 5591/3226/2087 5624/3276/2118 5592/3275/2088
f 5623/3227/2117 5656/3277/2148 5624/3276/2118
f 5655/3228/2147 5688/3278/2178 5656/3277/2148
f 5687/3229/2177 5720/3279/2208 5688/3278/2178
f 5719/3230/2207 5752/3280/2238 5720/3279/2208
f 5751/3231/2237 5784/3281/1773 5752/3280/2238
f 5783/3232/1772 5816/3282/1805 5784/3281/1773
f 5815/3233/1804 5848/3283/1837 5816/3282/1805
f 5847/3234/1836 5880/3284/1869 5848/3283/1837
f 5879/3235/1868 5912/3285/1901 5880/3284/1869
f 5911/3236/1900 5944/3286/1933 5912/3285/1901
f 5943/3237/1932 5976/3287/1965 5944/3286/1933
f 5975/3238/1964 6008/3288/1997 5976/3287/1965
f 6007/3239/1996 6040/3289/2028 6008/3288/1997
f 6039/3240/2027 6072/3290/2058 6040/3289/2028
f 6071/3241/2057 6104/3291/2088 6072/3290/2058
f 6103/3242/2087 6136/3292/2118 6104/3291/2088
f 6135/3243/2117 6168/3293/2148 6136/3292/2118
f 6167/3244/2266 6200/3294/2178 6168/3293/2148
f 6199/3245/2177 6232/3295/2208 6200/3294/2178
f 6231/3246/2207 6264/3296/2282 6232/3295/2208
f 4728/3249/1741 4761/3297/1774 4729/3298/1742
f 4760/3248/1773 4793/3299/1806 4761/3297/1774
f 4792/3250/1805 4825/3300/1838 4793/3299/1806
f 4824/3251/1837 4857/3301/1870 4825/3300/1838
f 4856/3252/1869 4889/3302/1902 4857/3301/1870
f 4888/3253/1901 4921/3303/1934 4889/3302/1902
f 4920/3254/1933 4953/3304/1966 4921/3303/1934
f 4952/3255/1965 4985/3305/1998 4953/3304/1966
f 4984/3256/1997 5017/3306/2029 4985/3305/1998
f 5016/3257/2028 5049/3307/2059 5017/3306/2029
f 5048/3258/2058 5081/3308/2089 5049/3307/2059
f 5080/3259/2088 5113/3309/2119 5081/3308/2089
f 5112/3260/2118 5145/3310/2149 5113/3309/2119
f 5144/3261/2148 5177/3311/2179 5145/3310/2149
f 5176/3262/2178 5209/3312/2209 5177/3311/2179
f 5208/3263/2208 5241/3313/2239 5209/3312/2209
f 5240/3264/2238 5273/3314/1774 5241/3313/2239
f 5272/3265/1773 5305/3315/1806 5273/3314/1774
f 5304/3266/1805 5337/3316/1838 5305/3315/1806
f 5336/3267/1837 5369/3317/1870 5337/3316/1838
f 5368/3268/1869 5401/3318/1902 5369/3317/1870
f 5400/3269/1901 5433/3319/1934 5401/3318/1902
f 5432/3270/1933 5465/3320/1966 5433/3319/1934
f 5464/3271/1965 5497/3321/1998 5465/3320/1966
f 5496/3272/1997 5529/3322/2029 5497/3321/1998
f 5528/3273/2028 5561/3323/2059 5529/3322/2029
f 5560/3274/2058 5593/3324/2089 5561/3323/2059
f 5592/3275/2088 5625/3325/2119 5593/3324/2089
f 5624/3276/2118 5657/3326/2258 5625/3325/2119
f 5656/3277/2148 5689/3327/2179 5657/3326/2258
f 5688/3278/2178 5721/3328/2209 5689/3327/2179
f 5720/3279/2208 5753/3329/2239 5721/3328/2209
f 5752/3280/2238 5785/3330/1774 5753/3329/2239
f 5784/3281/1773 5817/3331/1806 5785/3330/1774
f 5816/3282/1805 5849/3332/2261 5817/3331/1806
f 5848/3283/1837 5881/3333/1870 5849/3332/2261
f 5880/3284/1869 5913/3334/1902 5881/3333/1870
f 5912/3285/1901 5945/3335/1934 5913/3334/1902
f 5944/3286/1933 5977/3336/1966 5945/3335/1934
f 5976/3287/1965 6009/3337/1998 5977/3336/1966
f 6008/3288/1997 6041/3338/2029 6009/3337/1998
f 6040/3289/2028 6073/3339/2059 6041/3338/2029
f 6072/3290/2058 6105/3340/2089 6073/3339/2059
f 6104/3291/2088 6137/3341/2119 6105/3340/2089
f 6136/3292/2118 6169/3342/2149 6137/3341/2119
f 6168/3293/2148 6201/3343/2179 6169/3342/2149
f 6200/3294/2178 6233/3344/2209 6201/3343/2179
f 6232/3295/2208 6265/3345/2283 6233/3344/2209
f 4730/3249/1743 4761/3297/1774 4762/3248/1775
f 4762/3248/1775 4793/3299/1806 4794/3250/1807
f 4794/3250/1807 4825/3300/1838 4826/3251/1839
f 4826/3251/1839 4857/3301/1870 4858/3252/1871
f 4858/3252/1871 4889/3302/1902 4890/3253/1903
f 4890/3253/1903 4921/3303/1934 4922/3254/1935
f 4922/3254/1935 4953/3304/1966 4954/3255/1967
f 4954/3255/1967 4985/3305/1998 4986/3256/1999
f 4986/3256/1999 5017/3306/2029 5018/3257/2030
f 5018/3257/2030 5049/3307/2059 5050/3258/2060
f 5050/3258/2060 5081/3308/2089 5082/3259/2090
f 5082/3259/2090 5113/3309/2119 5114/3260/2120
f 5114/3260/2120 5145/3310/2149 5146/3261/2150
f 5146/3261/2150 5177/3311/2179 5178/3262/2180
f 5178/3262/2180 5209/3312/2209 5210/3263/2210
f 5210/3263/2210 5241/3313/2239 5242/3264/2240
f 5242/3264/2240 5273/3314/1774 5274/3265/1775
f 5274/3265/1775 5305/3315/1806 5306/3266/1807
f 5306/3266/1807 5337/3316/1838 5338/3267/1839
f 5338/3267/1839 5369/3317/1870 5370/3268/1871
f 5370/3268/1871 5401/3318/1902 5402/3269/1903
f 5402/3269/1903 5433/3319/1934 5434/3270/1935
f 5434/3270/1935 5465/3320/1966 5466/3271/1967
f 5466/3271/1967 5497/3321/1998 5498/3272/1999
f 5498/3272/1999 5529/3322/2029 5530/3273/2030
f 5530/3273/2030 5561/3323/2059 5562/3274/2060
f 5562/3274/2060 5593/3324/2089 5594/3275/2090
f 5594/3275/2090 5625/3325/2119 5626/3276/2120
f 5626/3276/2120 5657/3326/2258 5658/3277/2150
f 5658/3277/2150 5689/3327/2179 5690/3278/2180
f 5690/3278/2180 5721/3328/2209 5722/3279/2210
f 5722/3279/2210 5753/3329/2239 5754/3280/2240
f 5754/3280/2240 5785/3330/1774 5786/3281/1775
f 5786/3281/1775 5817/3331/1806 5818/3282/1807
f 5818/3282/1807 5849/3332/2261 5850/3283/1839
f 5850/3283/1839 5881/3333/1870 5882/3284/1871
f 5882/3284/1871 5913/3334/1902 5914/3285/1903
f 5914/3285/1903 5945/3335/1934 5946/3286/1935
f 5946/3286/1935 5977/3336/1966 5978/3287/1967
f 5978/3287/1967 6009/3337/1998 6010/3288/1999
f 6010/3288/1999 6041/3338/2029 6042/3289/2030
f 6042/3289/2030 6073/3339/2059 6074/3290/2060
f 6074/3290/2060 6105/3340/2089 6106/3291/2090
f 6106/3291/2090 6137/3341/2119 6138/3292/2120
f 6138/3292/2120 6169/3342/2149 6170/3293/2150
f 6170/3293/2150 6201/3343/2179 6202/3294/2180
f 6202/3294/2180 6233/3344/2209 6234/3295/2210
f 6234/3295/2210 6265/3345/2283 6266/3296/2284
f 4731/3200/1744 4762/3248/1775 4763/3199/1776
f 4763/3199/1776 4794/3250/1807 4795/3201/1808
f 4795/3201/1808 4826/3251/1839 4827/3202/1840
f 4827/3202/1840 4858/3252/1871 4859/3203/1872
f 4859/3203/1872 4890/3253/1903 4891/3204/1904
f 4891/3204/1904 4922/3254/1935 4923/3205/1936
f 4923/3205/1936 4954/3255/1967 4955/3206/1968
f 4955/3206/1968 4986/3256/1999 4987/3207/2000
f 4987/3207/2000 5018/3257/2030 5019/3208/2031
f 5019/3208/2031 5050/3258/2060 5051/3209/2061
f 5051/3209/2061 5082/3259/2090 5083/3210/2091
f 5083/3210/2091 5114/3260/2120 5115/3211/2121
f 5115/3211/2121 5146/3261/2150 5147/3212/2151
f 5147/3212/2151 5178/3262/2180 5179/3213/2181
f 5179/3213/2181 5210/3263/2210 5211/3214/2211
f 5211/3214/2211 5242/3264/2240 5243/3215/2241
f 5243/3215/2241 5274/3265/1775 5275/3216/1776
f 5275/3216/1776 5306/3266/1807 5307/3217/1808
f 5307/3217/1808 5338/3267/1839 5339/3218/1840
f 5339/3218/1840 5370/3268/1871 5371/3219/1872
f 5371/3219/1872 5402/3269/1903 5403/3220/1904
f 5403/3220/1904 5434/3270/1935 5435/3221/1936
f 5435/3221/1936 5466/3271/1967 5467/3222/1968
f 5467/3222/1968 5498/3272/1999 5499/3223/2000
f 5499/3223/2000 5530/3273/2030 5531/3224/2031
f 5531/3224/2031 5562/3274/2060 5563/3225/2061
f 5563/3225/2061 5594/3275/2090 5595/3226/2091
f 5595/3226/2091 5626/3276/2120 5627/3227/2121
f 5627/3227/2121 5658/3277/2150 5659/3228/2151
f 5659/3228/2151 5690/3278/2180 5691/3229/2181
f 5691/3229/2181 5722/3279/2210 5723/3230/2211
f 5723/3230/2211 5754/3280/2240 5755/3231/2241
f 5755/3231/2241 5786/3281/1775 5787/3232/1776
f 5787/3232/1776 5818/3282/1807 5819/3233/1808
f 5819/3233/1808 5850/3283/1839 5851/3234/1840
f 5851/3234/1840 5882/3284/1871 5883/3235/1872
f 5883/3235/1872 5914/3285/1903 5915/3236/1904
f 5915/3236/1904 5946/3286/1935 5947/3237/1936
f 5947/3237/1936 5978/3287/1967 5979/3238/1968
f 5979/3238/1968 6010/3288/1999 6011/3239/2000
f 6011/3239/2000 6042/3289/2030 6043/3240/2031
f 6043/3240/2031 6074/3290/2060 6075/3241/2061
f 6075/3241/2061 6106/3291/2090 6107/3242/2091
f 6107/3242/2091 6138/3292/2120 6139/3243/2121
f 6139/3243/2121 6170/3293/2150 6171/3244/2151
f 6171/3244/2151 6202/3294/2180 6203/3245/2181
f 6203/3245/2181 6234/3295/2210 6235/3246/2211
f 6235/3246/2211 6266/3296/2284 6267/3247/2285
f 4732/3151/1745 4763/3199/1776 4764/3150/1777
f 4764/3150/1777 4795/3201/1808 4796/3152/1809
f 4796/3152/1809 4827/3202/1840 4828/3153/1841
f 4828/3153/1841 4859/3203/1872 4860/3154/1873
f 4860/3154/1873 4891/3204/1904 4892/3155/1905
f 4892/3155/1905 4923/3205/1936 4924/3156/1937
f 4924/3156/1937 4955/3206/1968 4956/3157/1969
f 4956/3157/1969 4987/3207/2000 4988/3158/2001
f 4988/3158/2001 5019/3208/2031 5020/3159/2032
f 5020/3159/2032 5051/3209/2061 5052/3160/2062
f 5052/3160/2062 5083/3210/2091 5084/3161/2092
f 5084/3161/2092 5115/3211/2121 5116/3162/2122
f 5116/3162/2122 5147/3212/2151 5148/3163/2152
f 5148/3163/2152 5179/3213/2181 5180/3164/2182
f 5180/3164/2182 5211/3214/2211 5212/3165/2212
f 5212/3165/2212 5243/3215/2241 5244/3166/2242
f 5244/3166/2242 5275/3216/1776 5276/3167/1777
f 5276/3167/1777 5307/3217/1808 5308/3168/1809
f 5308/3168/1809 5339/3218/1840 5340/3169/1841
f 5340/3169/1841 5371/3219/1872 5372/3170/1873
f 5372/3170/1873 5403/3220/1904 5404/3171/1905
f 5404/3171/1905 5435/3221/1936 5436/3172/1937
f 5436/3172/1937 5467/3222/1968 5468/3173/1969
f 5468/3173/1969 5499/3223/2000 5500/3174/2001
f 5500/3174/2001 5531/3224/2031 5532/3175/2032
f 5532/3175/2032 5563/3225/2061 5564/3176/2062
f 5564/3176/2062 5595/3226/2091 5596/3177/2092
f 5596/3177/2092 5627/3227/2121 5628/3178/2122
f 5628/3178/2122 5659/3228/2151 5660/3179/2152
f 5660/3179/2152 5691/3229/2181 5692/3180/2182
f 5692/3180/2182 5723/3230/2211 5724/3181/2212
f 5724/3181/2212 5755/3231/2241 5756/3182/2242
f 5756/3182/2242 5787/3232/1776 5788/3183/1777
f 5788/3183/1777 5819/3233/1808 5820/3184/1809
f 5820/3184/1809 5851/3234/1840 5852/3185/1841
f 5852/3185/1841 5883/3235/1872 5884/3186/1873
f 5884/3186/1873 5915/3236/1904 5916/3187/1905
f 5916/3187/1905 5947/3237/1936 5948/3188/1937
f 5948/3188/1937 5979/3238/1968 5980/3189/1969
f 5980/3189/1969 6011/3239/2000 6012/3190/2001
f 6012/3190/2001 6043/3240/2031 6044/3191/2032
f 6044/3191/2032 6075/3241/2061 6076/3192/2062
f 6076/3192/2062 6107/3242/2091 6108/3193/2092
f 6108/3193/2092 6139/3243/2121 6140/3194/2122
f 6140/3194/2122 6171/3244/2151 6172/3195/2152
f 6172/3195/2152 6203/3245/2181 6204/3196/2182
f 6204/3196/2182 6235/3246/2211 6236/3197/2212
f 6236/3197/2212 6267/3247/2285 6268/3198/2286
f 4733/3102/1746 4764/3150/1777 4765/3101/1778
f 4765/3101/1778 4796/3152/1809 4797/3103/1810
f 4797/3103/1810 4828/3153/1841 4829/3104/1842
f 4829/3104/1842 4860/3154/1873 4861/3105/1874
f 4861/3105/1874 4892/3155/1905 4893/3106/1906
f 4893/3106/1906 4924/3156/1937 4925/3107/1938
f 4925/3107/1938 4956/3157/1969 4957/3108/1970
f 4957/3108/1970 4988/3158/2001 4989/3109/2002
f 4989/3109/2002 5020/3159/2032 5021/3110/2033
f 5021/3110/2033 5052/3160/2062 5053/3111/2063
f 5053/3111/2063 5084/3161/2092 5085/3112/2093
f 5085/3112/2093 5116/3162/2122 5117/3113/2123
f 5117/3113/2123 5148/3163/2152 5149/3114/2153
f 5149/3114/2153 5180/3164/2182 5181/3115/2183
f 5181/3115/2183 5212/3165/2212 5213/3116/2213
f 5213/3116/2213 5244/3166/2242 5245/3117/2243
f 5245/3117/2243 5276/3167/1777 5277/3118/1778
f 5277/3118/1778 5308/3168/1809 5309/3119/1810
f 5309/3119/1810 5340/3169/1841 5341/3120/1842
f 5341/3120/1842 5372/3170/1873 5373/3121/1874
f 5373/3121/1874 5404/3171/1905 5405/3122/1906
f 5405/3122/1906 5436/3172/1937 5437/3123/1938
f 5437/3123/1938 5468/3173/1969 5469/3124/1970
f 5469/3124/1970 5500/3174/2001 5501/3125/2002
f 5501/3125/2002 5532/3175/2032 5533/3126/2033
f 5533/3126/2033 5564/3176/2062 5565/3127/2063
f 5565/3127/2063 5596/3177/2092 5597/3128/2093
f 5597/3128/2093 5628/3178/2122 5629/3129/2123
f 5629/3129/2123 5660/3179/2152 5661/3130/2153
f 5661/3130/2153 5692/3180/2182 5693/3131/2183
f 5693/3131/2183 5724/3181/2212 5725/3132/2213
f 5725/3132/2213 5756/3182/2242 5757/3133/2243
f 5757/3133/2243 5788/3183/1777 5789/3134/1778
f 5789/3134/1778 5820/3184/1809 5821/3135/1810
f 5821/3135/1810 5852/3185/1841 5853/3136/1842
f 5853/3136/1842 5884/3186/1873 5885/3137/1874
f 5885/3137/1874 5916/3187/1905 5917/3138/1906
f 5917/3138/1906 5948/3188/1937 5949/3139/1938
f 5949/3139/1938 5980/3189/1969 5981/3140/1970
f 5981/3140/1970 6012/3190/2001 6013/3141/2002
f 6013/3141/2002 6044/3191/2032 6045/3142/2033
f 6045/3142/2033 6076/3192/2062 6077/3143/2063
f 6077/3143/2063 6108/3193/2092 6109/3144/2093
f 6109/3144/2093 6140/3194/2122 6141/3145/2123
f 6141/3145/2123 6172/3195/2152 6173/3146/2153
f 6173/3146/2153 6204/3196/2182 6205/3147/2183
f 6205/3147/2183 6236/3197/2212 6237/3148/2213
f 6237/3148/2213 6268/3198/2286 6269/3149/2287
f 4734/3053/1747 4765/3101/1778 4766/3052/1779
f 4766/3052/1779 4797/3103/1810 4798/3054/1811
f 4798/3054/1811 4829/3104/1842 4830/3055/1843
f 4830/3055/1843 4861/3105/1874 4862/3056/1875
f 4862/3056/1875 4893/3106/1906 4894/3057/1907
f 4894/3057/1907 4925/3107/1938 4926/3058/1939
f 4926/3058/1939 4957/3108/1970 4958/3059/1971
f 4958/3059/1971 4989/3109/2002 4990/3060/2003
f 4990/3060/2003 5021/3110/2033 5022/3061/2034
f 5022/3061/2034 5053/3111/2063 5054/3062/2064
f 5054/3062/2064 5085/3112/2093 5086/3063/2094
f 5086/3063/2094 5117/3113/2123 5118/3064/2124
f 5118/3064/2124 5149/3114/2153 5150/3065/2154
f 5150/3065/2154 5181/3115/2183 5182/3066/2184
f 5182/3066/2184 5213/3116/2213 5214/3067/2214
f 5214/3067/2214 5245/3117/2243 5246/3068/2244
f 5246/3068/2244 5277/3118/1778 5278/3069/1779
f 5278/3069/1779 5309/3119/1810 5310/3070/1811
f 5310/3070/1811 5341/3120/1842 5342/3071/1843
f 5342/3071/1843 5373/3121/1874 5374/3072/1875
f 5374/3072/1875 5405/3122/1906 5406/3073/1907
f 5406/3073/1907 5437/3123/1938 5438/3074/1939
f 5438/3074/1939 5469/3124/1970 5470/3075/1971
f 5470/3075/1971 5501/3125/2002 5502/3076/2003
f 5502/3076/2003 5533/3126/2033 5534/3077/2034
f 5534/3077/2034 5565/3127/2063 5566/3078/2064
f 5566/3078/2064 5597/3128/2093 5598/3079/2094
f 5598/3079/2094 5629/3129/2123 5630/3080/2124
f 5630/3080/2124 5661/3130/2153 5662/3081/2154
f 5662/3081/2154 5693/3131/2183 5694/3082/2184
f 5694/3082/2184 5725/3132/2213 5726/3083/2214
f 5726/3083/2214 5757/3133/2243 5758/3084/2244
f 5758/3084/2244 5789/3134/1778 5790/3085/1779
f 5790/3085/1779 5821/3135/1810 5822/3086/1811
f 5822/3086/1811 5853/3136/1842 5854/3087/1843
f 5854/3087/1843 5885/3137/1874 5886/3088/1875
f 5886/3088/1875 5917/3138/1906 5918/3089/1907
f 5918/3089/1907 5949/3139/1938 5950/3090/1939
f 5950/3090/1939 5981/3140/1970 5982/3091/1971
f 5982/3091/1971 6013/3141/2002 6014/3092/2003
f 6014/3092/2003 6045/3142/2033 6046/3093/2034
f 6046/3093/2034 6077/3143/2063 6078/3094/2064
f 6078/3094/2064 6109/3144/2093 6110/3095/2094
f 6110/3095/2094 6141/3145/2123 6142/3096/2124
f 6142/3096/2124 6173/3146/2153 6174/3097/2154
f 6174/3097/2154 6205/3147/2183 6206/3098/2184
f 6206/3098/2184 6237/3148/2213 6238/3099/2214
f 6238/3099/2214 6269/3149/2287 6270/3100/2288
f 4735/3004/1748 4766/3052/1779 4767/3003/1780
f 4767/3003/1780 4798/3054/1811 4799/3005/1812
f 4799/3005/1812 4830/3055/1843 4831/3006/1844
f 4831/3006/1844 4862/3056/1875 4863/3007/1876
f 4863/3007/1876 4894/3057/1907 4895/3008/1908
f 4895/3008/1908 4926/3058/1939 4927/3009/1940
f 4927/3009/1940 4958/3059/1971 4959/3010/1972
f 4959/3010/1972 4990/3060/2003 4991/3011/2004
f 4991/3011/2004 5022/3061/2034 5023/3012/2035
f 5023/3012/2035 5054/3062/2064 5055/3013/2065
f 5055/3013/2065 5086/3063/2094 5087/3014/2095
f 5087/3014/2095 5118/3064/2124 5119/3015/2125
f 5119/3015/2125 5150/3065/2154 5151/3016/2155
f 5151/3016/2155 5182/3066/2184 5183/3017/2185
f 5183/3017/2185 5214/3067/2214 5215/3018/2215
f 5215/3018/2215 5246/3068/2244 5247/3019/2245
f 5247/3019/2245 5278/3069/1779 5279/3020/1780
f 5279/3020/1780 5310/3070/1811 5311/3021/1812
f 5311/3021/1812 5342/3071/1843 5343/3022/1844
f 5343/3022/1844 5374/3072/1875 5375/3023/1876
f 5375/3023/1876 5406/3073/1907 5407/3024/1908
f 5407/3024/1908 5438/3074/1939 5439/3025/1940
f 5439/3025/1940 5470/3075/1971 5471/3026/1972
f 5471/3026/1972 5502/3076/2003 5503/3027/2004
f 5503/3027/2004 5534/3077/2034 5535/3028/2035
f 5535/3028/2035 5566/3078/2064 5567/3029/2065
f 5567/3029/2065 5598/3079/2094 5599/3030/2095
f 5599/3030/2095 5630/3080/2124 5631/3031/2125
f 5631/3031/2125 5662/3081/2154 5663/3032/2155
f 5663/3032/2155 5694/3082/2184 5695/3033/2185
f 5695/3033/2185 5726/3083/2214 5727/3034/2215
f 5727/3034/2215 5758/3084/2244 5759/3035/2245
f 5759/3035/2245 5790/3085/1779 5791/3036/1780
f 5791/3036/1780 5822/3086/1811 5823/3037/1812
f 5823/3037/1812 5854/3087/1843 5855/3038/1844
f 5855/3038/1844 5886/3088/1875 5887/3039/1876
f 5887/3039/1876 5918/3089/1907 5919/3040/1908
f 5919/3040/1908 5950/3090/1939 5951/3041/1940
f 5951/3041/1940 5982/3091/1971 5983/3042/1972
f 5983/3042/1972 6014/3092/2003 6015/3043/2004
f 6015/3043/2004 6046/3093/2034 6047/3044/2035
f 6047/3044/2035 6078/3094/2064 6079/3045/2065
f 6079/3045/2065 6110/3095/2094 6111/3046/2095
f 6111/3046/2095 6142/3096/2124 6143/3047/2125
f 6143/3047/2125 6174/3097/2154 6175/3048/2155
f 6175/3048/2155 6206/3098/2184 6207/3049/2185
f 6207/3049/2185 6238/3099/2214 6239/3050/2215
f 6239/3050/2215 6270/3100/2288 6271/3051/2289
f 4736/2955/1749 4767/3003/1780 4768/2954/1781
f 4768/2954/1781 4799/3005/1812 4800/2956/1813
f 4800/2956/1813 4831/3006/1844 4832/2957/1845
f 4832/2957/1845 4863/3007/1876 4864/2958/1877
f 4864/2958/1877 4895/3008/1908 4896/2959/1909
f 4896/2959/1909 4927/3009/1940 4928/2960/1941
f 4928/2960/1941 4959/3010/1972 4960/2961/1973
f 4960/2961/1973 4991/3011/2004 4992/2962/2005
f 4992/2962/2005 5023/3012/2035 5024/2963/2036
f 5024/2963/2036 5055/3013/2065 5056/2964/2066
f 5056/2964/2066 5087/3014/2095 5088/2965/2096
f 5088/2965/2096 5119/3015/2125 5120/2966/2126
f 5120/2966/2126 5151/3016/2155 5152/2967/2156
f 5152/2967/2156 5183/3017/2185 5184/2968/2186
f 5184/2968/2186 5215/3018/2215 5216/2969/2216
f 5216/2969/2216 5247/3019/2245 5248/2970/2246
f 5248/2970/2246 5279/3020/1780 5280/2971/1781
f 5280/2971/1781 5311/3021/1812 5312/2972/1813
f 5312/2972/1813 5343/3022/1844 5344/2973/1845
f 5344/2973/1845 5375/3023/1876 5376/2974/2254
f 5376/2974/2254 5407/3024/1908 5408/2975/1909
f 5408/2975/1909 5439/3025/1940 5440/2976/1941
f 5440/2976/1941 5471/3026/1972 5472/2977/1973
f 5472/2977/1973 5503/3027/2004 5504/2978/2005
f 5504/2978/2005 5535/3028/2035 5536/2979/2036
f 5536/2979/2036 5567/3029/2065 5568/2980/2066
f 5568/2980/2066 5599/3030/2095 5600/2981/2096
f 5600/2981/2096 5631/3031/2125 5632/2982/2126
f 5632/2982/2126 5663/3032/2155 5664/2983/2156
f 5664/2983/2156 5695/3033/2185 5696/2984/2186
f 5696/2984/2186 5727/3034/2215 5728/2985/2216
f 5728/2985/2216 5759/3035/2245 5760/2986/2246
f 5760/2986/2246 5791/3036/1780 5792/2987/1781
f 5792/2987/1781 5823/3037/1812 5824/2988/1813
f 5824/2988/1813 5855/3038/1844 5856/2989/1845
f 5856/2989/1845 5887/3039/1876 5888/2990/1877
f 5888/2990/1877 5919/3040/1908 5920/2991/1909
f 5920/2991/1909 5951/3041/1940 5952/2992/1941
f 5952/2992/1941 5983/3042/1972 5984/2993/1973
f 5984/2993/1973 6015/3043/2004 6016/2994/2262
f 6016/2994/2262 6047/3044/2035 6048/2995/2036
f 6048/2995/2036 6079/3045/2065 6080/2996/2066
f 6080/2996/2066 6111/3046/2095 6112/2997/2096
f 6112/2997/2096 6143/3047/2125 6144/2998/2126
f 6144/2998/2126 6175/3048/2155 6176/2999/2156
f 6176/2999/2156 6207/3049/2185 6208/3000/2186
f 6208/3000/2186 6239/3050/2215 6240/3001/2216
f 6240/3001/2216 6271/3051/2289 6272/3002/2290
f 4737/2906/1750 4768/2954/1781 4769/2905/1782
f 4769/2905/1782 4800/2956/1813 4801/2907/1814
f 4801/2907/1814 4832/2957/1845 4833/2908/1846
f 4833/2908/1846 4864/2958/1877 4865/2909/1878
f 4865/2909/1878 4896/2959/1909 4897/2910/1910
f 4897/2910/1910 4928/2960/1941 4929/2911/1942
f 4929/2911/1942 4960/2961/1973 4961/2912/1974
f 4961/2912/1974 4992/2962/2005 4993/2913/2006
f 4993/2913/2006 5024/2963/2036 5025/2914/1766
f 5025/2914/1766 5056/2964/2066 5057/2915/1798
f 5057/2915/1798 5088/2965/2096 5089/2916/1830
f 5089/2916/1830 5120/2966/2126 5121/2917/1862
f 5121/2917/1862 5152/2967/2156 5153/2918/1894
f 5153/2918/1894 5184/2968/2186 5185/2919/1926
f 5185/2919/1926 5216/2969/2216 5217/2920/1958
f 5217/2920/1958 5248/2970/2246 5249/2921/1990
f 5249/2921/1990 5280/2971/1781 5281/2922/1782
f 5281/2922/1782 5312/2972/1813 5313/2923/1814
f 5313/2923/1814 5344/2973/1845 5345/2924/1846
f 5345/2924/1846 5376/2974/2254 5377/2925/1878
f 5377/2925/1878 5408/2975/1909 5409/2926/1910
f 5409/2926/1910 5440/2976/1941 5441/2927/1942
f 5441/2927/1942 5472/2977/1973 5473/2928/1974
f 5473/2928/1974 5504/2978/2005 5505/2929/2006
f 5505/2929/2006 5536/2979/2036 5537/2930/1766
f 5537/2930/1766 5568/2980/2066 5569/2931/1798
f 5569/2931/1798 5600/2981/2096 5601/2932/1830
f 5601/2932/1830 5632/2982/2126 5633/2933/1862
f 5633/2933/1862 5664/2983/2156 5665/2934/1894
f 5665/2934/1894 5696/2984/2186 5697/2935/1926
f 5697/2935/1926 5728/2985/2216 5729/2936/1958
f 5729/2936/1958 5760/2986/2246 5761/2937/1990
f 5761/2937/1990 5792/2987/1781 5793/2938/1782
f 5793/2938/1782 5824/2988/1813 5825/2939/1814
f 5825/2939/1814 5856/2989/1845 5857/2940/1846
f 5857/2940/1846 5888/2990/1877 5889/2941/1878
f 5889/2941/1878 5920/2991/1909 5921/2942/1910
f 5921/2942/1910 5952/2992/1941 5953/2943/1942
f 5953/2943/1942 5984/2993/1973 5985/2944/1974
f 5985/2944/1974 6016/2994/2262 6017/2945/2006
f 6017/2945/2006 6048/2995/2036 6049/2946/1766
f 6049/2946/1766 6080/2996/2066 6081/2947/1798
f 6081/2947/1798 6112/2997/2096 6113/2948/1830
f 6113/2948/1830 6144/2998/2126 6145/2949/1862
f 6145/2949/1862 6176/2999/2156 6177/2950/1894
f 6177/2950/1894 6208/3000/2186 6209/2951/1926
f 6209/2951/1926 6240/3001/2216 6241/2952/1958
f 6241/2952/1958 6272/3002/2290 6273/2953/2291
f 4738/2857/1751 4769/2905/1782 4770/2856/1783
f 4770/2856/1783 4801/2907/1814 4802/2858/1815
f 4802/2858/1815 4833/2908/1846 4834/2859/1847
f 4834/2859/1847 4865/2909/1878 4866/2860/1879
f 4866/2860/1879 4897/2910/1910 4898/2861/1911
f 4898/2861/1911 4929/2911/1942 4930/2862/1943
f 4930/2862/1943 4961/2912/1974 4962/2863/1975
f 4962/2863/1975 4993/2913/2006 4994/2864/2007
f 4994/2864/2007 5025/2914/1766 5026/2865/2037
f 5026/2865/2037 5057/2915/1798 5058/2866/2067
f 5058/2866/2067 5089/2916/1830 5090/2867/2097
f 5090/2867/2097 5121/2917/1862 5122/2868/2127
f 5122/2868/2127 5153/2918/1894 5154/2869/2157
f 5154/2869/2157 5185/2919/1926 5186/2870/2187
f 5186/2870/2187 5217/2920/1958 5218/2871/2217
f 5218/2871/2217 5249/2921/1990 5250/2872/2247
f 5250/2872/2247 5281/2922/1782 5282/2873/1783
f 5282/2873/1783 5313/2923/1814 5314/2874/1815
f 5314/2874/1815 5345/2924/1846 5346/2875/1847
f 5346/2875/1847 5377/2925/1878 5378/2876/2255
f 5378/2876/2255 5409/2926/1910 5410/2877/1911
f 5410/2877/1911 5441/2927/1942 5442/2878/1943
f 5442/2878/1943 5473/2928/1974 5474/2879/1975
f 5474/2879/1975 5505/2929/2006 5506/2880/2256
f 5506/2880/2256 5537/2930/1766 5538/2881/2037
f 5538/2881/2037 5569/2931/1798 5570/2882/2067
f 5570/2882/2067 5601/2932/1830 5602/2883/2097
f 5602/2883/2097 5633/2933/1862 5634/2884/2127
f 5634/2884/2127 5665/2934/1894 5666/2885/2157
f 5666/2885/2157 5697/2935/1926 5698/2886/2187
f 5698/2886/2187 5729/2936/1958 5730/2887/2217
f 5730/2887/2217 5761/2937/1990 5762/2888/2259
f 5762/2888/2259 5793/2938/1782 5794/2889/1783
f 5794/2889/1783 5825/2939/1814 5826/2890/1815
f 5826/2890/1815 5857/2940/1846 5858/2891/1847
f 5858/2891/1847 5889/2941/1878 5890/2892/2255
f 5890/2892/2255 5921/2942/1910 5922/2893/1911
f 5922/2893/1911 5953/2943/1942 5954/2894/1943
f 5954/2894/1943 5985/2944/1974 5986/2895/1975
f 5986/2895/1975 6017/2945/2006 6018/2896/2007
f 6018/2896/2007 6049/2946/1766 6050/2897/2037
f 6050/2897/2037 6081/2947/1798 6082/2898/2067
f 6082/2898/2067 6113/2948/1830 6114/2899/2097
f 6114/2899/2097 6145/2949/1862 6146/2900/2265
f 6146/2900/2265 6177/2950/1894 6178/2901/2157
f 6178/2901/2157 6209/2951/1926 6210/2902/2187
f 6210/2902/2187 6241/2952/1958 6242/2903/2217
f 6242/2903/2217 6273/2953/2291 6274/2904/2292
f 4739/2808/1752 4770/2856/1783 4771/2807/1784
f 4771/2807/1784 4802/2858/1815 4803/2809/1816
f 4803/2809/1816 4834/2859/1847 4835/2810/1848
f 4835/2810/1848 4866/2860/1879 4867/2811/1880
f 4867/2811/1880 4898/2861/1911 4899/2812/1912
f 4899/2812/1912 4930/2862/1943 4931/2813/1944
f 4931/2813/1944 4962/2863/1975 4963/2814/1976
f 4963/2814/1976 4994/2864/2007 4995/2815/2008
f 4995/2815/2008 5026/2865/2037 5027/2816/2038
f 5027/2816/2038 5058/2866/2067 5059/2817/2068
f 5059/2817/2068 5090/2867/2097 5091/2818/2098
f 5091/2818/2098 5122/2868/2127 5123/2819/2128
f 5123/2819/2128 5154/2869/2157 5155/2820/2158
f 5155/2820/2158 5186/2870/2187 5187/2821/2188
f 5187/2821/2188 5218/2871/2217 5219/2822/2218
f 5219/2822/2218 5250/2872/2247 5251/2823/2248
f 5251/2823/2248 5282/2873/1783 5283/2824/1784
f 5283/2824/1784 5314/2874/1815 5315/2825/1816
f 5315/2825/1816 5346/2875/1847 5347/2826/1848
f 5347/2826/1848 5378/2876/2255 5379/2827/1880
f 5379/2827/1880 5410/2877/1911 5411/2828/1912
f 5411/2828/1912 5442/2878/1943 5443/2829/1944
f 5443/2829/1944 5474/2879/1975 5475/2830/1976
f 5475/2830/1976 5506/2880/2256 5507/2831/2008
f 5507/2831/2008 5538/2881/2037 5539/2832/2038
f 5539/2832/2038 5570/2882/2067 5571/2833/2068
f 5571/2833/2068 5602/2883/2097 5603/2834/2098
f 5603/2834/2098 5634/2884/2127 5635/2835/2128
f 5635/2835/2128 5666/2885/2157 5667/2836/2158
f 5667/2836/2158 5698/2886/2187 5699/2837/2188
f 5699/2837/2188 5730/2887/2217 5731/2838/2218
f 5731/2838/2218 5762/2888/2259 5763/2839/2248
f 5763/2839/2248 5794/2889/1783 5795/2840/1784
f 5795/2840/1784 5826/2890/1815 5827/2841/1816
f 5827/2841/1816 5858/2891/1847 5859/2842/1848
f 5859/2842/1848 5890/2892/2255 5891/2843/1880
f 5891/2843/1880 5922/2893/1911 5923/2844/1912
f 5923/2844/1912 5954/2894/1943 5955/2845/1944
f 5955/2845/1944 5986/2895/1975 5987/2846/1976
f 5987/2846/1976 6018/2896/2007 6019/2847/2008
f 6019/2847/2008 6050/2897/2037 6051/2848/2038
f 6051/2848/2038 6082/2898/2067 6083/2849/2068
f 6083/2849/2068 6114/2899/2097 6115/2850/2098
f 6115/2850/2098 6146/2900/2265 6147/2851/2128
f 6147/2851/2128 6178/2901/2157 6179/2852/2158
f 6179/2852/2158 6210/2902/2187 6211/2853/2188
f 6211/2853/2188 6242/2903/2217 6243/2854/2218
f 6243/2854/2218 6274/2904/2292 6275/2855/2293
f 4740/2759/1753 4771/2807/1784 4772/2758/1785
f 4772/2758/1785 4803/2809/1816 4804/2760/1817
f 4804/2760/1817 4835/2810/1848 4836/2761/1849
f 4836/2761/1849 4867/2811/1880 4868/2762/1881
f 4868/2762/1881 4899/2812/1912 4900/2763/1913
f 4900/2763/1913 4931/2813/1944 4932/2764/1945
f 4932/2764/1945 4963/2814/1976 4964/2765/1977
f 4964/2765/1977 4995/2815/2008 4996/2766/2009
f 4996/2766/2009 5027/2816/2038 5028/2767/2039
f 5028/2767/2039 5059/2817/2068 5060/2768/2069
f 5060/2768/2069 5091/2818/2098 5092/2769/2099
f 5092/2769/2099 5123/2819/2128 5124/2770/2129
f 5124/2770/2129 5155/2820/2158 5156/2771/2159
f 5156/2771/2159 5187/2821/2188 5188/2772/2189
f 5188/2772/2189 5219/2822/2218 5220/2773/2219
f 5220/2773/2219 5251/2823/2248 5252/2774/2249
f 5252/2774/2249 5283/2824/1784 5284/2775/1785
f 5284/2775/1785 5315/2825/1816 5316/2776/1817
f 5316/2776/1817 5347/2826/1848 5348/2777/1849
f 5348/2777/1849 5379/2827/1880 5380/2778/1881
f 5380/2778/1881 5411/2828/1912 5412/2779/1913
f 5412/2779/1913 5443/2829/1944 5444/2780/1945
f 5444/2780/1945 5475/2830/1976 5476/2781/1977
f 5476/2781/1977 5507/2831/2008 5508/2782/2009
f 5508/2782/2009 5539/2832/2038 5540/2783/2039
f 5540/2783/2039 5571/2833/2068 5572/2784/2069
f 5572/2784/2069 5603/2834/2098 5604/2785/2099
f 5604/2785/2099 5635/2835/2128 5636/2786/2129
f 5636/2786/2129 5667/2836/2158 5668/2787/2159
f 5668/2787/2159 5699/2837/2188 5700/2788/2189
f 5700/2788/2189 5731/2838/2218 5732/2789/2219
f 5732/2789/2219 5763/2839/2248 5764/2790/2249
f 5764/2790/2249 5795/2840/1784 5796/2791/1785
f 5796/2791/1785 5827/2841/1816 5828/2792/1817
f 5828/2792/1817 5859/2842/1848 5860/2793/1849
f 5860/2793/1849 5891/2843/1880 5892/2794/1881
f 5892/2794/1881 5923/2844/1912 5924/2795/1913
f 5924/2795/1913 5955/2845/1944 5956/2796/1945
f 5956/2796/1945 5987/2846/1976 5988/2797/1977
f 5988/2797/1977 6019/2847/2008 6020/2798/2009
f 6020/2798/2009 6051/2848/2038 6052/2799/2039
f 6052/2799/2039 6083/2849/2068 6084/2800/2069
f 6084/2800/2069 6115/2850/2098 6116/2801/2099
f 6116/2801/2099 6147/2851/2128 6148/2802/2129
f 6148/2802/2129 6179/2852/2158 6180/2803/2159
f 6180/2803/2159 6211/2853/2188 6212/2804/2189
f 6212/2804/2189 6243/2854/2218 6244/2805/2219
f 6244/2805/2219 6275/2855/2293 6276/2806/2294
f 4741/2710/1754 4772/2758/1785 4773/2709/1786
f 4773/2709/1786 4804/2760/1817 4805/2711/1818
f 4805/2711/1818 4836/2761/1849 4837/2712/1850
f 4837/2712/1850 4868/2762/1881 4869/2713/1882
f 4869/2713/1882 4900/2763/1913 4901/2714/1914
f 4901/2714/1914 4932/2764/1945 4933/2715/1946
f 4933/2715/1946 4964/2765/1977 4965/2716/1978
f 4965/2716/1978 4996/2766/2009 4997/2717/2010
f 4997/2717/2010 5028/2767/2039 5029/2718/2040
f 5029/2718/2040 5060/2768/2069 5061/2719/2070
f 5061/2719/2070 5092/2769/2099 5093/2720/2100
f 5093/2720/2100 5124/2770/2129 5125/2721/2130
f 5125/2721/2130 5156/2771/2159 5157/2722/2160
f 5157/2722/2160 5188/2772/2189 5189/2723/2190
f 5189/2723/2190 5220/2773/2219 5221/2724/2220
f 5221/2724/2220 5252/2774/2249 5253/2725/2250
f 5253/2725/2250 5284/2775/1785 5285/2726/1786
f 5285/2726/1786 5316/2776/1817 5317/2727/1818
f 5317/2727/1818 5348/2777/1849 5349/2728/1850
f 5349/2728/1850 5380/2778/1881 5381/2729/1882
f 5381/2729/1882 5412/2779/1913 5413/2730/1914
f 5413/2730/1914 5444/2780/1945 5445/2731/1946
f 5445/2731/1946 5476/2781/1977 5477/2732/1978
f 5477/2732/1978 5508/2782/2009 5509/2733/2010
f 5509/2733/2010 5540/2783/2039 5541/2734/2040
f 5541/2734/2040 5572/2784/2069 5573/2735/2070
f 5573/2735/2070 5604/2785/2099 5605/2736/2100
f 5605/2736/2100 5636/2786/2129 5637/2737/2130
f 5637/2737/2130 5668/2787/2159 5669/2738/2160
f 5669/2738/2160 5700/2788/2189 5701/2739/2190
f 5701/2739/2190 5732/2789/2219 5733/2740/2220
f 5733/2740/2220 5764/2790/2249 5765/2741/2250
f 5765/2741/2250 5796/2791/1785 5797/2742/1786
f 5797/2742/1786 5828/2792/1817 5829/2743/1818
f 5829/2743/1818 5860/2793/1849 5861/2744/1850
f 5861/2744/1850 5892/2794/1881 5893/2745/1882
f 5893/2745/1882 5924/2795/1913 5925/2746/1914
f 5925/2746/1914 5956/2796/1945 5957/2747/1946
f 5957/2747/1946 5988/2797/1977 5989/2748/1978
f 5989/2748/1978 6020/2798/2009 6021/2749/2010
f 6021/2749/2010 6052/2799/2039 6053/2750/2040
f 6053/2750/2040 6084/2800/2069 6085/2751/2070
f 6085/2751/2070 6116/2801/2099 6117/2752/2100
f 6117/2752/2100 6148/2802/2129 6149/2753/2130
f 6149/2753/2130 6180/2803/2159 6181/2754/2160
f 6181/2754/2160 6212/2804/2189 6213/2755/2190
f 6213/2755/2190 6244/2805/2219 6245/2756/2220
f 6245/2756/2220 6276/2806/2294 6277/2757/2295
f 4742/2661/1755 4773/2709/1786 4774/2660/1787
f 4774/2660/1787 4805/2711/1818 4806/2662/1819
f 4806/2662/1819 4837/2712/1850 4838/2663/1851
f 4838/2663/1851 4869/2713/1882 4870/2664/1883
f 4870/2664/1883 4901/2714/1914 4902/2665/1915
f 4902/2665/1915 4933/2715/1946 4934/2666/1947
f 4934/2666/1947 4965/2716/1978 4966/2667/1979
f 4966/2667/1979 4997/2717/2010 4998/2668/2011
f 4998/2668/2011 5029/2718/2040 5030/2669/2041
f 5030/2669/2041 5061/2719/2070 5062/2670/2071
f 5062/2670/2071 5093/2720/2100 5094/2671/2101
f 5094/2671/2101 5125/2721/2130 5126/2672/2131
f 5126/2672/2131 5157/2722/2160 5158/2673/2161
f 5158/2673/2161 5189/2723/2190 5190/2674/2191
f 5190/2674/2191 5221/2724/2220 5222/2675/2221
f 5222/2675/2221 5253/2725/2250 5254/2676/2251
f 5254/2676/2251 5285/2726/1786 5286/2677/1787
f 5286/2677/1787 5317/2727/1818 5318/2678/1819
f 5318/2678/1819 5349/2728/1850 5350/2679/1851
f 5350/2679/1851 5381/2729/1882 5382/2680/1883
f 5382/2680/1883 5413/2730/1914 5414/2681/1915
f 5414/2681/1915 5445/2731/1946 5446/2682/1947
f 5446/2682/1947 5477/2732/1978 5478/2683/1979
f 5478/2683/1979 5509/2733/2010 5510/2684/2011
f 5510/2684/2011 5541/2734/2040 5542/2685/2041
f 5542/2685/2041 5573/2735/2070 5574/2686/2071
f 5574/2686/2071 5605/2736/2100 5606/2687/2101
f 5606/2687/2101 5637/2737/2130 5638/2688/2131
f 5638/2688/2131 5669/2738/2160 5670/2689/2161
f 5670/2689/2161 5701/2739/2190 5702/2690/2191
f 5702/2690/2191 5733/2740/2220 5734/2691/2221
f 5734/2691/2221 5765/2741/2250 5766/2692/2251
f 5766/2692/2251 5797/2742/1786 5798/2693/1787
f 5798/2693/1787 5829/2743/1818 5830/2694/1819
f 5830/2694/1819 5861/2744/1850 5862/2695/1851
f 5862/2695/1851 5893/2745/1882 5894/2696/1883
f 5894/2696/1883 5925/2746/1914 5926/2697/1915
f 5926/2697/1915 5957/2747/1946 5958/2698/1947
f 5958/2698/1947 5989/2748/1978 5990/2699/1979
f 5990/2699/1979 6021/2749/2010 6022/2700/2011
f 6022/2700/2011 6053/2750/2040 6054/2701/2041
f 6054/2701/2041 6085/2751/2070 6086/2702/2071
f 6086/2702/2071 6117/2752/2100 6118/2703/2101
f 6118/2703/2101 6149/2753/2130 6150/2704/2131
f 6150/2704/2131 6181/2754/2160 6182/2705/2161
f 6182/2705/2161 6213/2755/2190 6214/2706/2191
f 6214/2706/2191 6245/2756/2220 6246/2707/2221
f 6246/2707/2221 6277/2757/2295 6278/2708/2296
f 4743/2612/1756 4774/2660/1787 4775/2611/1788
f 4775/2611/1788 4806/2662/1819 4807/2613/1820
f 4807/2613/1820 4838/2663/1851 4839/2614/1852
f 4839/2614/1852 4870/2664/1883 4871/2615/1884
f 4871/2615/1884 4902/2665/1915 4903/2616/1916
f 4903/2616/1916 4934/2666/1947 4935/2617/1948
f 4935/2617/1948 4966/2667/1979 4967/2618/1980
f 4967/2618/1980 4998/2668/2011 4999/2619/2012
f 4999/2619/2012 5030/2669/2041 5031/2620/2042
f 5031/2620/2042 5062/2670/2071 5063/2621/2072
f 5063/2621/2072 5094/2671/2101 5095/2622/2102
f 5095/2622/2102 5126/2672/2131 5127/2623/2132
f 5127/2623/2132 5158/2673/2161 5159/2624/2162
f 5159/2624/2162 5190/2674/2191 5191/2625/2192
f 5191/2625/2192 5222/2675/2221 5223/2626/2222
f 5223/2626/2222 5254/2676/2251 5255/2627/2252
f 5255/2627/2252 5286/2677/1787 5287/2628/1788
f 5287/2628/1788 5318/2678/1819 5319/2629/1820
f 5319/2629/1820 5350/2679/1851 5351/2630/1852
f 5351/2630/1852 5382/2680/1883 5383/2631/1884
f 5383/2631/1884 5414/2681/1915 5415/2632/1916
f 5415/2632/1916 5446/2682/1947 5447/2633/1948
f 5447/2633/1948 5478/2683/1979 5479/2634/1980
f 5479/2634/1980 5510/2684/2011 5511/2635/2012
f 5511/2635/2012 5542/2685/2041 5543/2636/2042
f 5543/2636/2042 5574/2686/2071 5575/2637/2072
f 5575/2637/2072 5606/2687/2101 5607/2638/2102
f 5607/2638/2102 5638/2688/2131 5639/2639/2132
f 5639/2639/2132 5670/2689/2161 5671/2640/2162
f 5671/2640/2162 5702/2690/2191 5703/2641/2192
f 5703/2641/2192 5734/2691/2221 5735/2642/2222
f 5735/2642/2222 5766/2692/2251 5767/2643/2252
f 5767/2643/2252 5798/2693/1787 5799/2644/1788
f 5799/2644/1788 5830/2694/1819 5831/2645/1820
f 5831/2645/1820 5862/2695/1851 5863/2646/1852
f 5863/2646/1852 5894/2696/1883 5895/2647/1884
f 5895/2647/1884 5926/2697/1915 5927/2648/1916
f 5927/2648/1916 5958/2698/1947 5959/2649/1948
f 5959/2649/1948 5990/2699/1979 5991/2650/1980
f 5991/2650/1980 6022/2700/2011 6023/2651/2012
f 6023/2651/2012 6054/2701/2041 6055/2652/2042
f 6055/2652/2042 6086/2702/2071 6087/2653/2072
f 6087/2653/2072 6118/2703/2101 6119/2654/2102
f 6119/2654/2102 6150/2704/2131 6151/2655/2132
f 6151/2655/2132 6182/2705/2161 6183/2656/2162
f 6183/2656/2162 6214/2706/2191 6215/2657/2192
f 6215/2657/2192 6246/2707/2221 6247/2658/2222
f 6247/2658/2222 6278/2708/2296 6279/2659/2297
f 4744/2516/1757 4775/2611/1788 4776/2515/1789
f 4776/2515/1789 4807/2613/1820 4808/2518/1821
f 4808/2518/1821 4839/2614/1852 4840/2520/1853
f 4840/2520/1853 4871/2615/1884 4872/2522/1885
f 4872/2522/1885 4903/2616/1916 4904/2524/1917
f 4904/2524/1917 4935/2617/1948 4936/2526/1949
f 4936/2526/1949 4967/2618/1980 4968/2528/1981
f 4968/2528/1981 4999/2619/2012 5000/2530/2013
f 5000/2530/2013 5031/2620/2042 5032/2532/2043
f 5032/2532/2043 5063/2621/2072 5064/2534/2073
f 5064/2534/2073 5095/2622/2102 5096/2536/2103
f 5096/2536/2103 5127/2623/2132 5128/2538/2133
f 5128/2538/2133 5159/2624/2162 5160/2540/2163
f 5160/2540/2163 5191/2625/2192 5192/2542/2193
f 5192/2542/2193 5223/2626/2222 5224/2544/2223
f 5224/2544/2223 5255/2627/2252 5256/2546/2253
f 5256/2546/2253 5287/2628/1788 5288/2548/1789
f 5288/2548/1789 5319/2629/1820 5320/2550/1821
f 5320/2550/1821 5351/2630/1852 5352/2552/1853
f 5352/2552/1853 5383/2631/1884 5384/2554/1885
f 5384/2554/1885 5415/2632/1916 5416/2556/1917
f 5416/2556/1917 5447/2633/1948 5448/2558/1949
f 5448/2558/1949 5479/2634/1980 5480/2560/1981
f 5480/2560/1981 5511/2635/2012 5512/2562/2013
f 5512/2562/2013 5543/2636/2042 5544/2564/2043
f 5544/2564/2043 5575/2637/2072 5576/2566/2073
f 5576/2566/2073 5607/2638/2102 5608/2568/2103
f 5608/2568/2103 5639/2639/2132 5640/2570/2133
f 5640/2570/2133 5671/2640/2162 5672/2572/2163
f 5672/2572/2163 5703/2641/2192 5704/2574/2193
f 5704/2574/2193 5735/2642/2222 5736/2576/2223
f 5736/2576/2223 5767/2643/2252 5768/2578/2253
f 5768/2578/2253 5799/2644/1788 5800/2580/1789
f 5800/2580/1789 5831/2645/1820 5832/2582/1821
f 5832/2582/1821 5863/2646/1852 5864/2584/1853
f 5864/2584/1853 5895/2647/1884 5896/2586/1885
f 5896/2586/1885 5927/2648/1916 5928/2588/1917
f 5928/2588/1917 5959/2649/1948 5960/2590/1949
f 5960/2590/1949 5991/2650/1980 5992/2592/1981
f 5992/2592/1981 6023/2651/2012 6024/2594/2013
f 6024/2594/2013 6055/2652/2042 6056/2596/2043
f 6056/2596/2043 6087/2653/2072 6088/2598/2073
f 6088/2598/2073 6119/2654/2102 6120/2600/2103
f 6120/2600/2103 6151/2655/2132 6152/2602/2133
f 6152/2602/2133 6183/2656/2162 6184/2604/2163
f 6184/2604/2163 6215/2657/2192 6216/2606/2193
f 6216/2606/2193 6247/2658/2222 6248/2608/2223
f 6248/2608/2223 6279/2659/2297 6280/2610/2298
f 4713/2514/1726 4776/2515/1789 4745/2517/1758
f 4745/2517/1758 4808/2518/1821 4777/2519/1790
f 4777/2519/1790 4840/2520/1853 4809/2521/1822
f 4809/2521/1822 4872/2522/1885 4841/2523/1854
f 4841/2523/1854 4904/2524/1917 4873/2525/1886
f 4873/2525/1886 4936/2526/1949 4905/2527/1918
f 4905/2527/1918 4968/2528/1981 4937/2529/1950
f 4937/2529/1950 5000/2530/2013 4969/2531/1982
f 4969/2531/1982 5032/2532/2043 5001/2533/2014
f 5001/2533/2014 5064/2534/2073 5033/2535/2044
f 5033/2535/2044 5096/2536/2103 5065/2537/2074
f 5065/2537/2074 5128/2538/2133 5097/2539/2104
f 5097/2539/2104 5160/2540/2163 5129/2541/2134
f 5129/2541/2134 5192/2542/2193 5161/2543/2164
f 5161/2543/2164 5224/2544/2223 5193/2545/2194
f 5193/2545/2194 5256/2546/2253 5225/2547/2224
f 5225/2547/2224 5288/2548/1789 5257/2549/1758
f 5257/2549/1758 5320/2550/1821 5289/2551/1790
f 5289/2551/1790 5352/2552/1853 5321/2553/1822
f 5321/2553/1822 5384/2554/1885 5353/2555/1854
f 5353/2555/1854 5416/2556/1917 5385/2557/1886
f 5385/2557/1886 5448/2558/1949 5417/2559/1918
f 5417/2559/1918 5480/2560/1981 5449/2561/1950
f 5449/2561/1950 5512/2562/2013 5481/2563/1982
f 5481/2563/1982 5544/2564/2043 5513/2565/2014
f 5513/2565/2014 5576/2566/2073 5545/2567/2044
f 5545/2567/2044 5608/2568/2103 5577/2569/2074
f 5577/2569/2074 5640/2570/2133 5609/2571/2104
f 5609/2571/2104 5672/2572/2163 5641/2573/2134
f 5641/2573/2134 5704/2574/2193 5673/2575/2164
f 5673/2575/2164 5736/2576/2223 5705/2577/2194
f 5705/2577/2194 5768/2578/2253 5737/2579/2224
f 5737/2579/2224 5800/2580/1789 5769/2581/1758
f 5769/2581/1758 5832/2582/1821 5801/2583/1790
f 5801/2583/1790 5864/2584/1853 5833/2585/2260
f 5833/2585/2260 5896/2586/1885 5865/2587/1854
f 5865/2587/1854 5928/2588/1917 5897/2589/1886
f 5897/2589/1886 5960/2590/1949 5929/2591/1918
f 5929/2591/1918 5992/2592/1981 5961/2593/1950
f 5961/2593/1950 6024/2594/2013 5993/2595/1982
f 5993/2595/1982 6056/2596/2043 6025/2597/2014
f 6025/2597/2014 6088/2598/2073 6057/2599/2044
f 6057/2599/2044 6120/2600/2103 6089/2601/2074
f 6089/2601/2074 6152/2602/2133 6121/2603/2104
f 6121/2603/2104 6184/2604/2163 6153/2605/2134
f 6153/2605/2134 6216/2606/2193 6185/2607/2164
f 6185/2607/2164 6248/2608/2223 6217/2609/2194
f 6217/2609/2194 6280/2610/2298 6249/3346/2267
f 4713/2514/1726 4745/2517/1758 4746/2515/1759
f 4745/2517/1758 4777/2519/1790 4778/2518/1791
f 4777/2519/1790 4809/2521/1822 4810/2520/1823
f 4809/2521/1822 4841/2523/1854 4842/2522/1855
f 4841/2523/1854 4873/2525/1886 4874/2524/1887
f 4873/2525/1886 4905/2527/1918 4906/2526/1919
f 4905/2527/1918 4937/2529/1950 4938/2528/1951
f 4937/2529/1950 4969/2531/1982 4970/2530/1983
f 4969/2531/1982 5001/2533/2014 5002/2532/2015
f 5001/2533/2014 5033/2535/2044 5034/2534/2045
f 5033/2535/2044 5065/2537/2074 5066/2536/2075
f 5065/2537/2074 5097/2539/2104 5098/2538/2105
f 5097/2539/2104 5129/2541/2134 5130/2540/2135
f 5129/2541/2134 5161/2543/2164 5162/2542/2165
f 5161/2543/2164 5193/2545/2194 5194/2544/2195
f 5193/2545/2194 5225/2547/2224 5226/2546/2225
f 5225/2547/2224 5257/2549/1758 5258/2548/1759
f 5257/2549/1758 5289/2551/1790 5290/2550/1791
f 5289/2551/1790 5321/2553/1822 5322/2552/1823
f 5321/2553/1822 5353/2555/1854 5354/2554/1855
f 5353/2555/1854 5385/2557/1886 5386/2556/1887
f 5385/2557/1886 5417/2559/1918 5418/2558/1919
f 5417/2559/1918 5449/2561/1950 5450/2560/1951
f 5449/2561/1950 5481/2563/1982 5482/2562/1983
f 5481/2563/1982 5513/2565/2014 5514/2564/2015
f 5513/2565/2014 5545/2567/2044 5546/2566/2045
f 5545/2567/2044 5577/2569/2074 5578/2568/2075
f 5577/2569/2074 5609/2571/2104 5610/2570/2105
f 5609/2571/2104 5641/2573/2134 5642/2572/2135
f 5641/2573/2134 5673/2575/2164 5674/2574/2165
f 5673/2575/2164 5705/2577/2194 5706/2576/2195
f 5705/2577/2194 5737/2579/2224 5738/2578/2225
f 5737/2579/2224 5769/2581/1758 5770/2580/1759
f 5769/2581/1758 5801/2583/1790 5802/2582/1791
f 5801/2583/1790 5833/2585/2260 5834/2584/1823
f 5833/2585/2260 5865/2587/1854 5866/2586/1855
f 5865/2587/1854 5897/2589/1886 5898/2588/1887
f 5897/2589/1886 5929/2591/1918 5930/2590/1919
f 5929/2591/1918 5961/2593/1950 5962/2592/1951
f 5961/2593/1950 5993/2595/1982 5994/2594/1983
f 5993/2595/1982 6025/2597/2014 6026/2596/2015
f 6025/2597/2014 6057/2599/2044 6058/2598/2045
f 6057/2599/2044 6089/2601/2074 6090/2600/2075
f 6089/2601/2074 6121/2603/2104 6122/2602/2105
f 6121/2603/2104 6153/2605/2134 6154/2604/2135
f 6153/2605/2134 6185/2607/2164 6186/2606/2165
f 6185/2607/2164 6217/2609/2194 6218/2608/2195
f 6217/2609/2194 6249/3346/2267 6250/2610/2268
f 4714/2516/1727 4746/2515/1759 4747/2611/1760
f 4746/2515/1759 4778/2518/1791 4779/2613/1792
f 4778/2518/1791 4810/2520/1823 4811/2614/1824
f 4810/2520/1823 4842/2522/1855 4843/2615/1856
f 4842/2522/1855 4874/2524/1887 4875/2616/1888
f 4874/2524/1887 4906/2526/1919 4907/2617/1920
f 4906/2526/1919 4938/2528/1951 4939/2618/1952
f 4938/2528/1951 4970/2530/1983 4971/2619/1984
f 4970/2530/1983 5002/2532/2015 5003/2620/2016
f 5002/2532/2015 5034/2534/2045 5035/2621/2046
f 5034/2534/2045 5066/2536/2075 5067/2622/2076
f 5066/2536/2075 5098/2538/2105 5099/2623/2106
f 5098/2538/2105 5130/2540/2135 5131/2624/2136
f 5130/2540/2135 5162/2542/2165 5163/2625/2166
f 5162/2542/2165 5194/2544/2195 5195/2626/2196
f 5194/2544/2195 5226/2546/2225 5227/2627/2226
f 5226/2546/2225 5258/2548/1759 5259/2628/1760
f 5258/2548/1759 5290/2550/1791 5291/2629/1792
f 5290/2550/1791 5322/2552/1823 5323/2630/1824
f 5322/2552/1823 5354/2554/1855 5355/2631/1856
f 5354/2554/1855 5386/2556/1887 5387/2632/1888
f 5386/2556/1887 5418/2558/1919 5419/2633/1920
f 5418/2558/1919 5450/2560/1951 5451/2634/1952
f 5450/2560/1951 5482/2562/1983 5483/2635/1984
f 5482/2562/1983 5514/2564/2015 5515/2636/2016
f 5514/2564/2015 5546/2566/2045 5547/2637/2046
f 5546/2566/2045 5578/2568/2075 5579/2638/2076
f 5578/2568/2075 5610/2570/2105 5611/2639/2106
f 5610/2570/2105 5642/2572/2135 5643/2640/2136
f 5642/2572/2135 5674/2574/2165 5675/2641/2166
f 5674/2574/2165 5706/2576/2195 5707/2642/2196
f 5706/2576/2195 5738/2578/2225 5739/2643/2226
f 5738/2578/2225 5770/2580/1759 5771/2644/1760
f 5770/2580/1759 5802/2582/1791 5803/2645/1792
f 5802/2582/1791 5834/2584/1823 5835/2646/1824
f 5834/2584/1823 5866/2586/1855 5867/2647/1856
f 5866/2586/1855 5898/2588/1887 5899/2648/1888
f 5898/2588/1887 5930/2590/1919 5931/2649/1920
f 5930/2590/1919 5962/2592/1951 5963/2650/1952
f 5962/2592/1951 5994/2594/1983 5995/2651/1984
f 5994/2594/1983 6026/2596/2015 6027/2652/2016
f 6026/2596/2015 6058/2598/2045 6059/2653/2046
f 6058/2598/2045 6090/2600/2075 6091/2654/2076
f 6090/2600/2075 6122/2602/2105 6123/2655/2106
f 6122/2602/2105 6154/2604/2135 6155/2656/2136
f 6154/2604/2135 6186/2606/2165 6187/2657/2166
f 6186/2606/2165 6218/2608/2195 6219/2658/2196
f 6218/2608/2195 6250/2610/2268 6251/2659/2269
f 4715/2612/1728 4747/2611/1760 4748/2660/1761
f 4747/2611/1760 4779/2613/1792 4780/2662/1793
f 4779/2613/1792 4811/2614/1824 4812/2663/1825
f 4811/2614/1824 4843/2615/1856 4844/2664/1857
f 4843/2615/1856 4875/2616/1888 4876/2665/1889
f 4875/2616/1888 4907/2617/1920 4908/2666/1921
f 4907/2617/1920 4939/2618/1952 4940/2667/1953
f 4939/2618/1952 4971/2619/1984 4972/2668/1985
f 4971/2619/1984 5003/2620/2016 5004/2669/2017
f 5003/2620/2016 5035/2621/2046 5036/2670/2047
f 5035/2621/2046 5067/2622/2076 5068/2671/2077
f 5067/2622/2076 5099/2623/2106 5100/2672/2107
f 5099/2623/2106 5131/2624/2136 5132/2673/2137
f 5131/2624/2136 5163/2625/2166 5164/2674/2167
f 5163/2625/2166 5195/2626/2196 5196/2675/2197
f 5195/2626/2196 5227/2627/2226 5228/2676/2227
f 5227/2627/2226 5259/2628/1760 5260/2677/1761
f 5259/2628/1760 5291/2629/1792 5292/2678/1793
f 5291/2629/1792 5323/2630/1824 5324/2679/1825
f 5323/2630/1824 5355/2631/1856 5356/2680/1857
f 5355/2631/1856 5387/2632/1888 5388/2681/1889
f 5387/2632/1888 5419/2633/1920 5420/2682/1921
f 5419/2633/1920 5451/2634/1952 5452/2683/1953
f 5451/2634/1952 5483/2635/1984 5484/2684/1985
f 5483/2635/1984 5515/2636/2016 5516/2685/2017
f 5515/2636/2016 5547/2637/2046 5548/2686/2047
f 5547/2637/2046 5579/2638/2076 5580/2687/2077
f 5579/2638/2076 5611/2639/2106 5612/2688/2107
f 5611/2639/2106 5643/2640/2136 5644/2689/2137
f 5643/2640/2136 5675/2641/2166 5676/2690/2167
f 5675/2641/2166 5707/2642/2196 5708/2691/2197
f 5707/2642/2196 5739/2643/2226 5740/2692/2227
f 5739/2643/2226 5771/2644/1760 5772/2693/1761
f 5771/2644/1760 5803/2645/1792 5804/2694/1793
f 5803/2645/1792 5835/2646/1824 5836/2695/1825
f 5835/2646/1824 5867/2647/1856 5868/2696/1857
f 5867/2647/1856 5899/2648/1888 5900/2697/1889
f 5899/2648/1888 5931/2649/1920 5932/2698/1921
f 5931/2649/1920 5963/2650/1952 5964/2699/1953
f 5963/2650/1952 5995/2651/1984 5996/2700/1985
f 5995/2651/1984 6027/2652/2016 6028/2701/2017
f 6027/2652/2016 6059/2653/2046 6060/2702/2047
f 6059/2653/2046 6091/2654/2076 6092/2703/2263
f 6091/2654/2076 6123/2655/2106 6124/2704/2107
f 6123/2655/2106 6155/2656/2136 6156/2705/2137
f 6155/2656/2136 6187/2657/2166 6188/2706/2167
f 6187/2657/2166 6219/2658/2196 6220/2707/2197
f 6219/2658/2196 6251/2659/2269 6252/2708/2270
f 4716/2661/1729 4748/2660/1761 4749/2709/1762
f 4748/2660/1761 4780/2662/1793 4781/2711/1794
f 4780/2662/1793 4812/2663/1825 4813/2712/1826
f 4812/2663/1825 4844/2664/1857 4845/2713/1858
f 4844/2664/1857 4876/2665/1889 4877/2714/1890
f 4876/2665/1889 4908/2666/1921 4909/2715/1922
f 4908/2666/1921 4940/2667/1953 4941/2716/1954
f 4940/2667/1953 4972/2668/1985 4973/2717/1986
f 4972/2668/1985 5004/2669/2017 5005/2718/2018
f 5004/2669/2017 5036/2670/2047 5037/2719/2048
f 5036/2670/2047 5068/2671/2077 5069/2720/2078
f 5068/2671/2077 5100/2672/2107 5101/2721/2108
f 5100/2672/2107 5132/2673/2137 5133/2722/2138
f 5132/2673/2137 5164/2674/2167 5165/2723/2168
f 5164/2674/2167 5196/2675/2197 5197/2724/2198
f 5196/2675/2197 5228/2676/2227 5229/2725/2228
f 5228/2676/2227 5260/2677/1761 5261/2726/1762
f 5260/2677/1761 5292/2678/1793 5293/2727/1794
f 5292/2678/1793 5324/2679/1825 5325/2728/1826
f 5324/2679/1825 5356/2680/1857 5357/2729/1858
f 5356/2680/1857 5388/2681/1889 5389/2730/1890
f 5388/2681/1889 5420/2682/1921 5421/2731/1922
f 5420/2682/1921 5452/2683/1953 5453/2732/1954
f 5452/2683/1953 5484/2684/1985 5485/2733/1986
f 5484/2684/1985 5516/2685/2017 5517/2734/2018
f 5516/2685/2017 5548/2686/2047 5549/2735/2048
f 5548/2686/2047 5580/2687/2077 5581/2736/2078
f 5580/2687/2077 5612/2688/2107 5613/2737/2108
f 5612/2688/2107 5644/2689/2137 5645/2738/2257
f 5644/2689/2137 5676/2690/2167 5677/2739/2168
f 5676/2690/2167 5708/2691/2197 5709/2740/2198
f 5708/2691/2197 5740/2692/2227 5741/2741/2228
f 5740/2692/2227 5772/2693/1761 5773/2742/1762
f 5772/2693/1761 5804/2694/1793 5805/2743/1794
f 5804/2694/1793 5836/2695/1825 5837/2744/1826
f 5836/2695/1825 5868/2696/1857 5869/2745/1858
f 5868/2696/1857 5900/2697/1889 5901/2746/1890
f 5900/2697/1889 5932/2698/1921 5933/2747/1922
f 5932/2698/1921 5964/2699/1953 5965/2748/1954
f 5964/2699/1953 5996/2700/1985 5997/2749/1986
f 5996/2700/1985 6028/2701/2017 6029/2750/2018
f 6028/2701/2017 6060/2702/2047 6061/2751/2048
f 6060/2702/2047 6092/2703/2263 6093/2752/2078
f 6092/2703/2263 6124/2704/2107 6125/2753/2108
f 6124/2704/2107 6156/2705/2137 6157/2754/2257
f 6156/2705/2137 6188/2706/2167 6189/2755/2168
f 6188/2706/2167 6220/2707/2197 6221/2756/2198
f 6220/2707/2197 6252/2708/2270 6253/2757/2271
f 4717/2710/1730 4749/2709/1762 4750/2758/1763
f 4749/2709/1762 4781/2711/1794 4782/2760/1795
f 4781/2711/1794 4813/2712/1826 4814/2761/1827
f 4813/2712/1826 4845/2713/1858 4846/2762/1859
f 4845/2713/1858 4877/2714/1890 4878/2763/1891
f 4877/2714/1890 4909/2715/1922 4910/2764/1923
f 4909/2715/1922 4941/2716/1954 4942/2765/1955
f 4941/2716/1954 4973/2717/1986 4974/2766/1987
f 4973/2717/1986 5005/2718/2018 5006/2767/2019
f 5005/2718/2018 5037/2719/2048 5038/2768/2049
f 5037/2719/2048 5069/2720/2078 5070/2769/2079
f 5069/2720/2078 5101/2721/2108 5102/2770/2109
f 5101/2721/2108 5133/2722/2138 5134/2771/2139
f 5133/2722/2138 5165/2723/2168 5166/2772/2169
f 5165/2723/2168 5197/2724/2198 5198/2773/2199
f 5197/2724/2198 5229/2725/2228 5230/2774/2229
f 5229/2725/2228 5261/2726/1762 5262/2775/1763
f 5261/2726/1762 5293/2727/1794 5294/2776/1795
f 5293/2727/1794 5325/2728/1826 5326/2777/1827
f 5325/2728/1826 5357/2729/1858 5358/2778/1859
f 5357/2729/1858 5389/2730/1890 5390/2779/1891
f 5389/2730/1890 5421/2731/1922 5422/2780/1923
f 5421/2731/1922 5453/2732/1954 5454/2781/1955
f 5453/2732/1954 5485/2733/1986 5486/2782/1987
f 5485/2733/1986 5517/2734/2018 5518/2783/2019
f 5517/2734/2018 5549/2735/2048 5550/2784/2049
f 5549/2735/2048 5581/2736/2078 5582/2785/2079
f 5581/2736/2078 5613/2737/2108 5614/2786/2109
f 5613/2737/2108 5645/2738/2257 5646/2787/2139
f 5645/2738/2257 5677/2739/2168 5678/2788/2169
f 5677/2739/2168 5709/2740/2198 5710/2789/2199
f 5709/2740/2198 5741/2741/2228 5742/2790/2229
f 5741/2741/2228 5773/2742/1762 5774/2791/1763
f 5773/2742/1762 5805/2743/1794 5806/2792/1795
f 5805/2743/1794 5837/2744/1826 5838/2793/1827
f 5837/2744/1826 5869/2745/1858 5870/2794/1859
f 5869/2745/1858 5901/2746/1890 5902/2795/1891
f 5901/2746/1890 5933/2747/1922 5934/2796/1923
f 5933/2747/1922 5965/2748/1954 5966/2797/1955
f 5965/2748/1954 5997/2749/1986 5998/2798/1987
f 5997/2749/1986 6029/2750/2018 6030/2799/2019
f 6029/2750/2018 6061/2751/2048 6062/2800/2049
f 6061/2751/2048 6093/2752/2078 6094/2801/2079
f 6093/2752/2078 6125/2753/2108 6126/2802/2109
f 6125/2753/2108 6157/2754/2257 6158/2803/2139
f 6157/2754/2257 6189/2755/2168 6190/2804/2169
f 6189/2755/2168 6221/2756/2198 6222/2805/2199
f 6221/2756/2198 6253/2757/2271 6254/2806/2272
f 4718/2759/1731 4750/2758/1763 4751/2807/1764
f 4750/2758/1763 4782/2760/1795 4783/2809/1796
f 4782/2760/1795 4814/2761/1827 4815/2810/1828
f 4814/2761/1827 4846/2762/1859 4847/2811/1860
f 4846/2762/1859 4878/2763/1891 4879/2812/1892
f 4878/2763/1891 4910/2764/1923 4911/2813/1924
f 4910/2764/1923 4942/2765/1955 4943/2814/1956
f 4942/2765/1955 4974/2766/1987 4975/2815/1988
f 4974/2766/1987 5006/2767/2019 5007/2816/2020
f 5006/2767/2019 5038/2768/2049 5039/2817/2050
f 5038/2768/2049 5070/2769/2079 5071/2818/2080
f 5070/2769/2079 5102/2770/2109 5103/2819/2110
f 5102/2770/2109 5134/2771/2139 5135/2820/2140
f 5134/2771/2139 5166/2772/2169 5167/2821/2170
f 5166/2772/2169 5198/2773/2199 5199/2822/2200
f 5198/2773/2199 5230/2774/2229 5231/2823/2230
f 5230/2774/2229 5262/2775/1763 5263/2824/1764
f 5262/2775/1763 5294/2776/1795 5295/2825/1796
f 5294/2776/1795 5326/2777/1827 5327/2826/1828
f 5326/2777/1827 5358/2778/1859 5359/2827/1860
f 5358/2778/1859 5390/2779/1891 5391/2828/1892
f 5390/2779/1891 5422/2780/1923 5423/2829/1924
f 5422/2780/1923 5454/2781/1955 5455/2830/1956
f 5454/2781/1955 5486/2782/1987 5487/2831/1988
f 5486/2782/1987 5518/2783/2019 5519/2832/2020
f 5518/2783/2019 5550/2784/2049 5551/2833/2050
f 5550/2784/2049 5582/2785/2079 5583/2834/2080
f 5582/2785/2079 5614/2786/2109 5615/2835/2110
f 5614/2786/2109 5646/2787/2139 5647/2836/2140
f 5646/2787/2139 5678/2788/2169 5679/2837/2170
f 5678/2788/2169 5710/2789/2199 5711/2838/2200
f 5710/2789/2199 5742/2790/2229 5743/2839/2230
f 5742/2790/2229 5774/2791/1763 5775/2840/1764
f 5774/2791/1763 5806/2792/1795 5807/2841/1796
f 5806/2792/1795 5838/2793/1827 5839/2842/1828
f 5838/2793/1827 5870/2794/1859 5871/2843/1860
f 5870/2794/1859 5902/2795/1891 5903/2844/1892
f 5902/2795/1891 5934/2796/1923 5935/2845/1924
f 5934/2796/1923 5966/2797/1955 5967/2846/1956
f 5966/2797/1955 5998/2798/1987 5999/2847/1988
f 5998/2798/1987 6030/2799/2019 6031/2848/2020
f 6030/2799/2019 6062/2800/2049 6063/2849/2050
f 6062/2800/2049 6094/2801/2079 6095/2850/2080
f 6094/2801/2079 6126/2802/2109 6127/2851/2110
f 6126/2802/2109 6158/2803/2139 6159/2852/2140
f 6158/2803/2139 6190/2804/2169 6191/2853/2170
f 6190/2804/2169 6222/2805/2199 6223/2854/2200
f 6222/2805/2199 6254/2806/2272 6255/2855/2273
f 4719/2808/1732 4751/2807/1764 4752/2856/1765
f 4751/2807/1764 4783/2809/1796 4784/2858/1797
f 4783/2809/1796 4815/2810/1828 4816/2859/1829
f 4815/2810/1828 4847/2811/1860 4848/2860/1861
f 4847/2811/1860 4879/2812/1892 4880/2861/1893
f 4879/2812/1892 4911/2813/1924 4912/2862/1925
f 4911/2813/1924 4943/2814/1956 4944/2863/1957
f 4943/2814/1956 4975/2815/1988 4976/2864/1989
f 4975/2815/1988 5007/2816/2020 5008/2865/2021
f 5007/2816/2020 5039/2817/2050 5040/2866/2051
f 5039/2817/2050 5071/2818/2080 5072/2867/2081
f 5071/2818/2080 5103/2819/2110 5104/2868/2111
f 5103/2819/2110 5135/2820/2140 5136/2869/2141
f 5135/2820/2140 5167/2821/2170 5168/2870/2171
f 5167/2821/2170 5199/2822/2200 5200/2871/2201
f 5199/2822/2200 5231/2823/2230 5232/2872/2231
f 5231/2823/2230 5263/2824/1764 5264/2873/1765
f 5263/2824/1764 5295/2825/1796 5296/2874/1797
f 5295/2825/1796 5327/2826/1828 5328/2875/1829
f 5327/2826/1828 5359/2827/1860 5360/2876/1861
f 5359/2827/1860 5391/2828/1892 5392/2877/1893
f 5391/2828/1892 5423/2829/1924 5424/2878/1925
f 5423/2829/1924 5455/2830/1956 5456/2879/1957
f 5455/2830/1956 5487/2831/1988 5488/2880/1989
f 5487/2831/1988 5519/2832/2020 5520/2881/2021
f 5519/2832/2020 5551/2833/2050 5552/2882/2051
f 5551/2833/2050 5583/2834/2080 5584/2883/2081
f 5583/2834/2080 5615/2835/2110 5616/2884/2111
f 5615/2835/2110 5647/2836/2140 5648/2885/2141
f 5647/2836/2140 5679/2837/2170 5680/2886/2171
f 5679/2837/2170 5711/2838/2200 5712/2887/2201
f 5711/2838/2200 5743/2839/2230 5744/2888/2231
f 5743/2839/2230 5775/2840/1764 5776/2889/1765
f 5775/2840/1764 5807/2841/1796 5808/2890/1797
f 5807/2841/1796 5839/2842/1828 5840/2891/1829
f 5839/2842/1828 5871/2843/1860 5872/2892/1861
f 5871/2843/1860 5903/2844/1892 5904/2893/1893
f 5903/2844/1892 5935/2845/1924 5936/2894/1925
f 5935/2845/1924 5967/2846/1956 5968/2895/1957
f 5967/2846/1956 5999/2847/1988 6000/2896/1989
f 5999/2847/1988 6031/2848/2020 6032/2897/2021
f 6031/2848/2020 6063/2849/2050 6064/2898/2051
f 6063/2849/2050 6095/2850/2080 6096/2899/2081
f 6095/2850/2080 6127/2851/2110 6128/2900/2111
f 6127/2851/2110 6159/2852/2140 6160/2901/2141
f 6159/2852/2140 6191/2853/2170 6192/2902/2171
f 6191/2853/2170 6223/2854/2200 6224/2903/2201
f 6223/2854/2200 6255/2855/2273 6256/2904/2274
f 4720/2857/1733 4752/2856/1765 4753/2905/1766
f 4752/2856/1765 4784/2858/1797 4785/2907/1798
f 4784/2858/1797 4816/2859/1829 4817/2908/1830
f 4816/2859/1829 4848/2860/1861 4849/2909/1862
f 4848/2860/1861 4880/2861/1893 4881/2910/1894
f 4880/2861/1893 4912/2862/1925 4913/2911/1926
f 4912/2862/1925 4944/2863/1957 4945/2912/1958
f 4944/2863/1957 4976/2864/1989 4977/2913/1990
f 4976/2864/1989 5008/2865/2021 5009/2914/1782
f 5008/2865/2021 5040/2866/2051 5041/2915/1814
f 5040/2866/2051 5072/2867/2081 5073/2916/1846
f 5072/2867/2081 5104/2868/2111 5105/2917/1878
f 5104/2868/2111 5136/2869/2141 5137/2918/1910
f 5136/2869/2141 5168/2870/2171 5169/2919/1942
f 5168/2870/2171 5200/2871/2201 5201/2920/1974
f 5200/2871/2201 5232/2872/2231 5233/2921/2006
f 5232/2872/2231 5264/2873/1765 5265/2922/1766
f 5264/2873/1765 5296/2874/1797 5297/2923/1798
f 5296/2874/1797 5328/2875/1829 5329/2924/1830
f 5328/2875/1829 5360/2876/1861 5361/2925/1862
f 5360/2876/1861 5392/2877/1893 5393/2926/1894
f 5392/2877/1893 5424/2878/1925 5425/2927/1926
f 5424/2878/1925 5456/2879/1957 5457/2928/1958
f 5456/2879/1957 5488/2880/1989 5489/2929/1990
f 5488/2880/1989 5520/2881/2021 5521/2930/1782
f 5520/2881/2021 5552/2882/2051 5553/2931/1814
f 5552/2882/2051 5584/2883/2081 5585/2932/1846
f 5584/2883/2081 5616/2884/2111 5617/2933/1878
f 5616/2884/2111 5648/2885/2141 5649/2934/1910
f 5648/2885/2141 5680/2886/2171 5681/2935/1942
f 5680/2886/2171 5712/2887/2201 5713/2936/1974
f 5712/2887/2201 5744/2888/2231 5745/2937/2006
f 5744/2888/2231 5776/2889/1765 5777/2938/1766
f 5776/2889/1765 5808/2890/1797 5809/2939/1798
f 5808/2890/1797 5840/2891/1829 5841/2940/1830
f 5840/2891/1829 5872/2892/1861 5873/2941/1862
f 5872/2892/1861 5904/2893/1893 5905/2942/1894
f 5904/2893/1893 5936/2894/1925 5937/2943/1926
f 5936/2894/1925 5968/2895/1957 5969/2944/1958
f 5968/2895/1957 6000/2896/1989 6001/2945/1990
f 6000/2896/1989 6032/2897/2021 6033/2946/1782
f 6032/2897/2021 6064/2898/2051 6065/2947/1814
f 6064/2898/2051 6096/2899/2081 6097/2948/1846
f 6096/2899/2081 6128/2900/2111 6129/2949/1878
f 6128/2900/2111 6160/2901/2141 6161/2950/1910
f 6160/2901/2141 6192/2902/2171 6193/2951/1942
f 6192/2902/2171 6224/2903/2201 6225/2952/1974
f 6224/2903/2201 6256/2904/2274 6257/2953/2275
f 4721/2906/1734 4753/2905/1766 4754/2954/1767
f 4753/2905/1766 4785/2907/1798 4786/2956/1799
f 4785/2907/1798 4817/2908/1830 4818/2957/1831
f 4817/2908/1830 4849/2909/1862 4850/2958/1863
f 4849/2909/1862 4881/2910/1894 4882/2959/1895
f 4881/2910/1894 4913/2911/1926 4914/2960/1927
f 4913/2911/1926 4945/2912/1958 4946/2961/1959
f 4945/2912/1958 4977/2913/1990 4978/2962/1991
f 4977/2913/1990 5009/2914/1782 5010/2963/2022
f 5009/2914/1782 5041/2915/1814 5042/2964/2052
f 5041/2915/1814 5073/2916/1846 5074/2965/2082
f 5073/2916/1846 5105/2917/1878 5106/2966/2112
f 5105/2917/1878 5137/2918/1910 5138/2967/2142
f 5137/2918/1910 5169/2919/1942 5170/2968/2172
f 5169/2919/1942 5201/2920/1974 5202/2969/2202
f 5201/2920/1974 5233/2921/2006 5234/2970/2232
f 5233/2921/2006 5265/2922/1766 5266/2971/1767
f 5265/2922/1766 5297/2923/1798 5298/2972/1799
f 5297/2923/1798 5329/2924/1830 5330/2973/1831
f 5329/2924/1830 5361/2925/1862 5362/2974/1863
f 5361/2925/1862 5393/2926/1894 5394/2975/1895
f 5393/2926/1894 5425/2927/1926 5426/2976/1927
f 5425/2927/1926 5457/2928/1958 5458/2977/1959
f 5457/2928/1958 5489/2929/1990 5490/2978/1991
f 5489/2929/1990 5521/2930/1782 5522/2979/2022
f 5521/2930/1782 5553/2931/1814 5554/2980/2052
f 5553/2931/1814 5585/2932/1846 5586/2981/2082
f 5585/2932/1846 5617/2933/1878 5618/2982/2112
f 5617/2933/1878 5649/2934/1910 5650/2983/2142
f 5649/2934/1910 5681/2935/1942 5682/2984/2172
f 5681/2935/1942 5713/2936/1974 5714/2985/2202
f 5713/2936/1974 5745/2937/2006 5746/2986/2232
f 5745/2937/2006 5777/2938/1766 5778/2987/1767
f 5777/2938/1766 5809/2939/1798 5810/2988/1799
f 5809/2939/1798 5841/2940/1830 5842/2989/1831
f 5841/2940/1830 5873/2941/1862 5874/2990/1863
f 5873/2941/1862 5905/2942/1894 5906/2991/1895
f 5905/2942/1894 5937/2943/1926 5938/2992/1927
f 5937/2943/1926 5969/2944/1958 5970/2993/1959
f 5969/2944/1958 6001/2945/1990 6002/2994/1991
f 6001/2945/1990 6033/2946/1782 6034/2995/2022
f 6033/2946/1782 6065/2947/1814 6066/2996/2052
f 6065/2947/1814 6097/2948/1846 6098/2997/2082
f 6097/2948/1846 6129/2949/1878 6130/2998/2112
f 6129/2949/1878 6161/2950/1910 6162/2999/2142
f 6161/2950/1910 6193/2951/1942 6194/3000/2172
f 6193/2951/1942 6225/2952/1974 6226/3001/2202
f 6225/2952/1974 6257/2953/2275 6258/3002/2276
f 4722/2955/1735 4754/2954/1767 4755/3003/1768
f 4754/2954/1767 4786/2956/1799 4787/3005/1800
f 4786/2956/1799 4818/2957/1831 4819/3006/1832
f 4818/2957/1831 4850/2958/1863 4851/3007/1864
f 4850/2958/1863 4882/2959/1895 4883/3008/1896
f 4882/2959/1895 4914/2960/1927 4915/3009/1928
f 4914/2960/1927 4946/2961/1959 4947/3010/1960
f 4946/2961/1959 4978/2962/1991 4979/3011/1992
f 4978/2962/1991 5010/2963/2022 5011/3012/2023
f 5010/2963/2022 5042/2964/2052 5043/3013/2053
f 5042/2964/2052 5074/2965/2082 5075/3014/2083
f 5074/2965/2082 5106/2966/2112 5107/3015/2113
f 5106/2966/2112 5138/2967/2142 5139/3016/2143
f 5138/2967/2142 5170/2968/2172 5171/3017/2173
f 5170/2968/2172 5202/2969/2202 5203/3018/2203
f 5202/2969/2202 5234/2970/2232 5235/3019/2233
f 5234/2970/2232 5266/2971/1767 5267/3020/1768
f 5266/2971/1767 5298/2972/1799 5299/3021/1800
f 5298/2972/1799 5330/2973/1831 5331/3022/1832
f 5330/2973/1831 5362/2974/1863 5363/3023/1864
f 5362/2974/1863 5394/2975/1895 5395/3024/1896
f 5394/2975/1895 5426/2976/1927 5427/3025/1928
f 5426/2976/1927 5458/2977/1959 5459/3026/1960
f 5458/2977/1959 5490/2978/1991 5491/3027/1992
f 5490/2978/1991 5522/2979/2022 5523/3028/2023
f 5522/2979/2022 5554/2980/2052 5555/3029/2053
f 5554/2980/2052 5586/2981/2082 5587/3030/2083
f 5586/2981/2082 5618/2982/2112 5619/3031/2113
f 5618/2982/2112 5650/2983/2142 5651/3032/2143
f 5650/2983/2142 5682/2984/2172 5683/3033/2173
f 5682/2984/2172 5714/2985/2202 5715/3034/2203
f 5714/2985/2202 5746/2986/2232 5747/3035/2233
f 5746/2986/2232 5778/2987/1767 5779/3036/1768
f 5778/2987/1767 5810/2988/1799 5811/3037/1800
f 5810/2988/1799 5842/2989/1831 5843/3038/1832
f 5842/2989/1831 5874/2990/1863 5875/3039/1864
f 5874/2990/1863 5906/2991/1895 5907/3040/1896
f 5906/2991/1895 5938/2992/1927 5939/3041/1928
f 5938/2992/1927 5970/2993/1959 5971/3042/1960
f 5970/2993/1959 6002/2994/1991 6003/3043/1992
f 6002/2994/1991 6034/2995/2022 6035/3044/2023
f 6034/2995/2022 6066/2996/2052 6067/3045/2053
f 6066/2996/2052 6098/2997/2082 6099/3046/2083
f 6098/2997/2082 6130/2998/2112 6131/3047/2113
f 6130/2998/2112 6162/2999/2142 6163/3048/2143
f 6162/2999/2142 6194/3000/2172 6195/3049/2173
f 6194/3000/2172 6226/3001/2202 6227/3050/2203
f 6226/3001/2202 6258/3002/2276 6259/3051/2277
f 4723/3004/1736 4755/3003/1768 4756/3052/1769
f 4755/3003/1768 4787/3005/1800 4788/3054/1801
f 4787/3005/1800 4819/3006/1832 4820/3055/1833
f 4819/3006/1832 4851/3007/1864 4852/3056/1865
f 4851/3007/1864 4883/3008/1896 4884/3057/1897
f 4883/3008/1896 4915/3009/1928 4916/3058/1929
f 4915/3009/1928 4947/3010/1960 4948/3059/1961
f 4947/3010/1960 4979/3011/1992 4980/3060/1993
f 4979/3011/1992 5011/3012/2023 5012/3061/2024
f 5011/3012/2023 5043/3013/2053 5044/3062/2054
f 5043/3013/2053 5075/3014/2083 5076/3063/2084
f 5075/3014/2083 5107/3015/2113 5108/3064/2114
f 5107/3015/2113 5139/3016/2143 5140/3065/2144
f 5139/3016/2143 5171/3017/2173 5172/3066/2174
f 5171/3017/2173 5203/3018/2203 5204/3067/2204
f 5203/3018/2203 5235/3019/2233 5236/3068/2234
f 5235/3019/2233 5267/3020/1768 5268/3069/1769
f 5267/3020/1768 5299/3021/1800 5300/3070/1801
f 5299/3021/1800 5331/3022/1832 5332/3071/1833
f 5331/3022/1832 5363/3023/1864 5364/3072/1865
f 5363/3023/1864 5395/3024/1896 5396/3073/1897
f 5395/3024/1896 5427/3025/1928 5428/3074/1929
f 5427/3025/1928 5459/3026/1960 5460/3075/1961
f 5459/3026/1960 5491/3027/1992 5492/3076/1993
f 5491/3027/1992 5523/3028/2023 5524/3077/2024
f 5523/3028/2023 5555/3029/2053 5556/3078/2054
f 5555/3029/2053 5587/3030/2083 5588/3079/2084
f 5587/3030/2083 5619/3031/2113 5620/3080/2114
f 5619/3031/2113 5651/3032/2143 5652/3081/2144
f 5651/3032/2143 5683/3033/2173 5684/3082/2174
f 5683/3033/2173 5715/3034/2203 5716/3083/2204
f 5715/3034/2203 5747/3035/2233 5748/3084/2234
f 5747/3035/2233 5779/3036/1768 5780/3085/1769
f 5779/3036/1768 5811/3037/1800 5812/3086/1801
f 5811/3037/1800 5843/3038/1832 5844/3087/1833
f 5843/3038/1832 5875/3039/1864 5876/3088/1865
f 5875/3039/1864 5907/3040/1896 5908/3089/1897
f 5907/3040/1896 5939/3041/1928 5940/3090/1929
f 5939/3041/1928 5971/3042/1960 5972/3091/1961
f 5971/3042/1960 6003/3043/1992 6004/3092/1993
f 6003/3043/1992 6035/3044/2023 6036/3093/2024
f 6035/3044/2023 6067/3045/2053 6068/3094/2054
f 6067/3045/2053 6099/3046/2083 6100/3095/2084
f 6099/3046/2083 6131/3047/2113 6132/3096/2114
f 6131/3047/2113 6163/3048/2143 6164/3097/2144
f 6163/3048/2143 6195/3049/2173 6196/3098/2174
f 6195/3049/2173 6227/3050/2203 6228/3099/2204
f 6227/3050/2203 6259/3051/2277 6260/3100/2278
f 4724/3053/1737 4756/3052/1769 4757/3101/1770
f 4756/3052/1769 4788/3054/1801 4789/3103/1802
f 4788/3054/1801 4820/3055/1833 4821/3104/1834
f 4820/3055/1833 4852/3056/1865 4853/3105/1866
f 4852/3056/1865 4884/3057/1897 4885/3106/1898
f 4884/3057/1897 4916/3058/1929 4917/3107/1930
f 4916/3058/1929 4948/3059/1961 4949/3108/1962
f 4948/3059/1961 4980/3060/1993 4981/3109/1994
f 4980/3060/1993 5012/3061/2024 5013/3110/2025
f 5012/3061/2024 5044/3062/2054 5045/3111/2055
f 5044/3062/2054 5076/3063/2084 5077/3112/2085
f 5076/3063/2084 5108/3064/2114 5109/3113/2115
f 5108/3064/2114 5140/3065/2144 5141/3114/2145
f 5140/3065/2144 5172/3066/2174 5173/3115/2175
f 5172/3066/2174 5204/3067/2204 5205/3116/2205
f 5204/3067/2204 5236/3068/2234 5237/3117/2235
f 5236/3068/2234 5268/3069/1769 5269/3118/1770
f 5268/3069/1769 5300/3070/1801 5301/3119/1802
f 5300/3070/1801 5332/3071/1833 5333/3120/1834
f 5332/3071/1833 5364/3072/1865 5365/3121/1866
f 5364/3072/1865 5396/3073/1897 5397/3122/1898
f 5396/3073/1897 5428/3074/1929 5429/3123/1930
f 5428/3074/1929 5460/3075/1961 5461/3124/1962
f 5460/3075/1961 5492/3076/1993 5493/3125/1994
f 5492/3076/1993 5524/3077/2024 5525/3126/2025
f 5524/3077/2024 5556/3078/2054 5557/3127/2055
f 5556/3078/2054 5588/3079/2084 5589/3128/2085
f 5588/3079/2084 5620/3080/2114 5621/3129/2115
f 5620/3080/2114 5652/3081/2144 5653/3130/2145
f 5652/3081/2144 5684/3082/2174 5685/3131/2175
f 5684/3082/2174 5716/3083/2204 5717/3132/2205
f 5716/3083/2204 5748/3084/2234 5749/3133/2235
f 5748/3084/2234 5780/3085/1769 5781/3134/1770
f 5780/3085/1769 5812/3086/1801 5813/3135/1802
f 5812/3086/1801 5844/3087/1833 5845/3136/1834
f 5844/3087/1833 5876/3088/1865 5877/3137/1866
f 5876/3088/1865 5908/3089/1897 5909/3138/1898
f 5908/3089/1897 5940/3090/1929 5941/3139/1930
f 5940/3090/1929 5972/3091/1961 5973/3140/1962
f 5972/3091/1961 6004/3092/1993 6005/3141/1994
f 6004/3092/1993 6036/3093/2024 6037/3142/2025
f 6036/3093/2024 6068/3094/2054 6069/3143/2055
f 6068/3094/2054 6100/3095/2084 6101/3144/2264
f 6100/3095/2084 6132/3096/2114 6133/3145/2115
f 6132/3096/2114 6164/3097/2144 6165/3146/2145
f 6164/3097/2144 6196/3098/2174 6197/3147/2175
f 6196/3098/2174 6228/3099/2204 6229/3148/2205
f 6228/3099/2204 6260/3100/2278 6261/3149/2279
f 4725/3102/1738 4757/3101/1770 4758/3150/1771
f 4757/3101/1770 4789/3103/1802 4790/3152/1803
f 4789/3103/1802 4821/3104/1834 4822/3153/1835
f 4821/3104/1834 4853/3105/1866 4854/3154/1867
f 4853/3105/1866 4885/3106/1898 4886/3155/1899
f 4885/3106/1898 4917/3107/1930 4918/3156/1931
f 4917/3107/1930 4949/3108/1962 4950/3157/1963
f 4949/3108/1962 4981/3109/1994 4982/3158/1995
f 4981/3109/1994 5013/3110/2025 5014/3159/2026
f 5013/3110/2025 5045/3111/2055 5046/3160/2056
f 5045/3111/2055 5077/3112/2085 5078/3161/2086
f 5077/3112/2085 5109/3113/2115 5110/3162/2116
f 5109/3113/2115 5141/3114/2145 5142/3163/2146
f 5141/3114/2145 5173/3115/2175 5174/3164/2176
f 5173/3115/2175 5205/3116/2205 5206/3165/2206
f 5205/3116/2205 5237/3117/2235 5238/3166/2236
f 5237/3117/2235 5269/3118/1770 5270/3167/1771
f 5269/3118/1770 5301/3119/1802 5302/3168/1803
f 5301/3119/1802 5333/3120/1834 5334/3169/1835
f 5333/3120/1834 5365/3121/1866 5366/3170/1867
f 5365/3121/1866 5397/3122/1898 5398/3171/1899
f 5397/3122/1898 5429/3123/1930 5430/3172/1931
f 5429/3123/1930 5461/3124/1962 5462/3173/1963
f 5461/3124/1962 5493/3125/1994 5494/3174/1995
f 5493/3125/1994 5525/3126/2025 5526/3175/2026
f 5525/3126/2025 5557/3127/2055 5558/3176/2056
f 5557/3127/2055 5589/3128/2085 5590/3177/2086
f 5589/3128/2085 5621/3129/2115 5622/3178/2116
f 5621/3129/2115 5653/3130/2145 5654/3179/2146
f 5653/3130/2145 5685/3131/2175 5686/3180/2176
f 5685/3131/2175 5717/3132/2205 5718/3181/2206
f 5717/3132/2205 5749/3133/2235 5750/3182/2236
f 5749/3133/2235 5781/3134/1770 5782/3183/1771
f 5781/3134/1770 5813/3135/1802 5814/3184/1803
f 5813/3135/1802 5845/3136/1834 5846/3185/1835
f 5845/3136/1834 5877/3137/1866 5878/3186/1867
f 5877/3137/1866 5909/3138/1898 5910/3187/1899
f 5909/3138/1898 5941/3139/1930 5942/3188/1931
f 5941/3139/1930 5973/3140/1962 5974/3189/1963
f 5973/3140/1962 6005/3141/1994 6006/3190/1995
f 6005/3141/1994 6037/3142/2025 6038/3191/2026
f 6037/3142/2025 6069/3143/2055 6070/3192/2056
f 6069/3143/2055 6101/3144/2264 6102/3193/2086
f 6101/3144/2264 6133/3145/2115 6134/3194/2116
f 6133/3145/2115 6165/3146/2145 6166/3195/2146
f 6165/3146/2145 6197/3147/2175 6198/3196/2176
f 6197/3147/2175 6229/3148/2205 6230/3197/2206
f 6229/3148/2205 6261/3149/2279 6262/3198/2280
f 4726/3151/1739 4758/3150/1771 4759/3199/1772
f 4758/3150/1771 4790/3152/1803 4791/3201/1804
f 4790/3152/1803 4822/3153/1835 4823/3202/1836
f 4822/3153/1835 4854/3154/1867 4855/3203/1868
f 4854/3154/1867 4886/3155/1899 4887/3204/1900
f 4886/3155/1899 4918/3156/1931 4919/3205/1932
f 4918/3156/1931 4950/3157/1963 4951/3206/1964
f 4950/3157/1963 4982/3158/1995 4983/3207/1996
f 4982/3158/1995 5014/3159/2026 5015/3208/2027
f 5014/3159/2026 5046/3160/2056 5047/3209/2057
f 5046/3160/2056 5078/3161/2086 5079/3210/2087
f 5078/3161/2086 5110/3162/2116 5111/3211/2117
f 5110/3162/2116 5142/3163/2146 5143/3212/2147
f 5142/3163/2146 5174/3164/2176 5175/3213/2177
f 5174/3164/2176 5206/3165/2206 5207/3214/2207
f 5206/3165/2206 5238/3166/2236 5239/3215/2237
f 5238/3166/2236 5270/3167/1771 5271/3216/1772
f 5270/3167/1771 5302/3168/1803 5303/3217/1804
f 5302/3168/1803 5334/3169/1835 5335/3218/1836
f 5334/3169/1835 5366/3170/1867 5367/3219/1868
f 5366/3170/1867 5398/3171/1899 5399/3220/1900
f 5398/3171/1899 5430/3172/1931 5431/3221/1932
f 5430/3172/1931 5462/3173/1963 5463/3222/1964
f 5462/3173/1963 5494/3174/1995 5495/3223/1996
f 5494/3174/1995 5526/3175/2026 5527/3224/2027
f 5526/3175/2026 5558/3176/2056 5559/3225/2057
f 5558/3176/2056 5590/3177/2086 5591/3226/2087
f 5590/3177/2086 5622/3178/2116 5623/3227/2117
f 5622/3178/2116 5654/3179/2146 5655/3228/2147
f 5654/3179/2146 5686/3180/2176 5687/3229/2177
f 5686/3180/2176 5718/3181/2206 5719/3230/2207
f 5718/3181/2206 5750/3182/2236 5751/3231/2237
f 5750/3182/2236 5782/3183/1771 5783/3232/1772
f 5782/3183/1771 5814/3184/1803 5815/3233/1804
f 5814/3184/1803 5846/3185/1835 5847/3234/1836
f 5846/3185/1835 5878/3186/1867 5879/3235/1868
f 5878/3186/1867 5910/3187/1899 5911/3236/1900
f 5910/3187/1899 5942/3188/1931 5943/3237/1932
f 5942/3188/1931 5974/3189/1963 5975/3238/1964
f 5974/3189/1963 6006/3190/1995 6007/3239/1996
f 6006/3190/1995 6038/3191/2026 6039/3240/2027
f 6038/3191/2026 6070/3192/2056 6071/3241/2057
f 6070/3192/2056 6102/3193/2086 6103/3242/2087
f 6102/3193/2086 6134/3194/2116 6135/3243/2117
f 6134/3194/2116 6166/3195/2146 6167/3244/2266
f 6166/3195/2146 6198/3196/2176 6199/3245/2177
f 6198/3196/2176 6230/3197/2206 6231/3246/2207
f 6230/3197/2206 6262/3198/2280 6263/3247/2281
f 4727/3200/1740 4759/3199/1772 4760/3248/1773
f 4759/3199/1772 4791/3201/1804 4792/3250/1805
f 4791/3201/1804 4823/3202/1836 4824/3251/1837
f 4823/3202/1836 4855/3203/1868 4856/3252/1869
f 4855/3203/1868 4887/3204/1900 4888/3253/1901
f 4887/3204/1900 4919/3205/1932 4920/3254/1933
f 4919/3205/1932 4951/3206/1964 4952/3255/1965
f 4951/3206/1964 4983/3207/1996 4984/3256/1997
f 4983/3207/1996 5015/3208/2027 5016/3257/2028
f 5015/3208/2027 5047/3209/2057 5048/3258/2058
f 5047/3209/2057 5079/3210/2087 5080/3259/2088
f 5079/3210/2087 5111/3211/2117 5112/3260/2118
f 5111/3211/2117 5143/3212/2147 5144/3261/2148
f 5143/3212/2147 5175/3213/2177 5176/3262/2178
f 5175/3213/2177 5207/3214/2207 5208/3263/2208
f 5207/3214/2207 5239/3215/2237 5240/3264/2238
f 5239/3215/2237 5271/3216/1772 5272/3265/1773
f 5271/3216/1772 5303/3217/1804 5304/3266/1805
f 5303/3217/1804 5335/3218/1836 5336/3267/1837
f 5335/3218/1836 5367/3219/1868 5368/3268/1869
f 5367/3219/1868 5399/3220/1900 5400/3269/1901
f 5399/3220/1900 5431/3221/1932 5432/3270/1933
f 5431/3221/1932 5463/3222/1964 5464/3271/1965
f 5463/3222/1964 5495/3223/1996 5496/3272/1997
f 5495/3223/1996 5527/3224/2027 5528/3273/2028
f 5527/3224/2027 5559/3225/2057 5560/3274/2058
f 5559/3225/2057 5591/3226/2087 5592/3275/2088
f 5591/3226/2087 5623/3227/2117 5624/3276/2118
f 5623/3227/2117 5655/3228/2147 5656/3277/2148
f 5655/3228/2147 5687/3229/2177 5688/3278/2178
f 5687/3229/2177 5719/3230/2207 5720/3279/2208
f 5719/3230/2207 5751/3231/2237 5752/3280/2238
f 5751/3231/2237 5783/3232/1772 5784/3281/1773
f 5783/3232/1772 5815/3233/1804 5816/3282/1805
f 5815/3233/1804 5847/3234/1836 5848/3283/1837
f 5847/3234/1836 5879/3235/1868 5880/3284/1869
f 5879/3235/1868 5911/3236/1900 5912/3285/1901
f 5911/3236/1900 5943/3237/1932 5944/3286/1933
f 5943/3237/1932 5975/3238/1964 5976/3287/1965
f 5975/3238/1964 6007/3239/1996 6008/3288/1997
f 6007/3239/1996 6039/3240/2027 6040/3289/2028
f 6039/3240/2027 6071/3241/2057 6072/3290/2058
f 6071/3241/2057 6103/3242/2087 6104/3291/2088
f 6103/3242/2087 6135/3243/2117 6136/3292/2118
f 6135/3243/2117 6167/3244/2266 6168/3293/2148
f 6167/3244/2266 6199/3245/2177 6200/3294/2178
f 6199/3245/2177 6231/3246/2207 6232/3295/2208
f 6231/3246/2207 6263/3247/2281 6264/3296/2282
f 4728/3249/1741 4760/3248/1773 4761/3297/1774
f 4760/3248/1773 4792/3250/1805 4793/3299/1806
f 4792/3250/1805 4824/3251/1837 4825/3300/1838
f 4824/3251/1837 4856/3252/1869 4857/3301/1870
f 4856/3252/1869 4888/3253/1901 4889/3302/1902
f 4888/3253/1901 4920/3254/1933 4921/3303/1934
f 4920/3254/1933 4952/3255/1965 4953/3304/1966
f 4952/3255/1965 4984/3256/1997 4985/3305/1998
f 4984/3256/1997 5016/3257/2028 5017/3306/2029
f 5016/3257/2028 5048/3258/2058 5049/3307/2059
f 5048/3258/2058 5080/3259/2088 5081/3308/2089
f 5080/3259/2088 5112/3260/2118 5113/3309/2119
f 5112/3260/2118 5144/3261/2148 5145/3310/2149
f 5144/3261/2148 5176/3262/2178 5177/3311/2179
f 5176/3262/2178 5208/3263/2208 5209/3312/2209
f 5208/3263/2208 5240/3264/2238 5241/3313/2239
f 5240/3264/2238 5272/3265/1773 5273/3314/1774
f 5272/3265/1773 5304/3266/1805 5305/3315/1806
f 5304/3266/1805 5336/3267/1837 5337/3316/1838
f 5336/3267/1837 5368/3268/1869 5369/3317/1870
f 5368/3268/1869 5400/3269/1901 5401/3318/1902
f 5400/3269/1901 5432/3270/1933 5433/3319/1934
f 5432/3270/1933 5464/3271/1965 5465/3320/1966
f 5464/3271/1965 5496/3272/1997 5497/3321/1998
f 5496/3272/1997 5528/3273/2028 5529/3322/2029
f 5528/3273/2028 5560/3274/2058 5561/3323/2059
f 5560/3274/2058 5592/3275/2088 5593/3324/2089
f 5592/3275/2088 5624/3276/2118 5625/3325/2119
f 5624/3276/2118 5656/3277/2148 5657/3326/2258
f 5656/3277/2148 5688/3278/2178 5689/3327/2179
f 5688/3278/2178 5720/3279/2208 5721/3328/2209
f 5720/3279/2208 5752/3280/2238 5753/3329/2239
f 5752/3280/2238 5784/3281/1773 5785/3330/1774
f 5784/3281/1773 5816/3282/1805 5817/3331/1806
f 5816/3282/1805 5848/3283/1837 5849/3332/2261
f 5848/3283/1837 5880/3284/1869 5881/3333/1870
f 5880/3284/1869 5912/3285/1901 5913/3334/1902
f 5912/3285/1901 5944/3286/1933 5945/3335/1934
f 5944/3286/1933 5976/3287/1965 5977/3336/1966
f 5976/3287/1965 6008/3288/1997 6009/3337/1998
f 6008/3288/1997 6040/3289/2028 6041/3338/2029
f 6040/3289/2028 6072/3290/2058 6073/3339/2059
f 6072/3290/2058 6104/3291/2088 6105/3340/2089
f 6104/3291/2088 6136/3292/2118 6137/3341/2119
f 6136/3292/2118 6168/3293/2148 6169/3342/2149
f 6168/3293/2148 6200/3294/2178 6201/3343/2179
f 6200/3294/2178 6232/3295/2208 6233/3344/2209
f 6232/3295/2208 6264/3296/2282 6265/3345/2283
f 4730/3249/1743 4729/3298/1742 4761/3297/1774
f 4762/3248/1775 4761/3297/1774 4793/3299/1806
f 4794/3250/1807 4793/3299/1806 4825/3300/1838
f 4826/3251/1839 4825/3300/1838 4857/3301/1870
f 4858/3252/1871 4857/3301/1870 4889/3302/1902
f 4890/3253/1903 4889/3302/1902 4921/3303/1934
f 4922/3254/1935 4921/3303/1934 4953/3304/1966
f 4954/3255/1967 4953/3304/1966 4985/3305/1998
f 4986/3256/1999 4985/3305/1998 5017/3306/2029
f 5018/3257/2030 5017/3306/2029 5049/3307/2059
f 5050/3258/2060 5049/3307/2059 5081/3308/2089
f 5082/3259/2090 5081/3308/2089 5113/3309/2119
f 5114/3260/2120 5113/3309/2119 5145/3310/2149
f 5146/3261/2150 5145/3310/2149 5177/3311/2179
f 5178/3262/2180 5177/3311/2179 5209/3312/2209
f 5210/3263/2210 5209/3312/2209 5241/3313/2239
f 5242/3264/2240 5241/3313/2239 5273/3314/1774
f 5274/3265/1775 5273/3314/1774 5305/3315/1806
f 5306/3266/1807 5305/3315/1806 5337/3316/1838
f 5338/3267/1839 5337/3316/1838 5369/3317/1870
f 5370/3268/1871 5369/3317/1870 5401/3318/1902
f 5402/3269/1903 5401/3318/1902 5433/3319/1934
f 5434/3270/1935 5433/3319/1934 5465/3320/1966
f 5466/3271/1967 5465/3320/1966 5497/3321/1998
f 5498/3272/1999 5497/3321/1998 5529/3322/2029
f 5530/3273/2030 5529/3322/2029 5561/3323/2059
f 5562/3274/2060 5561/3323/2059 5593/3324/2089
f 5594/3275/2090 5593/3324/2089 5625/3325/2119
f 5626/3276/2120 5625/3325/2119 5657/3326/2258
f 5658/3277/2150 5657/3326/2258 5689/3327/2179
f 5690/3278/2180 5689/3327/2179 5721/3328/2209
f 5722/3279/2210 5721/3328/2209 5753/3329/2239
f 5754/3280/2240 5753/3329/2239 5785/3330/1774
f 5786/3281/1775 5785/3330/1774 5817/3331/1806
f 5818/3282/1807 5817/3331/1806 5849/3332/2261
f 5850/3283/1839 5849/3332/2261 5881/3333/1870
f 5882/3284/1871 5881/3333/1870 5913/3334/1902
f 5914/3285/1903 5913/3334/1902 5945/3335/1934
f 5946/3286/1935 5945/3335/1934 5977/3336/1966
f 5978/3287/1967 5977/3336/1966 6009/3337/1998
f 6010/3288/1999 6009/3337/1998 6041/3338/2029
f 6042/3289/2030 6041/3338/2029 6073/3339/2059
f 6074/3290/2060 6073/3339/2059 6105/3340/2089
f 6106/3291/2090 6105/3340/2089 6137/3341/2119
f 6138/3292/2120 6137/3341/2119 6169/3342/2149
f 6170/3293/2150 6169/3342/2149 6201/3343/2179
f 6202/3294/2180 6201/3343/2179 6233/3344/2209
f 6234/3295/2210 6233/3344/2209 6265/3345/2283
f 4731/3200/1744 4730/3249/1743 4762/3248/1775
f 4763/3199/1776 4762/3248/1775 4794/3250/1807
f 4795/3201/1808 4794/3250/1807 4826/3251/1839
f 4827/3202/1840 4826/3251/1839 4858/3252/1871
f 4859/3203/1872 4858/3252/1871 4890/3253/1903
f 4891/3204/1904 4890/3253/1903 4922/3254/1935
f 4923/3205/1936 4922/3254/1935 4954/3255/1967
f 4955/3206/1968 4954/3255/1967 4986/3256/1999
f 4987/3207/2000 4986/3256/1999 5018/3257/2030
f 5019/3208/2031 5018/3257/2030 5050/3258/2060
f 5051/3209/2061 5050/3258/2060 5082/3259/2090
f 5083/3210/2091 5082/3259/2090 5114/3260/2120
f 5115/3211/2121 5114/3260/2120 5146/3261/2150
f 5147/3212/2151 5146/3261/2150 5178/3262/2180
f 5179/3213/2181 5178/3262/2180 5210/3263/2210
f 5211/3214/2211 5210/3263/2210 5242/3264/2240
f 5243/3215/2241 5242/3264/2240 5274/3265/1775
f 5275/3216/1776 5274/3265/1775 5306/3266/1807
f 5307/3217/1808 5306/3266/1807 5338/3267/1839
f 5339/3218/1840 5338/3267/1839 5370/3268/1871
f 5371/3219/1872 5370/3268/1871 5402/3269/1903
f 5403/3220/1904 5402/3269/1903 5434/3270/1935
f 5435/3221/1936 5434/3270/1935 5466/3271/1967
f 5467/3222/1968 5466/3271/1967 5498/3272/1999
f 5499/3223/2000 5498/3272/1999 5530/3273/2030
f 5531/3224/2031 5530/3273/2030 5562/3274/2060
f 5563/3225/2061 5562/3274/2060 5594/3275/2090
f 5595/3226/2091 5594/3275/2090 5626/3276/2120
f 5627/3227/2121 5626/3276/2120 5658/3277/2150
f 5659/3228/2151 5658/3277/2150 5690/3278/2180
f 5691/3229/2181 5690/3278/2180 5722/3279/2210
f 5723/3230/2211 5722/3279/2210 5754/3280/2240
f 5755/3231/2241 5754/3280/2240 5786/3281/1775
f 5787/3232/1776 5786/3281/1775 5818/3282/1807
f 5819/3233/1808 5818/3282/1807 5850/3283/1839
f 5851/3234/1840 5850/3283/1839 5882/3284/1871
f 5883/3235/1872 5882/3284/1871 5914/3285/1903
f 5915/3236/1904 5914/3285/1903 5946/3286/1935
f 5947/3237/1936 5946/3286/1935 5978/3287/1967
f 5979/3238/1968 5978/3287/1967 6010/3288/1999
f 6011/3239/2000 6010/3288/1999 6042/3289/2030
f 6043/3240/2031 6042/3289/2030 6074/3290/2060
f 6075/3241/2061 6074/3290/2060 6106/3291/2090
f 6107/3242/2091 6106/3291/2090 6138/3292/2120
f 6139/3243/2121 6138/3292/2120 6170/3293/2150
f 6171/3244/2151 6170/3293/2150 6202/3294/2180
f 6203/3245/2181 6202/3294/2180 6234/3295/2210
f 6235/3246/2211 6234/3295/2210 6266/3296/2284
f 4732/3151/1745 4731/3200/1744 4763/3199/1776
f 4764/3150/1777 4763/3199/1776 4795/3201/1808
f 4796/3152/1809 4795/3201/1808 4827/3202/1840
f 4828/3153/1841 4827/3202/1840 4859/3203/1872
f 4860/3154/1873 4859/3203/1872 4891/3204/1904
f 4892/3155/1905 4891/3204/1904 4923/3205/1936
f 4924/3156/1937 4923/3205/1936 4955/3206/1968
f 4956/3157/1969 4955/3206/1968 4987/3207/2000
f 4988/3158/2001 4987/3207/2000 5019/3208/2031
f 5020/3159/2032 5019/3208/2031 5051/3209/2061
f 5052/3160/2062 5051/3209/2061 5083/3210/2091
f 5084/3161/2092 5083/3210/2091 5115/3211/2121
f 5116/3162/2122 5115/3211/2121 5147/3212/2151
f 5148/3163/2152 5147/3212/2151 5179/3213/2181
f 5180/3164/2182 5179/3213/2181 5211/3214/2211
f 5212/3165/2212 5211/3214/2211 5243/3215/2241
f 5244/3166/2242 5243/3215/2241 5275/3216/1776
f 5276/3167/1777 5275/3216/1776 5307/3217/1808
f 5308/3168/1809 5307/3217/1808 5339/3218/1840
f 5340/3169/1841 5339/3218/1840 5371/3219/1872
f 5372/3170/1873 5371/3219/1872 5403/3220/1904
f 5404/3171/1905 5403/3220/1904 5435/3221/1936
f 5436/3172/1937 5435/3221/1936 5467/3222/1968
f 5468/3173/1969 5467/3222/1968 5499/3223/2000
f 5500/3174/2001 5499/3223/2000 5531/3224/2031
f 5532/3175/2032 5531/3224/2031 5563/3225/2061
f 5564/3176/2062 5563/3225/2061 5595/3226/2091
f 5596/3177/2092 5595/3226/2091 5627/3227/2121
f 5628/3178/2122 5627/3227/2121 5659/3228/2151
f 5660/3179/2152 5659/3228/2151 5691/3229/2181
f 5692/3180/2182 5691/3229/2181 5723/3230/2211
f 5724/3181/2212 5723/3230/2211 5755/3231/2241
f 5756/3182/2242 5755/3231/2241 5787/3232/1776
f 5788/3183/1777 5787/3232/1776 5819/3233/1808
f 5820/3184/1809 5819/3233/1808 5851/3234/1840
f 5852/3185/1841 5851/3234/1840 5883/3235/1872
f 5884/3186/1873 5883/3235/1872 5915/3236/1904
f 5916/3187/1905 5915/3236/1904 5947/3237/1936
f 5948/3188/1937 5947/3237/1936 5979/3238/1968
f 5980/3189/1969 5979/3238/1968 6011/3239/2000
f 6012/3190/2001 6011/3239/2000 6043/3240/2031
f 6044/3191/2032 6043/3240/2031 6075/3241/2061
f 6076/3192/2062 6075/3241/2061 6107/3242/2091
f 6108/3193/2092 6107/3242/2091 6139/3243/2121
f 6140/3194/2122 6139/3243/2121 6171/3244/2151
f 6172/3195/2152 6171/3244/2151 6203/3245/2181
f 6204/3196/2182 6203/3245/2181 6235/3246/2211
f 6236/3197/2212 6235/3246/2211 6267/3247/2285
f 4733/3102/1746 4732/3151/1745 4764/3150/1777
f 4765/3101/1778 4764/3150/1777 4796/3152/1809
f 4797/3103/1810 4796/3152/1809 4828/3153/1841
f 4829/3104/1842 4828/3153/1841 4860/3154/1873
f 4861/3105/1874 4860/3154/1873 4892/3155/1905
f 4893/3106/1906 4892/3155/1905 4924/3156/1937
f 4925/3107/1938 4924/3156/1937 4956/3157/1969
f 4957/3108/1970 4956/3157/1969 4988/3158/2001
f 4989/3109/2002 4988/3158/2001 5020/3159/2032
f 5021/3110/2033 5020/3159/2032 5052/3160/2062
f 5053/3111/2063 5052/3160/2062 5084/3161/2092
f 5085/3112/2093 5084/3161/2092 5116/3162/2122
f 5117/3113/2123 5116/3162/2122 5148/3163/2152
f 5149/3114/2153 5148/3163/2152 5180/3164/2182
f 5181/3115/2183 5180/3164/2182 5212/3165/2212
f 5213/3116/2213 5212/3165/2212 5244/3166/2242
f 5245/3117/2243 5244/3166/2242 5276/3167/1777
f 5277/3118/1778 5276/3167/1777 5308/3168/1809
f 5309/3119/1810 5308/3168/1809 5340/3169/1841
f 5341/3120/1842 5340/3169/1841 5372/3170/1873
f 5373/3121/1874 5372/3170/1873 5404/3171/1905
f 5405/3122/1906 5404/3171/1905 5436/3172/1937
f 5437/3123/1938 5436/3172/1937 5468/3173/1969
f 5469/3124/1970 5468/3173/1969 5500/3174/2001
f 5501/3125/2002 5500/3174/2001 5532/3175/2032
f 5533/3126/2033 5532/3175/2032 5564/3176/2062
f 5565/3127/2063 5564/3176/2062 5596/3177/2092
f 5597/3128/2093 5596/3177/2092 5628/3178/2122
f 5629/3129/2123 5628/3178/2122 5660/3179/2152
f 5661/3130/2153 5660/3179/2152 5692/3180/2182
f 5693/3131/2183 5692/3180/2182 5724/3181/2212
f 5725/3132/2213 5724/3181/2212 5756/3182/2242
f 5757/3133/2243 5756/3182/2242 5788/3183/1777
f 5789/3134/1778 5788/3183/1777 5820/3184/1809
f 5821/3135/1810 5820/3184/1809 5852/3185/1841
f 5853/3136/1842 5852/3185/1841 5884/3186/1873
f 5885/3137/1874 5884/3186/1873 5916/3187/1905
f 5917/3138/1906 5916/3187/1905 5948/3188/1937
f 5949/3139/1938 5948/3188/1937 5980/3189/1969
f 5981/3140/1970 5980/3189/1969 6012/3190/2001
f 6013/3141/2002 6012/3190/2001 6044/3191/2032
f 6045/3142/2033 6044/3191/2032 6076/3192/2062
f 6077/3143/2063 6076/3192/2062 6108/3193/2092
f 6109/3144/2093 6108/3193/2092 6140/3194/2122
f 6141/3145/2123 6140/3194/2122 6172/3195/2152
f 6173/3146/2153 6172/3195/2152 6204/3196/2182
f 6205/3147/2183 6204/3196/2182 6236/3197/2212
f 6237/3148/2213 6236/3197/2212 6268/3198/2286
f 4734/3053/1747 4733/3102/1746 4765/3101/1778
f 4766/3052/1779 4765/3101/1778 4797/3103/1810
f 4798/3054/1811 4797/3103/1810 4829/3104/1842
f 4830/3055/1843 4829/3104/1842 4861/3105/1874
f 4862/3056/1875 4861/3105/1874 4893/3106/1906
f 4894/3057/1907 4893/3106/1906 4925/3107/1938
f 4926/3058/1939 4925/3107/1938 4957/3108/1970
f 4958/3059/1971 4957/3108/1970 4989/3109/2002
f 4990/3060/2003 4989/3109/2002 5021/3110/2033
f 5022/3061/2034 5021/3110/2033 5053/3111/2063
f 5054/3062/2064 5053/3111/2063 5085/3112/2093
f 5086/3063/2094 5085/3112/2093 5117/3113/2123
f 5118/3064/2124 5117/3113/2123 5149/3114/2153
f 5150/3065/2154 5149/3114/2153 5181/3115/2183
f 5182/3066/2184 5181/3115/2183 5213/3116/2213
f 5214/3067/2214 5213/3116/2213 5245/3117/2243
f 5246/3068/2244 5245/3117/2243 5277/3118/1778
f 5278/3069/1779 5277/3118/1778 5309/3119/1810
f 5310/3070/1811 5309/3119/1810 5341/3120/1842
f 5342/3071/1843 5341/3120/1842 5373/3121/1874
f 5374/3072/1875 5373/3121/1874 5405/3122/1906
f 5406/3073/1907 5405/3122/1906 5437/3123/1938
f 5438/3074/1939 5437/3123/1938 5469/3124/1970
f 5470/3075/1971 5469/3124/1970 5501/3125/2002
f 5502/3076/2003 5501/3125/2002 5533/3126/2033
f 5534/3077/2034 5533/3126/2033 5565/3127/2063
f 5566/3078/2064 5565/3127/2063 5597/3128/2093
f 5598/3079/2094 5597/3128/2093 5629/3129/2123
f 5630/3080/2124 5629/3129/2123 5661/3130/2153
f 5662/3081/2154 5661/3130/2153 5693/3131/2183
f 5694/3082/2184 5693/3131/2183 5725/3132/2213
f 5726/3083/2214 5725/3132/2213 5757/3133/2243
f 5758/3084/2244 5757/3133/2243 5789/3134/1778
f 5790/3085/1779 5789/3134/1778 5821/3135/1810
f 5822/3086/1811 5821/3135/1810 5853/3136/1842
f 5854/3087/1843 5853/3136/1842 5885/3137/1874
f 5886/3088/1875 5885/3137/1874 5917/3138/1906
f 5918/3089/1907 5917/3138/1906 5949/3139/1938
f 5950/3090/1939 5949/3139/1938 5981/3140/1970
f 5982/3091/1971 5981/3140/1970 6013/3141/2002
f 6014/3092/2003 6013/3141/2002 6045/3142/2033
f 6046/3093/2034 6045/3142/2033 6077/3143/2063
f 6078/3094/2064 6077/3143/2063 6109/3144/2093
f 6110/3095/2094 6109/3144/2093 6141/3145/2123
f 6142/3096/2124 6141/3145/2123 6173/3146/2153
f 6174/3097/2154 6173/3146/2153 6205/3147/2183
f 6206/3098/2184 6205/3147/2183 6237/3148/2213
f 6238/3099/2214 6237/3148/2213 6269/3149/2287
f 4735/3004/1748 4734/3053/1747 4766/3052/1779
f 4767/3003/1780 4766/3052/1779 4798/3054/1811
f 4799/3005/1812 4798/3054/1811 4830/3055/1843
f 4831/3006/1844 4830/3055/1843 4862/3056/1875
f 4863/3007/1876 4862/3056/1875 4894/3057/1907
f 4895/3008/1908 4894/3057/1907 4926/3058/1939
f 4927/3009/1940 4926/3058/1939 4958/3059/1971
f 4959/3010/1972 4958/3059/1971 4990/3060/2003
f 4991/3011/2004 4990/3060/2003 5022/3061/2034
f 5023/3012/2035 5022/3061/2034 5054/3062/2064
f 5055/3013/2065 5054/3062/2064 5086/3063/2094
f 5087/3014/2095 5086/3063/2094 5118/3064/2124
f 5119/3015/2125 5118/3064/2124 5150/3065/2154
f 5151/3016/2155 5150/3065/2154 5182/3066/2184
f 5183/3017/2185 5182/3066/2184 5214/3067/2214
f 5215/3018/2215 5214/3067/2214 5246/3068/2244
f 5247/3019/2245 5246/3068/2244 5278/3069/1779
f 5279/3020/1780 5278/3069/1779 5310/3070/1811
f 5311/3021/1812 5310/3070/1811 5342/3071/1843
f 5343/3022/1844 5342/3071/1843 5374/3072/1875
f 5375/3023/1876 5374/3072/1875 5406/3073/1907
f 5407/3024/1908 5406/3073/1907 5438/3074/1939
f 5439/3025/1940 5438/3074/1939 5470/3075/1971
f 5471/3026/1972 5470/3075/1971 5502/3076/2003
f 5503/3027/2004 5502/3076/2003 5534/3077/2034
f 5535/3028/2035 5534/3077/2034 5566/3078/2064
f 5567/3029/2065 5566/3078/2064 5598/3079/2094
f 5599/3030/2095 5598/3079/2094 5630/3080/2124
f 5631/3031/2125 5630/3080/2124 5662/3081/2154
f 5663/3032/2155 5662/3081/2154 5694/3082/2184
f 5695/3033/2185 5694/3082/2184 5726/3083/2214
f 5727/3034/2215 5726/3083/2214 5758/3084/2244
f 5759/3035/2245 5758/3084/2244 5790/3085/1779
f 5791/3036/1780 5790/3085/1779 5822/3086/1811
f 5823/3037/1812 5822/3086/1811 5854/3087/1843
f 5855/3038/1844 5854/3087/1843 5886/3088/1875
f 5887/3039/1876 5886/3088/1875 5918/3089/1907
f 5919/3040/1908 5918/3089/1907 5950/3090/1939
f 5951/3041/1940 5950/3090/1939 5982/3091/1971
f 5983/3042/1972 5982/3091/1971 6014/3092/2003
f 6015/3043/2004 6014/3092/2003 6046/3093/2034
f 6047/3044/2035 6046/3093/2034 6078/3094/2064
f 6079/3045/2065 6078/3094/2064 6110/3095/2094
f 6111/3046/2095 6110/3095/2094 6142/3096/2124
f 6143/3047/2125 6142/3096/2124 6174/3097/2154
f 6175/3048/2155 6174/3097/2154 6206/3098/2184
f 6207/3049/2185 6206/3098/2184 6238/3099/2214
f 6239/3050/2215 6238/3099/2214 6270/3100/2288
f 4736/2955/1749 4735/3004/1748 4767/3003/1780
f 4768/2954/1781 4767/3003/1780 4799/3005/1812
f 4800/2956/1813 4799/3005/1812 4831/3006/1844
f 4832/2957/1845 4831/3006/1844 4863/3007/1876
f 4864/2958/1877 4863/3007/1876 4895/3008/1908
f 4896/2959/1909 4895/3008/1908 4927/3009/1940
f 4928/2960/1941 4927/3009/1940 4959/3010/1972
f 4960/2961/1973 4959/3010/1972 4991/3011/2004
f 4992/2962/2005 4991/3011/2004 5023/3012/2035
f 5024/2963/2036 5023/3012/2035 5055/3013/2065
f 5056/2964/2066 5055/3013/2065 5087/3014/2095
f 5088/2965/2096 5087/3014/2095 5119/3015/2125
f 5120/2966/2126 5119/3015/2125 5151/3016/2155
f 5152/2967/2156 5151/3016/2155 5183/3017/2185
f 5184/2968/2186 5183/3017/2185 5215/3018/2215
f 5216/2969/2216 5215/3018/2215 5247/3019/2245
f 5248/2970/2246 5247/3019/2245 5279/3020/1780
f 5280/2971/1781 5279/3020/1780 5311/3021/1812
f 5312/2972/1813 5311/3021/1812 5343/3022/1844
f 5344/2973/1845 5343/3022/1844 5375/3023/1876
f 5376/2974/2254 5375/3023/1876 5407/3024/1908
f 5408/2975/1909 5407/3024/1908 5439/3025/1940
f 5440/2976/1941 5439/3025/1940 5471/3026/1972
f 5472/2977/1973 5471/3026/1972 5503/3027/2004
f 5504/2978/2005 5503/3027/2004 5535/3028/2035
f 5536/2979/2036 5535/3028/2035 5567/3029/2065
f 5568/2980/2066 5567/3029/2065 5599/3030/2095
f 5600/2981/2096 5599/3030/2095 5631/3031/2125
f 5632/2982/2126 5631/3031/2125 5663/3032/2155
f 5664/2983/2156 5663/3032/2155 5695/3033/2185
f 5696/2984/2186 5695/3033/2185 5727/3034/2215
f 5728/2985/2216 5727/3034/2215 5759/3035/2245
f 5760/2986/2246 5759/3035/2245 5791/3036/1780
f 5792/2987/1781 5791/3036/1780 5823/3037/1812
f 5824/2988/1813 5823/3037/1812 5855/3038/1844
f 5856/2989/1845 5855/3038/1844 5887/3039/1876
f 5888/2990/1877 5887/3039/1876 5919/3040/1908
f 5920/2991/1909 5919/3040/1908 5951/3041/1940
f 5952/2992/1941 5951/3041/1940 5983/3042/1972
f 5984/2993/1973 5983/3042/1972 6015/3043/2004
f 6016/2994/2262 6015/3043/2004 6047/3044/2035
f 6048/2995/2036 6047/3044/2035 6079/3045/2065
f 6080/2996/2066 6079/3045/2065 6111/3046/2095
f 6112/2997/2096 6111/3046/2095 6143/3047/2125
f 6144/2998/2126 6143/3047/2125 6175/3048/2155
f 6176/2999/2156 6175/3048/2155 6207/3049/2185
f 6208/3000/2186 6207/3049/2185 6239/3050/2215
f 6240/3001/2216 6239/3050/2215 6271/3051/2289
f 4737/2906/1750 4736/2955/1749 4768/2954/1781
f 4769/2905/1782 4768/2954/1781 4800/2956/1813
f 4801/2907/1814 4800/2956/1813 4832/2957/1845
f 4833/2908/1846 4832/2957/1845 4864/2958/1877
f 4865/2909/1878 4864/2958/1877 4896/2959/1909
f 4897/2910/1910 4896/2959/1909 4928/2960/1941
f 4929/2911/1942 4928/2960/1941 4960/2961/1973
f 4961/2912/1974 4960/2961/1973 4992/2962/2005
f 4993/2913/2006 4992/2962/2005 5024/2963/2036
f 5025/2914/1766 5024/2963/2036 5056/2964/2066
f 5057/2915/1798 5056/2964/2066 5088/2965/2096
f 5089/2916/1830 5088/2965/2096 5120/2966/2126
f 5121/2917/1862 5120/2966/2126 5152/2967/2156
f 5153/2918/1894 5152/2967/2156 5184/2968/2186
f 5185/2919/1926 5184/2968/2186 5216/2969/2216
f 5217/2920/1958 5216/2969/2216 5248/2970/2246
f 5249/2921/1990 5248/2970/2246 5280/2971/1781
f 5281/2922/1782 5280/2971/1781 5312/2972/1813
f 5313/2923/1814 5312/2972/1813 5344/2973/1845
f 5345/2924/1846 5344/2973/1845 5376/2974/2254
f 5377/2925/1878 5376/2974/2254 5408/2975/1909
f 5409/2926/1910 5408/2975/1909 5440/2976/1941
f 5441/2927/1942 5440/2976/1941 5472/2977/1973
f 5473/2928/1974 5472/2977/1973 5504/2978/2005
f 5505/2929/2006 5504/2978/2005 5536/2979/2036
f 5537/2930/1766 5536/2979/2036 5568/2980/2066
f 5569/2931/1798 5568/2980/2066 5600/2981/2096
f 5601/2932/1830 5600/2981/2096 5632/2982/2126
f 5633/2933/1862 5632/2982/2126 5664/2983/2156
f 5665/2934/1894 5664/2983/2156 5696/2984/2186
f 5697/2935/1926 5696/2984/2186 5728/2985/2216
f 5729/2936/1958 5728/2985/2216 5760/2986/2246
f 5761/2937/1990 5760/2986/2246 5792/2987/1781
f 5793/2938/1782 5792/2987/1781 5824/2988/1813
f 5825/2939/1814 5824/2988/1813 5856/2989/1845
f 5857/2940/1846 5856/2989/1845 5888/2990/1877
f 5889/2941/1878 5888/2990/1877 5920/2991/1909
f 5921/2942/1910 5920/2991/1909 5952/2992/1941
f 5953/2943/1942 5952/2992/1941 5984/2993/1973
f 5985/2944/1974 5984/2993/1973 6016/2994/2262
f 6017/2945/2006 6016/2994/2262 6048/2995/2036
f 6049/2946/1766 6048/2995/2036 6080/2996/2066
f 6081/2947/1798 6080/2996/2066 6112/2997/2096
f 6113/2948/1830 6112/2997/2096 6144/2998/2126
f 6145/2949/1862 6144/2998/2126 6176/2999/2156
f 6177/2950/1894 6176/2999/2156 6208/3000/2186
f 6209/2951/1926 6208/3000/2186 6240/3001/2216
f 6241/2952/1958 6240/3001/2216 6272/3002/2290
f 4738/2857/1751 4737/2906/1750 4769/2905/1782
f 4770/2856/1783 4769/2905/1782 4801/2907/1814
f 4802/2858/1815 4801/2907/1814 4833/2908/1846
f 4834/2859/1847 4833/2908/1846 4865/2909/1878
f 4866/2860/1879 4865/2909/1878 4897/2910/1910
f 4898/2861/1911 4897/2910/1910 4929/2911/1942
f 4930/2862/1943 4929/2911/1942 4961/2912/1974
f 4962/2863/1975 4961/2912/1974 4993/2913/2006
f 4994/2864/2007 4993/2913/2006 5025/2914/1766
f 5026/2865/2037 5025/2914/1766 5057/2915/1798
f 5058/2866/2067 5057/2915/1798 5089/2916/1830
f 5090/2867/2097 5089/2916/1830 5121/2917/1862
f 5122/2868/2127 5121/2917/1862 5153/2918/1894
f 5154/2869/2157 5153/2918/1894 5185/2919/1926
f 5186/2870/2187 5185/2919/1926 5217/2920/1958
f 5218/2871/2217 5217/2920/1958 5249/2921/1990
f 5250/2872/2247 5249/2921/1990 5281/2922/1782
f 5282/2873/1783 5281/2922/1782 5313/2923/1814
f 5314/2874/1815 5313/2923/1814 5345/2924/1846
f 5346/2875/1847 5345/2924/1846 5377/2925/1878
f 5378/2876/2255 5377/2925/1878 5409/2926/1910
f 5410/2877/1911 5409/2926/1910 5441/2927/1942
f 5442/2878/1943 5441/2927/1942 5473/2928/1974
f 5474/2879/1975 5473/2928/1974 5505/2929/2006
f 5506/2880/2256 5505/2929/2006 5537/2930/1766
f 5538/2881/2037 5537/2930/1766 5569/2931/1798
f 5570/2882/2067 5569/2931/1798 5601/2932/1830
f 5602/2883/2097 5601/2932/1830 5633/2933/1862
f 5634/2884/2127 5633/2933/1862 5665/2934/1894
f 5666/2885/2157 5665/2934/1894 5697/2935/1926
f 5698/2886/2187 5697/2935/1926 5729/2936/1958
f 5730/2887/2217 5729/2936/1958 5761/2937/1990
f 5762/2888/2259 5761/2937/1990 5793/2938/1782
f 5794/2889/1783 5793/2938/1782 5825/2939/1814
f 5826/2890/1815 5825/2939/1814 5857/2940/1846
f 5858/2891/1847 5857/2940/1846 5889/2941/1878
f 5890/2892/2255 5889/2941/1878 5921/2942/1910
f 5922/2893/1911 5921/2942/1910 5953/2943/1942
f 5954/2894/1943 5953/2943/1942 5985/2944/1974
f 5986/2895/1975 5985/2944/1974 6017/2945/2006
f 6018/2896/2007 6017/2945/2006 6049/2946/1766
f 6050/2897/2037 6049/2946/1766 6081/2947/1798
f 6082/2898/2067 6081/2947/1798 6113/2948/1830
f 6114/2899/2097 6113/2948/1830 6145/2949/1862
f 6146/2900/2265 6145/2949/1862 6177/2950/1894
f 6178/2901/2157 6177/2950/1894 6209/2951/1926
f 6210/2902/2187 6209/2951/1926 6241/2952/1958
f 6242/2903/2217 6241/2952/1958 6273/2953/2291
f 4739/2808/1752 4738/2857/1751 4770/2856/1783
f 4771/2807/1784 4770/2856/1783 4802/2858/1815
f 4803/2809/1816 4802/2858/1815 4834/2859/1847
f 4835/2810/1848 4834/2859/1847 4866/2860/1879
f 4867/2811/1880 4866/2860/1879 4898/2861/1911
f 4899/2812/1912 4898/2861/1911 4930/2862/1943
f 4931/2813/1944 4930/2862/1943 4962/2863/1975
f 4963/2814/1976 4962/2863/1975 4994/2864/2007
f 4995/2815/2008 4994/2864/2007 5026/2865/2037
f 5027/2816/2038 5026/2865/2037 5058/2866/2067
f 5059/2817/2068 5058/2866/2067 5090/2867/2097
f 5091/2818/2098 5090/2867/2097 5122/2868/2127
f 5123/2819/2128 5122/2868/2127 5154/2869/2157
f 5155/2820/2158 5154/2869/2157 5186/2870/2187
f 5187/2821/2188 5186/2870/2187 5218/2871/2217
f 5219/2822/2218 5218/2871/2217 5250/2872/2247
f 5251/2823/2248 5250/2872/2247 5282/2873/1783
f 5283/2824/1784 5282/2873/1783 5314/2874/1815
f 5315/2825/1816 5314/2874/1815 5346/2875/1847
f 5347/2826/1848 5346/2875/1847 5378/2876/2255
f 5379/2827/1880 5378/2876/2255 5410/2877/1911
f 5411/2828/1912 5410/2877/1911 5442/2878/1943
f 5443/2829/1944 5442/2878/1943 5474/2879/1975
f 5475/2830/1976 5474/2879/1975 5506/2880/2256
f 5507/2831/2008 5506/2880/2256 5538/2881/2037
f 5539/2832/2038 5538/2881/2037 5570/2882/2067
f 5571/2833/2068 5570/2882/2067 5602/2883/2097
f 5603/2834/2098 5602/2883/2097 5634/2884/2127
f 5635/2835/2128 5634/2884/2127 5666/2885/2157
f 5667/2836/2158 5666/2885/2157 5698/2886/2187
f 5699/2837/2188 5698/2886/2187 5730/2887/2217
f 5731/2838/2218 5730/2887/2217 5762/2888/2259
f 5763/2839/2248 5762/2888/2259 5794/2889/1783
f 5795/2840/1784 5794/2889/1783 5826/2890/1815
f 5827/2841/1816 5826/2890/1815 5858/2891/1847
f 5859/2842/1848 5858/2891/1847 5890/2892/2255
f 5891/2843/1880 5890/2892/2255 5922/2893/1911
f 5923/2844/1912 5922/2893/1911 5954/2894/1943
f 5955/2845/1944 5954/2894/1943 5986/2895/1975
f 5987/2846/1976 5986/2895/1975 6018/2896/2007
f 6019/2847/2008 6018/2896/2007 6050/2897/2037
f 6051/2848/2038 6050/2897/2037 6082/2898/2067
f 6083/2849/2068 6082/2898/2067 6114/2899/2097
f 6115/2850/2098 6114/2899/2097 6146/2900/2265
f 6147/2851/2128 6146/2900/2265 6178/2901/2157
f 6179/2852/2158 6178/2901/2157 6210/2902/2187
f 6211/2853/2188 6210/2902/2187 6242/2903/2217
f 6243/2854/2218 6242/2903/2217 6274/2904/2292
f 4740/2759/1753 4739/2808/1752 4771/2807/1784
f 4772/2758/1785 4771/2807/1784 4803/2809/1816
f 4804/2760/1817 4803/2809/1816 4835/2810/1848
f 4836/2761/1849 4835/2810/1848 4867/2811/1880
f 4868/2762/1881 4867/2811/1880 4899/2812/1912
f 4900/2763/1913 4899/2812/1912 4931/2813/1944
f 4932/2764/1945 4931/2813/1944 4963/2814/1976
f 4964/2765/1977 4963/2814/1976 4995/2815/2008
f 4996/2766/2009 4995/2815/2008 5027/2816/2038
f 5028/2767/2039 5027/2816/2038 5059/2817/2068
f 5060/2768/2069 5059/2817/2068 5091/2818/2098
f 5092/2769/2099 5091/2818/2098 5123/2819/2128
f 5124/2770/2129 5123/2819/2128 5155/2820/2158
f 5156/2771/2159 5155/2820/2158 5187/2821/2188
f 5188/2772/2189 5187/2821/2188 5219/2822/2218
f 5220/2773/2219 5219/2822/2218 5251/2823/2248
f 5252/2774/2249 5251/2823/2248 5283/2824/1784
f 5284/2775/1785 5283/2824/1784 5315/2825/1816
f 5316/2776/1817 5315/2825/1816 5347/2826/1848
f 5348/2777/1849 5347/2826/1848 5379/2827/1880
f 5380/2778/1881 5379/2827/1880 5411/2828/1912
f 5412/2779/1913 5411/2828/1912 5443/2829/1944
f 5444/2780/1945 5443/2829/1944 5475/2830/1976
f 5476/2781/1977 5475/2830/1976 5507/2831/2008
f 5508/2782/2009 5507/2831/2008 5539/2832/2038
f 5540/2783/2039 5539/2832/2038 5571/2833/2068
f 5572/2784/2069 5571/2833/2068 5603/2834/2098
f 5604/2785/2099 5603/2834/2098 5635/2835/2128
f 5636/2786/2129 5635/2835/2128 5667/2836/2158
f 5668/2787/2159 5667/2836/2158 5699/2837/2188
f 5700/2788/2189 5699/2837/2188 5731/2838/2218
f 5732/2789/2219 5731/2838/2218 5763/2839/2248
f 5764/2790/2249 5763/2839/2248 5795/2840/1784
f 5796/2791/1785 5795/2840/1784 5827/2841/1816
f 5828/2792/1817 5827/2841/1816 5859/2842/1848
f 5860/2793/1849 5859/2842/1848 5891/2843/1880
f 5892/2794/1881 5891/2843/1880 5923/2844/1912
f 5924/2795/1913 5923/2844/1912 5955/2845/1944
f 5956/2796/1945 5955/2845/1944 5987/2846/1976
f 5988/2797/1977 5987/2846/1976 6019/2847/2008
f 6020/2798/2009 6019/2847/2008 6051/2848/2038
f 6052/2799/2039 6051/2848/2038 6083/2849/2068
f 6084/2800/2069 6083/2849/2068 6115/2850/2098
f 6116/2801/2099 6115/2850/2098 6147/2851/2128
f 6148/2802/2129 6147/2851/2128 6179/2852/2158
f 6180/2803/2159 6179/2852/2158 6211/2853/2188
f 6212/2804/2189 6211/2853/2188 6243/2854/2218
f 6244/2805/2219 6243/2854/2218 6275/2855/2293
f 4741/2710/1754 4740/2759/1753 4772/2758/1785
f 4773/2709/1786 4772/2758/1785 4804/2760/1817
f 4805/2711/1818 4804/2760/1817 4836/2761/1849
f 4837/2712/1850 4836/2761/1849 4868/2762/1881
f 4869/2713/1882 4868/2762/1881 4900/2763/1913
f 4901/2714/1914 4900/2763/1913 4932/2764/1945
f 4933/2715/1946 4932/2764/1945 4964/2765/1977
f 4965/2716/1978 4964/2765/1977 4996/2766/2009
f 4997/2717/2010 4996/2766/2009 5028/2767/2039
f 5029/2718/2040 5028/2767/2039 5060/2768/2069
f 5061/2719/2070 5060/2768/2069 5092/2769/2099
f 5093/2720/2100 5092/2769/2099 5124/2770/2129
f 5125/2721/2130 5124/2770/2129 5156/2771/2159
f 5157/2722/2160 5156/2771/2159 5188/2772/2189
f 5189/2723/2190 5188/2772/2189 5220/2773/2219
f 5221/2724/2220 5220/2773/2219 5252/2774/2249
f 5253/2725/2250 5252/2774/2249 5284/2775/1785
f 5285/2726/1786 5284/2775/1785 5316/2776/1817
f 5317/2727/1818 5316/2776/1817 5348/2777/1849
f 5349/2728/1850 5348/2777/1849 5380/2778/1881
f 5381/2729/1882 5380/2778/1881 5412/2779/1913
f 5413/2730/1914 5412/2779/1913 5444/2780/1945
f 5445/2731/1946 5444/2780/1945 5476/2781/1977
f 5477/2732/1978 5476/2781/1977 5508/2782/2009
f 5509/2733/2010 5508/2782/2009 5540/2783/2039
f 5541/2734/2040 5540/2783/2039 5572/2784/2069
f 5573/2735/2070 5572/2784/2069 5604/2785/2099
f 5605/2736/2100 5604/2785/2099 5636/2786/2129
f 5637/2737/2130 5636/2786/2129 5668/2787/2159
f 5669/2738/2160 5668/2787/2159 5700/2788/2189
f 5701/2739/2190 5700/2788/2189 5732/2789/2219
f 5733/2740/2220 5732/2789/2219 5764/2790/2249
f 5765/2741/2250 5764/2790/2249 5796/2791/1785
f 5797/2742/1786 5796/2791/1785 5828/2792/1817
f 5829/2743/1818 5828/2792/1817 5860/2793/1849
f 5861/2744/1850 5860/2793/1849 5892/2794/1881
f 5893/2745/1882 5892/2794/1881 5924/2795/1913
f 5925/2746/1914 5924/2795/1913 5956/2796/1945
f 5957/2747/1946 5956/2796/1945 5988/2797/1977
f 5989/2748/1978 5988/2797/1977 6020/2798/2009
f 6021/2749/2010 6020/2798/2009 6052/2799/2039
f 6053/2750/2040 6052/2799/2039 6084/2800/2069
f 6085/2751/2070 6084/2800/2069 6116/2801/2099
f 6117/2752/2100 6116/2801/2099 6148/2802/2129
f 6149/2753/2130 6148/2802/2129 6180/2803/2159
f 6181/2754/2160 6180/2803/2159 6212/2804/2189
f 6213/2755/2190 6212/2804/2189 6244/2805/2219
f 6245/2756/2220 6244/2805/2219 6276/2806/2294
f 4742/2661/1755 4741/2710/1754 4773/2709/1786
f 4774/2660/1787 4773/2709/1786 4805/2711/1818
f 4806/2662/1819 4805/2711/1818 4837/2712/1850
f 4838/2663/1851 4837/2712/1850 4869/2713/1882
f 4870/2664/1883 4869/2713/1882 4901/2714/1914
f 4902/2665/1915 4901/2714/1914 4933/2715/1946
f 4934/2666/1947 4933/2715/1946 4965/2716/1978
f 4966/2667/1979 4965/2716/1978 4997/2717/2010
f 4998/2668/2011 4997/2717/2010 5029/2718/2040
f 5030/2669/2041 5029/2718/2040 5061/2719/2070
f 5062/2670/2071 5061/2719/2070 5093/2720/2100
f 5094/2671/2101 5093/2720/2100 5125/2721/2130
f 5126/2672/2131 5125/2721/2130 5157/2722/2160
f 5158/2673/2161 5157/2722/2160 5189/2723/2190
f 5190/2674/2191 5189/2723/2190 5221/2724/2220
f 5222/2675/2221 5221/2724/2220 5253/2725/2250
f 5254/2676/2251 5253/2725/2250 5285/2726/1786
f 5286/2677/1787 5285/2726/1786 5317/2727/1818
f 5318/2678/1819 5317/2727/1818 5349/2728/1850
f 5350/2679/1851 5349/2728/1850 5381/2729/1882
f 5382/2680/1883 5381/2729/1882 5413/2730/1914
f 5414/2681/1915 5413/2730/1914 5445/2731/1946
f 5446/2682/1947 5445/2731/1946 5477/2732/1978
f 5478/2683/1979 5477/2732/1978 5509/2733/2010
f 5510/2684/2011 5509/2733/2010 5541/2734/2040
f 5542/2685/2041 5541/2734/2040 5573/2735/2070
f 5574/2686/2071 5573/2735/2070 5605/2736/2100
f 5606/2687/2101 5605/2736/2100 5637/2737/2130
f 5638/2688/2131 5637/2737/2130 5669/2738/2160
f 5670/2689/2161 5669/2738/2160 5701/2739/2190
f 5702/2690/2191 5701/2739/2190 5733/2740/2220
f 5734/2691/2221 5733/2740/2220 5765/2741/2250
f 5766/2692/2251 5765/2741/2250 5797/2742/1786
f 5798/2693/1787 5797/2742/1786 5829/2743/1818
f 5830/2694/1819 5829/2743/1818 5861/2744/1850
f 5862/2695/1851 5861/2744/1850 5893/2745/1882
f 5894/2696/1883 5893/2745/1882 5925/2746/1914
f 5926/2697/1915 5925/2746/1914 5957/2747/1946
f 5958/2698/1947 5957/2747/1946 5989/2748/1978
f 5990/2699/1979 5989/2748/1978 6021/2749/2010
f 6022/2700/2011 6021/2749/2010 6053/2750/2040
f 6054/2701/2041 6053/2750/2040 6085/2751/2070
f 6086/2702/2071 6085/2751/2070 6117/2752/2100
f 6118/2703/2101 6117/2752/2100 6149/2753/2130
f 6150/2704/2131 6149/2753/2130 6181/2754/2160
f 6182/2705/2161 6181/2754/2160 6213/2755/2190
f 6214/2706/2191 6213/2755/2190 6245/2756/2220
f 6246/2707/2221 6245/2756/2220 6277/2757/2295
f 4743/2612/1756 4742/2661/1755 4774/2660/1787
f 4775/2611/1788 4774/2660/1787 4806/2662/1819
f 4807/2613/1820 4806/2662/1819 4838/2663/1851
f 4839/2614/1852 4838/2663/1851 4870/2664/1883
f 4871/2615/1884 4870/2664/1883 4902/2665/1915
f 4903/2616/1916 4902/2665/1915 4934/2666/1947
f 4935/2617/1948 4934/2666/1947 4966/2667/1979
f 4967/2618/1980 4966/2667/1979 4998/2668/2011
f 4999/2619/2012 4998/2668/2011 5030/2669/2041
f 5031/2620/2042 5030/2669/2041 5062/2670/2071
f 5063/2621/2072 5062/2670/2071 5094/2671/2101
f 5095/2622/2102 5094/2671/2101 5126/2672/2131
f 5127/2623/2132 5126/2672/2131 5158/2673/2161
f 5159/2624/2162 5158/2673/2161 5190/2674/2191
f 5191/2625/2192 5190/2674/2191 5222/2675/2221
f 5223/2626/2222 5222/2675/2221 5254/2676/2251
f 5255/2627/2252 5254/2676/2251 5286/2677/1787
f 5287/2628/1788 5286/2677/1787 5318/2678/1819
f 5319/2629/1820 5318/2678/1819 5350/2679/1851
f 5351/2630/1852 5350/2679/1851 5382/2680/1883
f 5383/2631/1884 5382/2680/1883 5414/2681/1915
f 5415/2632/1916 5414/2681/1915 5446/2682/1947
f 5447/2633/1948 5446/2682/1947 5478/2683/1979
f 5479/2634/1980 5478/2683/1979 5510/2684/2011
f 5511/2635/2012 5510/2684/2011 5542/2685/2041
f 5543/2636/2042 5542/2685/2041 5574/2686/2071
f 5575/2637/2072 5574/2686/2071 5606/2687/2101
f 5607/2638/2102 5606/2687/2101 5638/2688/2131
f 5639/2639/2132 5638/2688/2131 5670/2689/2161
f 5671/2640/2162 5670/2689/2161 5702/2690/2191
f 5703/2641/2192 5702/2690/2191 5734/2691/2221
f 5735/2642/2222 5734/2691/2221 5766/2692/2251
f 5767/2643/2252 5766/2692/2251 5798/2693/1787
f 5799/2644/1788 5798/2693/1787 5830/2694/1819
f 5831/2645/1820 5830/2694/1819 5862/2695/1851
f 5863/2646/1852 5862/2695/1851 5894/2696/1883
f 5895/2647/1884 5894/2696/1883 5926/2697/1915
f 5927/2648/1916 5926/2697/1915 5958/2698/1947
f 5959/2649/1948 5958/2698/1947 5990/2699/1979
f 5991/2650/1980 5990/2699/1979 6022/2700/2011
f 6023/2651/2012 6022/2700/2011 6054/2701/2041
f 6055/2652/2042 6054/2701/2041 6086/2702/2071
f 6087/2653/2072 6086/2702/2071 6118/2703/2101
f 6119/2654/2102 6118/2703/2101 6150/2704/2131
f 6151/2655/2132 6150/2704/2131 6182/2705/2161
f 6183/2656/2162 6182/2705/2161 6214/2706/2191
f 6215/2657/2192 6214/2706/2191 6246/2707/2221
f 6247/2658/2222 6246/2707/2221 6278/2708/2296
f 4744/2516/1757 4743/2612/1756 4775/2611/1788
f 4776/2515/1789 4775/2611/1788 4807/2613/1820
f 4808/2518/1821 4807/2613/1820 4839/2614/1852
f 4840/2520/1853 4839/2614/1852 4871/2615/1884
f 4872/2522/1885 4871/2615/1884 4903/2616/1916
f 4904/2524/1917 4903/2616/1916 4935/2617/1948
f 4936/2526/1949 4935/2617/1948 4967/2618/1980
f 4968/2528/1981 4967/2618/1980 4999/2619/2012
f 5000/2530/2013 4999/2619/2012 5031/2620/2042
f 5032/2532/2043 5031/2620/2042 5063/2621/2072
f 5064/2534/2073 5063/2621/2072 5095/2622/2102
f 5096/2536/2103 5095/2622/2102 5127/2623/2132
f 5128/2538/2133 5127/2623/2132 5159/2624/2162
f 5160/2540/2163 5159/2624/2162 5191/2625/2192
f 5192/2542/2193 5191/2625/2192 5223/2626/2222
f 5224/2544/2223 5223/2626/2222 5255/2627/2252
f 5256/2546/2253 5255/2627/2252 5287/2628/1788
f 5288/2548/1789 5287/2628/1788 5319/2629/1820
f 5320/2550/1821 5319/2629/1820 5351/2630/1852
f 5352/2552/1853 5351/2630/1852 5383/2631/1884
f 5384/2554/1885 5383/2631/1884 5415/2632/1916
f 5416/2556/1917 5415/2632/1916 5447/2633/1948
f 5448/2558/1949 5447/2633/1948 5479/2634/1980
f 5480/2560/1981 5479/2634/1980 5511/2635/2012
f 5512/2562/2013 5511/2635/2012 5543/2636/2042
f 5544/2564/2043 5543/2636/2042 5575/2637/2072
f 5576/2566/2073 5575/2637/2072 5607/2638/2102
f 5608/2568/2103 5607/2638/2102 5639/2639/2132
f 5640/2570/2133 5639/2639/2132 5671/2640/2162
f 5672/2572/2163 5671/2640/2162 5703/2641/2192
f 5704/2574/2193 5703/2641/2192 5735/2642/2222
f 5736/2576/2223 5735/2642/2222 5767/2643/2252
f 5768/2578/2253 5767/2643/2252 5799/2644/1788
f 5800/2580/1789 5799/2644/1788 5831/2645/1820
f 5832/2582/1821 5831/2645/1820 5863/2646/1852
f 5864/2584/1853 5863/2646/1852 5895/2647/1884
f 5896/2586/1885 5895/2647/1884 5927/2648/1916
f 5928/2588/1917 5927/2648/1916 5959/2649/1948
f 5960/2590/1949 5959/2649/1948 5991/2650/1980
f 5992/2592/1981 5991/2650/1980 6023/2651/2012
f 6024/2594/2013 6023/2651/2012 6055/2652/2042
f 6056/2596/2043 6055/2652/2042 6087/2653/2072
f 6088/2598/2073 6087/2653/2072 6119/2654/2102
f 6120/2600/2103 6119/2654/2102 6151/2655/2132
f 6152/2602/2133 6151/2655/2132 6183/2656/2162
f 6184/2604/2163 6183/2656/2162 6215/2657/2192
f 6216/2606/2193 6215/2657/2192 6247/2658/2222
f 6248/2608/2223 6247/2658/2222 6279/2659/2297
f 4713/2514/1726 4744/2516/1757 4776/2515/1789
f 4745/2517/1758 4776/2515/1789 4808/2518/1821
f 4777/2519/1790 4808/2518/1821 4840/2520/1853
f 4809/2521/1822 4840/2520/1853 4872/2522/1885
f 4841/2523/1854 4872/2522/1885 4904/2524/1917
f 4873/2525/1886 4904/2524/1917 4936/2526/1949
f 4905/2527/1918 4936/2526/1949 4968/2528/1981
f 4937/2529/1950 4968/2528/1981 5000/2530/2013
f 4969/2531/1982 5000/2530/2013 5032/2532/2043
f 5001/2533/2014 5032/2532/2043 5064/2534/2073
f 5033/2535/2044 5064/2534/2073 5096/2536/2103
f 5065/2537/2074 5096/2536/2103 5128/2538/2133
f 5097/2539/2104 5128/2538/2133 5160/2540/2163
f 5129/2541/2134 5160/2540/2163 5192/2542/2193
f 5161/2543/2164 5192/2542/2193 5224/2544/2223
f 5193/2545/2194 5224/2544/2223 5256/2546/2253
f 5225/2547/2224 5256/2546/2253 5288/2548/1789
f 5257/2549/1758 5288/2548/1789 5320/2550/1821
f 5289/2551/1790 5320/2550/1821 5352/2552/1853
f 5321/2553/1822 5352/2552/1853 5384/2554/1885
f 5353/2555/1854 5384/2554/1885 5416/2556/1917
f 5385/2557/1886 5416/2556/1917 5448/2558/1949
f 5417/2559/1918 5448/2558/1949 5480/2560/1981
f 5449/2561/1950 5480/2560/1981 5512/2562/2013
f 5481/2563/1982 5512/2562/2013 5544/2564/2043
f 5513/2565/2014 5544/2564/2043 5576/2566/2073
f 5545/2567/2044 5576/2566/2073 5608/2568/2103
f 5577/2569/2074 5608/2568/2103 5640/2570/2133
f 5609/2571/2104 5640/2570/2133 5672/2572/2163
f 5641/2573/2134 5672/2572/2163 5704/2574/2193
f 5673/2575/2164 5704/2574/2193 5736/2576/2223
f 5705/2577/2194 5736/2576/2223 5768/2578/2253
f 5737/2579/2224 5768/2578/2253 5800/2580/1789
f 5769/2581/1758 5800/2580/1789 5832/2582/1821
f 5801/2583/1790 5832/2582/1821 5864/2584/1853
f 5833/2585/2260 5864/2584/1853 5896/2586/1885
f 5865/2587/1854 5896/2586/1885 5928/2588/1917
f 5897/2589/1886 5928/2588/1917 5960/2590/1949
f 5929/2591/1918 5960/2590/1949 5992/2592/1981
f 5961/2593/1950 5992/2592/1981 6024/2594/2013
f 5993/2595/1982 6024/2594/2013 6056/2596/2043
f 6025/2597/2014 6056/2596/2043 6088/2598/2073
f 6057/2599/2044 6088/2598/2073 6120/2600/2103
f 6089/2601/2074 6120/2600/2103 6152/2602/2133
f 6121/2603/2104 6152/2602/2133 6184/2604/2163
f 6153/2605/2134 6184/2604/2163 6216/2606/2193
f 6185/2607/2164 6216/2606/2193 6248/2608/2223
f 6217/2609/2194 6248/2608/2223 6280/2610/2298
o 立方体.001
v -1.000000 -0.987567 1.000000
v -1.000000 -0.587567 1.000000
v -1.000000 -0.987567 -1.000000
v -1.000000 -0.587567 -1.000000
v 1.000000 -0.987567 1.000000
v 1.000000 -0.587567 1.000000
v 1.000000 -0.987567 -1.000000
v 1.000000 -0.587567 -1.000000
vn -1.0000 -0.0000 -0.0000
vn -0.0000 -0.0000 -1.0000
vn 1.0000 -0.0000 -0.0000
vn -0.0000 -0.0000 1.0000
vn -0.0000 -1.0000 -0.0000
vn -0.0000 1.0000 -0.0000
vt 0.625000 0.000000
vt 0.375000 0.250000
vt 0.375000 0.000000
vt 0.625000 0.250000
vt 0.375000 0.500000
vt 0.625000 0.500000
vt 0.375000 0.750000
vt 0.625000 0.750000
vt 0.375000 1.000000
vt 0.125000 0.750000
vt 0.125000 0.500000
vt 0.875000 0.500000
vt 0.625000 1.000000
vt 0.875000 0.750000
s 0
f 6282/3347/2299 6283/3348/2299 6281/3349/2299
f 6284/3350/2300 6287/3351/2300 6283/3348/2300
f 6288/3352/2301 6285/3353/2301 6287/3351/2301
f 6286/3354/2302 6281/3355/2302 6285/3353/2302
f 6287/3351/2303 6281/3356/2303 6283/3357/2303
f 6284/3358/2304 6286/3354/2304 6288/3352/2304
f 6282/3347/2299 6284/3350/2299 6283/3348/2299
f 6284/3350/2300 6288/3352/2300 6287/3351/2300
f 6288/3352/2301 6286/3354/2301 6285/3353/2301
f 6286/3354/2302 6282/3359/2302 6281/3355/2302
f 6287/3351/2303 6285/3353/2303 6281/3356/2303
f 6284/3358/2304 6282/3360/2304 6286/3354/2304
