# Blender 4.4.1
# www.blender.org
mtllib bil.mtl
o 立方体.115
v -50.168259 0.000000 -56.301605
v -50.168259 0.000000 -51.301605
v -50.168259 8.000000 -56.301605
v -55.168259 0.000000 -56.301605
v -55.168259 8.000000 -56.301605
v -55.168259 0.000000 -51.301605
v -55.168259 8.000000 -51.301605
v -50.168259 8.000000 -51.301605
v 33.974350 0.000000 -23.983360
v 33.974350 6.000001 -23.983360
v 41.974350 0.000000 -23.983360
v 41.974350 6.000001 -23.983360
v 33.974350 0.000000 -18.983360
v 33.974350 6.000001 -18.983360
v 41.974350 0.000000 -18.983360
v 41.974350 6.000001 -18.983360
v -11.065857 0.000000 -0.948662
v -11.065857 0.000000 4.051338
v -11.065857 8.000001 -0.948662
v -16.065853 0.000000 -0.948661
v -16.065853 8.000001 -0.948661
v -16.065853 0.000000 4.051338
v -16.065853 8.000001 4.051338
v -11.065857 8.000001 4.051338
v 26.052597 0.000000 6.961500
v 26.052597 0.000000 12.961500
v 26.052597 12.000001 6.961500
v 20.052605 0.000000 6.961500
v 20.052605 12.000001 6.961500
v 20.052605 0.000000 12.961500
v 20.052605 12.000001 12.961500
v 26.052597 12.000001 12.961500
v 44.039246 0.000000 -9.929967
v 44.039246 0.000000 -3.929966
v 44.039246 7.000000 -9.929967
v 31.025810 0.000000 -9.929967
v 31.025810 7.000000 -9.929967
v 31.025810 0.000000 -3.929967
v 31.025810 7.000000 -3.929967
v 44.039246 7.000000 -3.929966
v 21.424179 0.000000 -7.903944
v 21.424179 0.000000 -2.903944
v 21.424179 8.000001 -7.903944
v 17.424179 0.000000 -7.903944
v 17.424179 8.000001 -7.903944
v 17.424179 0.000000 -2.903944
v 17.424179 8.000001 -2.903944
v 21.424179 8.000001 -2.903944
v 28.958656 0.000000 -7.966877
v 28.958656 0.000000 -1.966875
v 28.958656 10.000000 -7.966877
v 22.958649 0.000000 -7.966876
v 22.958649 10.000000 -7.966876
v 22.958649 0.000000 -1.966875
v 22.958649 10.000000 -1.966875
v 28.958656 10.000000 -1.966875
v 20.902809 0.000000 -0.143585
v 28.902809 0.000000 -0.143585
v 20.902809 6.000000 -0.143585
v 20.902809 0.000000 4.856415
v 20.902809 6.000000 4.856415
v 28.902809 0.000000 4.856415
v 28.902809 6.000000 4.856415
v 28.902809 6.000000 -0.143585
v 46.028946 0.135459 -2.027710
v 46.028946 0.135459 3.972288
v 46.028946 5.835460 -2.027710
v 41.028946 0.135459 -2.027710
v 41.028946 5.835460 -2.027710
v 41.028946 0.135459 3.972288
v 41.028946 5.835460 3.972288
v 46.028946 5.835460 3.972288
v 38.952820 0.000000 -2.027710
v 38.952820 0.000000 3.972288
v 38.952820 11.000000 -2.027710
v 30.952827 0.000000 -2.027711
v 30.952827 11.000000 -2.027711
v 30.952827 0.000000 3.972290
v 30.952827 11.000000 3.972290
v 38.952820 11.000000 3.972288
v 34.914192 0.000000 -17.023129
v 42.914192 0.000000 -17.023129
v 34.914192 4.000001 -17.023129
v 34.914192 0.000000 -12.023127
v 34.914192 4.000001 -12.023127
v 42.914192 0.000000 -12.023127
v 42.914192 4.000001 -12.023127
v 42.914192 4.000001 -17.023129
v 15.909386 0.060603 -1.810719
v 15.909386 0.060603 4.189280
v 15.909386 7.060603 -1.810719
v 12.909393 0.060603 -1.810719
v 12.909393 7.060603 -1.810719
v 12.909393 0.060603 4.189280
v 12.909393 7.060603 4.189280
v 15.909386 7.060603 4.189280
v 29.992004 0.000000 15.025007
v 29.992004 0.000000 21.025009
v 29.992004 10.000000 15.025007
v 23.992004 0.000000 15.025007
v 23.992004 10.000000 15.025007
v 23.992004 0.000000 21.025009
v 23.992004 10.000000 21.025009
v 29.992004 10.000000 21.025009
v 34.993835 0.000000 22.104424
v 34.993835 0.000000 28.104427
v 34.993835 6.000000 22.104424
v 29.993835 0.000000 22.104424
v 29.993835 6.000000 22.104424
v 29.993835 0.000000 28.104427
v 29.993835 6.000000 28.104427
v 34.993835 6.000000 28.104427
v 28.037048 0.000000 8.085127
v 36.037056 0.000000 8.085125
v 28.037048 4.000001 8.085127
v 28.037048 0.000000 13.085127
v 28.037048 4.000001 13.085127
v 36.037056 0.000000 13.085125
v 36.037056 4.000001 13.085125
v 36.037056 4.000001 8.085125
v 37.024155 0.000000 22.086361
v 45.024155 0.000000 22.086361
v 37.024155 4.000001 22.086361
v 37.024155 0.000000 27.086361
v 37.024155 4.000001 27.086361
v 45.024155 0.000000 27.086361
v 45.024155 4.000001 27.086361
v 45.024155 4.000001 22.086361
v 36.950104 0.000000 15.134335
v 36.950104 0.000000 20.134335
v 36.950104 8.000001 15.134335
v 31.950104 0.000000 15.134335
v 31.950104 8.000001 15.134335
v 31.950104 0.000000 20.134335
v 31.950104 8.000001 20.134335
v 36.950104 8.000001 20.134335
v 32.918411 0.000000 -18.018559
v 32.918411 0.000000 -13.018558
v 32.918411 8.000001 -18.018559
v 27.918411 0.000000 -18.018559
v 27.918411 8.000001 -18.018559
v 27.918411 0.000000 -13.018557
v 27.918411 8.000001 -13.018557
v 32.918411 8.000001 -13.018558
v 2.794907 0.000000 -1.659798
v 10.794907 0.000000 -1.659798
v 2.794907 4.000001 -1.659798
v 2.794907 0.000000 3.340202
v 2.794907 4.000001 3.340202
v 10.794907 0.000000 3.340202
v 10.794907 4.000001 3.340202
v 10.794907 4.000001 -1.659798
v 44.960617 -0.006736 14.039619
v 44.960617 -0.006736 20.039619
v 44.960617 14.993263 14.039619
v 38.960617 -0.006736 14.039619
v 38.960617 14.993263 14.039619
v 38.960617 -0.006736 20.039619
v 38.960617 14.993263 20.039619
v 44.960617 14.993263 20.039619
v 41.960480 0.135459 -32.858826
v 41.960480 0.135459 -26.858826
v 41.960480 5.835460 -32.858826
v 36.960480 0.135459 -32.858826
v 36.960480 5.835460 -32.858826
v 36.960480 5.835460 -26.858826
v 41.960480 5.835460 -26.858826
v 36.960480 0.135459 -26.858826
v 45.723358 0.000000 6.201002
v 45.723358 0.000000 12.201000
v 45.723358 11.000000 6.201002
v 37.723358 0.000000 6.201002
v 37.723358 11.000000 6.201002
v 37.723358 0.000000 12.201000
v 37.723358 11.000000 12.201000
v 45.723358 11.000000 12.201000
v 45.723358 0.000000 6.201002
v 45.723358 0.000000 12.201000
v 45.723358 11.000000 6.201002
v 37.723358 0.000000 6.201002
v 37.723358 11.000000 6.201002
v 37.723358 0.000000 12.201000
v 37.723358 11.000000 12.201000
v 45.723358 11.000000 12.201000
v -35.079666 0.000000 -27.894379
v -41.079624 0.000000 -27.919235
v -35.079666 10.000000 -27.894379
v -35.054817 0.000000 -33.894333
v -35.054817 10.000000 -33.894333
v -41.054768 10.000000 -33.919189
v -41.079624 10.000000 -27.919235
v -41.054768 0.000000 -33.919189
v -17.912167 0.000000 -3.100883
v -17.912167 0.000000 2.899117
v -17.912167 15.000000 -3.100883
v -27.912178 0.000000 -3.100883
v -27.912178 15.000000 -3.100883
v -27.912178 0.000000 2.899117
v -27.912178 15.000000 2.899117
v -17.912167 15.000000 2.899117
v -32.135635 0.000000 -39.945992
v -26.135643 0.000000 -39.945992
v -32.135635 6.000000 -39.945992
v -32.135635 0.000000 -34.945992
v -32.135635 6.000000 -34.945992
v -26.135643 0.000000 -34.945992
v -26.135643 6.000000 -34.945992
v -26.135643 6.000000 -39.945992
v -27.076759 0.000000 -32.963413
v -27.076759 0.000000 -24.963413
v -27.076759 4.000001 -32.963413
v -32.076759 0.000000 -32.963413
v -32.076759 4.000001 -32.963413
v -32.076759 0.000000 -24.963413
v -32.076759 4.000001 -24.963413
v -27.076759 4.000001 -24.963413
v 22.933319 0.000000 20.040730
v 22.900185 0.000000 28.040665
v 22.933319 4.000001 20.040730
v 17.933365 0.000000 20.020020
v 17.933365 4.000001 20.020020
v 17.900223 0.000000 28.019955
v 17.900223 4.000001 28.019955
v 22.900185 4.000001 28.040665
v -41.153198 0.000000 -26.955120
v -36.153198 0.000000 -26.955120
v -41.153198 8.000001 -26.955120
v -41.153198 0.000000 -21.955120
v -41.153198 8.000001 -21.955120
v -36.153198 0.000000 -21.955120
v -36.153198 8.000001 -21.955120
v -36.153198 8.000001 -26.955120
v 23.843124 0.000000 23.240898
v 28.843124 0.000000 23.240898
v 23.843124 8.000001 23.240898
v 23.843124 0.000000 28.240898
v 23.843124 8.000001 28.240898
v 28.843124 0.000000 28.240898
v 28.843124 8.000001 28.240898
v 28.843124 8.000001 23.240898
v -36.072098 0.000000 -19.903305
v -36.072098 0.000000 -11.903304
v -36.072098 4.000001 -19.903305
v -41.072098 0.000000 -19.903305
v -41.072098 4.000001 -19.903305
v -41.072098 0.000000 -11.903304
v -41.072098 4.000001 -11.903304
v -36.072098 4.000001 -11.903304
v -39.076866 -0.006736 -9.964940
v -33.076866 -0.006736 -9.964940
v -39.076866 14.993263 -9.964940
v -39.076866 -0.006736 -3.964939
v -39.076866 14.993263 -3.964939
v -33.076866 -0.006736 -3.964939
v -33.076866 14.993263 -3.964939
v -33.076866 14.993263 -9.964940
v -31.124844 0.135459 3.068216
v -37.124790 0.135459 3.043358
v -31.124844 5.835460 3.068216
v -31.104130 0.135459 -1.931742
v -31.104130 5.835460 -1.931742
v -37.104076 5.835460 -1.956598
v -37.124790 5.835460 3.043358
v -37.104076 0.135459 -1.956598
v -34.092335 0.000000 -22.924755
v -28.092335 0.000000 -22.924755
v -34.092335 11.000000 -22.924755
v -34.092335 0.000000 -14.924754
v -34.092335 11.000000 -14.924754
v -28.092335 0.000000 -14.924755
v -28.092335 11.000000 -14.924755
v -28.092335 11.000000 -22.924755
v -24.101143 0.000000 -4.850358
v -30.101093 0.000000 -4.875214
v -24.101143 11.000000 -4.850358
v -24.068001 0.000000 -12.850290
v -24.068001 11.000000 -12.850290
v -30.067947 11.000000 -12.875146
v -30.101093 11.000000 -4.875214
v -30.067947 0.000000 -12.875146
v -34.857193 0.000000 21.386318
v -34.857193 0.000000 27.386322
v -34.857193 12.000001 21.386318
v -40.857193 0.000000 21.386318
v -40.857193 12.000001 21.386318
v -40.857193 0.000000 27.386322
v -40.857193 12.000001 27.386322
v -34.857193 12.000001 27.386322
v -16.870552 0.000000 4.494862
v -16.870552 0.000000 10.494862
v -16.870552 7.000000 4.494862
v -29.883984 0.000000 4.494862
v -29.883984 7.000000 4.494862
v -29.883984 0.000000 10.494862
v -29.883984 7.000000 10.494862
v -16.870552 7.000000 10.494862
v -9.907295 0.000000 5.459396
v -9.907295 0.000000 10.459396
v -9.907295 8.000001 5.459396
v -14.907295 0.000000 5.459396
v -14.907295 8.000001 5.459396
v -14.907295 0.000000 10.459396
v -14.907295 8.000001 10.459396
v -9.907295 8.000001 10.459396
v -31.951145 0.000000 6.457949
v -31.951145 0.000000 12.457947
v -31.951145 10.000000 6.457949
v -37.951141 0.000000 6.457949
v -37.951141 10.000000 6.457949
v -37.951141 0.000000 12.457947
v -37.951141 10.000000 12.457947
v -31.951145 10.000000 12.457947
v -40.006992 0.000000 14.281242
v -32.006992 0.000000 14.281242
v -40.006992 6.000000 14.281242
v -40.006992 0.000000 19.281242
v -40.006992 6.000000 19.281242
v -32.006992 0.000000 19.281242
v -32.006992 6.000000 19.281242
v -32.006992 6.000000 14.281242
v -14.880840 0.135459 12.397121
v -14.880840 0.135459 18.397121
v -14.880840 5.835460 12.397121
v -19.880840 0.135459 12.397121
v -19.880840 5.835460 12.397121
v -19.880840 0.135459 18.397121
v -19.880840 5.835460 18.397121
v -14.880840 5.835460 18.397121
v -21.956966 0.000000 12.397121
v -21.956966 0.000000 18.397121
v -21.956966 11.000000 12.397121
v -29.956970 0.000000 12.397121
v -29.956970 11.000000 12.397121
v -29.956974 11.000000 18.397121
v -21.956966 11.000000 18.397121
v -29.956974 0.000000 18.397121
v -6.881439 0.000000 36.461533
v 1.118561 0.000000 36.461533
v -6.881439 4.000001 36.461533
v -6.881439 0.000000 41.461533
v -6.881439 4.000001 41.461533
v 1.118561 0.000000 41.461533
v 1.118561 4.000001 41.461533
v 1.118561 4.000001 36.461533
v -0.915237 0.060603 28.392563
v -0.915237 0.060603 34.392567
v -0.915237 7.060603 28.392563
v -3.915237 0.060603 28.392563
v -3.915237 7.060603 28.392563
v -3.915237 0.060603 34.392567
v -3.915237 7.060603 34.392567
v -0.915237 7.060603 34.392567
v -30.917786 0.000000 29.449825
v -30.917786 0.000000 35.449825
v -30.917786 10.000000 29.449825
v -36.917786 0.000000 29.449825
v -36.917786 10.000000 29.449825
v -36.917786 0.000000 35.449825
v -36.917786 10.000000 35.449825
v -30.917786 10.000000 35.449825
v -13.939919 0.000000 43.458878
v -13.939919 0.000000 49.458881
v -13.939919 15.000000 43.458878
v -23.939926 0.000000 43.458878
v -23.939926 15.000000 43.458878
v -23.939926 0.000000 49.458881
v -23.939926 15.000000 49.458881
v -13.939919 15.000000 49.458881
v -25.915955 0.000000 36.529251
v -25.915955 0.000000 42.529255
v -25.915955 6.000000 36.529251
v -30.915955 0.000000 36.529251
v -30.915955 6.000000 36.529251
v -30.915955 0.000000 42.529255
v -30.915955 6.000000 42.529255
v -25.915955 6.000000 42.529255
v -32.872742 0.000000 22.509960
v -24.872746 0.000000 22.509960
v -32.872742 4.000001 22.509960
v -32.872742 0.000000 27.509960
v -32.872742 4.000001 27.509960
v -24.872742 0.000000 27.509960
v -24.872742 4.000001 27.509960
v -24.872746 4.000001 22.509960
v -23.885639 0.000000 36.511185
v -15.885635 0.000000 36.511185
v -23.885639 4.000001 36.511185
v -23.885639 0.000000 41.511185
v -23.885639 4.000001 41.511185
v -15.885635 0.000000 41.511185
v -15.885635 4.000001 41.511185
v -15.885635 4.000001 36.511185
v -23.959686 0.000000 29.559162
v -23.959686 0.000000 34.559158
v -23.959686 8.000001 29.559162
v -28.959686 0.000000 29.559162
v -28.959686 8.000001 29.559162
v -28.959686 0.000000 34.559158
v -28.959686 8.000001 34.559158
v -23.959686 8.000001 34.559158
v -8.877220 0.000000 35.466110
v -8.877220 0.000000 40.466110
v -8.877220 8.000001 35.466110
v -13.877220 0.000000 35.466110
v -13.877220 8.000001 35.466110
v -13.877220 0.000000 40.466110
v -13.877220 8.000001 40.466110
v -8.877220 8.000001 40.466110
v -14.029724 0.000000 28.543488
v -6.029724 0.000000 28.543488
v -14.029724 4.000001 28.543488
v -14.029724 0.000000 33.543488
v -14.029724 4.000001 33.543488
v -6.029724 0.000000 33.543488
v -6.029724 4.000001 33.543488
v -6.029724 4.000001 28.543488
v -15.949181 -0.006736 28.464447
v -15.949181 -0.006736 34.464451
v -15.949181 14.993263 28.464447
v -21.949173 -0.006736 28.464451
v -21.949173 14.993263 28.464451
v -21.949173 -0.006736 34.464451
v -21.949173 14.993263 34.464451
v -15.949181 14.993263 34.464451
v -8.110313 0.135459 20.625824
v -8.110313 0.135459 26.625828
v -8.110313 5.835460 20.625824
v -13.110313 0.135459 20.625824
v -13.110313 5.835460 20.625824
v -13.110313 0.135459 26.625828
v -13.110313 5.835460 26.625828
v -8.110313 5.835460 26.625828
v -15.186436 0.000000 20.625824
v -15.186436 0.000000 26.625828
v -15.186436 11.000000 20.625824
v -23.186440 0.000000 20.625828
v -23.186440 11.000000 20.625828
v -23.186440 0.000000 26.625832
v -23.186440 11.000000 26.625832
v -15.186436 11.000000 26.625828
v -6.145828 0.000000 13.514271
v -6.145828 0.000000 19.514271
v -6.145828 10.000000 13.514271
v -12.145828 0.000000 13.514271
v -12.145828 10.000000 13.514271
v -12.145821 0.000000 19.514271
v -12.145821 10.000000 19.514271
v -6.145828 10.000000 19.514271
v 11.073853 0.000000 28.508698
v 11.073853 0.000000 34.508701
v 11.073853 15.000000 28.508698
v 1.073837 0.000000 28.508698
v 1.073837 15.000000 28.508698
v 1.073837 0.000000 34.508701
v 1.073837 15.000000 34.508701
v 11.073853 15.000000 34.508701
v -0.927811 0.000000 21.583881
v -0.927811 0.000000 27.583885
v -0.927811 6.000000 21.583881
v -5.927811 0.000000 21.583881
v -5.927811 6.000000 21.583881
v -5.927811 0.000000 27.583885
v -5.927811 6.000000 27.583885
v -0.927811 6.000000 27.583885
v -7.955971 0.000000 7.365795
v 0.044037 0.000000 7.365795
v -7.955971 4.000001 7.365795
v -7.955971 0.000000 12.365795
v -7.955971 4.000001 12.365795
v 0.044037 0.000000 12.365795
v 0.044037 4.000001 12.365795
v 0.044037 4.000001 7.365795
v 1.044044 0.000000 21.507351
v 9.044052 0.000000 21.507351
v 1.044044 4.000001 21.507351
v 1.044044 0.000000 26.507351
v 1.044044 4.000001 26.507351
v 9.044052 0.000000 26.507351
v 9.044052 4.000001 26.507351
v 9.044052 4.000001 21.507351
v 0.987396 0.000000 14.415003
v 0.987396 0.000000 19.415001
v 0.987396 8.000001 14.415003
v -4.012604 0.000000 14.415003
v -4.012604 8.000001 14.415003
v -4.012604 0.000000 19.415001
v -4.012604 8.000001 19.415001
v 0.987396 8.000001 19.415001
v 16.185043 0.000000 20.443176
v 16.185043 0.000000 25.443176
v 16.185043 8.000001 20.443176
v 11.185043 0.000000 20.443176
v 11.185043 8.000001 20.443176
v 11.185043 0.000000 25.443176
v 11.185043 8.000001 25.443176
v 16.185043 8.000001 25.443176
v 11.250763 0.000000 13.399324
v 19.250755 0.000000 13.399324
v 11.250763 4.000001 13.399324
v 11.250763 0.000000 18.399326
v 11.250763 4.000001 18.399326
v 19.250763 0.000000 18.399326
v 19.250763 4.000001 18.399326
v 19.250755 4.000001 13.399324
v 9.088837 -0.006736 13.514271
v 9.088837 -0.006736 19.514271
v 9.088837 14.993263 13.514271
v 3.088837 -0.006736 13.514271
v 3.088837 14.993263 13.514271
v 3.088837 -0.006736 19.514271
v 3.088837 14.993263 19.514271
v 9.088837 14.993263 19.514271
v 17.170174 0.135459 5.481670
v 17.170174 0.135459 11.481668
v 17.170174 5.835460 5.481670
v 12.170174 0.135459 5.481670
v 12.170174 5.835460 5.481670
v 12.170174 0.135459 11.481668
v 12.170174 5.835460 11.481668
v 17.170174 5.835460 11.481668
v 10.094055 0.000000 5.481670
v 10.094055 0.000000 11.481670
v 10.094055 11.000000 5.481670
v 2.094055 0.000000 5.481670
v 2.094055 11.000000 5.481670
v 2.094055 0.000000 11.481670
v 2.094055 11.000000 11.481670
v 10.094055 11.000000 11.481670
v 10.094055 0.000000 5.481670
v 10.094055 0.000000 11.481670
v 10.094055 11.000000 5.481670
v 2.094055 0.000000 5.481670
v 2.094055 11.000000 5.481670
v 2.094055 0.000000 11.481670
v 2.094055 11.000000 11.481670
v 10.094055 11.000000 11.481670
v -20.072365 0.000000 -22.998653
v -20.072365 0.000000 -16.998653
v -20.072365 12.000001 -22.998653
v -26.072357 0.000000 -22.998653
v -26.072357 12.000001 -22.998653
v -26.072365 12.000001 -16.998653
v -20.072365 12.000001 -16.998653
v -26.072365 0.000000 -16.998653
v -2.085739 0.000000 -39.890114
v -2.085739 0.000000 -33.890114
v -2.085739 7.000000 -39.890114
v -15.099159 0.000000 -39.890118
v -15.099159 7.000000 -39.890118
v -15.099159 0.000000 -33.890118
v -15.099159 7.000000 -33.890118
v -2.085739 7.000000 -33.890114
v 4.877533 0.000000 -38.925587
v 4.877533 0.000000 -33.925587
v 4.877533 8.000001 -38.925587
v -0.122467 0.000000 -38.925587
v -0.122467 8.000001 -38.925587
v -0.122467 0.000000 -33.925587
v -0.122467 8.000001 -33.925587
v 4.877533 8.000001 -33.925587
v -17.166313 0.000000 -37.927025
v -17.166313 0.000000 -31.927025
v -17.166313 10.000000 -37.927025
v -23.166313 0.000000 -37.927025
v -23.166313 10.000000 -37.927025
v -23.166313 0.000000 -31.927021
v -23.166313 10.000000 -31.927021
v -17.166313 10.000000 -31.927025
v -25.222168 0.000000 -30.103733
v -17.222164 0.000000 -30.103737
v -25.222168 6.000000 -30.103733
v -25.222168 0.000000 -25.103733
v -25.222168 6.000000 -25.103733
v -17.222164 0.000000 -25.103737
v -17.222164 6.000000 -25.103737
v -17.222164 6.000000 -30.103737
v -0.096016 0.135459 -31.987858
v -0.096016 0.135459 -25.987862
v -0.096016 5.835460 -31.987858
v -5.096016 0.135459 -31.987858
v -5.096016 5.835460 -31.987858
v -5.096016 0.135459 -25.987862
v -5.096016 5.835460 -25.987862
v -0.096016 5.835460 -25.987862
v -7.172142 0.000000 -31.987858
v -7.172142 0.000000 -25.987862
v -7.172142 11.000000 -31.987858
v -15.172146 0.000000 -31.987862
v -15.172146 11.000000 -31.987862
v -15.172146 0.000000 -25.987862
v -15.172146 11.000000 -25.987862
v -7.172142 11.000000 -25.987862
v 7.903389 0.000000 -7.923444
v 15.903389 0.000000 -7.923444
v 7.903389 4.000001 -7.923444
v 7.903389 0.000000 -2.923444
v 7.903389 4.000001 -2.923444
v 15.903389 0.000000 -2.923445
v 15.903389 4.000001 -2.923445
v 15.903389 4.000001 -7.923444
v 13.869583 0.060603 -15.992422
v 13.869583 0.060603 -9.992420
v 13.869583 7.060603 -15.992422
v 10.869583 0.060603 -15.992421
v 10.869583 7.060603 -15.992421
v 10.869583 0.060603 -9.992419
v 10.869583 7.060603 -9.992419
v 13.869583 7.060603 -9.992420
v -16.132965 0.000000 -14.935143
v -16.132965 0.000000 -8.935143
v -16.132965 10.000000 -14.935143
v -22.132965 0.000000 -14.935143
v -22.132965 10.000000 -14.935143
v -22.132965 0.000000 -8.935143
v -22.132965 10.000000 -8.935143
v -16.132965 10.000000 -8.935143
v 0.844902 0.000000 -0.926101
v 0.844902 0.000000 5.073898
v 0.844902 10.008699 -0.926101
v -9.155106 0.000000 -0.926100
v -9.155106 10.008699 -0.926100
v -9.155106 0.000000 5.073898
v -9.155106 10.008699 5.073898
v 0.844902 10.008699 5.073898
v -11.131134 0.000000 -7.855721
v -11.131134 0.000000 -1.855721
v -11.131134 6.000000 -7.855721
v -16.131138 0.000000 -7.855721
v -16.131138 6.000000 -7.855721
v -16.131138 0.000000 -1.855720
v -16.131138 6.000000 -1.855720
v -11.131134 6.000000 -1.855721
v -18.087921 0.000000 -21.875019
v -10.087921 0.000000 -21.875019
v -18.087921 4.000001 -21.875019
v -18.087921 0.000000 -16.875019
v -18.087921 4.000001 -16.875019
v -10.087921 0.000000 -16.875019
v -10.087921 4.000001 -16.875019
v -10.087921 4.000001 -21.875019
v -9.100815 0.000000 -7.873787
v -1.100815 0.000000 -7.873788
v -9.100815 4.000001 -7.873787
v -9.100815 0.000000 -2.873788
v -9.100815 4.000001 -2.873788
v -1.100815 0.000000 -2.873788
v -1.100815 4.000001 -2.873788
v -1.100815 4.000001 -7.873788
v -9.174858 0.000000 -14.825814
v -9.174858 0.000000 -9.825814
v -9.174858 8.000001 -14.825814
v -14.174858 0.000000 -14.825813
v -14.174858 8.000001 -14.825813
v -14.174858 0.000000 -9.825813
v -14.174858 8.000001 -9.825813
v -9.174858 8.000001 -9.825814
v 5.907608 0.000000 -8.918872
v 5.907608 0.000000 -3.918873
v 5.907608 8.000001 -8.918872
v 0.907608 0.000000 -8.918872
v 0.907608 8.000001 -8.918872
v 0.907608 0.000000 -3.918872
v 0.907608 8.000001 -3.918872
v 5.907608 8.000001 -3.918873
v 0.755104 0.000000 -15.841489
v 8.755104 0.000000 -15.841489
v 0.755104 4.000001 -15.841489
v 0.755104 0.000000 -10.841489
v 0.755104 4.000001 -10.841489
v 8.755104 0.000000 -10.841489
v 8.755104 4.000001 -10.841489
v 8.755104 4.000001 -15.841489
v -1.164352 -0.006736 -15.920528
v -1.164352 -0.006736 -9.920527
v -1.164352 14.993263 -15.920528
v -7.164352 -0.006736 -15.920528
v -7.164352 14.993263 -15.920528
v -7.164352 -0.006736 -9.920527
v -7.164352 14.993263 -9.920527
v -1.164352 14.993263 -9.920527
v 6.674515 0.135459 -23.759148
v 6.674515 0.135459 -17.759148
v 6.674515 5.835460 -23.759148
v 1.674515 0.135459 -23.759148
v 1.674515 5.835460 -23.759148
v 1.674515 0.135459 -17.759148
v 1.674515 5.835460 -17.759148
v 6.674515 5.835460 -17.759148
v -0.401611 0.000000 -23.759148
v -0.401611 0.000000 -17.759148
v -0.401611 11.000000 -23.759148
v -8.401619 0.000000 -23.759148
v -8.401619 11.000000 -23.759148
v -8.401611 0.000000 -17.759148
v -8.401611 11.000000 -17.759148
v -0.401611 11.000000 -17.759148
v -0.401611 0.000000 -23.759148
v -0.401611 0.000000 -17.759148
v -0.401611 11.000000 -23.759148
v -8.401619 0.000000 -23.759148
v -8.401619 11.000000 -23.759148
v -8.401611 0.000000 -17.759148
v -8.401611 11.000000 -17.759148
v -0.401611 11.000000 -17.759148
v 8.638992 0.000000 -30.870708
v 8.638992 0.000000 -24.870708
v 8.638992 10.000000 -30.870708
v 2.638992 0.000000 -30.870708
v 2.638992 10.000000 -30.870708
v 2.638992 0.000000 -24.870708
v 2.638992 10.000000 -24.870708
v 8.638992 10.000000 -24.870708
v 25.858673 0.000000 -15.876278
v 25.858673 0.000000 -9.876278
v 25.858673 15.000000 -15.876278
v 15.858658 0.000000 -15.876279
v 15.858658 15.000000 -15.876279
v 15.858658 0.000000 -9.876279
v 15.858658 15.000000 -9.876279
v 25.858673 15.000000 -9.876278
v 13.857010 0.000000 -22.801090
v 13.857010 0.000000 -16.801090
v 13.857010 6.000000 -22.801090
v 8.857010 0.000000 -22.801090
v 8.857010 6.000000 -22.801090
v 8.857010 0.000000 -16.801090
v 8.857010 6.000000 -16.801090
v 13.857010 6.000000 -16.801090
v 6.828857 0.000000 -37.019180
v 14.828857 0.000000 -37.019180
v 6.828857 4.000001 -37.019180
v 6.828857 0.000000 -32.019180
v 6.828857 4.000001 -32.019180
v 14.828857 0.000000 -32.019180
v 14.828857 4.000001 -32.019180
v 14.828857 4.000001 -37.019180
v 15.828873 0.000000 -22.877632
v 23.828873 0.000000 -22.877632
v 15.828873 4.000001 -22.877632
v 15.828873 0.000000 -17.877628
v 15.828873 4.000001 -17.877628
v 23.828873 0.000000 -17.877632
v 23.828873 4.000001 -17.877632
v 23.828873 4.000001 -22.877632
v 15.772217 0.000000 -29.969975
v 15.772217 0.000000 -24.969975
v 15.772217 8.000001 -29.969975
v 10.772217 0.000000 -29.969975
v 10.772217 8.000001 -29.969975
v 10.772217 0.000000 -24.969975
v 10.772217 8.000001 -24.969975
v 15.772217 8.000001 -24.969975
v 30.969872 0.000000 -23.941795
v 30.969872 0.000000 -18.941799
v 30.969872 8.000001 -23.941795
v 25.969872 0.000000 -23.941799
v 25.969872 8.000001 -23.941799
v 25.969872 0.000000 -18.941799
v 25.969872 8.000001 -18.941799
v 30.969872 8.000001 -18.941799
v 26.035583 0.000000 -30.985649
v 34.035583 0.000000 -30.985649
v 26.035583 4.000001 -30.985649
v 26.035583 0.000000 -25.985649
v 26.035583 4.000001 -25.985649
v 34.035591 0.000000 -25.985649
v 34.035591 4.000001 -25.985649
v 34.035583 4.000001 -30.985649
v 23.873657 -0.006736 -30.870708
v 23.873665 -0.006736 -24.870712
v 23.873657 9.255898 -30.870708
v 17.873657 -0.006736 -30.870708
v 17.873657 9.255898 -30.870708
v 17.873657 -0.006736 -24.870708
v 17.873657 9.255898 -24.870708
v 23.873665 9.255898 -24.870712
v 31.954994 0.135459 -38.903305
v 31.954994 0.135459 -32.903305
v 31.954994 5.835460 -38.903305
v 26.954994 0.135459 -38.903305
v 26.954994 5.835460 -38.903305
v 26.954994 0.135459 -32.903305
v 26.954994 5.835460 -32.903305
v 31.954994 5.835460 -32.903305
v 24.878876 0.000000 -38.903305
v 24.878876 0.000000 -32.903305
v 24.878876 11.000000 -38.903305
v 16.878876 0.000000 -38.903305
v 16.878876 11.000000 -38.903305
v 16.878876 0.000000 -32.903305
v 16.878876 11.000000 -32.903305
v 24.878876 11.000000 -32.903305
v 24.878876 0.000000 -38.903305
v 24.878876 0.000000 -32.903305
v 24.878876 11.000000 -38.903305
v 16.878876 0.000000 -38.903305
v 16.878876 11.000000 -38.903305
v 16.878876 0.000000 -32.903305
v 16.878876 11.000000 -32.903305
v 24.878876 11.000000 -32.903305
v 78.631470 0.055526 46.123791
v 78.631470 6.055527 46.123791
v 86.631485 0.055526 46.123791
v 86.631485 6.055527 46.123791
v 78.631470 0.055526 51.123791
v 78.631470 6.055527 51.123791
v 86.631485 0.055526 51.123791
v 86.631485 6.055527 51.123791
v 33.591270 0.971572 69.158493
v 33.591270 0.971572 74.158493
v 33.591270 8.971572 69.158493
v 28.591270 0.971572 69.158493
v 28.591270 8.971572 69.158493
v 28.591270 0.971572 74.158493
v 28.591270 8.971572 74.158493
v 33.591270 8.971572 74.158493
v 88.696350 0.055526 60.177181
v 88.696350 0.055526 66.177185
v 88.696350 7.055527 60.177181
v 75.682938 0.055526 60.177181
v 75.682938 7.055527 60.177181
v 75.682938 0.055526 66.177185
v 75.682938 7.055527 66.177185
v 88.696350 7.055527 66.177185
v 66.081299 0.055526 62.203205
v 66.081299 0.055526 67.203201
v 66.081299 8.055527 62.203205
v 62.081299 0.055526 62.203205
v 62.081299 8.055527 62.203205
v 62.081299 0.055526 67.203201
v 62.081299 8.055527 67.203201
v 66.081299 8.055527 67.203201
v 73.615784 0.055526 62.140270
v 73.615784 0.055526 68.140274
v 73.615784 10.055527 62.140270
v 67.615784 0.055526 62.140278
v 67.615784 10.055527 62.140278
v 67.615784 0.055526 68.140274
v 67.615784 10.055527 68.140274
v 73.615784 10.055527 68.140274
v 65.559937 0.055526 69.963562
v 73.559937 0.055526 69.963562
v 65.559937 6.055527 69.963562
v 65.559937 0.055526 74.963562
v 65.559937 6.055527 74.963562
v 73.559937 0.055526 74.963562
v 73.559937 6.055527 74.963562
v 73.559937 6.055527 69.963562
v 79.571320 0.055526 53.084019
v 87.571304 0.055526 53.084019
v 79.571320 4.055527 53.084019
v 79.571320 0.055526 58.084026
v 79.571320 4.055527 58.084026
v 87.571304 0.055526 58.084026
v 87.571304 4.055527 58.084026
v 87.571304 4.055527 53.084019
v 60.566513 0.116128 68.296432
v 60.566513 0.116128 74.296432
v 60.566513 7.116129 68.296432
v 57.566528 0.116128 68.296432
v 57.566528 7.116129 68.296432
v 57.566528 0.116128 74.296432
v 57.566528 7.116129 74.296432
v 60.566513 7.116129 74.296432
v 77.575531 0.055526 52.088596
v 77.575531 0.055526 57.088596
v 77.575531 8.055527 52.088596
v 72.575531 0.055526 52.088596
v 72.575531 8.055527 52.088596
v 72.575531 0.055526 57.088596
v 72.575531 8.055527 57.088596
v 77.575531 8.055527 57.088596
v 47.452034 0.055526 68.447357
v 55.452026 0.055526 68.447357
v 47.452034 4.055527 68.447357
v 47.452034 0.055526 73.447357
v 47.452034 4.055527 73.447357
v 55.452026 0.055526 73.447357
v 55.452026 4.055527 73.447357
v 55.452026 4.055527 68.447357
v 86.617615 0.190985 37.248325
v 86.617615 0.190985 43.248325
v 86.617615 5.890985 37.248325
v 81.617615 0.190985 37.248325
v 81.617615 5.890985 37.248325
v 81.617599 5.890985 43.248325
v 86.617615 5.890985 43.248325
v 81.617599 0.190985 43.248325
v 9.577454 0.971572 42.212772
v 3.577499 0.971572 42.187916
v 9.577454 10.971572 42.212772
v 9.602310 0.971572 36.212818
v 9.602310 10.971572 36.212818
v 3.602364 10.971572 36.187962
v 3.577499 10.971572 42.187916
v 3.602364 0.971572 36.187962
v 26.744957 0.971572 67.006271
v 26.744957 0.971572 73.006271
v 26.744957 15.971571 67.006271
v 16.744949 0.971572 67.006271
v 16.744949 15.971571 67.006271
v 16.744949 0.971572 73.006271
v 16.744949 15.971571 73.006271
v 26.744957 15.971571 73.006271
v 12.521484 0.971572 30.161160
v 18.521484 0.971572 30.161160
v 12.521484 6.971572 30.161160
v 12.521484 0.971572 35.161160
v 12.521484 6.971572 35.161160
v 18.521484 0.971572 35.161160
v 18.521484 6.971572 35.161160
v 18.521484 6.971572 30.161160
v 17.580368 0.971572 37.143738
v 17.580368 0.971572 45.143738
v 17.580368 4.971572 37.143738
v 12.580368 0.971572 37.143738
v 12.580368 4.971572 37.143738
v 12.580368 0.971572 45.143738
v 12.580368 4.971572 45.143738
v 17.580368 4.971572 45.143738
v 3.503922 0.971572 43.152027
v 8.503922 0.971572 43.152027
v 3.503922 8.971572 43.152027
v 3.503922 0.971572 48.152027
v 3.503922 8.971572 48.152027
v 8.503922 0.971572 48.152027
v 8.503922 8.971572 48.152027
v 8.503922 8.971572 43.152027
v 8.585022 0.971572 50.203846
v 8.585022 0.971572 58.203846
v 8.585022 4.971572 50.203846
v 3.585022 0.971572 50.203846
v 3.585022 4.971572 50.203846
v 3.585022 0.971572 58.203846
v 3.585022 4.971572 58.203846
v 8.585022 4.971572 58.203846
v 5.580254 0.964835 60.142208
v 11.580261 0.964835 60.142208
v 5.580254 15.964836 60.142208
v 5.580254 0.964835 66.142212
v 5.580254 15.964836 66.142212
v 11.580261 0.964835 66.142212
v 11.580261 15.964836 66.142212
v 11.580261 15.964836 60.142208
v 13.532288 1.107030 73.175369
v 7.532341 1.107030 73.150513
v 13.532288 6.807031 73.175369
v 13.553001 1.107030 68.175415
v 13.553001 6.807031 68.175415
v 7.553055 6.807031 68.150558
v 7.532341 6.807031 73.150513
v 7.553055 1.107030 68.150558
v 10.564796 0.971572 47.182396
v 16.564789 0.971572 47.182396
v 10.564796 11.971573 47.182396
v 10.564796 0.971572 55.182392
v 10.564796 11.971573 55.182392
v 16.564789 0.971572 55.182392
v 16.564789 11.971573 55.182392
v 16.564789 11.971573 47.182396
v 20.555984 0.971572 65.256790
v 14.556038 0.971572 65.231934
v 20.555984 11.971573 65.256790
v 20.589127 0.971572 57.256863
v 20.589127 11.971573 57.256863
v 14.589180 11.971573 57.232006
v 14.556038 11.971573 65.231934
v 14.589180 0.971572 57.232006
v 9.799927 0.971572 91.493469
v 9.799927 0.971572 97.493469
v 9.799927 12.971571 91.493469
v 3.799927 0.971572 91.493469
v 3.799927 12.971571 91.493469
v 3.799927 0.971572 97.493469
v 3.799927 12.971571 97.493469
v 9.799927 12.971571 97.493469
v 27.786575 0.971572 74.602005
v 27.786575 0.971572 80.602005
v 27.786575 7.971572 74.602005
v 14.773140 0.971572 74.602005
v 14.773140 7.971572 74.602005
v 14.773140 0.971572 80.602005
v 14.773140 7.971572 80.602005
v 27.786575 7.971572 80.602005
v 34.749825 0.971572 75.566544
v 34.749825 0.971572 80.566544
v 34.749825 8.971572 75.566544
v 29.749825 0.971572 75.566544
v 29.749825 8.971572 75.566544
v 29.749825 0.971572 80.566544
v 29.749825 8.971572 80.566544
v 34.749825 8.971572 80.566544
v 12.705986 0.971572 76.565094
v 12.705986 0.971572 82.565094
v 12.705986 10.971572 76.565094
v 6.705978 0.971572 76.565094
v 6.705978 10.971572 76.565094
v 6.705978 0.971572 82.565094
v 6.705978 10.971572 82.565094
v 12.705986 10.971572 82.565094
v 4.650131 0.971572 84.388397
v 12.650139 0.971572 84.388397
v 4.650131 6.971572 84.388397
v 4.650131 0.971572 89.388397
v 4.650131 6.971572 89.388397
v 12.650139 0.971572 89.388397
v 12.650139 6.971572 89.388397
v 12.650139 6.971572 84.388397
v 29.776276 1.107030 82.504272
v 29.776276 1.107030 88.504272
v 29.776276 6.807031 82.504272
v 24.776276 1.107030 82.504272
v 24.776276 6.807031 82.504272
v 24.776276 1.107030 88.504272
v 24.776276 6.807031 88.504272
v 29.776276 6.807031 88.504272
v 22.700157 0.971572 82.504272
v 22.700157 0.971572 88.504272
v 22.700157 11.971573 82.504272
v 14.700157 0.971572 82.504272
v 14.700157 11.971573 82.504272
v 14.700157 11.971573 88.504272
v 22.700157 11.971573 88.504272
v 14.700157 0.971572 88.504272
v 11.784386 0.971572 92.617111
v 19.784386 0.971572 92.617111
v 11.784386 4.971572 92.617111
v 11.784386 0.971572 97.617111
v 11.784386 4.971572 97.617111
v 19.784386 0.971572 97.617111
v 19.784386 4.971572 97.617111
v 19.784386 4.971572 92.617111
v 36.546814 1.107030 90.732971
v 36.546814 1.107030 96.732971
v 36.546814 6.807031 90.732971
v 31.546814 1.107030 90.732971
v 31.546814 6.807031 90.732971
v 31.546814 1.107030 96.732971
v 31.546814 6.807031 96.732971
v 36.546814 6.807031 96.732971
v 29.470688 0.971572 90.732971
v 29.470688 0.971572 96.732971
v 29.470688 11.971573 90.732971
v 21.470688 0.971572 90.732971
v 21.470688 11.971573 90.732971
v 21.470688 0.971572 96.732986
v 21.470688 11.971573 96.732986
v 29.470688 11.971573 96.732971
v 38.511299 0.971572 83.621414
v 38.511299 0.971572 89.621414
v 38.511299 10.971572 83.621414
v 32.511307 0.971572 83.621414
v 32.511307 10.971572 83.621414
v 32.511307 0.971572 89.621414
v 32.511307 10.971572 89.621414
v 38.511299 10.971572 89.621414
v 43.729317 0.971572 91.691025
v 43.729317 0.971572 97.691040
v 43.729317 6.971572 91.691025
v 38.729317 0.971572 91.691025
v 38.729317 6.971572 91.691025
v 38.729317 0.971572 97.691040
v 38.729317 6.971572 97.691040
v 43.729317 6.971572 97.691040
v 36.701157 0.971572 77.472946
v 44.701157 0.971572 77.472946
v 36.701157 4.971572 77.472946
v 36.701157 0.971572 82.472946
v 36.701157 4.971572 82.472946
v 44.701157 0.971572 82.472946
v 44.701157 4.971572 82.472946
v 44.701157 4.971572 77.472946
v 45.644524 0.971572 84.522156
v 45.644524 0.971572 89.522156
v 45.644524 8.971572 84.522156
v 40.644524 0.971572 84.522156
v 40.644524 8.971572 84.522156
v 40.644524 0.971572 89.522156
v 40.644524 8.971572 89.522156
v 45.644524 8.971572 89.522156
v 53.745956 0.964835 83.621414
v 53.745956 0.964835 89.621414
v 53.745956 15.964836 83.621414
v 47.745964 0.964835 83.621414
v 47.745964 15.964836 83.621414
v 47.745964 0.964835 89.621414
v 47.745964 15.964836 89.621414
v 53.745956 15.964836 89.621414
v 61.827301 0.190985 75.588821
v 61.827301 0.190985 81.588821
v 61.827301 5.890985 75.588821
v 56.827301 0.190985 75.588821
v 56.827301 5.890985 75.588821
v 56.827301 0.190985 81.588821
v 56.827301 5.890985 81.588821
v 61.827301 5.890985 81.588821
v 54.751175 0.055526 75.588821
v 54.751175 0.055526 81.588821
v 54.751175 11.055527 75.588821
v 46.751175 0.055526 75.588821
v 46.751175 11.055527 75.588821
v 46.751175 0.055526 81.588821
v 46.751175 11.055527 81.588821
v 54.751175 11.055527 81.588821
v 54.751175 0.055526 75.588821
v 54.751175 0.055526 81.588821
v 54.751175 11.055527 75.588821
v 46.751175 0.055526 75.588821
v 46.751175 11.055527 75.588821
v 46.751175 0.055526 81.588821
v 46.751175 11.055527 81.588821
v 54.751175 11.055527 81.588821
v 24.584763 0.971572 47.108494
v 24.584763 0.971572 53.108494
v 24.584763 12.971571 47.108494
v 18.584770 0.971572 47.108498
v 18.584770 12.971571 47.108498
v 18.584763 12.971571 53.108494
v 24.584763 12.971571 53.108494
v 18.584763 0.971572 53.108494
v 42.571396 0.971572 30.217037
v 42.571396 0.971572 36.217037
v 42.571396 7.971572 30.217037
v 29.557968 0.971572 30.217033
v 29.557968 7.971572 30.217033
v 29.557968 0.971572 36.217033
v 29.557968 7.971572 36.217033
v 42.571396 7.971572 36.217037
v 49.534653 -0.017983 31.181564
v 49.534653 -0.017983 36.181564
v 49.534653 7.982017 31.181564
v 44.534653 -0.017983 31.181564
v 44.534653 7.982017 31.181564
v 44.534653 -0.017983 36.181564
v 44.534653 7.982017 36.181564
v 49.534653 7.982017 36.181564
v 27.490814 0.971572 32.180126
v 27.490814 0.971572 38.180126
v 27.490814 10.971572 32.180126
v 21.490814 0.971572 32.180126
v 21.490814 10.971572 32.180126
v 21.490814 0.971572 38.180126
v 21.490814 10.971572 38.180126
v 27.490814 10.971572 38.180126
v 19.434959 0.971572 40.003414
v 27.434959 0.971572 40.003414
v 19.434959 6.971572 40.003414
v 19.434959 0.971572 45.003414
v 19.434959 6.971572 45.003414
v 27.434959 0.971572 45.003414
v 27.434959 6.971572 45.003414
v 27.434959 6.971572 40.003414
v 44.561104 1.107030 38.119289
v 44.561104 1.107030 44.119289
v 44.561104 6.807031 38.119289
v 39.561104 1.107030 38.119289
v 39.561104 6.807031 38.119289
v 39.561104 1.107030 44.119289
v 39.561104 6.807031 44.119289
v 44.561104 6.807031 44.119289
v 37.484985 0.971572 38.119289
v 37.484985 0.971572 44.119289
v 37.484985 11.971573 38.119289
v 29.484978 0.971572 38.119289
v 29.484978 11.971573 38.119289
v 29.484978 0.971572 44.119289
v 29.484978 11.971573 44.119289
v 37.484985 11.971573 44.119289
v 52.560516 0.055526 62.183704
v 60.560516 0.055526 62.183704
v 52.560516 4.055527 62.183704
v 52.560516 0.055526 67.183701
v 52.560516 4.055527 67.183701
v 60.560516 0.055526 67.183701
v 60.560516 4.055527 67.183701
v 60.560516 4.055527 62.183704
v 58.526703 0.116128 54.114727
v 58.526703 0.116128 60.114727
v 58.526703 7.116129 54.114727
v 55.526703 0.116128 54.114727
v 55.526703 7.116129 54.114727
v 55.526703 0.116128 60.114735
v 55.526703 7.116129 60.114735
v 58.526703 7.116129 60.114727
v 28.524162 0.971572 55.172009
v 28.524162 0.971572 61.172009
v 28.524162 10.971572 55.172009
v 22.524155 0.971572 55.172009
v 22.524155 10.971572 55.172009
v 22.524155 0.971572 61.172009
v 22.524155 10.971572 61.172009
v 28.524162 10.971572 61.172009
v 45.502029 0.971572 69.181046
v 45.502029 0.971572 75.181046
v 45.502029 10.980270 69.181046
v 35.502029 0.971572 69.181046
v 35.502029 10.980270 69.181046
v 35.502029 0.971572 75.181046
v 35.502029 10.980270 75.181046
v 45.502029 10.980270 75.181046
v 33.525993 0.971572 62.251431
v 33.525993 0.971572 68.251434
v 33.525993 6.971572 62.251431
v 28.525993 0.971572 62.251431
v 28.525993 6.971572 62.251431
v 28.525993 0.971572 68.251434
v 28.525993 6.971572 68.251434
v 33.525993 6.971572 68.251434
v 26.569206 0.971572 48.232128
v 34.569206 0.971572 48.232128
v 26.569206 4.971572 48.232128
v 26.569206 0.971572 53.232128
v 26.569206 4.971572 53.232128
v 34.569206 0.971572 53.232128
v 34.569206 4.971572 53.232128
v 34.569206 4.971572 48.232128
v 35.556305 0.971572 62.233364
v 43.556313 0.971572 62.233364
v 35.556305 4.971572 62.233364
v 35.556305 0.971572 67.233368
v 35.556305 4.971572 67.233368
v 43.556313 0.971572 67.233368
v 43.556313 4.971572 67.233368
v 43.556313 4.971572 62.233364
v 35.482269 0.971572 55.281338
v 35.482269 0.971572 60.281338
v 35.482269 8.971572 55.281338
v 30.482269 0.971572 55.281338
v 30.482269 8.971572 55.281338
v 30.482269 0.971572 60.281338
v 30.482269 8.971572 60.281338
v 35.482269 8.971572 60.281338
v 50.564728 0.055526 61.188282
v 50.564728 0.055526 66.188278
v 50.564728 8.055527 61.188282
v 45.564728 0.055526 61.188282
v 45.564728 8.055527 61.188282
v 45.564728 0.055526 66.188278
v 45.564728 8.055527 66.188278
v 50.564728 8.055527 66.188278
v 45.412231 0.055526 54.265659
v 53.412231 0.055526 54.265659
v 45.412231 4.055527 54.265659
v 45.412231 0.055526 59.265659
v 45.412231 4.055527 59.265659
v 53.412231 0.055526 59.265659
v 53.412231 4.055527 59.265659
v 53.412231 4.055527 54.265659
v 43.492767 0.964835 54.186619
v 43.492767 0.964835 60.186619
v 43.492767 15.964836 54.186619
v 37.492775 0.964835 54.186619
v 37.492775 15.964836 54.186619
v 37.492775 0.964835 60.186619
v 37.492775 15.964836 60.186619
v 43.492767 15.964836 60.186619
v 51.331635 0.190985 46.348003
v 51.331635 0.190985 52.348003
v 51.331635 5.890985 46.348003
v 46.331635 0.190985 46.348003
v 46.331635 5.890985 46.348003
v 46.331635 0.190985 52.348003
v 46.331635 5.890985 52.348003
v 51.331635 5.890985 52.348003
v 44.255508 0.971572 46.348003
v 44.255516 0.971572 52.348003
v 44.255508 11.971573 46.348003
v 36.255516 0.971572 46.348003
v 36.255516 11.971573 46.348003
v 36.255516 0.971572 52.348003
v 36.255516 11.971573 52.348003
v 44.255516 11.971573 52.348003
v 44.255508 0.971572 46.348003
v 44.255516 0.971572 52.348003
v 44.255508 11.971573 46.348003
v 36.255516 0.971572 46.348003
v 36.255516 11.971573 46.348003
v 36.255516 0.971572 52.348003
v 36.255516 11.971573 52.348003
v 44.255516 11.971573 52.348003
v 53.296112 0.055526 39.236443
v 53.296112 0.055526 45.236439
v 53.296112 10.055527 39.236443
v 47.296127 0.055526 39.236443
v 47.296127 10.055527 39.236443
v 47.296127 0.055526 45.236439
v 47.296127 10.055527 45.236439
v 53.296112 10.055527 45.236439
v 70.515793 0.055526 54.230869
v 70.515793 0.055526 60.230869
v 70.515793 15.055527 54.230869
v 60.515793 0.055526 54.230869
v 60.515793 15.055527 54.230869
v 60.515793 0.055526 60.230869
v 60.515793 15.055527 60.230869
v 70.515793 15.055527 60.230869
v 58.514145 0.055526 47.306057
v 58.514145 0.055526 53.306057
v 58.514145 6.055527 47.306057
v 53.514145 0.055526 47.306057
v 53.514145 6.055527 47.306057
v 53.514145 0.055526 53.306057
v 53.514145 6.055527 53.306057
v 58.514145 6.055527 53.306057
v 51.485977 0.055526 33.087971
v 59.485977 0.055526 33.087971
v 51.485977 4.055527 33.087971
v 51.485977 0.055526 38.087971
v 51.485977 4.055527 38.087971
v 59.485977 0.055526 38.087971
v 59.485977 4.055527 38.087971
v 59.485977 4.055527 33.087971
v 60.485992 0.055526 47.229519
v 68.485992 0.055526 47.229519
v 60.485992 4.055527 47.229519
v 60.485992 0.055526 52.229519
v 60.485992 4.055527 52.229519
v 68.485992 0.055526 52.229519
v 68.485992 4.055527 52.229519
v 68.485992 4.055527 47.229519
v 60.429352 0.055526 40.137177
v 60.429352 0.055526 45.137177
v 60.429352 8.055527 40.137177
v 55.429352 0.055526 40.137177
v 55.429352 8.055527 40.137177
v 55.429352 0.055526 45.137177
v 55.429352 8.055527 45.137177
v 60.429352 8.055527 45.137177
v 75.626999 0.055526 46.165356
v 75.626999 0.055526 51.165348
v 75.626999 8.055527 46.165356
v 70.626999 0.055526 46.165348
v 70.626999 8.055527 46.165348
v 70.626999 0.055526 51.165348
v 70.626999 8.055527 51.165348
v 75.626999 8.055527 51.165348
v 70.692719 0.055526 39.121502
v 78.692719 0.055526 39.121502
v 70.692719 4.055527 39.121502
v 70.692719 0.055526 44.121502
v 70.692719 4.055527 44.121502
v 78.692719 0.055526 44.121502
v 78.692719 4.055527 44.121502
v 78.692719 4.055527 39.121502
v 68.530777 0.048790 39.236439
v 68.530777 0.048790 45.236439
v 68.530777 9.311422 39.236439
v 62.530792 0.048790 39.236443
v 62.530792 9.311422 39.236443
v 62.530792 0.048790 45.236439
v 62.530792 9.311422 45.236439
v 68.530777 9.311422 45.236439
v 76.612122 0.190985 31.203846
v 76.612122 0.190985 37.203846
v 76.612122 5.890985 31.203846
v 71.612122 0.190985 31.203846
v 71.612122 5.890985 31.203846
v 71.612122 0.190985 37.203846
v 71.612122 5.890985 37.203846
v 76.612122 5.890985 37.203846
v 69.535995 0.055526 31.203846
v 69.535995 0.055526 37.203846
v 69.535995 11.055527 31.203846
v 61.535995 0.055526 31.203846
v 61.535995 11.055527 31.203846
v 61.535995 0.055526 37.203846
v 61.535995 11.055527 37.203846
v 69.535995 11.055527 37.203846
v 69.535995 0.055526 31.203846
v 69.535995 0.055526 37.203846
v 69.535995 11.055527 31.203846
v 61.535995 0.055526 31.203846
v 61.535995 11.055527 31.203846
v 61.535995 0.055526 37.203846
v 61.535995 11.055527 37.203846
v 69.535995 11.055527 37.203846
v -36.618820 0.971572 44.311619
v -36.618820 6.971572 44.311619
v -28.618820 0.971572 44.311619
v -28.618820 6.971572 44.311619
v -36.618820 0.971572 49.311619
v -36.618820 6.971572 49.311619
v -28.618820 0.971572 49.311619
v -28.618820 6.971572 49.311619
v -44.540565 -0.168396 75.256485
v -44.540565 -0.168396 81.256485
v -44.540565 11.831604 75.256485
v -50.540565 -0.168396 75.256485
v -50.540565 11.831604 75.256485
v -50.540565 -0.168396 81.256485
v -50.540565 11.831604 81.256485
v -44.540565 11.831604 81.256485
v -26.553932 0.971572 58.365009
v -26.553932 0.971572 64.365005
v -26.553932 7.971572 58.365009
v -39.567360 0.971572 58.365009
v -39.567360 7.971572 58.365009
v -39.567360 0.971572 64.365005
v -39.567360 7.971572 64.365005
v -26.553932 7.971572 64.365005
v -49.168991 -0.168396 60.391033
v -49.168991 -0.168396 65.391037
v -49.168991 7.831604 60.391033
v -53.168991 -0.168396 60.391033
v -53.168991 7.831604 60.391033
v -53.168991 -0.168396 65.391037
v -53.168991 7.831604 65.391037
v -49.168991 7.831604 65.391037
v -41.634514 -0.168396 60.328098
v -41.634514 -0.168396 66.328110
v -41.634514 9.831604 60.328098
v -47.634514 -0.168396 60.328098
v -47.634514 9.831604 60.328098
v -47.634514 -0.168396 66.328110
v -47.634514 9.831604 66.328110
v -41.634514 9.831604 66.328110
v -49.690369 -0.168396 68.151398
v -41.690365 -0.168396 68.151398
v -49.690369 5.831604 68.151398
v -49.690369 -0.168396 73.151398
v -49.690369 5.831604 73.151398
v -41.690365 -0.168396 73.151398
v -41.690365 5.831604 73.151398
v -41.690365 5.831604 68.151398
v -24.564220 1.107030 66.267273
v -24.564220 1.107030 72.267273
v -24.564220 6.807031 66.267273
v -29.564220 1.107030 66.267273
v -29.564220 6.807031 66.267273
v -29.564220 1.107030 72.267273
v -29.564220 6.807031 72.267273
v -24.564220 6.807031 72.267273
v -31.640347 0.971572 66.267273
v -31.640347 0.971572 72.267273
v -31.640347 11.971573 66.267273
v -39.640347 0.971572 66.267273
v -39.640347 11.971573 66.267273
v -39.640347 0.971572 72.267273
v -39.640347 11.971573 72.267273
v -31.640347 11.971573 72.267273
v -35.678986 0.971572 51.271854
v -27.678986 0.971572 51.271854
v -35.678986 4.971572 51.271854
v -35.678986 0.971572 56.271854
v -35.678986 4.971572 56.271854
v -27.678986 0.971572 56.271854
v -27.678986 4.971572 56.271854
v -27.678986 4.971572 51.271854
v -54.683777 -0.107794 66.484253
v -54.683777 -0.107794 72.484253
v -54.683777 6.892206 66.484253
v -57.683777 -0.107794 66.484253
v -57.683777 6.892206 66.484253
v -57.683777 -0.107794 72.484253
v -57.683777 6.892206 72.484253
v -54.683777 6.892206 72.484253
v -40.601166 -0.168396 83.319992
v -40.601166 -0.168396 89.319992
v -40.601166 9.831604 83.319992
v -46.601166 -0.168396 83.319992
v -46.601166 9.831604 83.319992
v -46.601166 -0.168396 89.319992
v -46.601166 9.831604 89.319992
v -40.601166 9.831604 89.319992
v -35.599342 -0.168396 90.399399
v -35.599339 -0.168396 96.399399
v -35.599342 5.831604 90.399399
v -40.599342 -0.168396 90.399399
v -40.599342 5.831604 90.399399
v -40.599339 -0.168396 96.399399
v -40.599339 5.831604 96.399399
v -35.599339 5.831604 96.399399
v -42.556122 -0.168396 76.380112
v -34.556122 -0.168396 76.380096
v -42.556122 3.831604 76.380112
v -42.556122 -0.168396 81.380112
v -42.556122 3.831604 81.380112
v -34.556122 -0.168396 81.380096
v -34.556122 3.831604 81.380096
v -34.556122 3.831604 76.380096
v -33.569019 0.971572 90.381332
v -25.569016 0.971572 90.381332
v -33.569019 4.971572 90.381332
v -33.569019 0.971572 95.381332
v -33.569019 4.971572 95.381332
v -25.569016 0.971572 95.381332
v -25.569016 4.971572 95.381332
v -25.569016 4.971572 90.381332
v -33.643063 0.971572 83.429306
v -33.643063 0.971572 88.429306
v -33.643063 8.971572 83.429306
v -38.643063 0.971572 83.429306
v -38.643063 8.971572 83.429306
v -38.643063 0.971572 88.429306
v -38.643063 8.971572 88.429306
v -33.643063 8.971572 88.429306
v -37.674763 -0.168396 50.276417
v -37.674763 -0.168396 55.276417
v -37.674763 7.831604 50.276417
v -42.674763 -0.168396 50.276417
v -42.674763 7.831604 50.276417
v -42.674763 -0.168396 55.276424
v -42.674763 7.831604 55.276424
v -37.674763 7.831604 55.276417
v -25.632557 0.964835 82.334595
v -25.632557 0.964835 88.334595
v -25.632557 15.964836 82.334595
v -31.632553 0.964835 82.334595
v -31.632553 15.964836 82.334595
v -31.632553 0.964835 88.334595
v -31.632553 15.964836 88.334595
v -25.632557 15.964836 88.334595
v -24.869812 0.971572 74.495987
v -24.869812 0.971572 80.495972
v -24.869812 11.971573 74.495987
v -32.869812 0.971572 74.495987
v -32.869812 11.971573 74.495987
v -32.869812 0.971572 80.495972
v -32.869812 11.971573 80.495972
v -24.869812 11.971573 80.495972
v -24.869812 0.971572 74.495987
v -24.869812 0.971572 80.495972
v -24.869812 11.971573 74.495987
v -32.869812 0.971572 74.495987
v -32.869812 11.971573 74.495987
v -32.869812 0.971572 80.495972
v -32.869812 11.971573 80.495972
v -24.869812 11.971573 80.495972
v -47.659851 -0.168396 88.335709
v -47.692989 -0.168396 96.335648
v -47.659851 3.831604 88.335709
v -52.659805 -0.168396 88.315002
v -52.659805 3.831604 88.315002
v -52.692951 -0.168396 96.314926
v -52.692951 3.831604 96.314926
v -47.692989 3.831604 96.335648
v -46.750038 -0.168396 91.535873
v -41.750042 -0.168396 91.535873
v -46.750038 7.831604 91.535873
v -46.750038 -0.168396 96.535873
v -46.750038 7.831604 96.535873
v -41.750038 -0.168396 96.535873
v -41.750038 7.831604 96.535873
v -41.750042 7.831604 91.535873
v -54.408123 -0.168396 88.738159
v -54.408123 -0.168396 93.738159
v -54.408123 7.831604 88.738159
v -59.408123 -0.168396 88.738159
v -59.408123 7.831604 88.738159
v -59.408123 -0.168396 93.738159
v -59.408123 7.831604 93.738159
v -54.408123 7.831604 93.738159
v -59.342407 -0.168396 81.694305
v -51.342407 -0.168396 81.694305
v -59.342407 3.831604 81.694305
v -59.342407 -0.168396 86.694305
v -59.342407 3.831604 86.694305
v -51.342407 -0.168396 86.694305
v -51.342407 3.831604 86.694305
v -51.342407 3.831604 81.694305
v -53.422997 -0.032938 73.776642
v -53.422997 -0.032938 79.776642
v -53.422997 5.667063 73.776642
v -58.422997 -0.032938 73.776642
v -58.422997 5.667063 73.776642
v -58.422997 -0.032938 79.776642
v -58.422997 5.667063 79.776642
v -53.422997 5.667063 79.776642
v -62.689789 -0.168396 60.371532
v -54.689789 -0.168396 60.371532
v -62.689789 3.831604 60.371532
v -62.689789 -0.168396 65.371536
v -62.689789 3.831604 65.371536
v -54.689789 -0.168396 65.371536
v -54.689789 3.831604 65.371536
v -54.689789 3.831604 60.371532
v -56.723587 -0.107794 52.302555
v -56.723587 -0.107794 58.302555
v -56.723587 6.892206 52.302555
v -59.723587 -0.107794 52.302555
v -59.723587 6.892206 52.302555
v -59.723587 -0.107794 58.302555
v -59.723587 6.892206 58.302555
v -56.723587 6.892206 58.302555
v -44.734501 -0.168396 52.418697
v -44.734501 -0.168396 58.418697
v -44.734501 14.831604 52.418697
v -54.734509 -0.168396 52.418697
v -54.734509 14.831604 52.418697
v -54.734505 -0.168396 58.418697
v -54.734505 14.831604 58.418697
v -44.734501 14.831604 58.418697
v -56.736160 -0.168396 45.493885
v -56.736160 -0.168396 51.493885
v -56.736160 5.831604 45.493885
v -61.736160 -0.168396 45.493885
v -61.736160 5.831604 45.493885
v -61.736160 -0.168396 51.493885
v -61.736160 5.831604 51.493885
v -56.736160 5.831604 51.493885
v -63.764317 -0.168396 31.275799
v -55.764317 -0.168396 31.275799
v -63.764317 3.831604 31.275799
v -63.764317 -0.168396 36.275799
v -63.764317 3.831604 36.275799
v -55.764317 -0.168396 36.275799
v -55.764317 3.831604 36.275799
v -55.764317 3.831604 31.275799
v -54.764305 -0.168396 45.417347
v -46.764305 -0.168396 45.417347
v -54.764305 3.831604 45.417347
v -54.764305 -0.168396 50.417347
v -54.764305 3.831604 50.417347
v -46.764305 -0.168396 50.417347
v -46.764305 3.831604 50.417347
v -46.764305 3.831604 45.417347
v -54.820950 -0.168396 38.325005
v -54.820950 -0.168396 43.325005
v -54.820950 7.831604 38.325005
v -59.820953 -0.168396 38.325005
v -59.820953 7.831604 38.325005
v -59.820953 -0.168396 43.325005
v -59.820953 7.831604 43.325005
v -54.820950 7.831604 43.325005
v -39.623302 -0.168396 44.353184
v -39.623302 -0.168396 49.353184
v -39.623302 7.831604 44.353184
v -44.623302 -0.168396 44.353176
v -44.623302 7.831604 44.353176
v -44.623302 -0.168396 49.353184
v -44.623302 7.831604 49.353184
v -39.623302 7.831604 49.353184
v -44.557587 -0.168396 37.309330
v -36.557587 -0.168396 37.309330
v -44.557587 3.831604 37.309330
v -44.557583 -0.168396 42.309330
v -44.557583 3.831604 42.309330
v -36.557587 -0.168396 42.309330
v -36.557587 3.831604 42.309330
v -36.557587 3.831604 37.309330
v -46.719513 -0.175132 37.424267
v -46.719513 -0.175132 43.424267
v -46.719513 9.087500 37.424267
v -52.719513 -0.175132 37.424271
v -52.719513 9.087500 37.424271
v -52.719513 -0.175132 43.424267
v -52.719513 9.087500 43.424267
v -46.719513 9.087500 43.424267
v -38.638176 -0.032938 29.391674
v -38.638176 -0.032938 35.391674
v -38.638176 5.667063 29.391674
v -43.638176 -0.032938 29.391674
v -43.638176 5.667063 29.391674
v -43.638176 -0.032938 35.391674
v -43.638176 5.667063 35.391674
v -38.638176 5.667063 35.391674
v -45.714302 -0.168396 29.391674
v -45.714302 -0.168396 35.391674
v -45.714302 10.831604 29.391674
v -53.714298 -0.168396 29.391674
v -53.714298 10.831604 29.391674
v -53.714298 -0.168396 35.391674
v -53.714298 10.831604 35.391674
v -45.714302 10.831604 35.391674
v -45.714302 -0.168396 29.391674
v -45.714302 -0.168396 35.391674
v -45.714302 10.831604 29.391674
v -53.714298 -0.168396 29.391674
v -53.714298 10.831604 29.391674
v -53.714298 -0.168396 35.391674
v -53.714298 10.831604 35.391674
v -45.714302 10.831604 35.391674
v -4.380203 0.000000 69.808319
v -4.380203 6.000001 69.808319
v 3.619797 0.000000 69.808319
v 3.619797 6.000001 69.808319
v -4.380203 0.000000 74.808319
v -4.380203 6.000001 74.808319
v 3.619797 0.000000 74.808319
v 3.619797 6.000001 74.808319
v -3.440361 0.000000 76.768555
v 4.559647 0.000000 76.768555
v -3.440361 4.000001 76.768555
v -3.440361 0.000000 81.768555
v -3.440361 4.000001 81.768555
v 4.559647 0.000000 81.768555
v 4.559647 4.000001 81.768555
v 4.559647 4.000001 76.768555
v -5.436142 0.000000 75.773117
v -5.436142 0.000000 80.773117
v -5.436142 8.000001 75.773117
v -10.436142 0.000000 75.773117
v -10.436142 8.000001 75.773117
v -10.436142 0.000000 80.773132
v -10.436142 8.000001 80.773132
v -5.436142 8.000001 80.773117
v 3.605927 0.135459 60.932858
v 3.605927 0.135459 66.932861
v 3.605927 5.835460 60.932858
v -1.394066 0.135459 60.932858
v -1.394066 5.835460 60.932858
v -1.394073 5.835460 66.932861
v 3.605927 5.835460 66.932861
v -1.394073 0.135459 66.932861
v -12.495880 0.000000 77.915405
v -12.495880 0.000000 83.915405
v -12.495880 15.000000 77.915405
v -22.495888 0.000000 77.915405
v -22.495888 15.000000 77.915405
v -22.495888 0.000000 83.915405
v -22.495888 15.000000 83.915405
v -12.495880 15.000000 83.915405
v -22.525681 0.000000 70.914047
v -14.525681 0.000000 70.914047
v -22.525681 4.000001 70.914047
v -22.525681 0.000000 75.914047
v -22.525681 4.000001 75.914047
v -14.525681 0.000000 75.914047
v -14.525681 4.000001 75.914047
v -14.525681 4.000001 70.914047
v -7.384682 0.000000 69.849884
v -7.384682 0.000000 74.849884
v -7.384682 8.000001 69.849884
v -12.384682 0.000000 69.849884
v -12.384682 8.000001 69.849884
v -12.384682 0.000000 74.849884
v -12.384682 8.000001 74.849884
v -7.384682 8.000001 74.849884
v -12.318962 0.000000 62.806034
v -4.318962 0.000000 62.806034
v -12.318962 4.000001 62.806034
v -12.318962 0.000000 67.806030
v -12.318962 4.000001 67.806030
v -4.318962 0.000000 67.806030
v -4.318962 4.000001 67.806030
v -4.318962 4.000001 62.806034
v -14.480896 -0.006736 62.920971
v -14.480888 -0.006736 68.920975
v -14.480896 9.255898 62.920971
v -20.480888 -0.006736 62.920979
v -20.480888 9.255898 62.920979
v -20.480888 -0.006736 68.920975
v -20.480888 9.255898 68.920975
v -14.480888 9.255898 68.920975
v -6.399551 0.135459 54.888378
v -6.399551 0.135459 60.888378
v -6.399551 5.835460 54.888378
v -11.399551 0.135459 54.888378
v -11.399551 5.835460 54.888378
v -11.399551 0.135459 60.888378
v -11.399551 5.835460 60.888378
v -6.399551 5.835460 60.888378
v -13.475677 0.000000 54.888378
v -13.475677 0.000000 60.888378
v -13.475677 11.000000 54.888378
v -21.475677 0.000000 54.888378
v -21.475677 11.000000 54.888378
v -21.475677 0.000000 60.888378
v -21.475677 11.000000 60.888378
v -13.475677 11.000000 60.888378
v -13.475677 0.000000 54.888378
v -13.475677 0.000000 60.888378
v -13.475677 11.000000 54.888378
v -21.475677 0.000000 54.888378
v -21.475677 11.000000 54.888378
v -21.475677 0.000000 60.888378
v -21.475677 11.000000 60.888378
v -13.475677 11.000000 60.888378
v -6.245972 0.000000 44.206341
v -6.245972 0.000000 52.206341
v -6.245972 4.000000 44.206341
v -11.245972 0.000000 44.206341
v -11.245972 4.000000 44.206341
v -11.245972 0.000000 52.206341
v -11.245972 4.000000 52.206341
v -6.245972 4.000000 52.206341
v 2.550644 0.971571 42.972504
v 2.550644 0.971571 59.572498
v 2.550644 1.607439 42.972504
v -5.049362 0.971571 42.972504
v -5.049362 1.607439 42.972504
v -5.049362 0.971571 59.572498
v -5.049362 1.607439 59.572498
v 2.550644 1.607439 59.572498
v 2.136414 -0.228739 84.503998
v 2.136414 -0.228739 90.503998
v 2.136414 1.919617 84.503998
v -10.877014 -0.228739 84.503998
v -10.877014 1.919617 84.503998
v -10.877014 -0.228739 90.503998
v -10.877014 1.919617 90.503998
v 2.136414 1.919617 90.503998
v -20.478645 -0.228739 86.530029
v -20.478645 -0.228739 91.530029
v -20.478645 2.919617 86.530029
v -24.478645 -0.228739 86.530029
v -24.478645 2.919617 86.530029
v -24.478645 -0.228739 91.530029
v -24.478645 2.919617 91.530029
v -20.478645 2.919617 91.530029
v -12.944168 -0.228739 86.467087
v -12.944168 -0.228739 92.467102
v -12.944168 4.919616 86.467087
v -18.944168 -0.228739 86.467087
v -18.944168 4.919616 86.467087
v -18.944168 -0.228739 92.467102
v -18.944168 4.919616 92.467102
v -12.944168 4.919616 92.467102
v -21.000015 -0.228739 94.290390
v -13.000015 -0.228739 94.290390
v -21.000015 0.919617 94.290390
v -21.000015 -0.228739 99.290390
v -21.000015 0.919617 99.290390
v -13.000015 -0.228739 99.290390
v -13.000015 0.919617 99.290390
v -13.000015 0.919617 94.290390
v 3.348503 0.005076 92.406265
v 3.348503 0.005076 98.406265
v 3.348503 0.755076 92.406265
v -1.651497 0.005076 92.406265
v -1.651497 0.755076 92.406265
v -1.651497 0.005076 98.406265
v -1.651497 0.755076 98.406265
v 3.348503 0.755076 98.406265
v -2.949997 -0.228739 92.406265
v -2.949997 -0.228739 98.406265
v -2.949997 5.919617 92.406265
v -10.949997 -0.228739 92.406265
v -10.949997 5.919617 92.406265
v -10.949997 -0.228739 98.406265
v -10.949997 5.919617 98.406265
v -2.949997 5.919617 98.406265
v -59.683239 0.000000 18.825943
v -59.683239 6.000001 18.825943
v -59.683239 0.000000 26.825943
v -59.683239 6.000001 26.825943
v -64.683243 0.000000 18.825943
v -64.683243 6.000001 18.825943
v -64.683243 0.000000 26.825943
v -64.683243 6.000001 26.825943
v -66.643471 -1.266345 19.765781
v -66.643471 -1.266345 27.765781
v -66.643471 2.733656 19.765781
v -71.643471 -1.266345 19.765781
v -71.643471 2.733656 19.765781
v -71.643471 -1.266345 27.765781
v -71.643471 2.733656 27.765781
v -66.643471 2.733656 27.765781
v -65.648041 -1.266345 17.770004
v -70.648041 -1.266345 17.770004
v -65.648041 6.733656 17.770004
v -65.648041 -1.266345 12.770004
v -65.648041 6.733656 12.770004
v -70.648041 -1.266345 12.770004
v -70.648041 6.733656 12.770004
v -70.648041 6.733656 17.770004
v -50.807770 0.135459 26.812080
v -56.807774 0.135459 26.812077
v -50.807770 5.835460 26.812080
v -50.807770 0.135459 21.812080
v -50.807770 5.835460 21.812080
v -56.807774 5.835460 21.812077
v -56.807774 5.835460 26.812077
v -56.807774 0.135459 21.812077
v -49.229000 0.000000 -50.228073
v -49.204144 0.000000 -56.228027
v -49.229000 10.000000 -50.228073
v -43.229050 0.000000 -50.203217
v -43.229050 10.000000 -50.203217
v -43.204193 10.000000 -56.203171
v -49.204144 10.000000 -56.228027
v -43.204193 0.000000 -56.203171
v -43.720604 0.000000 -47.284042
v -43.720604 0.000000 -41.284042
v -43.720604 6.000000 -47.284042
v -48.720604 0.000000 -47.284042
v -48.720604 6.000000 -47.284042
v -48.720604 0.000000 -41.284042
v -48.720604 6.000000 -41.284042
v -43.720604 6.000000 -41.284042
v -50.703186 0.000000 -42.225159
v -58.703186 0.000000 -42.225159
v -50.703186 4.000001 -42.225159
v -50.703186 0.000000 -47.225159
v -50.703186 4.000001 -47.225159
v -58.703186 0.000000 -47.225159
v -58.703186 4.000001 -47.225159
v -58.703186 4.000001 -42.225159
v -57.220078 0.000000 -51.220505
v -65.220078 0.000000 -51.220505
v -57.220078 4.000001 -51.220505
v -57.220078 0.000000 -56.220505
v -57.220078 4.000001 -56.220505
v -65.220078 0.000000 -56.220505
v -65.220078 4.000001 -56.220505
v -65.220078 4.000001 -51.220505
v -60.741844 0.000000 -49.240738
v -60.741844 0.000000 -43.240738
v -60.741844 11.000000 -49.240738
v -68.741844 0.000000 -49.240738
v -68.741844 11.000000 -49.240738
v -68.741844 0.000000 -43.240738
v -68.741844 11.000000 -43.240738
v -60.741844 11.000000 -43.240738
v -78.816238 0.000000 -39.249546
v -78.791382 0.000000 -45.249496
v -78.816238 11.000000 -39.249546
v -70.816307 0.000000 -39.216404
v -70.816307 11.000000 -39.216404
v -70.791451 11.000000 -45.216354
v -78.791382 11.000000 -45.249496
v -70.791451 0.000000 -45.216354
v -60.667946 0.000000 -35.220768
v -66.667946 0.000000 -35.220768
v -60.667946 12.000001 -35.220768
v -60.667946 0.000000 -41.220764
v -60.667946 12.000001 -41.220764
v -66.667946 12.000001 -41.220772
v -66.667946 12.000001 -35.220768
v -66.667946 0.000000 -41.220772
v -43.776485 0.000000 -17.234138
v -49.776485 0.000000 -17.234138
v -43.776485 7.000000 -17.234138
v -43.776482 0.000000 -30.247566
v -43.776482 7.000000 -30.247566
v -49.776482 0.000000 -30.247566
v -49.776482 7.000000 -30.247566
v -49.776485 7.000000 -17.234138
v -44.741013 0.000000 -10.270873
v -49.741013 0.000000 -10.270873
v -44.741013 8.000001 -10.270873
v -44.741013 0.000000 -15.270873
v -44.741013 8.000001 -15.270873
v -49.741013 0.000000 -15.270873
v -49.741013 8.000001 -15.270873
v -49.741013 8.000001 -10.270873
v -45.739571 0.000000 -32.314716
v -51.739574 0.000000 -32.314716
v -45.739571 10.000000 -32.314716
v -45.739571 0.000000 -38.314716
v -45.739571 10.000000 -38.314716
v -51.739574 0.000000 -38.314716
v -51.739574 10.000000 -38.314716
v -51.739574 10.000000 -32.314716
v -53.562862 0.000000 -40.370567
v -53.562862 0.000000 -32.370567
v -53.562862 6.000000 -40.370567
v -58.562862 0.000000 -40.370567
v -58.562862 6.000000 -40.370567
v -58.562862 0.000000 -32.370567
v -58.562862 6.000000 -32.370567
v -53.562862 6.000000 -32.370567
v -51.678741 0.135459 -15.244422
v -57.678738 0.135459 -15.244422
v -51.678741 5.835460 -15.244422
v -51.678741 0.135459 -20.244423
v -51.678741 5.835460 -20.244423
v -57.678738 0.135459 -20.244423
v -57.678738 5.835460 -20.244423
v -57.678738 5.835460 -15.244422
v -51.678741 0.000000 -22.320549
v -57.678738 0.000000 -22.320549
v -51.678741 11.000000 -22.320549
v -51.678738 0.000000 -30.320549
v -51.678738 11.000000 -30.320549
v -57.678738 0.000000 -30.320549
v -57.678738 11.000000 -30.320549
v -57.678738 11.000000 -22.320549
v -67.674179 -1.205742 -1.278821
v -73.674179 -1.205742 -1.278821
v -67.674179 5.794258 -1.278821
v -67.674179 -1.205742 -4.278821
v -67.674179 5.794258 -4.278821
v -73.674179 -1.205742 -4.278821
v -73.674179 5.794258 -4.278821
v -73.674179 5.794258 -1.278821
v -68.731453 0.000000 -31.281368
v -74.731453 0.000000 -31.281368
v -68.731453 10.000000 -31.281368
v -68.731453 0.000000 -37.281368
v -68.731453 10.000000 -37.281368
v -74.731453 0.000000 -37.281368
v -74.731453 10.000000 -37.281368
v -74.731453 10.000000 -31.281368
v -61.791580 0.000000 -33.236324
v -61.791580 0.000000 -25.236324
v -61.791580 4.000001 -33.236324
v -66.791580 0.000000 -33.236324
v -66.791580 4.000001 -33.236324
v -66.791580 0.000000 -25.236324
v -66.791580 4.000001 -25.236324
v -61.791580 4.000001 -25.236324
v -68.840782 0.000000 -24.323265
v -73.840782 0.000000 -24.323265
v -68.840782 8.000001 -24.323265
v -68.840782 0.000000 -29.323265
v -68.840782 8.000001 -29.323265
v -73.840782 0.000000 -29.323265
v -73.840782 8.000001 -29.323265
v -73.840782 8.000001 -24.323265
v -67.825111 -1.266345 -14.393302
v -67.825111 -1.266345 -6.393302
v -67.825111 2.733656 -14.393302
v -72.825111 -1.266345 -14.393302
v -72.825111 2.733656 -14.393302
v -72.825111 -1.266345 -6.393302
v -72.825111 2.733656 -6.393302
v -67.825111 2.733656 -6.393302
v -67.746071 -0.006736 -16.312759
v -73.746071 -0.006736 -16.312759
v -67.746071 14.993263 -16.312759
v -67.746071 -0.006736 -22.312759
v -67.746071 14.993263 -22.312759
v -73.746071 -0.006736 -22.312759
v -73.746071 14.993263 -22.312759
v -73.746071 14.993263 -16.312759
v -59.907452 0.135459 -8.473891
v -65.907455 0.135459 -8.473891
v -59.907452 5.835460 -8.473891
v -59.907452 0.135459 -13.473891
v -59.907452 5.835460 -13.473891
v -65.907455 0.135459 -13.473891
v -65.907455 5.835460 -13.473891
v -65.907455 5.835460 -8.473891
v -59.907452 0.000000 -15.550017
v -65.907455 0.000000 -15.550017
v -59.907452 11.000000 -15.550017
v -59.907452 0.000000 -23.550018
v -59.907452 11.000000 -23.550018
v -65.907455 0.000000 -23.550018
v -65.907455 11.000000 -23.550018
v -65.907455 11.000000 -15.550017
v -59.907452 0.000000 -15.550017
v -65.907455 0.000000 -15.550017
v -59.907452 11.000000 -15.550017
v -59.907452 0.000000 -23.550018
v -59.907452 11.000000 -23.550018
v -65.907455 0.000000 -23.550018
v -65.907455 11.000000 -23.550018
v -65.907455 11.000000 -15.550017
v -52.795891 0.000000 -6.509406
v -58.795891 0.000000 -6.509406
v -52.795891 10.000000 -6.509406
v -52.795891 0.000000 -12.509406
v -52.795891 10.000000 -12.509406
v -58.795891 0.000000 -12.509406
v -58.795891 10.000000 -12.509406
v -58.795891 10.000000 -6.509406
v -67.790321 -1.266345 10.710266
v -73.790321 -1.266345 10.710266
v -67.790321 13.733656 10.710266
v -67.790321 -1.266345 0.710259
v -67.790321 13.733656 0.710259
v -73.790321 -1.266345 0.710259
v -73.790321 13.733656 0.710259
v -73.790321 13.733656 10.710266
v -60.865509 0.000000 -1.291392
v -66.865509 0.000000 -1.291392
v -60.865509 6.000000 -1.291392
v -60.865509 0.000000 -6.291392
v -60.865509 6.000000 -6.291392
v -66.865509 0.000000 -6.291392
v -66.865509 6.000000 -6.291392
v -66.865509 6.000000 -1.291392
v -46.647419 0.000000 -8.319549
v -46.647419 0.000000 -0.319549
v -46.647419 4.000001 -8.319549
v -51.647419 0.000000 -8.319549
v -51.647419 4.000001 -8.319549
v -51.647419 0.000000 -0.319549
v -51.647419 4.000001 -0.319549
v -46.647419 4.000001 -0.319549
v -60.788967 0.000000 0.680463
v -60.788967 0.000000 8.680462
v -60.788967 4.000001 0.680463
v -65.788971 0.000000 0.680463
v -65.788971 4.000001 0.680463
v -65.788971 0.000000 8.680462
v -65.788971 4.000001 8.680462
v -60.788967 4.000001 8.680462
v -53.696625 0.000000 0.623816
v -58.696625 0.000000 0.623816
v -53.696625 8.000001 0.623816
v -53.696625 0.000000 -4.376184
v -53.696625 8.000001 -4.376184
v -58.696625 0.000000 -4.376184
v -58.696625 8.000001 -4.376184
v -58.696625 8.000001 0.623816
v -59.724804 0.000000 15.821465
v -64.724800 0.000000 15.821465
v -59.724804 8.000001 15.821465
v -59.724800 0.000000 10.821465
v -59.724800 8.000001 10.821465
v -64.724800 0.000000 10.821465
v -64.724800 8.000001 10.821465
v -64.724800 8.000001 15.821465
v -52.680950 0.000000 10.887184
v -52.680950 0.000000 18.887180
v -52.680950 4.000001 10.887184
v -57.680950 0.000000 10.887184
v -57.680950 4.000001 10.887184
v -57.680950 0.000000 18.887180
v -57.680950 4.000001 18.887180
v -52.680950 4.000001 18.887180
v -52.795891 -0.006736 8.725254
v -58.795891 -0.006736 8.725254
v -52.795891 9.255898 8.725254
v -52.795891 -0.006736 2.725254
v -52.795891 9.255898 2.725254
v -58.795891 -0.006736 2.725254
v -58.795891 9.255898 2.725254
v -58.795891 9.255898 8.725254
v -44.763294 0.135459 16.806595
v -50.763294 0.135459 16.806595
v -44.763294 5.835460 16.806595
v -44.763294 0.135459 11.806595
v -44.763294 5.835460 11.806595
v -50.763294 0.135459 11.806595
v -50.763294 5.835460 11.806595
v -50.763294 5.835460 16.806595
v -44.763298 0.000000 9.730469
v -50.763294 0.000000 9.730469
v -44.763298 11.000000 9.730469
v -44.763294 0.000000 1.730469
v -44.763294 11.000000 1.730469
v -50.763294 0.000000 1.730469
v -50.763294 11.000000 1.730469
v -50.763294 11.000000 9.730469
v -44.763298 0.000000 9.730469
v -50.763294 0.000000 9.730469
v -44.763298 11.000000 9.730469
v -44.763294 0.000000 1.730469
v -44.763294 11.000000 1.730469
v -50.763294 0.000000 1.730469
v -50.763294 11.000000 1.730469
v -50.763294 11.000000 9.730469
v -49.572067 -0.228739 21.592102
v -41.572067 -0.228739 21.592102
v -49.572067 0.919617 21.592102
v -49.572067 -0.228739 26.592102
v -49.572067 0.919617 26.592102
v -41.572067 -0.228739 26.592102
v -41.572067 0.919617 26.592102
v -41.572067 0.919617 21.592102
v 56.808884 0.000000 28.060764
v 51.808884 0.000000 28.060764
v 56.808884 8.000001 28.060764
v 56.808884 0.000000 23.060764
v 56.808884 8.000001 23.060764
v 51.808884 0.000000 23.060764
v 51.808884 8.000001 23.060764
v 51.808884 8.000001 28.060764
v 66.684708 0.000000 -39.937309
v 66.709564 0.000000 -45.937263
v 66.684708 10.000000 -39.937309
v 72.684647 0.000000 -39.912453
v 72.684647 10.000000 -39.912453
v 72.709518 10.000000 -45.912407
v 66.709564 10.000000 -45.937263
v 72.709518 0.000000 -45.912407
v 78.736313 0.000000 -36.993279
v 78.736313 0.000000 -30.993280
v 78.736313 6.000000 -36.993279
v 73.736313 0.000000 -36.993279
v 73.736313 6.000000 -36.993279
v 73.736313 0.000000 -30.993280
v 73.736313 6.000000 -30.993280
v 78.736313 6.000000 -30.993280
v 71.753738 0.000000 -31.934397
v 63.753738 0.000000 -31.934397
v 71.753738 4.000001 -31.934397
v 71.753738 0.000000 -36.934395
v 71.753738 4.000001 -36.934395
v 63.753738 0.000000 -36.934395
v 63.753738 4.000001 -36.934395
v 63.753738 4.000001 -31.934397
v 65.745438 0.000000 -46.010841
v 65.745438 0.000000 -41.010841
v 65.745438 8.000001 -46.010841
v 60.745438 0.000000 -46.010841
v 60.745438 8.000001 -46.010841
v 60.745438 0.000000 -41.010841
v 60.745438 8.000001 -41.010841
v 65.745438 8.000001 -41.010841
v 58.693634 0.000000 -40.929741
v 50.693626 0.000000 -40.929741
v 58.693634 4.000001 -40.929741
v 58.693634 0.000000 -45.929741
v 58.693634 4.000001 -45.929741
v 50.693626 0.000000 -45.929741
v 50.693626 4.000001 -45.929741
v 50.693626 4.000001 -40.929741
v 61.715088 0.000000 -38.949974
v 61.715088 0.000000 -32.949974
v 61.715088 11.000000 -38.949974
v 53.715073 0.000000 -38.949974
v 53.715073 11.000000 -38.949974
v 53.715073 0.000000 -32.949974
v 53.715073 11.000000 -32.949974
v 61.715088 11.000000 -32.949974
v 43.640686 0.000000 -28.958784
v 43.665535 0.000000 -34.958733
v 43.640686 11.000000 -28.958784
v 51.640625 0.000000 -28.925642
v 51.640625 11.000000 -28.925642
v 51.665466 11.000000 -34.925591
v 43.665535 11.000000 -34.958733
v 51.665466 0.000000 -34.925591
v 61.788986 0.000000 -24.930006
v 55.788971 0.000000 -24.930006
v 61.788986 12.000001 -24.930006
v 61.788986 0.000000 -30.930002
v 61.788986 12.000001 -30.930002
v 55.788971 12.000001 -30.930010
v 55.788971 12.000001 -24.930006
v 55.788971 0.000000 -30.930010
v 78.680435 0.000000 -6.943377
v 72.680435 0.000000 -6.943377
v 78.680435 7.000000 -6.943377
v 78.680435 0.000000 -19.956804
v 78.680435 7.000000 -19.956804
v 72.680435 0.000000 -19.956804
v 72.680435 7.000000 -19.956804
v 72.680435 7.000000 -6.943377
v 77.715912 0.000000 0.019888
v 72.715912 0.000000 0.019888
v 77.715912 8.000001 0.019888
v 77.715912 0.000000 -4.980112
v 77.715912 8.000001 -4.980112
v 72.715912 0.000000 -4.980112
v 72.715912 8.000001 -4.980112
v 72.715912 8.000001 0.019888
v 76.717346 0.000000 -22.023954
v 70.717346 0.000000 -22.023954
v 76.717346 10.000000 -22.023954
v 76.717346 0.000000 -28.023954
v 76.717346 10.000000 -28.023954
v 70.717346 0.000000 -28.023954
v 70.717346 10.000000 -28.023954
v 70.717346 10.000000 -22.023954
v 68.894058 0.000000 -30.079805
v 68.894058 0.000000 -22.079805
v 68.894058 6.000000 -30.079805
v 63.894058 0.000000 -30.079805
v 63.894058 6.000000 -30.079805
v 63.894058 0.000000 -22.079805
v 63.894058 6.000000 -22.079805
v 68.894058 6.000000 -22.079805
v 70.778183 0.135459 -4.953661
v 64.778183 0.135459 -4.953661
v 70.778183 5.835460 -4.953661
v 70.778183 0.135459 -9.953661
v 70.778183 5.835460 -9.953661
v 64.778183 0.135459 -9.953661
v 64.778183 5.835460 -9.953661
v 64.778183 5.835460 -4.953661
v 70.778183 0.000000 -12.029787
v 64.778183 0.000000 -12.029787
v 70.778183 11.000000 -12.029787
v 70.778198 0.000000 -20.029787
v 70.778198 11.000000 -20.029787
v 64.778183 0.000000 -20.029787
v 64.778183 11.000000 -20.029787
v 64.778183 11.000000 -12.029787
v 54.782745 0.060603 9.011940
v 48.782745 0.060603 9.011940
v 54.782745 7.060603 9.011940
v 54.782745 0.060603 6.011940
v 54.782745 7.060603 6.011940
v 48.782745 0.060603 6.011940
v 48.782745 7.060603 6.011940
v 48.782745 7.060603 9.011940
v 53.725464 0.000000 -20.990606
v 47.725471 0.000000 -20.990606
v 53.725464 10.000000 -20.990606
v 53.725464 0.000000 -26.990606
v 53.725464 10.000000 -26.990606
v 47.725471 0.000000 -26.990606
v 47.725471 10.000000 -26.990606
v 47.725471 10.000000 -20.990606
v 60.665344 0.000000 -22.945562
v 60.665344 0.000000 -14.945562
v 60.665344 4.000001 -22.945562
v 55.665344 0.000000 -22.945562
v 55.665344 4.000001 -22.945562
v 55.665344 0.000000 -14.945562
v 55.665344 4.000001 -14.945562
v 60.665344 4.000001 -14.945562
v 53.616135 0.000000 -14.032503
v 48.616135 0.000000 -14.032503
v 53.616135 8.000001 -14.032503
v 53.616135 0.000000 -19.032503
v 53.616135 8.000001 -19.032503
v 48.616135 0.000000 -19.032503
v 48.616135 8.000001 -19.032503
v 48.616135 8.000001 -14.032503
v 54.631821 0.000000 -4.102541
v 54.631821 0.000000 3.897459
v 54.631821 4.000001 -4.102541
v 49.631821 0.000000 -4.102541
v 49.631821 4.000001 -4.102541
v 49.631821 0.000000 3.897459
v 49.631821 4.000001 3.897459
v 54.631821 4.000001 3.897459
v 54.710861 -0.006736 -6.021997
v 48.710854 -0.006736 -6.021997
v 54.710861 14.993263 -6.021997
v 54.710861 -0.006736 -12.021997
v 54.710861 14.993263 -12.021997
v 48.710854 -0.006736 -12.021997
v 48.710854 14.993263 -12.021997
v 48.710854 14.993263 -6.021997
v 62.549469 0.135459 1.816870
v 56.549469 0.135459 1.816870
v 62.549469 5.835460 1.816870
v 62.549469 0.135459 -3.183130
v 62.549469 5.835460 -3.183130
v 56.549469 0.135459 -3.183130
v 56.549469 5.835460 -3.183130
v 56.549469 5.835460 1.816870
v 62.549469 0.000000 -5.259256
v 56.549469 0.000000 -5.259256
v 62.549469 11.000000 -5.259256
v 62.549469 0.000000 -13.259256
v 62.549469 11.000000 -13.259256
v 56.549469 0.000000 -13.259256
v 56.549469 11.000000 -13.259256
v 56.549469 11.000000 -5.259256
v 62.549469 0.000000 -5.259256
v 56.549469 0.000000 -5.259256
v 62.549469 11.000000 -5.259256
v 62.549469 0.000000 -13.259256
v 62.549469 11.000000 -13.259256
v 56.549469 0.000000 -13.259256
v 56.549469 11.000000 -13.259256
v 56.549469 11.000000 -5.259256
v 69.661041 0.000000 3.781355
v 63.661041 0.000000 3.781355
v 69.661041 10.000000 3.781355
v 69.661041 0.000000 -2.218645
v 69.661041 10.000000 -2.218645
v 63.661041 0.000000 -2.218645
v 63.661041 10.000000 -2.218645
v 63.661041 10.000000 3.781355
v 54.666595 0.000000 21.001026
v 48.666603 0.000000 21.001026
v 54.666595 15.000000 21.001026
v 54.666611 0.000000 11.001020
v 54.666611 15.000000 11.001020
v 48.666603 0.000000 11.001020
v 48.666603 15.000000 11.001020
v 48.666603 15.000000 21.001026
v 61.591415 0.000000 8.999369
v 55.591415 0.000000 8.999369
v 61.591415 6.000000 8.999369
v 61.591415 0.000000 3.999369
v 61.591415 6.000000 3.999369
v 55.591415 0.000000 3.999369
v 55.591415 6.000000 3.999369
v 55.591415 6.000000 8.999369
v 75.809509 0.000000 1.971212
v 75.809509 0.000000 9.971212
v 75.809509 4.000001 1.971212
v 70.809509 0.000000 1.971212
v 70.809509 4.000001 1.971212
v 70.809509 0.000000 9.971212
v 70.809509 4.000001 9.971212
v 75.809509 4.000001 9.971212
v 61.667953 0.000000 10.971224
v 61.667953 0.000000 18.971226
v 61.667953 4.000001 10.971224
v 56.667953 0.000000 10.971224
v 56.667953 4.000001 10.971224
v 56.667953 0.000000 18.971226
v 56.667953 4.000001 18.971226
v 61.667953 4.000001 18.971226
v 68.760284 0.000000 10.914577
v 63.760284 0.000000 10.914577
v 68.760284 8.000001 10.914577
v 68.760284 0.000000 5.914577
v 68.760284 8.000001 5.914577
v 63.760284 0.000000 5.914577
v 63.760284 8.000001 5.914577
v 63.760284 8.000001 10.914577
v 62.732117 0.000000 26.112225
v 57.732117 0.000000 26.112225
v 62.732117 8.000001 26.112225
v 62.732117 0.000000 21.112225
v 62.732117 8.000001 21.112225
v 57.732117 0.000000 21.112225
v 57.732117 8.000001 21.112225
v 57.732117 8.000001 26.112225
v 69.775970 0.000000 21.177944
v 69.775970 0.000000 29.177944
v 69.775970 4.000001 21.177944
v 64.775970 0.000000 21.177944
v 64.775970 4.000001 21.177944
v 64.775970 0.000000 29.177944
v 64.775970 4.000001 29.177944
v 69.775970 4.000001 29.177944
v 69.661041 -0.006736 19.016018
v 63.661041 -0.006736 19.016018
v 69.661041 9.255898 19.016018
v 69.661041 -0.006736 13.016016
v 69.661041 9.255898 13.016016
v 63.661041 -0.006736 13.016016
v 63.661041 9.255898 13.016016
v 63.661041 9.255898 19.016018
v 77.693634 0.135459 27.097355
v 71.693619 0.135459 27.097355
v 77.693634 5.835460 27.097355
v 77.693634 0.135459 22.097355
v 77.693634 5.835460 22.097355
v 71.693619 0.135459 22.097355
v 71.693619 5.835460 22.097355
v 71.693619 5.835460 27.097355
v 77.693634 0.000000 20.021229
v 71.693619 0.000000 20.021229
v 77.693634 11.000000 20.021229
v 77.693634 0.000000 12.021231
v 77.693634 11.000000 12.021231
v 71.693619 0.000000 12.021231
v 71.693619 11.000000 12.021231
v 71.693619 11.000000 20.021229
v 77.693634 0.000000 20.021229
v 71.693619 0.000000 20.021229
v 77.693634 11.000000 20.021229
v 77.693634 0.000000 12.021231
v 77.693634 11.000000 12.021231
v 71.693619 0.000000 12.021231
v 71.693619 11.000000 12.021231
v 71.693619 11.000000 20.021229
v 38.632965 0.971572 -71.149384
v 38.632965 0.971572 -66.149384
v 38.632965 8.971572 -71.149384
v 33.632965 0.971572 -71.149384
v 33.632965 8.971572 -71.149384
v 33.632965 0.971572 -66.149384
v 33.632965 8.971572 -66.149384
v 38.632965 8.971572 -66.149384
v 67.909882 0.055526 -70.344307
v 75.909882 0.055526 -70.344307
v 67.909882 6.055527 -70.344307
v 67.909882 0.055526 -65.344307
v 67.909882 6.055527 -65.344307
v 75.909882 0.055526 -65.344307
v 75.909882 6.055527 -65.344307
v 75.909882 6.055527 -70.344307
v 65.608215 0.116128 -72.011444
v 65.608215 0.116128 -66.011444
v 65.608215 7.116129 -72.011444
v 62.608215 0.116128 -72.011444
v 62.608215 7.116129 -72.011444
v 62.608215 0.116128 -66.011444
v 62.608215 7.116129 -66.011444
v 65.608215 7.116129 -66.011444
v 52.493729 0.055526 -71.860519
v 60.493729 0.055526 -71.860519
v 52.493729 4.055527 -71.860519
v 52.493729 0.055526 -66.860519
v 52.493729 4.055527 -66.860519
v 60.493729 0.055526 -66.860519
v 60.493729 4.055527 -66.860519
v 60.493729 4.055527 -71.860519
v 31.786652 0.971572 -73.301605
v 31.786652 0.971572 -67.301605
v 31.786652 15.971571 -73.301605
v 21.786644 0.971572 -73.301605
v 21.786644 15.971571 -73.301605
v 21.786644 0.971572 -67.301605
v 21.786644 15.971571 -67.301605
v 31.786652 15.971571 -67.301605
v 18.573982 1.107030 -67.132507
v 12.574036 1.107030 -67.157364
v 18.573982 6.807031 -67.132507
v 18.594696 1.107030 -72.132462
v 18.594696 6.807031 -72.132462
v 12.594749 6.807031 -72.157318
v 12.574036 6.807031 -67.157364
v 12.594749 1.107030 -72.157318
v 14.841629 0.971572 -48.814404
v 14.841629 0.971572 -42.814400
v 14.841629 12.971571 -48.814404
v 8.841621 0.971572 -48.814404
v 8.841621 12.971571 -48.814404
v 8.841621 0.971572 -42.814400
v 8.841621 12.971571 -42.814400
v 14.841629 12.971571 -42.814400
v 32.828262 0.971572 -65.705856
v 32.828262 0.971572 -59.705860
v 32.828262 7.971572 -65.705856
v 19.814835 0.971572 -65.705856
v 19.814835 7.971572 -65.705856
v 19.814835 0.971572 -59.705860
v 19.814835 7.971572 -59.705860
v 32.828262 7.971572 -59.705860
v 39.791519 0.971572 -64.741325
v 39.791519 0.971572 -59.741329
v 39.791519 8.971572 -64.741325
v 34.791519 0.971572 -64.741325
v 34.791519 8.971572 -64.741325
v 34.791519 0.971572 -59.741325
v 34.791519 8.971572 -59.741325
v 39.791519 8.971572 -59.741329
v 17.747681 0.971572 -63.742775
v 17.747681 0.971572 -57.742775
v 17.747681 10.971572 -63.742775
v 11.747681 0.971572 -63.742775
v 11.747681 10.971572 -63.742775
v 11.747681 0.971572 -57.742775
v 11.747681 10.971572 -57.742775
v 17.747681 10.971572 -57.742775
v 9.691818 0.971572 -55.919479
v 17.691833 0.971572 -55.919483
v 9.691818 6.971572 -55.919479
v 9.691818 0.971572 -50.919483
v 9.691818 6.971572 -50.919483
v 17.691833 0.971572 -50.919483
v 17.691833 6.971572 -50.919483
v 17.691833 6.971572 -55.919483
v 34.817978 1.107030 -57.803600
v 34.817978 1.107030 -51.803600
v 34.817978 6.807031 -57.803600
v 29.817978 1.107030 -57.803600
v 29.817978 6.807031 -57.803600
v 29.817978 1.107030 -51.803600
v 29.817978 6.807031 -51.803600
v 34.817978 6.807031 -51.803600
v 27.741852 0.971572 -57.803600
v 27.741852 0.971572 -51.803600
v 27.741852 11.971573 -57.803600
v 19.741852 0.971572 -57.803600
v 19.741852 11.971573 -57.803600
v 19.741852 11.971573 -51.803600
v 27.741852 11.971573 -51.803600
v 19.741852 0.971572 -51.803600
v 16.826080 0.971572 -47.690762
v 24.826080 0.971572 -47.690762
v 16.826080 4.971572 -47.690762
v 16.826080 0.971572 -42.690765
v 16.826080 4.971572 -42.690765
v 24.826080 0.971572 -42.690765
v 24.826080 4.971572 -42.690765
v 24.826080 4.971572 -47.690762
v 41.588509 1.107030 -49.574898
v 41.588509 1.107030 -43.574894
v 41.588509 6.807031 -49.574898
v 36.588509 1.107030 -49.574898
v 36.588509 6.807031 -49.574898
v 36.588509 1.107030 -43.574894
v 36.588509 6.807031 -43.574894
v 41.588509 6.807031 -43.574894
v 34.512375 0.971572 -49.574898
v 34.512375 0.971572 -43.574894
v 34.512375 11.971573 -49.574898
v 26.512390 0.971572 -49.574894
v 26.512390 11.971573 -49.574894
v 26.512390 0.971572 -43.574890
v 26.512390 11.971573 -43.574890
v 34.512375 11.971573 -43.574894
v 43.552994 0.971572 -56.686451
v 43.552994 0.971572 -50.686451
v 43.552994 10.971572 -56.686451
v 37.552994 0.971572 -56.686451
v 37.552994 10.971572 -56.686451
v 37.552994 0.971572 -50.686451
v 37.552994 10.971572 -50.686451
v 43.552994 10.971572 -50.686451
v 48.771011 0.971572 -48.616840
v 48.771011 0.971572 -42.616837
v 48.771011 6.971572 -48.616840
v 43.771011 0.971572 -48.616840
v 43.771011 6.971572 -48.616840
v 43.771011 0.971572 -42.616837
v 43.771011 6.971572 -42.616837
v 48.771011 6.971572 -42.616837
v 41.742851 0.971572 -62.834927
v 49.742851 0.971572 -62.834927
v 41.742851 4.971572 -62.834927
v 41.742851 0.971572 -57.834927
v 41.742851 4.971572 -57.834927
v 49.742851 0.971572 -57.834927
v 49.742851 4.971572 -57.834927
v 49.742851 4.971572 -62.834927
v 50.686218 0.971572 -55.785721
v 50.686218 0.971572 -50.785721
v 50.686218 8.971572 -55.785721
v 45.686218 0.971572 -55.785721
v 45.686218 8.971572 -55.785721
v 45.686218 0.971572 -50.785721
v 45.686218 8.971572 -50.785721
v 50.686218 8.971572 -50.785721
v 58.787659 0.964835 -56.686451
v 58.787659 0.964835 -50.686451
v 58.787659 15.964836 -56.686451
v 52.787659 0.964835 -56.686451
v 52.787659 15.964836 -56.686451
v 52.787659 0.964835 -50.686451
v 52.787659 15.964836 -50.686451
v 58.787659 15.964836 -50.686451
v 66.868988 0.190985 -64.719055
v 66.868988 0.190985 -58.719055
v 66.868988 5.890985 -64.719055
v 61.868988 0.190985 -64.719055
v 61.868988 5.890985 -64.719055
v 61.868988 0.190985 -58.719055
v 61.868988 5.890985 -58.719055
v 66.868988 5.890985 -58.719055
v 59.792877 0.055526 -64.719055
v 59.792877 0.055526 -58.719051
v 59.792877 11.055527 -64.719055
v 51.792877 0.055526 -64.719055
v 51.792877 11.055527 -64.719055
v 51.792877 0.055526 -58.719051
v 51.792877 11.055527 -58.719051
v 59.792877 11.055527 -58.719051
v 59.792877 0.055526 -64.719055
v 59.792877 0.055526 -58.719051
v 59.792877 11.055527 -64.719055
v 51.792877 0.055526 -64.719055
v 51.792877 11.055527 -64.719055
v 51.792877 0.055526 -58.719051
v 51.792877 11.055527 -58.719051
v 59.792877 11.055527 -58.719051
v 50.543716 0.971572 -71.126823
v 50.543716 0.971572 -65.126823
v 50.543716 10.980270 -71.126823
v 40.543716 0.971572 -71.126823
v 40.543716 10.980270 -71.126823
v 40.543716 0.971572 -65.126823
v 40.543716 10.980270 -65.126823
v 50.543716 10.980270 -65.126823
v 38.567688 0.971572 -78.056442
v 38.567688 0.971572 -72.056442
v 38.567688 6.971572 -78.056442
v 33.567688 0.971572 -78.056442
v 33.567688 6.971572 -78.056442
v 33.567688 0.971572 -72.056442
v 33.567688 6.971572 -72.056442
v 38.567688 6.971572 -72.056442
v -39.498856 -0.168396 -65.051392
v -39.498856 -0.168396 -59.051395
v -39.498856 11.831604 -65.051392
v -45.498856 -0.168396 -65.051392
v -45.498856 11.831604 -65.051392
v -45.498856 -0.168396 -59.051395
v -45.498856 11.831604 -59.051395
v -39.498856 11.831604 -59.051395
v -44.648659 -0.168396 -72.156479
v -36.648651 -0.168396 -72.156479
v -44.648659 5.831604 -72.156479
v -44.648659 -0.168396 -67.156479
v -44.648659 5.831604 -67.156479
v -36.648651 -0.168396 -67.156479
v -36.648651 5.831604 -67.156479
v -36.648651 5.831604 -72.156479
v -19.522514 1.107030 -74.040604
v -19.522514 1.107030 -68.040604
v -19.522514 6.807031 -74.040604
v -24.522514 1.107030 -74.040604
v -24.522514 6.807031 -74.040604
v -24.522514 1.107030 -68.040604
v -24.522514 6.807031 -68.040604
v -19.522514 6.807031 -68.040604
v -26.598640 0.971572 -74.040604
v -26.598640 0.971572 -68.040604
v -26.598640 11.971573 -74.040604
v -34.598633 0.971572 -74.040604
v -34.598633 11.971573 -74.040604
v -34.598633 0.971572 -68.040604
v -34.598633 11.971573 -68.040604
v -26.598640 11.971573 -68.040604
v -48.021725 -0.107794 -71.830910
v -48.021725 -0.107794 -65.830910
v -48.021725 6.892206 -71.830910
v -51.021729 -0.107794 -71.830910
v -51.021729 6.892206 -71.830910
v -51.021729 -0.107794 -65.830910
v -51.021729 6.892206 -65.830910
v -48.021725 6.892206 -65.830910
v -35.559456 -0.168396 -56.987888
v -35.559456 -0.168396 -50.987888
v -35.559456 9.831604 -56.987888
v -41.559460 -0.168396 -56.987888
v -41.559460 9.831604 -56.987888
v -41.559460 -0.168396 -50.987888
v -41.559460 9.831604 -50.987888
v -35.559456 9.831604 -50.987888
v -30.557632 -0.168396 -49.908470
v -30.557632 -0.168396 -43.908466
v -30.557632 5.831604 -49.908470
v -35.557632 -0.168396 -49.908470
v -35.557632 5.831604 -49.908470
v -35.557632 -0.168396 -43.908466
v -35.557632 5.831604 -43.908466
v -30.557632 5.831604 -43.908466
v -37.514412 -0.168396 -63.927769
v -29.514412 -0.168396 -63.927769
v -37.514412 3.831604 -63.927769
v -37.514412 -0.168396 -58.927769
v -37.514412 3.831604 -58.927769
v -29.514412 -0.168396 -58.927769
v -29.514412 3.831604 -58.927769
v -29.514412 3.831604 -63.927769
v -28.527306 0.971572 -49.926533
v -20.527309 0.971572 -49.926533
v -28.527306 4.971572 -49.926533
v -28.527306 0.971572 -44.926533
v -28.527306 4.971572 -44.926533
v -20.527309 0.971572 -44.926533
v -20.527309 4.971572 -44.926533
v -20.527309 4.971572 -49.926533
v -28.601357 0.971572 -56.878559
v -28.601357 0.971572 -51.878559
v -28.601357 8.971572 -56.878559
v -33.601353 0.971572 -56.878559
v -33.601353 8.971572 -56.878559
v -33.601353 0.971572 -51.878559
v -33.601353 8.971572 -51.878559
v -28.601357 8.971572 -51.878559
v -20.590847 0.964835 -57.973278
v -20.590847 0.964835 -51.973278
v -20.590847 15.964836 -57.973278
v -26.590847 0.964835 -57.973278
v -26.590847 15.964836 -57.973278
v -26.590847 0.964835 -51.973278
v -26.590847 15.964836 -51.973278
v -20.590847 15.964836 -51.973278
v -19.828102 0.971572 -65.811890
v -19.828102 0.971572 -59.811893
v -19.828102 11.971573 -65.811890
v -27.828106 0.971572 -65.811890
v -27.828106 11.971573 -65.811890
v -27.828106 0.971572 -59.811893
v -27.828106 11.971573 -59.811893
v -19.828102 11.971573 -59.811893
v -19.828102 0.971572 -65.811890
v -19.828102 0.971572 -59.811893
v -19.828102 11.971573 -65.811890
v -27.828106 0.971572 -65.811890
v -27.828106 11.971573 -65.811890
v -27.828106 0.971572 -59.811893
v -27.828106 11.971573 -59.811893
v -19.828102 11.971573 -59.811893
v -41.708332 -0.168396 -48.771996
v -36.708336 -0.168396 -48.771996
v -41.708332 7.831604 -48.771996
v -41.708328 -0.168396 -43.771996
v -41.708328 7.831604 -43.771996
v -36.708328 -0.168396 -43.771996
v -36.708328 7.831604 -43.771996
v -36.708336 7.831604 -48.771996
v -46.760944 -0.032938 -64.538513
v -46.760944 -0.032938 -58.538521
v -46.760944 5.667063 -64.538513
v -51.760944 -0.032938 -64.538513
v -51.760944 5.667063 -64.538513
v -51.760944 -0.032938 -58.538521
v -51.760944 5.667063 -58.538521
v -46.760944 5.667063 -58.538521
v 0.661507 0.000000 -70.499557
v 0.661507 6.000001 -70.499557
v 8.661514 0.000000 -70.499557
v 8.661514 6.000001 -70.499557
v 0.661507 0.000000 -65.499557
v 0.661507 6.000001 -65.499557
v 8.661514 0.000000 -65.499557
v 8.661514 6.000001 -65.499557
v 1.601349 0.000000 -63.539318
v 9.601334 0.000000 -63.539318
v 1.601349 4.000001 -63.539318
v 1.601349 0.000000 -58.539318
v 1.601349 4.000001 -58.539318
v 9.601334 0.000000 -58.539318
v 9.601334 4.000001 -58.539318
v 9.601334 4.000001 -63.539318
v -0.394440 0.000000 -64.534744
v -0.394440 0.000000 -59.534748
v -0.394440 8.000001 -64.534744
v -5.394440 0.000000 -64.534744
v -5.394440 8.000001 -64.534744
v -5.394440 0.000000 -59.534748
v -5.394440 8.000001 -59.534748
v -0.394440 8.000001 -59.534748
v -7.454178 0.000000 -62.392467
v -7.454178 0.000000 -56.392467
v -7.454178 15.000000 -62.392467
v -17.454185 0.000000 -62.392467
v -17.454185 15.000000 -62.392467
v -17.454185 0.000000 -56.392467
v -17.454185 15.000000 -56.392467
v -7.454178 15.000000 -56.392467
v -17.483978 0.000000 -69.393822
v -9.483978 0.000000 -69.393829
v -17.483978 4.000001 -69.393822
v -17.483978 0.000000 -64.393814
v -17.483978 4.000001 -64.393814
v -9.483978 0.000000 -64.393822
v -9.483978 4.000001 -64.393822
v -9.483978 4.000001 -69.393829
v -2.342972 0.000000 -70.457993
v -2.342972 0.000000 -65.457993
v -2.342972 8.000001 -70.457993
v -7.342972 0.000000 -70.457993
v -7.342972 8.000001 -70.457993
v -7.342972 0.000000 -65.457993
v -7.342972 8.000001 -65.457993
v -2.342972 8.000001 -65.457993
v -9.439194 -0.006736 -77.386902
v -9.439186 -0.006736 -71.386902
v -9.439194 9.255898 -77.386902
v -15.439186 -0.006736 -77.386902
v -15.439186 9.255898 -77.386902
v -15.439186 -0.006736 -71.386902
v -15.439186 9.255898 -71.386902
v -9.439186 9.255898 -71.386902
v 7.178131 -0.228739 -55.803867
v 7.178131 -0.228739 -49.803867
v 7.178131 1.919617 -55.803867
v -5.835304 -0.228739 -55.803867
v -5.835304 1.919617 -55.803867
v -5.835304 -0.228739 -49.803871
v -5.835304 1.919617 -49.803871
v 7.178131 1.919617 -49.803867
v -15.436935 -0.228739 -53.777847
v -15.436935 -0.228739 -48.777847
v -15.436935 2.919617 -53.777847
v -19.436935 -0.228739 -53.777847
v -19.436935 2.919617 -53.777847
v -19.436935 -0.228739 -48.777847
v -19.436935 2.919617 -48.777847
v -15.436935 2.919617 -48.777847
v -7.902458 -0.228739 -53.840778
v -7.902458 -0.228739 -47.840778
v -7.902458 4.919616 -53.840778
v -13.902458 -0.228739 -53.840778
v -13.902458 4.919616 -53.840778
v -13.902458 -0.228739 -47.840778
v -13.902458 4.919616 -47.840778
v -7.902458 4.919616 -47.840778
v -15.958313 -0.228739 -46.017487
v -7.958313 -0.228739 -46.017487
v -15.958313 0.919617 -46.017487
v -15.958313 -0.228739 -41.017487
v -15.958313 0.919617 -41.017487
v -7.958313 -0.228739 -41.017487
v -7.958313 0.919617 -41.017487
v -7.958313 0.919617 -46.017487
v 8.390213 0.005076 -47.901611
v 8.390213 0.005076 -41.901611
v 8.390213 0.755076 -47.901611
v 3.390213 0.005076 -47.901611
v 3.390213 0.755076 -47.901611
v 3.390213 0.005076 -41.901611
v 3.390213 0.755076 -41.901611
v 8.390213 0.755076 -41.901611
v 2.091705 -0.228739 -47.901611
v 2.091705 -0.228739 -41.901611
v 2.091705 5.919617 -47.901611
v -5.908287 -0.228739 -47.901615
v -5.908287 5.919617 -47.901615
v -5.908287 -0.228739 -41.901611
v -5.908287 5.919617 -41.901611
v 2.091705 5.919617 -41.901611
v -42.572102 0.000000 -41.120461
v -34.572098 0.000000 -41.120461
v -42.572102 4.000000 -41.120461
v -42.572098 0.000000 -36.120461
v -42.572098 4.000000 -36.120461
v -34.572098 0.000000 -36.120461
v -34.572098 4.000000 -36.120461
v -34.572098 4.000000 -41.120461
v -81.088066 -0.301508 0.455872
v -81.088066 -0.301508 -5.544128
v -81.088066 14.698490 0.455872
v -75.088066 -0.301508 0.455868
v -75.088066 14.698490 0.455868
v -75.088066 -0.301508 -5.544132
v -75.088066 14.698490 -5.544132
v -81.088066 14.698490 -5.544128
v -89.813904 -0.159314 35.750080
v -89.838760 -0.159314 41.750031
v -89.813904 5.540687 35.750080
v -94.813858 -0.159314 35.729370
v -94.813858 5.540687 35.729370
v -94.838715 5.540687 41.729317
v -89.838760 5.540687 41.750031
v -94.838715 -0.159314 41.729317
v -75.973488 -0.294772 -14.519857
v -75.998344 -0.294772 -8.519907
v -75.973488 10.705229 -14.519857
v -83.973419 -0.294772 -14.552998
v -83.973419 10.705229 -14.552998
v -83.998276 10.705229 -8.553047
v -75.998344 10.705229 -8.519907
v -83.998276 -0.294772 -8.553047
v -68.588287 0.971572 39.482430
v -62.588280 0.971572 39.482430
v -68.588287 12.971571 39.482430
v -68.588280 0.971572 45.482430
v -68.588280 12.971571 45.482430
v -62.588280 0.971572 45.482430
v -62.588280 12.971571 45.482430
v -62.588280 12.971571 39.482430
v -88.387260 -0.294772 21.495792
v -82.387260 -0.294772 21.495792
v -88.387260 6.705228 21.495792
v -88.387253 -0.294772 34.509220
v -88.387253 6.705228 34.509220
v -82.387260 -0.294772 34.509220
v -82.387260 6.705228 34.509220
v -82.387260 6.705228 21.495792
v -86.424171 -0.294772 36.576382
v -80.424171 -0.294772 36.576382
v -86.424171 9.705228 36.576382
v -86.424164 -0.294772 42.576382
v -86.424164 9.705228 42.576382
v -80.424171 -0.294772 42.576382
v -80.424171 9.705228 42.576382
v -80.424171 9.705228 36.576382
v -78.600876 -0.294772 44.632229
v -78.600876 -0.294772 36.632229
v -78.600876 5.705228 44.632229
v -73.600876 -0.294772 44.632225
v -73.600876 5.705228 44.632225
v -73.600876 -0.294772 36.632225
v -73.600876 5.705228 36.632225
v -78.600876 5.705228 36.632229
v -80.485001 -0.294772 26.582207
v -74.485001 -0.294772 26.582203
v -80.485001 10.705229 26.582207
v -80.484993 -0.294772 34.582203
v -80.484993 10.705229 34.582203
v -74.485001 10.705229 34.582211
v -74.485001 10.705229 26.582203
v -74.485001 -0.294772 34.582211
v -70.372162 0.971572 37.497978
v -70.372162 0.971572 29.497978
v -70.372162 4.971572 37.497978
v -65.372162 0.971572 37.497978
v -65.372162 4.971572 37.497978
v -65.372162 0.971572 29.497974
v -65.372162 4.971572 29.497974
v -70.372162 4.971572 29.497978
v -93.180954 -1.266345 53.662571
v -93.180954 4.733656 53.662571
v -93.180962 -1.266345 45.662567
v -93.180962 4.733656 45.662567
v -88.180954 -1.266345 53.662571
v -88.180954 4.733656 53.662571
v -88.180962 -1.266345 45.662567
v -88.180962 4.733656 45.662567
v -86.220726 -1.266345 52.722721
v -86.220726 -1.266345 44.722725
v -86.220726 2.733656 52.722721
v -81.220726 -1.266345 52.722721
v -81.220726 2.733656 52.722721
v -81.220726 -1.266345 44.722725
v -81.220726 2.733656 44.722725
v -86.220726 2.733656 44.722725
v -87.216156 -1.266345 54.718510
v -82.216156 -1.266345 54.718502
v -87.216156 6.733656 54.718510
v -87.216156 -1.266345 59.718502
v -87.216156 6.733656 59.718502
v -82.216156 -1.266345 59.718502
v -82.216156 6.733656 59.718502
v -82.216156 6.733656 54.718502
v -82.339790 -1.130886 2.430187
v -76.339790 -1.130886 2.430187
v -82.339790 4.569115 2.430187
v -82.339790 -1.130886 7.430187
v -82.339790 4.569115 7.430187
v -76.339790 4.569115 7.430187
v -76.339790 4.569115 2.430187
v -76.339790 -1.130886 7.430187
v -65.458763 0.000000 71.394669
v -59.458763 0.000000 71.394669
v -65.458763 15.000000 71.394669
v -65.458755 0.000000 81.394669
v -65.458755 15.000000 81.394669
v -59.458759 0.000000 81.394669
v -59.458759 15.000000 81.394669
v -59.458763 15.000000 71.394669
v -72.460114 0.000000 81.424469
v -72.460114 0.000000 73.424469
v -72.460114 4.000001 81.424469
v -67.460114 0.000000 81.424469
v -67.460114 4.000001 81.424469
v -67.460114 0.000000 73.424469
v -67.460114 4.000001 73.424469
v -72.460114 4.000001 73.424469
v -80.260918 -1.266345 19.734230
v -75.260918 -1.266345 19.734230
v -80.260918 6.733656 19.734230
v -80.260918 -1.266345 24.734230
v -80.260918 6.733656 24.734230
v -75.260918 -1.266345 24.734230
v -75.260918 6.733656 24.734230
v -75.260918 6.733656 19.734230
v -80.466606 -1.266345 18.355083
v -80.466614 -1.266345 10.355087
v -80.466606 2.733656 18.355083
v -75.466606 -1.266345 18.355083
v -75.466606 2.733656 18.355083
v -75.466614 -1.266345 10.355083
v -75.466614 2.733656 10.355083
v -80.466614 2.733656 10.355087
v -84.885399 -1.273081 61.701168
v -78.885399 -1.273081 61.701168
v -84.885399 7.989552 61.701168
v -84.885391 -1.273081 67.701172
v -84.885391 7.989552 67.701172
v -78.885399 -1.273081 67.701172
v -78.885399 7.989552 67.701172
v -78.885399 7.989552 61.701168
v -78.485275 -1.495082 47.145954
v -72.485275 -1.495082 47.145950
v -78.485275 0.653273 47.145954
v -78.485275 -1.495082 60.159382
v -78.485275 0.653273 60.159382
v -72.485275 -1.495082 60.159382
v -72.485275 0.653273 60.159382
v -72.485275 0.653273 47.145950
v -76.522179 -1.495082 62.226536
v -70.522179 -1.495082 62.226528
v -76.522179 3.653273 62.226536
v -76.522179 -1.495082 68.226532
v -76.522179 3.653273 68.226532
v -70.522179 -1.495082 68.226532
v -70.522179 3.653273 68.226532
v -70.522179 3.653273 62.226528
v -68.698883 -0.228739 70.282394
v -68.698883 -0.228739 62.282391
v -68.698883 0.919617 70.282394
v -63.698879 -0.228739 70.282379
v -63.698879 0.919617 70.282379
v -63.698883 -0.228739 62.282383
v -63.698883 0.919617 62.282383
v -68.698883 0.919617 62.282391
v -70.583008 -1.261269 45.933861
v -64.583008 -1.261269 45.933861
v -70.583008 -0.511268 45.933861
v -70.583008 -1.261269 50.933865
v -70.583008 -0.511268 50.933865
v -64.583008 -1.261269 50.933857
v -64.583008 -0.511268 50.933857
v -64.583008 -0.511268 45.933861
v -69.368263 -0.228738 52.232365
v -63.368263 -0.228738 52.232357
v -69.368263 5.919618 52.232365
v -69.368263 -0.228738 60.232357
v -69.368263 5.919618 60.232357
v -63.368263 -0.228738 60.232357
v -63.368263 5.919618 60.232357
v -63.368263 5.919618 52.232357
v -95.710846 -1.361628 22.271118
v -95.710846 -1.361628 16.271118
v -95.710846 4.638372 22.271118
v -90.710846 -1.361628 22.271118
v -90.710846 4.638372 22.271118
v -90.710846 -1.361628 16.271118
v -90.710846 4.638372 16.271118
v -95.710846 4.638372 16.271118
v -89.745377 -1.361628 -4.612924
v -83.745377 -1.361628 -4.612926
v -89.745377 5.638372 -4.612924
v -89.745369 -1.361628 8.400505
v -89.745369 5.638372 8.400505
v -83.745369 -1.361628 8.400501
v -83.745369 5.638372 8.400501
v -83.745377 5.638372 -4.612926
v -87.782280 -1.361628 10.467651
v -81.782280 -1.361628 10.467651
v -87.782280 8.638372 10.467651
v -87.782280 -1.361628 16.467651
v -87.782280 8.638372 16.467651
v -81.782280 -1.361628 16.467651
v -81.782280 8.638372 16.467651
v -81.782280 8.638372 10.467651
v -82.288124 0.000000 -16.430864
v -88.288078 0.000000 -16.455721
v -82.288124 10.000000 -16.430864
v -82.263275 0.000000 -22.430817
v -82.263275 10.000000 -22.430817
v -88.263222 10.000000 -22.455673
v -88.288078 10.000000 -16.455721
v -88.263222 0.000000 -22.455673
v -91.017876 -0.130806 -11.720646
v -86.017876 -0.130806 -11.720646
v -91.017876 7.869194 -11.720646
v -91.017876 -0.130806 -6.720646
v -91.017876 7.869194 -6.720646
v -86.017876 -0.130806 -6.720646
v -86.017876 7.869194 -6.720646
v -86.017876 7.869194 -11.720646
v -75.709595 0.000000 -24.021729
v -75.709595 0.000000 -16.021729
v -75.709595 4.000001 -24.021729
v -80.709595 0.000000 -24.021729
v -80.709595 4.000001 -24.021729
v -80.709595 0.000000 -16.021729
v -80.709595 4.000001 -16.021729
v -75.709595 4.000001 -16.021729
v 65.994873 0.000000 -56.002056
v 65.994873 0.000000 -48.002056
v 65.994873 4.000001 -56.002056
v 60.994873 0.000000 -56.002056
v 60.994873 4.000001 -56.002056
v 60.994873 0.000000 -48.002056
v 60.994873 4.000001 -48.002056
v 65.994873 4.000001 -48.002056
v 88.319580 0.000000 34.572979
v 83.319580 0.000000 34.572979
v 88.319580 8.000001 34.572979
v 88.319580 0.000000 29.572979
v 88.319580 8.000001 29.572979
v 83.319580 0.000000 29.572979
v 83.319580 8.000001 29.572979
v 83.319580 8.000001 34.572979
v -32.471111 0.000000 -82.446136
v -26.471115 0.000000 -82.446136
v -32.471111 6.000000 -82.446136
v -32.471111 0.000000 -77.446136
v -32.471111 6.000000 -77.446136
v -26.471115 0.000000 -77.446136
v -26.471115 6.000000 -77.446136
v -26.471115 6.000000 -82.446136
v 103.264435 0.000000 -25.422182
v 95.264450 0.000000 -25.422182
v 103.264435 4.000001 -25.422182
v 103.264435 0.000000 -30.422182
v 103.264435 4.000001 -30.422182
v 95.264450 0.000000 -30.422182
v 95.264450 4.000001 -30.422182
v 95.264450 4.000001 -25.422182
v 93.859619 0.000000 -32.437759
v 93.859619 0.000000 -26.437761
v 93.859619 11.000000 -32.437759
v 85.859619 0.000000 -32.437759
v 85.859619 11.000000 -32.437759
v 85.859619 0.000000 -26.437761
v 85.859619 11.000000 -26.437761
v 93.859619 11.000000 -26.437761
v 93.299683 0.000000 -18.417791
v 87.299683 0.000000 -18.417791
v 93.299683 12.000001 -18.417791
v 93.299683 0.000000 -24.417788
v 93.299683 12.000001 -24.417788
v 87.299683 12.000001 -24.417795
v 87.299683 12.000001 -18.417791
v 87.299683 0.000000 -24.417795
v -7.570328 0.000000 -85.774109
v -1.570328 0.000000 -85.774109
v -7.570328 7.000000 -85.774109
v -7.570328 0.000000 -72.760681
v -7.570328 7.000000 -72.760681
v -1.570328 0.000000 -72.760681
v -1.570328 7.000000 -72.760681
v -1.570328 7.000000 -85.774109
v 4.542053 0.000000 -78.315491
v 4.542053 0.000000 -73.315491
v 4.542053 8.000001 -78.315491
v -0.457947 0.000000 -78.315491
v -0.457947 8.000001 -78.315491
v -0.457947 0.000000 -73.315491
v -0.457947 8.000001 -73.315491
v 4.542053 8.000001 -73.315491
v -17.501785 0.000000 -81.594238
v -17.501785 0.000000 -75.594238
v -17.501785 10.000000 -81.594238
v -23.501785 0.000000 -81.594238
v -23.501785 10.000000 -81.594238
v -23.501785 0.000000 -75.594238
v -23.501785 10.000000 -75.594238
v -17.501785 10.000000 -75.594238
v 100.404770 0.000000 -23.567591
v 100.404770 0.000000 -15.567591
v 100.404770 6.000000 -23.567591
v 95.404770 0.000000 -23.567591
v 95.404770 6.000000 -23.567591
v 95.404770 0.000000 -15.567591
v 95.404770 6.000000 -15.567591
v 100.404770 6.000000 -15.567591
v 102.288879 0.135459 1.558554
v 96.288879 0.135459 1.558554
v 102.288879 5.835460 1.558554
v 102.288879 0.135459 -3.441446
v 102.288879 5.835460 -3.441446
v 96.288879 0.135459 -3.441446
v 96.288879 5.835460 -3.441446
v 96.288879 5.835460 1.558554
v 102.288879 0.000000 -5.517572
v 96.288879 0.000000 -5.517572
v 102.288879 11.000000 -5.517572
v 102.288879 0.000000 -13.517572
v 102.288879 11.000000 -13.517572
v 96.288879 0.000000 -13.517572
v 96.288879 11.000000 -13.517572
v 96.288879 11.000000 -5.517572
v 86.293442 0.060603 15.524155
v 80.293442 0.060603 15.524155
v 86.293442 7.060603 15.524155
v 86.293442 0.060603 12.524155
v 86.293442 7.060603 12.524155
v 80.293442 0.060603 12.524155
v 80.293442 7.060603 12.524155
v 80.293442 7.060603 15.524155
v 86.080414 0.000000 -13.887430
v 80.080414 0.000000 -13.887430
v 86.080414 10.000000 -13.887430
v 86.080414 0.000000 -19.887430
v 86.080414 10.000000 -19.887430
v 80.080414 0.000000 -19.887430
v 80.080414 10.000000 -19.887430
v 80.080414 10.000000 -13.887430
v 92.176056 0.000000 -16.433348
v 92.176056 0.000000 -8.433348
v 92.176056 4.000001 -16.433348
v 87.176056 0.000000 -16.433348
v 87.176056 4.000001 -16.433348
v 87.176056 0.000000 -8.433348
v 87.176056 4.000001 -8.433348
v 92.176056 4.000001 -8.433348
v 85.126846 0.000000 -7.520288
v 80.126846 0.000000 -7.520288
v 85.126846 8.000001 -7.520288
v 85.126846 0.000000 -12.520288
v 85.126846 8.000001 -12.520288
v 80.126846 0.000000 -12.520288
v 80.126846 8.000001 -12.520288
v 80.126846 8.000001 -7.520288
v 86.142517 0.000000 2.409674
v 86.142517 0.000000 10.409674
v 86.142517 4.000001 2.409674
v 81.142517 0.000000 2.409674
v 81.142517 4.000001 2.409674
v 81.142517 0.000000 10.409674
v 81.142517 4.000001 10.409674
v 86.142517 4.000001 10.409674
v 86.221558 -0.006736 0.490217
v 80.221558 -0.006736 0.490217
v 86.221558 14.993263 0.490217
v 86.221558 -0.006736 -5.509783
v 86.221558 14.993263 -5.509783
v 80.221558 -0.006736 -5.509783
v 80.221558 14.993263 -5.509783
v 80.221558 14.993263 0.490217
v 94.060181 0.135459 8.329084
v 88.060181 0.135459 8.329084
v 94.060181 5.835460 8.329084
v 94.060181 0.135459 3.329084
v 94.060181 5.835460 3.329084
v 88.060181 0.135459 3.329084
v 88.060181 5.835460 3.329084
v 88.060181 5.835460 8.329084
v 94.060181 0.000000 1.252958
v 88.060181 0.000000 1.252958
v 94.060181 11.000000 1.252958
v 94.060181 0.000000 -6.747042
v 94.060181 11.000000 -6.747042
v 88.060181 0.000000 -6.747042
v 88.060181 11.000000 -6.747042
v 88.060181 11.000000 1.252958
v 94.060181 0.000000 1.252958
v 88.060181 0.000000 1.252958
v 94.060181 11.000000 1.252958
v 94.060181 0.000000 -6.747042
v 94.060181 11.000000 -6.747042
v 88.060181 0.000000 -6.747042
v 88.060181 11.000000 -6.747042
v 88.060181 11.000000 1.252958
v 101.171738 0.000000 10.293570
v 95.171722 0.000000 10.293570
v 101.171738 10.000000 10.293570
v 101.171738 0.000000 4.293570
v 101.171738 10.000000 4.293570
v 95.171722 0.000000 4.293570
v 95.171722 10.000000 4.293570
v 95.171722 10.000000 10.293570
v 86.177307 0.000000 27.513241
v 80.177307 0.000000 27.513241
v 86.177307 15.000000 27.513241
v 86.177307 0.000000 17.513233
v 86.177307 15.000000 17.513233
v 80.177307 0.000000 17.513233
v 80.177307 15.000000 17.513233
v 80.177307 15.000000 27.513241
v 93.102127 0.000000 15.511583
v 87.102112 0.000000 15.511583
v 93.102127 6.000000 15.511583
v 93.102127 0.000000 10.511583
v 93.102127 6.000000 10.511583
v 87.102112 0.000000 10.511583
v 87.102112 6.000000 10.511583
v 87.102112 6.000000 15.511583
v 6.493378 0.000000 -79.519333
v 14.493378 0.000000 -79.519333
v 6.493378 4.000001 -79.519333
v 6.493378 0.000000 -74.519325
v 6.493378 4.000001 -74.519325
v 14.493378 0.000000 -74.519325
v 14.493378 4.000001 -74.519325
v 14.493378 4.000001 -79.519333
v 93.178665 0.000000 17.483440
v 93.178665 0.000000 25.483440
v 93.178665 4.000001 17.483440
v 88.178665 0.000000 17.483440
v 88.178665 4.000001 17.483440
v 88.178665 0.000000 25.483440
v 88.178665 4.000001 25.483440
v 93.178665 4.000001 25.483440
v 100.271011 0.000000 17.426792
v 95.271011 0.000000 17.426792
v 100.271011 8.000001 17.426792
v 100.271011 0.000000 12.426792
v 100.271011 8.000001 12.426792
v 95.271011 0.000000 12.426792
v 95.271011 8.000001 12.426792
v 95.271011 8.000001 17.426792
v 94.242828 0.000000 32.624439
v 89.242828 0.000000 32.624439
v 94.242828 8.000001 32.624439
v 94.242828 0.000000 27.624439
v 94.242828 8.000001 27.624439
v 89.242828 0.000000 27.624439
v 89.242828 8.000001 27.624439
v 89.242828 8.000001 32.624439
v 101.286667 0.000000 27.690159
v 101.286667 0.000000 35.690159
v 101.286667 4.000001 27.690159
v 96.286667 0.000000 27.690159
v 96.286667 4.000001 27.690159
v 96.286667 0.000000 35.690159
v 96.286667 4.000001 35.690159
v 101.286667 4.000001 35.690159
v 101.171738 -0.006736 25.528233
v 95.171722 -0.006736 25.528233
v 101.171738 9.255898 25.528233
v 101.171738 -0.006736 19.528233
v 101.171738 9.255898 19.528233
v 95.171722 -0.006736 19.528233
v 95.171722 9.255898 19.528233
v 95.171722 9.255898 25.528233
v 31.619522 0.135459 -81.403458
v 31.619522 0.135459 -75.403450
v 31.619522 5.835460 -81.403458
v 26.619522 0.135459 -81.403458
v 26.619522 5.835460 -81.403458
v 26.619522 0.135459 -75.403450
v 26.619522 5.835460 -75.403450
v 31.619522 5.835460 -75.403450
v 24.543396 0.000000 -81.403458
v 24.543396 0.000000 -75.403450
v 24.543396 11.000000 -81.403458
v 16.543396 0.000000 -81.403458
v 16.543396 11.000000 -81.403458
v 16.543396 0.000000 -75.403450
v 16.543396 11.000000 -75.403450
v 24.543396 11.000000 -75.403450
v 24.543396 0.000000 -81.403458
v 24.543396 0.000000 -75.403450
v 24.543396 11.000000 -81.403458
v 16.543396 0.000000 -81.403458
v 16.543396 11.000000 -81.403458
v 16.543396 0.000000 -75.403450
v 16.543396 11.000000 -75.403450
v 24.543396 11.000000 -75.403450
v 84.737961 0.000000 -30.334866
v 84.737961 0.000000 -22.334866
v 84.737961 4.000001 -30.334866
v 79.737961 0.000000 -30.334866
v 79.737961 4.000001 -30.334866
v 79.737961 0.000000 -22.334866
v 79.737961 4.000001 -22.334866
v 84.737961 4.000001 -22.334866
v 72.619751 0.135459 -55.601177
v 72.619751 0.135459 -49.601177
v 72.619751 5.835460 -55.601177
v 67.619751 0.135459 -55.601177
v 67.619751 5.835460 -55.601177
v 67.619751 0.135459 -49.601177
v 67.619751 5.835460 -49.601177
v 72.619751 5.835460 -49.601177
v 74.584229 0.000000 -62.712738
v 74.584229 0.000000 -56.712742
v 74.584229 10.000000 -62.712738
v 68.584229 0.000000 -62.712738
v 68.584229 10.000000 -62.712738
v 68.584229 0.000000 -56.712742
v 68.584229 10.000000 -56.712742
v 74.584229 10.000000 -56.712742
v 79.802246 0.000000 -54.643124
v 79.802246 0.000000 -48.643124
v 79.802246 6.000000 -54.643124
v 74.802246 0.000000 -54.643124
v 74.802246 6.000000 -54.643124
v 74.802246 0.000000 -48.643124
v 74.802246 6.000000 -48.643124
v 79.802246 6.000000 -48.643124
v 73.972412 0.000000 -44.969116
v 81.972397 0.000000 -44.969116
v 73.972412 4.000000 -44.969116
v 73.972412 0.000000 -39.969116
v 73.972412 4.000000 -39.969116
v 81.972397 0.000000 -39.969116
v 81.972397 4.000000 -39.969116
v 81.972397 4.000000 -44.969116
v 81.774109 0.000000 -54.719662
v 89.774109 0.000000 -54.719662
v 81.774109 4.000001 -54.719662
v 81.774109 0.000000 -49.719662
v 81.774109 4.000001 -49.719662
v 89.774109 0.000000 -49.719662
v 89.774109 4.000001 -49.719662
v 89.774109 4.000001 -54.719662
v 81.717453 0.000000 -61.812004
v 81.717453 0.000000 -56.812004
v 81.717453 8.000001 -61.812004
v 76.717453 0.000000 -61.812004
v 76.717453 8.000001 -61.812004
v 76.717453 0.000000 -56.812004
v 76.717453 8.000001 -56.812004
v 81.717453 8.000001 -56.812004
v 85.536224 0.000000 -38.177231
v 85.536224 0.000000 -33.177231
v 85.536224 8.000001 -38.177231
v 80.536224 0.000000 -38.177235
v 80.536224 8.000001 -38.177235
v 80.536224 0.000000 -33.177231
v 80.536224 8.000001 -33.177231
v 85.536224 8.000001 -33.177231
v 83.811356 0.000000 -46.534031
v 91.811371 0.000000 -46.534031
v 83.811356 4.000001 -46.534031
v 83.811371 0.000000 -41.534031
v 83.811371 4.000001 -41.534031
v 91.811371 0.000000 -41.534031
v 91.811371 4.000001 -41.534031
v 91.811371 4.000001 -46.534031
v 92.940216 0.135459 -40.155151
v 92.940216 0.135459 -34.155151
v 92.940216 5.835460 -40.155151
v 87.940216 0.135459 -40.155151
v 87.940216 5.835460 -40.155151
v 87.940216 0.135459 -34.155151
v 87.940216 5.835460 -34.155151
v 92.940216 5.835460 -34.155151
v 35.002975 0.068442 -94.543961
v 41.002975 0.068442 -94.543961
v 35.002975 7.068442 -94.543961
v 35.002975 0.068442 -81.530533
v 35.002975 7.068442 -81.530533
v 41.002983 0.068442 -81.530533
v 41.002983 7.068442 -81.530533
v 41.002975 7.068442 -94.543961
v 50.830856 0.068442 -87.081329
v 50.830856 0.068442 -82.081329
v 50.830856 8.068442 -87.081329
v 45.830856 0.068442 -87.081329
v 45.830856 8.068442 -87.081329
v 45.830856 0.068442 -82.081329
v 45.830856 8.068442 -82.081329
v 50.830856 8.068442 -82.081329
v 45.857307 0.203901 -80.143600
v 45.857307 0.203901 -74.143600
v 45.857307 5.903902 -80.143600
v 40.857307 0.203901 -80.143600
v 40.857307 5.903902 -80.143600
v 40.857307 0.203901 -74.143600
v 40.857307 5.903902 -74.143600
v 45.857307 5.903902 -74.143600
v 21.075691 0.129045 -89.669769
v 21.075691 0.129045 -83.669769
v 21.075691 7.129045 -89.669769
v 18.075684 0.129045 -89.669769
v 18.075684 7.129045 -89.669769
v 18.075684 0.129045 -83.669769
v 18.075684 7.129045 -83.669769
v 21.075691 7.129045 -83.669769
v 7.961212 0.068442 -89.518845
v 15.961197 0.068442 -89.518845
v 7.961212 4.068442 -89.518845
v 7.961212 0.068442 -84.518845
v 7.961212 4.068442 -84.518845
v 15.961197 0.068442 -84.518845
v 15.961197 4.068442 -84.518845
v 15.961197 4.068442 -89.518845
v 6.041748 0.061706 -89.597885
v 6.041748 0.061706 -83.597885
v 6.041748 15.061707 -89.597885
v 0.041756 0.061706 -89.597885
v 0.041756 15.061707 -89.597885
v 0.041756 0.061706 -83.597885
v 0.041756 15.061707 -83.597885
v 6.041748 15.061707 -83.597885
v 13.880615 0.203901 -97.436508
v 13.880615 0.203901 -91.436508
v 13.880615 5.903902 -97.436508
v 8.880615 0.203901 -97.436508
v 8.880615 5.903902 -97.436508
v 8.880615 0.203901 -91.436508
v 8.880615 5.903902 -91.436508
v 13.880615 5.903902 -91.436508
v 6.804497 0.068442 -97.436508
v 6.804497 0.068442 -91.436508
v 6.804497 11.068443 -97.436508
v -1.195511 0.068442 -97.436508
v -1.195511 11.068443 -97.436508
v -1.195511 0.068442 -91.436508
v -1.195511 11.068443 -91.436508
v 6.804497 11.068443 -91.436508
v 54.592331 0.068442 -79.026459
v 54.592331 0.068442 -73.026451
v 54.592331 10.068441 -79.026459
v 48.592331 0.068442 -79.026451
v 48.592331 10.068441 -79.026451
v 48.592331 0.068442 -73.026451
v 48.592331 10.068441 -73.026451
v 54.592331 10.068441 -73.026451
v 33.064774 0.068442 -89.553635
v 33.064774 0.068442 -83.553635
v 33.064774 15.068441 -89.553635
v 23.064766 0.068442 -89.553635
v 23.064766 15.068441 -89.553635
v 23.064766 0.068442 -83.553635
v 23.064766 15.068441 -83.553635
v 33.064774 15.068441 -83.553635
v 21.063118 0.068442 -96.478455
v 21.063118 0.068442 -90.478455
v 21.063118 6.068442 -96.478455
v 16.063118 0.068442 -96.478455
v 16.063118 6.068442 -96.478455
v 16.063118 0.068442 -90.478455
v 16.063118 6.068442 -90.478455
v 21.063118 6.068442 -90.478455
v 52.782181 0.068442 -85.174927
v 60.782181 0.068442 -85.174927
v 52.782181 4.068442 -85.174927
v 52.782181 0.068442 -80.174927
v 52.782181 4.068442 -80.174927
v 60.782181 0.068442 -80.174927
v 60.782181 4.068442 -80.174927
v 60.782181 4.068442 -85.174927
v 23.034973 0.068442 -96.554993
v 31.034973 0.068442 -96.554993
v 23.034973 4.068442 -96.554993
v 23.034973 0.068442 -91.554993
v 23.034973 4.068442 -91.554993
v 31.034973 0.068442 -91.554993
v 31.034973 4.068442 -91.554993
v 31.034973 4.068442 -96.554993
v 61.725555 0.068442 -78.125717
v 61.725555 0.068442 -73.125717
v 61.725555 8.068442 -78.125717
v 56.725555 0.068442 -78.125717
v 56.725555 8.068442 -78.125717
v 56.725555 0.068442 -73.125717
v 56.725555 8.068442 -73.125717
v 61.725555 8.068442 -73.125717
v 69.826981 0.061706 -79.026459
v 69.826981 0.061706 -73.026451
v 69.826981 15.061707 -79.026459
v 63.826996 0.061706 -79.026459
v 63.826996 15.061707 -79.026459
v 63.826996 0.061706 -73.026451
v 63.826996 15.061707 -73.026451
v 69.826981 15.061707 -73.026451
v -2.103806 0.068442 -93.296997
v -2.103806 0.068442 -87.296997
v -2.103806 11.068443 -93.296997
v -10.103798 0.068442 -93.296997
v -10.103798 11.068443 -93.296997
v -10.103798 0.068442 -87.296997
v -10.103798 11.068443 -87.296997
v -2.103806 11.068443 -87.296997
v 70.832214 0.068442 -87.059052
v 70.832214 0.068442 -81.059052
v 70.832214 11.068443 -87.059052
v 62.832199 0.068442 -87.059052
v 62.832199 11.068443 -87.059052
v 62.832199 0.068442 -81.059052
v 62.832199 11.068443 -81.059052
v 70.832214 11.068443 -81.059052
v -2.075996 0.068442 -101.944031
v -2.075996 0.068442 -95.944031
v -2.075996 10.077141 -101.944031
v -12.076012 0.068442 -101.944031
v -12.076012 10.077141 -101.944031
v -12.076012 0.068442 -95.944031
v -12.076012 10.077141 -95.944031
v -2.075996 10.077141 -95.944031
vn -0.0000 -1.0000 -0.0000
vn 1.0000 -0.0000 -0.0000
vn -0.0000 -0.0000 -1.0000
vn -0.0000 -0.0000 1.0000
vn -1.0000 -0.0000 -0.0000
vn -0.0000 1.0000 -0.0000
vn -0.0041 -0.0000 1.0000
vn 1.0000 -0.0000 0.0041
vn 0.0041 -0.0000 -1.0000
vn -1.0000 -0.0000 -0.0041
vt 0.375000 0.500000
vt 0.125000 0.750000
vt 0.125000 0.500000
vt 0.625000 0.000000
vt 0.375000 0.250000
vt 0.375000 0.000000
vt 0.625000 0.750000
vt 0.625000 1.000000
vt 0.375000 1.000000
vt 0.375000 0.750000
vt 0.625000 0.250000
vt 0.625000 0.500000
vt 0.875000 0.500000
vt 0.875000 0.750000
s 0
f 6/1/1 1/2/1 2/3/1
f 3/4/2 2/5/2 1/6/2
f 5/7/3 3/8/3 1/9/3
f 6/1/1 4/10/1 1/2/1
f 5/7/3 1/9/3 4/10/3
f 8/11/4 6/1/4 2/5/4
f 8/11/4 7/12/4 6/1/4
f 7/12/5 4/10/5 6/1/5
f 8/13/6 3/14/6 5/7/6
f 3/4/2 8/11/2 2/5/2
f 8/13/6 5/7/6 7/12/6
f 7/12/5 5/7/5 4/10/5
f 10/4/3 11/5/3 9/6/3
f 12/11/2 15/1/2 11/5/2
f 16/12/4 13/10/4 15/1/4
f 14/7/5 9/9/5 13/10/5
f 15/1/1 9/2/1 11/3/1
f 12/13/6 14/7/6 16/12/6
f 10/4/3 12/11/3 11/5/3
f 12/11/2 16/12/2 15/1/2
f 16/12/4 14/7/4 13/10/4
f 14/7/5 10/8/5 9/9/5
f 15/1/1 13/10/1 9/2/1
f 12/13/6 10/14/6 14/7/6
f 22/1/1 17/2/1 18/3/1
f 19/4/2 18/5/2 17/6/2
f 21/7/3 19/8/3 17/9/3
f 22/1/1 20/10/1 17/2/1
f 21/7/3 17/9/3 20/10/3
f 24/11/4 22/1/4 18/5/4
f 24/11/4 23/12/4 22/1/4
f 23/12/5 20/10/5 22/1/5
f 24/13/6 19/14/6 21/7/6
f 19/4/2 24/11/2 18/5/2
f 24/13/6 21/7/6 23/12/6
f 23/12/5 21/7/5 20/10/5
f 30/1/1 25/2/1 26/3/1
f 27/4/2 26/5/2 25/6/2
f 29/7/3 27/8/3 25/9/3
f 30/1/1 28/10/1 25/2/1
f 29/7/3 25/9/3 28/10/3
f 32/11/4 30/1/4 26/5/4
f 32/11/4 31/12/4 30/1/4
f 31/12/5 28/10/5 30/1/5
f 32/13/6 27/14/6 29/7/6
f 27/4/2 32/11/2 26/5/2
f 32/13/6 29/7/6 31/12/6
f 31/12/5 29/7/5 28/10/5
f 38/1/1 33/2/1 34/3/1
f 35/4/2 34/5/2 33/6/2
f 37/7/3 35/8/3 33/9/3
f 38/1/1 36/10/1 33/2/1
f 37/7/3 33/9/3 36/10/3
f 40/11/4 38/1/4 34/5/4
f 40/11/4 39/12/4 38/1/4
f 39/12/5 36/10/5 38/1/5
f 39/12/6 40/13/6 35/14/6
f 35/4/2 40/11/2 34/5/2
f 39/12/5 37/7/5 36/10/5
f 39/12/6 35/14/6 37/7/6
f 46/1/1 41/2/1 42/3/1
f 43/4/2 42/5/2 41/6/2
f 45/7/3 43/8/3 41/9/3
f 46/1/1 44/10/1 41/2/1
f 45/7/3 41/9/3 44/10/3
f 48/11/4 46/1/4 42/5/4
f 48/11/4 47/12/4 46/1/4
f 47/12/5 44/10/5 46/1/5
f 48/13/6 43/14/6 45/7/6
f 43/4/2 48/11/2 42/5/2
f 48/13/6 45/7/6 47/12/6
f 47/12/5 45/7/5 44/10/5
f 54/1/1 49/2/1 50/3/1
f 51/4/2 50/5/2 49/6/2
f 53/7/3 51/8/3 49/9/3
f 54/1/1 52/10/1 49/2/1
f 53/7/3 49/9/3 52/10/3
f 56/11/4 54/1/4 50/5/4
f 56/11/4 55/12/4 54/1/4
f 55/12/5 52/10/5 54/1/5
f 56/13/6 51/14/6 53/7/6
f 51/4/2 56/11/2 50/5/2
f 56/13/6 53/7/6 55/12/6
f 55/12/5 53/7/5 52/10/5
f 62/1/1 57/2/1 58/3/1
f 59/4/3 58/5/3 57/6/3
f 61/7/5 59/8/5 57/9/5
f 62/1/1 60/10/1 57/2/1
f 61/7/5 57/9/5 60/10/5
f 64/11/2 62/1/2 58/5/2
f 64/11/2 63/12/2 62/1/2
f 63/12/4 60/10/4 62/1/4
f 64/13/6 59/14/6 61/7/6
f 59/4/3 64/11/3 58/5/3
f 64/13/6 61/7/6 63/12/6
f 63/12/4 61/7/4 60/10/4
f 70/1/1 65/2/1 66/3/1
f 67/4/2 66/5/2 65/6/2
f 69/7/3 67/8/3 65/9/3
f 70/1/1 68/10/1 65/2/1
f 69/7/3 65/9/3 68/10/3
f 72/11/4 70/1/4 66/5/4
f 72/11/4 71/12/4 70/1/4
f 71/12/5 68/10/5 70/1/5
f 72/13/6 67/14/6 69/7/6
f 67/4/2 72/11/2 66/5/2
f 72/13/6 69/7/6 71/12/6
f 71/12/5 69/7/5 68/10/5
f 78/1/1 73/2/1 74/3/1
f 75/4/2 74/5/2 73/6/2
f 77/7/3 75/8/3 73/9/3
f 78/1/1 76/10/1 73/2/1
f 77/7/3 73/9/3 76/10/3
f 80/11/4 78/1/4 74/5/4
f 80/11/4 79/12/4 78/1/4
f 79/12/5 76/10/5 78/1/5
f 79/12/6 80/13/6 75/14/6
f 75/4/2 80/11/2 74/5/2
f 79/12/5 77/7/5 76/10/5
f 79/12/6 75/14/6 77/7/6
f 86/1/1 81/2/1 82/3/1
f 83/4/3 82/5/3 81/6/3
f 85/7/5 83/8/5 81/9/5
f 86/1/1 84/10/1 81/2/1
f 85/7/5 81/9/5 84/10/5
f 88/11/2 86/1/2 82/5/2
f 88/11/2 87/12/2 86/1/2
f 87/12/4 84/10/4 86/1/4
f 88/13/6 83/14/6 85/7/6
f 83/4/3 88/11/3 82/5/3
f 88/13/6 85/7/6 87/12/6
f 87/12/4 85/7/4 84/10/4
f 94/1/1 89/2/1 90/3/1
f 91/4/2 90/5/2 89/6/2
f 93/7/3 91/8/3 89/9/3
f 94/1/1 92/10/1 89/2/1
f 93/7/3 89/9/3 92/10/3
f 96/11/4 94/1/4 90/5/4
f 96/11/4 95/12/4 94/1/4
f 95/12/5 92/10/5 94/1/5
f 96/13/6 91/14/6 93/7/6
f 91/4/2 96/11/2 90/5/2
f 96/13/6 93/7/6 95/12/6
f 95/12/5 93/7/5 92/10/5
f 102/1/1 97/2/1 98/3/1
f 99/4/2 98/5/2 97/6/2
f 101/7/3 99/8/3 97/9/3
f 102/1/1 100/10/1 97/2/1
f 101/7/3 97/9/3 100/10/3
f 104/11/4 102/1/4 98/5/4
f 104/11/4 103/12/4 102/1/4
f 103/12/5 100/10/5 102/1/5
f 104/13/6 99/14/6 101/7/6
f 99/4/2 104/11/2 98/5/2
f 104/13/6 101/7/6 103/12/6
f 103/12/5 101/7/5 100/10/5
f 110/1/1 105/2/1 106/3/1
f 107/4/2 106/5/2 105/6/2
f 109/7/3 107/8/3 105/9/3
f 110/1/1 108/10/1 105/2/1
f 109/7/3 105/9/3 108/10/3
f 112/11/4 110/1/4 106/5/4
f 112/11/4 111/12/4 110/1/4
f 111/12/5 108/10/5 110/1/5
f 112/13/6 107/14/6 109/7/6
f 107/4/2 112/11/2 106/5/2
f 112/13/6 109/7/6 111/12/6
f 111/12/5 109/7/5 108/10/5
f 118/1/1 113/2/1 114/3/1
f 115/4/3 114/5/3 113/6/3
f 117/7/5 115/8/5 113/9/5
f 118/1/1 116/10/1 113/2/1
f 117/7/5 113/9/5 116/10/5
f 120/11/2 118/1/2 114/5/2
f 120/11/2 119/12/2 118/1/2
f 119/12/4 116/10/4 118/1/4
f 120/13/6 115/14/6 117/7/6
f 115/4/3 120/11/3 114/5/3
f 120/13/6 117/7/6 119/12/6
f 119/12/4 117/7/4 116/10/4
f 126/1/1 121/2/1 122/3/1
f 123/4/3 122/5/3 121/6/3
f 125/7/5 123/8/5 121/9/5
f 126/1/1 124/10/1 121/2/1
f 125/7/5 121/9/5 124/10/5
f 128/11/2 126/1/2 122/5/2
f 128/11/2 127/12/2 126/1/2
f 127/12/4 124/10/4 126/1/4
f 128/13/6 123/14/6 125/7/6
f 123/4/3 128/11/3 122/5/3
f 128/13/6 125/7/6 127/12/6
f 127/12/4 125/7/4 124/10/4
f 134/1/1 129/2/1 130/3/1
f 131/4/2 130/5/2 129/6/2
f 133/7/3 131/8/3 129/9/3
f 134/1/1 132/10/1 129/2/1
f 133/7/3 129/9/3 132/10/3
f 136/11/4 134/1/4 130/5/4
f 136/11/4 135/12/4 134/1/4
f 135/12/5 132/10/5 134/1/5
f 136/13/6 131/14/6 133/7/6
f 131/4/2 136/11/2 130/5/2
f 136/13/6 133/7/6 135/12/6
f 135/12/5 133/7/5 132/10/5
f 142/1/1 137/2/1 138/3/1
f 139/4/2 138/5/2 137/6/2
f 141/7/3 139/8/3 137/9/3
f 142/1/1 140/10/1 137/2/1
f 141/7/3 137/9/3 140/10/3
f 144/11/4 142/1/4 138/5/4
f 144/11/4 143/12/4 142/1/4
f 143/12/5 140/10/5 142/1/5
f 144/13/6 139/14/6 141/7/6
f 139/4/2 144/11/2 138/5/2
f 144/13/6 141/7/6 143/12/6
f 143/12/5 141/7/5 140/10/5
f 150/1/1 145/2/1 146/3/1
f 147/4/3 146/5/3 145/6/3
f 149/7/5 147/8/5 145/9/5
f 150/1/1 148/10/1 145/2/1
f 149/7/5 145/9/5 148/10/5
f 152/11/2 150/1/2 146/5/2
f 152/11/2 151/12/2 150/1/2
f 151/12/4 148/10/4 150/1/4
f 152/13/6 147/14/6 149/7/6
f 147/4/3 152/11/3 146/5/3
f 152/13/6 149/7/6 151/12/6
f 151/12/4 149/7/4 148/10/4
f 158/1/1 153/2/1 154/3/1
f 155/4/2 154/5/2 153/6/2
f 157/7/3 155/8/3 153/9/3
f 158/1/1 156/10/1 153/2/1
f 157/7/3 153/9/3 156/10/3
f 160/11/4 158/1/4 154/5/4
f 160/11/4 159/12/4 158/1/4
f 159/12/5 156/10/5 158/1/5
f 160/13/6 155/14/6 157/7/6
f 155/4/2 160/11/2 154/5/2
f 160/13/6 157/7/6 159/12/6
f 159/12/5 157/7/5 156/10/5
f 162/3/1 164/10/1 161/2/1
f 163/4/2 162/5/2 161/6/2
f 165/7/3 163/8/3 161/9/3
f 165/7/3 161/9/3 164/10/3
f 166/12/5 165/7/5 164/10/5
f 167/13/6 165/7/6 166/12/6
f 167/13/6 163/14/6 165/7/6
f 163/4/2 167/11/2 162/5/2
f 167/11/4 168/1/4 162/5/4
f 167/11/4 166/12/4 168/1/4
f 162/3/1 168/1/1 164/10/1
f 166/12/5 164/10/5 168/1/5
f 174/1/1 169/2/1 170/3/1
f 171/4/2 170/5/2 169/6/2
f 173/7/3 171/8/3 169/9/3
f 174/1/1 172/10/1 169/2/1
f 173/7/3 169/9/3 172/10/3
f 176/11/4 174/1/4 170/5/4
f 176/11/4 175/12/4 174/1/4
f 175/12/5 172/10/5 174/1/5
f 176/13/6 171/14/6 173/7/6
f 171/4/2 176/11/2 170/5/2
f 176/13/6 173/7/6 175/12/6
f 175/12/5 173/7/5 172/10/5
f 182/1/1 177/2/1 178/3/1
f 179/4/2 178/5/2 177/6/2
f 181/7/3 179/8/3 177/9/3
f 182/1/1 180/10/1 177/2/1
f 181/7/3 177/9/3 180/10/3
f 184/11/4 182/1/4 178/5/4
f 184/11/4 183/12/4 182/1/4
f 183/12/5 180/10/5 182/1/5
f 184/13/6 179/14/6 181/7/6
f 179/4/2 184/11/2 178/5/2
f 184/13/6 181/7/6 183/12/6
f 183/12/5 181/7/5 180/10/5
f 186/3/1 188/10/1 185/2/1
f 187/4/7 186/5/7 185/6/7
f 189/7/8 187/8/8 185/9/8
f 189/7/8 185/9/8 188/10/8
f 190/12/9 189/7/9 188/10/9
f 191/13/6 189/7/6 190/12/6
f 191/13/6 187/14/6 189/7/6
f 187/4/7 191/11/7 186/5/7
f 191/11/10 192/1/10 186/5/10
f 191/11/10 190/12/10 192/1/10
f 186/3/1 192/1/1 188/10/1
f 190/12/9 188/10/9 192/1/9
f 198/1/1 193/2/1 194/3/1
f 195/4/2 194/5/2 193/6/2
f 197/7/3 195/8/3 193/9/3
f 198/1/1 196/10/1 193/2/1
f 197/7/3 193/9/3 196/10/3
f 200/11/4 198/1/4 194/5/4
f 200/11/4 199/12/4 198/1/4
f 199/12/5 196/10/5 198/1/5
f 199/12/6 200/13/6 195/14/6
f 195/4/2 200/11/2 194/5/2
f 199/12/5 197/7/5 196/10/5
f 199/12/6 195/14/6 197/7/6
f 206/1/1 201/2/1 202/3/1
f 203/4/3 202/5/3 201/6/3
f 205/7/5 203/8/5 201/9/5
f 206/1/1 204/10/1 201/2/1
f 205/7/5 201/9/5 204/10/5
f 208/11/2 206/1/2 202/5/2
f 208/11/2 207/12/2 206/1/2
f 207/12/4 204/10/4 206/1/4
f 208/13/6 203/14/6 205/7/6
f 203/4/3 208/11/3 202/5/3
f 208/13/6 205/7/6 207/12/6
f 207/12/4 205/7/4 204/10/4
f 214/1/1 209/2/1 210/3/1
f 211/4/2 210/5/2 209/6/2
f 213/7/3 211/8/3 209/9/3
f 214/1/1 212/10/1 209/2/1
f 213/7/3 209/9/3 212/10/3
f 216/11/4 214/1/4 210/5/4
f 216/11/4 215/12/4 214/1/4
f 215/12/5 212/10/5 214/1/5
f 216/13/6 211/14/6 213/7/6
f 211/4/2 216/11/2 210/5/2
f 216/13/6 213/7/6 215/12/6
f 215/12/5 213/7/5 212/10/5
f 222/1/1 217/2/1 218/3/1
f 219/4/8 218/5/8 217/6/8
f 221/7/9 219/8/9 217/9/9
f 222/1/1 220/10/1 217/2/1
f 221/7/9 217/9/9 220/10/9
f 224/11/7 222/1/7 218/5/7
f 224/11/7 223/12/7 222/1/7
f 223/12/10 220/10/10 222/1/10
f 223/12/6 224/13/6 219/14/6
f 219/4/8 224/11/8 218/5/8
f 223/12/10 221/7/10 220/10/10
f 223/12/6 219/14/6 221/7/6
f 230/1/1 225/2/1 226/3/1
f 227/4/3 226/5/3 225/6/3
f 229/7/5 227/8/5 225/9/5
f 230/1/1 228/10/1 225/2/1
f 229/7/5 225/9/5 228/10/5
f 232/11/2 230/1/2 226/5/2
f 232/11/2 231/12/2 230/1/2
f 231/12/4 228/10/4 230/1/4
f 232/13/6 227/14/6 229/7/6
f 227/4/3 232/11/3 226/5/3
f 232/13/6 229/7/6 231/12/6
f 231/12/4 229/7/4 228/10/4
f 238/1/1 233/2/1 234/3/1
f 235/4/3 234/5/3 233/6/3
f 237/7/5 235/8/5 233/9/5
f 238/1/1 236/10/1 233/2/1
f 237/7/5 233/9/5 236/10/5
f 240/11/2 238/1/2 234/5/2
f 240/11/2 239/12/2 238/1/2
f 239/12/4 236/10/4 238/1/4
f 240/13/6 235/14/6 237/7/6
f 235/4/3 240/11/3 234/5/3
f 240/13/6 237/7/6 239/12/6
f 239/12/4 237/7/4 236/10/4
f 246/1/1 241/2/1 242/3/1
f 243/4/2 242/5/2 241/6/2
f 245/7/3 243/8/3 241/9/3
f 246/1/1 244/10/1 241/2/1
f 245/7/3 241/9/3 244/10/3
f 248/11/4 246/1/4 242/5/4
f 248/11/4 247/12/4 246/1/4
f 247/12/5 244/10/5 246/1/5
f 248/13/6 243/14/6 245/7/6
f 243/4/2 248/11/2 242/5/2
f 248/13/6 245/7/6 247/12/6
f 247/12/5 245/7/5 244/10/5
f 254/1/1 249/2/1 250/3/1
f 251/4/3 250/5/3 249/6/3
f 253/7/5 251/8/5 249/9/5
f 254/1/1 252/10/1 249/2/1
f 253/7/5 249/9/5 252/10/5
f 256/11/2 254/1/2 250/5/2
f 256/11/2 255/12/2 254/1/2
f 255/12/4 252/10/4 254/1/4
f 256/13/6 251/14/6 253/7/6
f 251/4/3 256/11/3 250/5/3
f 256/13/6 253/7/6 255/12/6
f 255/12/4 253/7/4 252/10/4
f 258/3/1 260/10/1 257/2/1
f 259/4/7 258/5/7 257/6/7
f 261/7/8 259/8/8 257/9/8
f 261/7/8 257/9/8 260/10/8
f 262/12/9 261/7/9 260/10/9
f 263/13/6 261/7/6 262/12/6
f 263/13/6 259/14/6 261/7/6
f 259/4/7 263/11/7 258/5/7
f 263/11/10 264/1/10 258/5/10
f 263/11/10 262/12/10 264/1/10
f 258/3/1 264/1/1 260/10/1
f 262/12/9 260/10/9 264/1/9
f 270/1/1 265/2/1 266/3/1
f 267/4/3 266/5/3 265/6/3
f 269/7/5 267/8/5 265/9/5
f 270/1/1 268/10/1 265/2/1
f 269/7/5 265/9/5 268/10/5
f 272/11/2 270/1/2 266/5/2
f 272/11/2 271/12/2 270/1/2
f 271/12/4 268/10/4 270/1/4
f 272/13/6 267/14/6 269/7/6
f 267/4/3 272/11/3 266/5/3
f 272/13/6 269/7/6 271/12/6
f 271/12/4 269/7/4 268/10/4
f 274/3/1 276/10/1 273/2/1
f 275/4/7 274/5/7 273/6/7
f 277/7/8 275/8/8 273/9/8
f 277/7/8 273/9/8 276/10/8
f 278/12/9 277/7/9 276/10/9
f 279/13/6 277/7/6 278/12/6
f 279/13/6 275/14/6 277/7/6
f 275/4/7 279/11/7 274/5/7
f 279/11/10 280/1/10 274/5/10
f 279/11/10 278/12/10 280/1/10
f 274/3/1 280/1/1 276/10/1
f 278/12/9 276/10/9 280/1/9
f 286/1/1 281/2/1 282/3/1
f 283/4/2 282/5/2 281/6/2
f 285/7/3 283/8/3 281/9/3
f 286/1/1 284/10/1 281/2/1
f 285/7/3 281/9/3 284/10/3
f 288/11/4 286/1/4 282/5/4
f 288/11/4 287/12/4 286/1/4
f 287/12/5 284/10/5 286/1/5
f 288/13/6 283/14/6 285/7/6
f 283/4/2 288/11/2 282/5/2
f 288/13/6 285/7/6 287/12/6
f 287/12/5 285/7/5 284/10/5
f 294/1/1 289/2/1 290/3/1
f 291/4/2 290/5/2 289/6/2
f 293/7/3 291/8/3 289/9/3
f 294/1/1 292/10/1 289/2/1
f 293/7/3 289/9/3 292/10/3
f 296/11/4 294/1/4 290/5/4
f 296/11/4 295/12/4 294/1/4
f 295/12/5 292/10/5 294/1/5
f 296/13/6 291/14/6 293/7/6
f 291/4/2 296/11/2 290/5/2
f 296/13/6 293/7/6 295/12/6
f 295/12/5 293/7/5 292/10/5
f 302/1/1 297/2/1 298/3/1
f 299/4/2 298/5/2 297/6/2
f 301/7/3 299/8/3 297/9/3
f 302/1/1 300/10/1 297/2/1
f 301/7/3 297/9/3 300/10/3
f 304/11/4 302/1/4 298/5/4
f 304/11/4 303/12/4 302/1/4
f 303/12/5 300/10/5 302/1/5
f 304/13/6 299/14/6 301/7/6
f 299/4/2 304/11/2 298/5/2
f 304/13/6 301/7/6 303/12/6
f 303/12/5 301/7/5 300/10/5
f 310/1/1 305/2/1 306/3/1
f 307/4/2 306/5/2 305/6/2
f 309/7/3 307/8/3 305/9/3
f 310/1/1 308/10/1 305/2/1
f 309/7/3 305/9/3 308/10/3
f 312/11/4 310/1/4 306/5/4
f 312/11/4 311/12/4 310/1/4
f 311/12/5 308/10/5 310/1/5
f 312/13/6 307/14/6 309/7/6
f 307/4/2 312/11/2 306/5/2
f 312/13/6 309/7/6 311/12/6
f 311/12/5 309/7/5 308/10/5
f 318/1/1 313/2/1 314/3/1
f 315/4/3 314/5/3 313/6/3
f 317/7/5 315/8/5 313/9/5
f 318/1/1 316/10/1 313/2/1
f 317/7/5 313/9/5 316/10/5
f 320/11/2 318/1/2 314/5/2
f 320/11/2 319/12/2 318/1/2
f 319/12/4 316/10/4 318/1/4
f 320/13/6 315/14/6 317/7/6
f 315/4/3 320/11/3 314/5/3
f 320/13/6 317/7/6 319/12/6
f 319/12/4 317/7/4 316/10/4
f 326/1/1 321/2/1 322/3/1
f 323/4/2 322/5/2 321/6/2
f 325/7/3 323/8/3 321/9/3
f 326/1/1 324/10/1 321/2/1
f 325/7/3 321/9/3 324/10/3
f 328/11/4 326/1/4 322/5/4
f 328/11/4 327/12/4 326/1/4
f 327/12/5 324/10/5 326/1/5
f 328/13/6 323/14/6 325/7/6
f 323/4/2 328/11/2 322/5/2
f 328/13/6 325/7/6 327/12/6
f 327/12/5 325/7/5 324/10/5
f 330/3/1 332/10/1 329/2/1
f 331/4/2 330/5/2 329/6/2
f 333/7/3 331/8/3 329/9/3
f 333/7/3 329/9/3 332/10/3
f 334/12/5 333/7/5 332/10/5
f 335/13/6 333/7/6 334/12/6
f 335/13/6 331/14/6 333/7/6
f 331/4/2 335/11/2 330/5/2
f 335/11/4 336/1/4 330/5/4
f 335/11/4 334/12/4 336/1/4
f 330/3/1 336/1/1 332/10/1
f 334/12/5 332/10/5 336/1/5
f 342/1/1 337/2/1 338/3/1
f 339/4/3 338/5/3 337/6/3
f 341/7/5 339/8/5 337/9/5
f 342/1/1 340/10/1 337/2/1
f 341/7/5 337/9/5 340/10/5
f 344/11/2 342/1/2 338/5/2
f 344/11/2 343/12/2 342/1/2
f 343/12/4 340/10/4 342/1/4
f 344/13/6 339/14/6 341/7/6
f 339/4/3 344/11/3 338/5/3
f 344/13/6 341/7/6 343/12/6
f 343/12/4 341/7/4 340/10/4
f 350/1/1 345/2/1 346/3/1
f 347/4/2 346/5/2 345/6/2
f 349/7/3 347/8/3 345/9/3
f 350/1/1 348/10/1 345/2/1
f 349/7/3 345/9/3 348/10/3
f 352/11/4 350/1/4 346/5/4
f 352/11/4 351/12/4 350/1/4
f 351/12/5 348/10/5 350/1/5
f 352/13/6 347/14/6 349/7/6
f 347/4/2 352/11/2 346/5/2
f 352/13/6 349/7/6 351/12/6
f 351/12/5 349/7/5 348/10/5
f 358/1/1 353/2/1 354/3/1
f 355/4/2 354/5/2 353/6/2
f 357/7/3 355/8/3 353/9/3
f 358/1/1 356/10/1 353/2/1
f 357/7/3 353/9/3 356/10/3
f 360/11/4 358/1/4 354/5/4
f 360/11/4 359/12/4 358/1/4
f 359/12/5 356/10/5 358/1/5
f 360/13/6 355/14/6 357/7/6
f 355/4/2 360/11/2 354/5/2
f 360/13/6 357/7/6 359/12/6
f 359/12/5 357/7/5 356/10/5
f 366/1/1 361/2/1 362/3/1
f 363/4/2 362/5/2 361/6/2
f 365/7/3 363/8/3 361/9/3
f 366/1/1 364/10/1 361/2/1
f 365/7/3 361/9/3 364/10/3
f 368/11/4 366/1/4 362/5/4
f 368/11/4 367/12/4 366/1/4
f 367/12/5 364/10/5 366/1/5
f 368/13/6 363/14/6 365/7/6
f 363/4/2 368/11/2 362/5/2
f 368/13/6 365/7/6 367/12/6
f 367/12/5 365/7/5 364/10/5
f 374/1/1 369/2/1 370/3/1
f 371/4/2 370/5/2 369/6/2
f 373/7/3 371/8/3 369/9/3
f 374/1/1 372/10/1 369/2/1
f 373/7/3 369/9/3 372/10/3
f 376/11/4 374/1/4 370/5/4
f 376/11/4 375/12/4 374/1/4
f 375/12/5 372/10/5 374/1/5
f 376/13/6 371/14/6 373/7/6
f 371/4/2 376/11/2 370/5/2
f 376/13/6 373/7/6 375/12/6
f 375/12/5 373/7/5 372/10/5
f 382/1/1 377/2/1 378/3/1
f 379/4/3 378/5/3 377/6/3
f 381/7/5 379/8/5 377/9/5
f 382/1/1 380/10/1 377/2/1
f 381/7/5 377/9/5 380/10/5
f 384/11/2 382/1/2 378/5/2
f 384/11/2 383/12/2 382/1/2
f 383/12/4 380/10/4 382/1/4
f 384/13/6 379/14/6 381/7/6
f 379/4/3 384/11/3 378/5/3
f 384/13/6 381/7/6 383/12/6
f 383/12/4 381/7/4 380/10/4
f 390/1/1 385/2/1 386/3/1
f 387/4/3 386/5/3 385/6/3
f 389/7/5 387/8/5 385/9/5
f 390/1/1 388/10/1 385/2/1
f 389/7/5 385/9/5 388/10/5
f 392/11/2 390/1/2 386/5/2
f 392/11/2 391/12/2 390/1/2
f 391/12/4 388/10/4 390/1/4
f 392/13/6 387/14/6 389/7/6
f 387/4/3 392/11/3 386/5/3
f 392/13/6 389/7/6 391/12/6
f 391/12/4 389/7/4 388/10/4
f 398/1/1 393/2/1 394/3/1
f 395/4/2 394/5/2 393/6/2
f 397/7/3 395/8/3 393/9/3
f 398/1/1 396/10/1 393/2/1
f 397/7/3 393/9/3 396/10/3
f 400/11/4 398/1/4 394/5/4
f 400/11/4 399/12/4 398/1/4
f 399/12/5 396/10/5 398/1/5
f 400/13/6 395/14/6 397/7/6
f 395/4/2 400/11/2 394/5/2
f 400/13/6 397/7/6 399/12/6
f 399/12/5 397/7/5 396/10/5
f 406/1/1 401/2/1 402/3/1
f 403/4/2 402/5/2 401/6/2
f 405/7/3 403/8/3 401/9/3
f 406/1/1 404/10/1 401/2/1
f 405/7/3 401/9/3 404/10/3
f 408/11/4 406/1/4 402/5/4
f 408/11/4 407/12/4 406/1/4
f 407/12/5 404/10/5 406/1/5
f 408/13/6 403/14/6 405/7/6
f 403/4/2 408/11/2 402/5/2
f 408/13/6 405/7/6 407/12/6
f 407/12/5 405/7/5 404/10/5
f 414/1/1 409/2/1 410/3/1
f 411/4/3 410/5/3 409/6/3
f 413/7/5 411/8/5 409/9/5
f 414/1/1 412/10/1 409/2/1
f 413/7/5 409/9/5 412/10/5
f 416/11/2 414/1/2 410/5/2
f 416/11/2 415/12/2 414/1/2
f 415/12/4 412/10/4 414/1/4
f 416/13/6 411/14/6 413/7/6
f 411/4/3 416/11/3 410/5/3
f 416/13/6 413/7/6 415/12/6
f 415/12/4 413/7/4 412/10/4
f 422/1/1 417/2/1 418/3/1
f 419/4/2 418/5/2 417/6/2
f 421/7/3 419/8/3 417/9/3
f 422/1/1 420/10/1 417/2/1
f 421/7/3 417/9/3 420/10/3
f 424/11/4 422/1/4 418/5/4
f 424/11/4 423/12/4 422/1/4
f 423/12/5 420/10/5 422/1/5
f 424/13/6 419/14/6 421/7/6
f 419/4/2 424/11/2 418/5/2
f 424/13/6 421/7/6 423/12/6
f 423/12/5 421/7/5 420/10/5
f 430/1/1 425/2/1 426/3/1
f 427/4/2 426/5/2 425/6/2
f 429/7/3 427/8/3 425/9/3
f 430/1/1 428/10/1 425/2/1
f 429/7/3 425/9/3 428/10/3
f 432/11/4 430/1/4 426/5/4
f 432/11/4 431/12/4 430/1/4
f 431/12/5 428/10/5 430/1/5
f 432/13/6 427/14/6 429/7/6
f 427/4/2 432/11/2 426/5/2
f 432/13/6 429/7/6 431/12/6
f 431/12/5 429/7/5 428/10/5
f 438/1/1 433/2/1 434/3/1
f 435/4/2 434/5/2 433/6/2
f 437/7/3 435/8/3 433/9/3
f 438/1/1 436/10/1 433/2/1
f 437/7/3 433/9/3 436/10/3
f 440/11/4 438/1/4 434/5/4
f 440/11/4 439/12/4 438/1/4
f 439/12/5 436/10/5 438/1/5
f 440/13/6 435/14/6 437/7/6
f 435/4/2 440/11/2 434/5/2
f 440/13/6 437/7/6 439/12/6
f 439/12/5 437/7/5 436/10/5
f 446/1/1 441/2/1 442/3/1
f 443/4/2 442/5/2 441/6/2
f 445/7/3 443/8/3 441/9/3
f 446/1/1 444/10/1 441/2/1
f 445/7/3 441/9/3 444/10/3
f 448/11/4 446/1/4 442/5/4
f 448/11/4 447/12/4 446/1/4
f 447/12/5 444/10/5 446/1/5
f 448/13/6 443/14/6 445/7/6
f 443/4/2 448/11/2 442/5/2
f 448/13/6 445/7/6 447/12/6
f 447/12/5 445/7/5 444/10/5
f 454/1/1 449/2/1 450/3/1
f 451/4/2 450/5/2 449/6/2
f 453/7/3 451/8/3 449/9/3
f 454/1/1 452/10/1 449/2/1
f 453/7/3 449/9/3 452/10/3
f 456/11/4 454/1/4 450/5/4
f 456/11/4 455/12/4 454/1/4
f 455/12/5 452/10/5 454/1/5
f 456/13/6 451/14/6 453/7/6
f 451/4/2 456/11/2 450/5/2
f 456/13/6 453/7/6 455/12/6
f 455/12/5 453/7/5 452/10/5
f 462/1/1 457/2/1 458/3/1
f 459/4/2 458/5/2 457/6/2
f 461/7/3 459/8/3 457/9/3
f 462/1/1 460/10/1 457/2/1
f 461/7/3 457/9/3 460/10/3
f 464/11/4 462/1/4 458/5/4
f 464/11/4 463/12/4 462/1/4
f 463/12/5 460/10/5 462/1/5
f 464/13/6 459/14/6 461/7/6
f 459/4/2 464/11/2 458/5/2
f 464/13/6 461/7/6 463/12/6
f 463/12/5 461/7/5 460/10/5
f 470/1/1 465/2/1 466/3/1
f 467/4/3 466/5/3 465/6/3
f 469/7/5 467/8/5 465/9/5
f 470/1/1 468/10/1 465/2/1
f 469/7/5 465/9/5 468/10/5
f 472/11/2 470/1/2 466/5/2
f 472/11/2 471/12/2 470/1/2
f 471/12/4 468/10/4 470/1/4
f 472/13/6 467/14/6 469/7/6
f 467/4/3 472/11/3 466/5/3
f 472/13/6 469/7/6 471/12/6
f 471/12/4 469/7/4 468/10/4
f 478/1/1 473/2/1 474/3/1
f 475/4/3 474/5/3 473/6/3
f 477/7/5 475/8/5 473/9/5
f 478/1/1 476/10/1 473/2/1
f 477/7/5 473/9/5 476/10/5
f 480/11/2 478/1/2 474/5/2
f 480/11/2 479/12/2 478/1/2
f 479/12/4 476/10/4 478/1/4
f 480/13/6 475/14/6 477/7/6
f 475/4/3 480/11/3 474/5/3
f 480/13/6 477/7/6 479/12/6
f 479/12/4 477/7/4 476/10/4
f 486/1/1 481/2/1 482/3/1
f 483/4/2 482/5/2 481/6/2
f 485/7/3 483/8/3 481/9/3
f 486/1/1 484/10/1 481/2/1
f 485/7/3 481/9/3 484/10/3
f 488/11/4 486/1/4 482/5/4
f 488/11/4 487/12/4 486/1/4
f 487/12/5 484/10/5 486/1/5
f 488/13/6 483/14/6 485/7/6
f 483/4/2 488/11/2 482/5/2
f 488/13/6 485/7/6 487/12/6
f 487/12/5 485/7/5 484/10/5
f 494/1/1 489/2/1 490/3/1
f 491/4/2 490/5/2 489/6/2
f 493/7/3 491/8/3 489/9/3
f 494/1/1 492/10/1 489/2/1
f 493/7/3 489/9/3 492/10/3
f 496/11/4 494/1/4 490/5/4
f 496/11/4 495/12/4 494/1/4
f 495/12/5 492/10/5 494/1/5
f 496/13/6 491/14/6 493/7/6
f 491/4/2 496/11/2 490/5/2
f 496/13/6 493/7/6 495/12/6
f 495/12/5 493/7/5 492/10/5
f 502/1/1 497/2/1 498/3/1
f 499/4/3 498/5/3 497/6/3
f 501/7/5 499/8/5 497/9/5
f 502/1/1 500/10/1 497/2/1
f 501/7/5 497/9/5 500/10/5
f 504/11/2 502/1/2 498/5/2
f 504/11/2 503/12/2 502/1/2
f 503/12/4 500/10/4 502/1/4
f 504/13/6 499/14/6 501/7/6
f 499/4/3 504/11/3 498/5/3
f 504/13/6 501/7/6 503/12/6
f 503/12/4 501/7/4 500/10/4
f 510/1/1 505/2/1 506/3/1
f 507/4/2 506/5/2 505/6/2
f 509/7/3 507/8/3 505/9/3
f 510/1/1 508/10/1 505/2/1
f 509/7/3 505/9/3 508/10/3
f 512/11/4 510/1/4 506/5/4
f 512/11/4 511/12/4 510/1/4
f 511/12/5 508/10/5 510/1/5
f 512/13/6 507/14/6 509/7/6
f 507/4/2 512/11/2 506/5/2
f 512/13/6 509/7/6 511/12/6
f 511/12/5 509/7/5 508/10/5
f 518/1/1 513/2/1 514/3/1
f 515/4/2 514/5/2 513/6/2
f 517/7/3 515/8/3 513/9/3
f 518/1/1 516/10/1 513/2/1
f 517/7/3 513/9/3 516/10/3
f 520/11/4 518/1/4 514/5/4
f 520/11/4 519/12/4 518/1/4
f 519/12/5 516/10/5 518/1/5
f 520/13/6 515/14/6 517/7/6
f 515/4/2 520/11/2 514/5/2
f 520/13/6 517/7/6 519/12/6
f 519/12/5 517/7/5 516/10/5
f 526/1/1 521/2/1 522/3/1
f 523/4/2 522/5/2 521/6/2
f 525/7/3 523/8/3 521/9/3
f 526/1/1 524/10/1 521/2/1
f 525/7/3 521/9/3 524/10/3
f 528/11/4 526/1/4 522/5/4
f 528/11/4 527/12/4 526/1/4
f 527/12/5 524/10/5 526/1/5
f 528/13/6 523/14/6 525/7/6
f 523/4/2 528/11/2 522/5/2
f 528/13/6 525/7/6 527/12/6
f 527/12/5 525/7/5 524/10/5
f 534/1/1 529/2/1 530/3/1
f 531/4/2 530/5/2 529/6/2
f 533/7/3 531/8/3 529/9/3
f 534/1/1 532/10/1 529/2/1
f 533/7/3 529/9/3 532/10/3
f 536/11/4 534/1/4 530/5/4
f 536/11/4 535/12/4 534/1/4
f 535/12/5 532/10/5 534/1/5
f 536/13/6 531/14/6 533/7/6
f 531/4/2 536/11/2 530/5/2
f 536/13/6 533/7/6 535/12/6
f 535/12/5 533/7/5 532/10/5
f 538/3/1 540/10/1 537/2/1
f 539/4/2 538/5/2 537/6/2
f 541/7/3 539/8/3 537/9/3
f 541/7/3 537/9/3 540/10/3
f 542/12/5 541/7/5 540/10/5
f 543/13/6 541/7/6 542/12/6
f 543/13/6 539/14/6 541/7/6
f 539/4/2 543/11/2 538/5/2
f 543/11/4 544/1/4 538/5/4
f 543/11/4 542/12/4 544/1/4
f 538/3/1 544/1/1 540/10/1
f 542/12/5 540/10/5 544/1/5
f 550/1/1 545/2/1 546/3/1
f 547/4/2 546/5/2 545/6/2
f 549/7/3 547/8/3 545/9/3
f 550/1/1 548/10/1 545/2/1
f 549/7/3 545/9/3 548/10/3
f 552/11/4 550/1/4 546/5/4
f 552/11/4 551/12/4 550/1/4
f 551/12/5 548/10/5 550/1/5
f 551/12/6 552/13/6 547/14/6
f 547/4/2 552/11/2 546/5/2
f 551/12/5 549/7/5 548/10/5
f 551/12/6 547/14/6 549/7/6
f 558/1/1 553/2/1 554/3/1
f 555/4/2 554/5/2 553/6/2
f 557/7/3 555/8/3 553/9/3
f 558/1/1 556/10/1 553/2/1
f 557/7/3 553/9/3 556/10/3
f 560/11/4 558/1/4 554/5/4
f 560/11/4 559/12/4 558/1/4
f 559/12/5 556/10/5 558/1/5
f 560/13/6 555/14/6 557/7/6
f 555/4/2 560/11/2 554/5/2
f 560/13/6 557/7/6 559/12/6
f 559/12/5 557/7/5 556/10/5
f 566/1/1 561/2/1 562/3/1
f 563/4/2 562/5/2 561/6/2
f 565/7/3 563/8/3 561/9/3
f 566/1/1 564/10/1 561/2/1
f 565/7/3 561/9/3 564/10/3
f 568/11/4 566/1/4 562/5/4
f 568/11/4 567/12/4 566/1/4
f 567/12/5 564/10/5 566/1/5
f 568/13/6 563/14/6 565/7/6
f 563/4/2 568/11/2 562/5/2
f 568/13/6 565/7/6 567/12/6
f 567/12/5 565/7/5 564/10/5
f 574/1/1 569/2/1 570/3/1
f 571/4/3 570/5/3 569/6/3
f 573/7/5 571/8/5 569/9/5
f 574/1/1 572/10/1 569/2/1
f 573/7/5 569/9/5 572/10/5
f 576/11/2 574/1/2 570/5/2
f 576/11/2 575/12/2 574/1/2
f 575/12/4 572/10/4 574/1/4
f 576/13/6 571/14/6 573/7/6
f 571/4/3 576/11/3 570/5/3
f 576/13/6 573/7/6 575/12/6
f 575/12/4 573/7/4 572/10/4
f 582/1/1 577/2/1 578/3/1
f 579/4/2 578/5/2 577/6/2
f 581/7/3 579/8/3 577/9/3
f 582/1/1 580/10/1 577/2/1
f 581/7/3 577/9/3 580/10/3
f 584/11/4 582/1/4 578/5/4
f 584/11/4 583/12/4 582/1/4
f 583/12/5 580/10/5 582/1/5
f 584/13/6 579/14/6 581/7/6
f 579/4/2 584/11/2 578/5/2
f 584/13/6 581/7/6 583/12/6
f 583/12/5 581/7/5 580/10/5
f 590/1/1 585/2/1 586/3/1
f 587/4/2 586/5/2 585/6/2
f 589/7/3 587/8/3 585/9/3
f 590/1/1 588/10/1 585/2/1
f 589/7/3 585/9/3 588/10/3
f 592/11/4 590/1/4 586/5/4
f 592/11/4 591/12/4 590/1/4
f 591/12/5 588/10/5 590/1/5
f 591/12/6 592/13/6 587/14/6
f 587/4/2 592/11/2 586/5/2
f 591/12/5 589/7/5 588/10/5
f 591/12/6 587/14/6 589/7/6
f 598/1/1 593/2/1 594/3/1
f 595/4/3 594/5/3 593/6/3
f 597/7/5 595/8/5 593/9/5
f 598/1/1 596/10/1 593/2/1
f 597/7/5 593/9/5 596/10/5
f 600/11/2 598/1/2 594/5/2
f 600/11/2 599/12/2 598/1/2
f 599/12/4 596/10/4 598/1/4
f 600/13/6 595/14/6 597/7/6
f 595/4/3 600/11/3 594/5/3
f 600/13/6 597/7/6 599/12/6
f 599/12/4 597/7/4 596/10/4
f 606/1/1 601/2/1 602/3/1
f 603/4/2 602/5/2 601/6/2
f 605/7/3 603/8/3 601/9/3
f 606/1/1 604/10/1 601/2/1
f 605/7/3 601/9/3 604/10/3
f 608/11/4 606/1/4 602/5/4
f 608/11/4 607/12/4 606/1/4
f 607/12/5 604/10/5 606/1/5
f 608/13/6 603/14/6 605/7/6
f 603/4/2 608/11/2 602/5/2
f 608/13/6 605/7/6 607/12/6
f 607/12/5 605/7/5 604/10/5
f 614/1/1 609/2/1 610/3/1
f 611/4/2 610/5/2 609/6/2
f 613/7/3 611/8/3 609/9/3
f 614/1/1 612/10/1 609/2/1
f 613/7/3 609/9/3 612/10/3
f 616/11/4 614/1/4 610/5/4
f 616/11/4 615/12/4 614/1/4
f 615/12/5 612/10/5 614/1/5
f 616/13/6 611/14/6 613/7/6
f 611/4/2 616/11/2 610/5/2
f 616/13/6 613/7/6 615/12/6
f 615/12/5 613/7/5 612/10/5
f 622/1/1 617/2/1 618/3/1
f 619/4/2 618/5/2 617/6/2
f 621/7/3 619/8/3 617/9/3
f 622/1/1 620/10/1 617/2/1
f 621/7/3 617/9/3 620/10/3
f 624/11/4 622/1/4 618/5/4
f 624/11/4 623/12/4 622/1/4
f 623/12/5 620/10/5 622/1/5
f 624/13/6 619/14/6 621/7/6
f 619/4/2 624/11/2 618/5/2
f 624/13/6 621/7/6 623/12/6
f 623/12/5 621/7/5 620/10/5
f 630/1/1 625/2/1 626/3/1
f 627/4/2 626/5/2 625/6/2
f 629/7/3 627/8/3 625/9/3
f 630/1/1 628/10/1 625/2/1
f 629/7/3 625/9/3 628/10/3
f 632/11/4 630/1/4 626/5/4
f 632/11/4 631/12/4 630/1/4
f 631/12/5 628/10/5 630/1/5
f 632/13/6 627/14/6 629/7/6
f 627/4/2 632/11/2 626/5/2
f 632/13/6 629/7/6 631/12/6
f 631/12/5 629/7/5 628/10/5
f 638/1/1 633/2/1 634/3/1
f 635/4/3 634/5/3 633/6/3
f 637/7/5 635/8/5 633/9/5
f 638/1/1 636/10/1 633/2/1
f 637/7/5 633/9/5 636/10/5
f 640/11/2 638/1/2 634/5/2
f 640/11/2 639/12/2 638/1/2
f 639/12/4 636/10/4 638/1/4
f 640/13/6 635/14/6 637/7/6
f 635/4/3 640/11/3 634/5/3
f 640/13/6 637/7/6 639/12/6
f 639/12/4 637/7/4 636/10/4
f 646/1/1 641/2/1 642/3/1
f 643/4/3 642/5/3 641/6/3
f 645/7/5 643/8/5 641/9/5
f 646/1/1 644/10/1 641/2/1
f 645/7/5 641/9/5 644/10/5
f 648/11/2 646/1/2 642/5/2
f 648/11/2 647/12/2 646/1/2
f 647/12/4 644/10/4 646/1/4
f 648/13/6 643/14/6 645/7/6
f 643/4/3 648/11/3 642/5/3
f 648/13/6 645/7/6 647/12/6
f 647/12/4 645/7/4 644/10/4
f 654/1/1 649/2/1 650/3/1
f 651/4/2 650/5/2 649/6/2
f 653/7/3 651/8/3 649/9/3
f 654/1/1 652/10/1 649/2/1
f 653/7/3 649/9/3 652/10/3
f 656/11/4 654/1/4 650/5/4
f 656/11/4 655/12/4 654/1/4
f 655/12/5 652/10/5 654/1/5
f 656/13/6 651/14/6 653/7/6
f 651/4/2 656/11/2 650/5/2
f 656/13/6 653/7/6 655/12/6
f 655/12/5 653/7/5 652/10/5
f 662/1/1 657/2/1 658/3/1
f 659/4/2 658/5/2 657/6/2
f 661/7/3 659/8/3 657/9/3
f 662/1/1 660/10/1 657/2/1
f 661/7/3 657/9/3 660/10/3
f 664/11/4 662/1/4 658/5/4
f 664/11/4 663/12/4 662/1/4
f 663/12/5 660/10/5 662/1/5
f 664/13/6 659/14/6 661/7/6
f 659/4/2 664/11/2 658/5/2
f 664/13/6 661/7/6 663/12/6
f 663/12/5 661/7/5 660/10/5
f 670/1/1 665/2/1 666/3/1
f 667/4/3 666/5/3 665/6/3
f 669/7/5 667/8/5 665/9/5
f 670/1/1 668/10/1 665/2/1
f 669/7/5 665/9/5 668/10/5
f 672/11/2 670/1/2 666/5/2
f 672/11/2 671/12/2 670/1/2
f 671/12/4 668/10/4 670/1/4
f 672/13/6 667/14/6 669/7/6
f 667/4/3 672/11/3 666/5/3
f 672/13/6 669/7/6 671/12/6
f 671/12/4 669/7/4 668/10/4
f 678/1/1 673/2/1 674/3/1
f 675/4/2 674/5/2 673/6/2
f 677/7/3 675/8/3 673/9/3
f 678/1/1 676/10/1 673/2/1
f 677/7/3 673/9/3 676/10/3
f 680/11/4 678/1/4 674/5/4
f 680/11/4 679/12/4 678/1/4
f 679/12/5 676/10/5 678/1/5
f 680/13/6 675/14/6 677/7/6
f 675/4/2 680/11/2 674/5/2
f 680/13/6 677/7/6 679/12/6
f 679/12/5 677/7/5 676/10/5
f 686/1/1 681/2/1 682/3/1
f 683/4/2 682/5/2 681/6/2
f 685/7/3 683/8/3 681/9/3
f 686/1/1 684/10/1 681/2/1
f 685/7/3 681/9/3 684/10/3
f 688/11/4 686/1/4 682/5/4
f 688/11/4 687/12/4 686/1/4
f 687/12/5 684/10/5 686/1/5
f 688/13/6 683/14/6 685/7/6
f 683/4/2 688/11/2 682/5/2
f 688/13/6 685/7/6 687/12/6
f 687/12/5 685/7/5 684/10/5
f 694/1/1 689/2/1 690/3/1
f 691/4/2 690/5/2 689/6/2
f 693/7/3 691/8/3 689/9/3
f 694/1/1 692/10/1 689/2/1
f 693/7/3 689/9/3 692/10/3
f 696/11/4 694/1/4 690/5/4
f 696/11/4 695/12/4 694/1/4
f 695/12/5 692/10/5 694/1/5
f 695/12/6 696/13/6 691/14/6
f 691/4/2 696/11/2 690/5/2
f 695/12/5 693/7/5 692/10/5
f 695/12/6 691/14/6 693/7/6
f 702/1/1 697/2/1 698/3/1
f 699/4/2 698/5/2 697/6/2
f 701/7/3 699/8/3 697/9/3
f 702/1/1 700/10/1 697/2/1
f 701/7/3 697/9/3 700/10/3
f 704/11/4 702/1/4 698/5/4
f 704/11/4 703/12/4 702/1/4
f 703/12/5 700/10/5 702/1/5
f 703/12/6 704/13/6 699/14/6
f 699/4/2 704/11/2 698/5/2
f 703/12/5 701/7/5 700/10/5
f 703/12/6 699/14/6 701/7/6
f 710/1/1 705/2/1 706/3/1
f 707/4/2 706/5/2 705/6/2
f 709/7/3 707/8/3 705/9/3
f 710/1/1 708/10/1 705/2/1
f 709/7/3 705/9/3 708/10/3
f 712/11/4 710/1/4 706/5/4
f 712/11/4 711/12/4 710/1/4
f 711/12/5 708/10/5 710/1/5
f 712/13/6 707/14/6 709/7/6
f 707/4/2 712/11/2 706/5/2
f 712/13/6 709/7/6 711/12/6
f 711/12/5 709/7/5 708/10/5
f 718/1/1 713/2/1 714/3/1
f 715/4/2 714/5/2 713/6/2
f 717/7/3 715/8/3 713/9/3
f 718/1/1 716/10/1 713/2/1
f 717/7/3 713/9/3 716/10/3
f 720/11/4 718/1/4 714/5/4
f 720/11/4 719/12/4 718/1/4
f 719/12/5 716/10/5 718/1/5
f 719/12/6 720/13/6 715/14/6
f 715/4/2 720/11/2 714/5/2
f 719/12/5 717/7/5 716/10/5
f 719/12/6 715/14/6 717/7/6
f 726/1/1 721/2/1 722/3/1
f 723/4/2 722/5/2 721/6/2
f 725/7/3 723/8/3 721/9/3
f 726/1/1 724/10/1 721/2/1
f 725/7/3 721/9/3 724/10/3
f 728/11/4 726/1/4 722/5/4
f 728/11/4 727/12/4 726/1/4
f 727/12/5 724/10/5 726/1/5
f 728/13/6 723/14/6 725/7/6
f 723/4/2 728/11/2 722/5/2
f 728/13/6 725/7/6 727/12/6
f 727/12/5 725/7/5 724/10/5
f 734/1/1 729/2/1 730/3/1
f 731/4/3 730/5/3 729/6/3
f 733/7/5 731/8/5 729/9/5
f 734/1/1 732/10/1 729/2/1
f 733/7/5 729/9/5 732/10/5
f 736/11/2 734/1/2 730/5/2
f 736/11/2 735/12/2 734/1/2
f 735/12/4 732/10/4 734/1/4
f 736/13/6 731/14/6 733/7/6
f 731/4/3 736/11/3 730/5/3
f 736/13/6 733/7/6 735/12/6
f 735/12/4 733/7/4 732/10/4
f 742/1/1 737/2/1 738/3/1
f 739/4/3 738/5/3 737/6/3
f 741/7/5 739/8/5 737/9/5
f 742/1/1 740/10/1 737/2/1
f 741/7/5 737/9/5 740/10/5
f 744/11/2 742/1/2 738/5/2
f 744/11/2 743/12/2 742/1/2
f 743/12/4 740/10/4 742/1/4
f 744/13/6 739/14/6 741/7/6
f 739/4/3 744/11/3 738/5/3
f 744/13/6 741/7/6 743/12/6
f 743/12/4 741/7/4 740/10/4
f 750/1/1 745/2/1 746/3/1
f 747/4/2 746/5/2 745/6/2
f 749/7/3 747/8/3 745/9/3
f 750/1/1 748/10/1 745/2/1
f 749/7/3 745/9/3 748/10/3
f 752/11/4 750/1/4 746/5/4
f 752/11/4 751/12/4 750/1/4
f 751/12/5 748/10/5 750/1/5
f 752/13/6 747/14/6 749/7/6
f 747/4/2 752/11/2 746/5/2
f 752/13/6 749/7/6 751/12/6
f 751/12/5 749/7/5 748/10/5
f 758/1/1 753/2/1 754/3/1
f 755/4/2 754/5/2 753/6/2
f 757/7/3 755/8/3 753/9/3
f 758/1/1 756/10/1 753/2/1
f 757/7/3 753/9/3 756/10/3
f 760/11/4 758/1/4 754/5/4
f 760/11/4 759/12/4 758/1/4
f 759/12/5 756/10/5 758/1/5
f 759/12/6 760/13/6 755/14/6
f 755/4/2 760/11/2 754/5/2
f 759/12/5 757/7/5 756/10/5
f 759/12/6 755/14/6 757/7/6
f 766/1/1 761/2/1 762/3/1
f 763/4/3 762/5/3 761/6/3
f 765/7/5 763/8/5 761/9/5
f 766/1/1 764/10/1 761/2/1
f 765/7/5 761/9/5 764/10/5
f 768/11/2 766/1/2 762/5/2
f 768/11/2 767/12/2 766/1/2
f 767/12/4 764/10/4 766/1/4
f 768/13/6 763/14/6 765/7/6
f 763/4/3 768/11/3 762/5/3
f 768/13/6 765/7/6 767/12/6
f 767/12/4 765/7/4 764/10/4
f 774/1/1 769/2/1 770/3/1
f 771/4/2 770/5/2 769/6/2
f 773/7/3 771/8/3 769/9/3
f 774/1/1 772/10/1 769/2/1
f 773/7/3 769/9/3 772/10/3
f 776/11/4 774/1/4 770/5/4
f 776/11/4 775/12/4 774/1/4
f 775/12/5 772/10/5 774/1/5
f 776/13/6 771/14/6 773/7/6
f 771/4/2 776/11/2 770/5/2
f 776/13/6 773/7/6 775/12/6
f 775/12/5 773/7/5 772/10/5
f 782/1/1 777/2/1 778/3/1
f 779/4/2 778/5/2 777/6/2
f 781/7/3 779/8/3 777/9/3
f 782/1/1 780/10/1 777/2/1
f 781/7/3 777/9/3 780/10/3
f 784/11/4 782/1/4 778/5/4
f 784/11/4 783/12/4 782/1/4
f 783/12/5 780/10/5 782/1/5
f 784/13/6 779/14/6 781/7/6
f 779/4/2 784/11/2 778/5/2
f 784/13/6 781/7/6 783/12/6
f 783/12/5 781/7/5 780/10/5
f 790/1/1 785/2/1 786/3/1
f 787/4/2 786/5/2 785/6/2
f 789/7/3 787/8/3 785/9/3
f 790/1/1 788/10/1 785/2/1
f 789/7/3 785/9/3 788/10/3
f 792/11/4 790/1/4 786/5/4
f 792/11/4 791/12/4 790/1/4
f 791/12/5 788/10/5 790/1/5
f 791/12/6 792/13/6 787/14/6
f 787/4/2 792/11/2 786/5/2
f 791/12/5 789/7/5 788/10/5
f 791/12/6 787/14/6 789/7/6
f 798/1/1 793/2/1 794/3/1
f 795/4/2 794/5/2 793/6/2
f 797/7/3 795/8/3 793/9/3
f 798/1/1 796/10/1 793/2/1
f 797/7/3 793/9/3 796/10/3
f 800/11/4 798/1/4 794/5/4
f 800/11/4 799/12/4 798/1/4
f 799/12/5 796/10/5 798/1/5
f 799/12/6 800/13/6 795/14/6
f 795/4/2 800/11/2 794/5/2
f 799/12/5 797/7/5 796/10/5
f 799/12/6 795/14/6 797/7/6
f 802/4/3 803/5/3 801/6/3
f 804/11/2 807/1/2 803/5/2
f 808/12/4 805/10/4 807/1/4
f 806/7/5 801/9/5 805/10/5
f 807/1/1 801/2/1 803/3/1
f 804/13/6 806/7/6 808/12/6
f 802/4/3 804/11/3 803/5/3
f 804/11/2 808/12/2 807/1/2
f 808/12/4 806/7/4 805/10/4
f 806/7/5 802/8/5 801/9/5
f 807/1/1 805/10/1 801/2/1
f 804/13/6 802/14/6 806/7/6
f 814/1/1 809/2/1 810/3/1
f 811/4/2 810/5/2 809/6/2
f 813/7/3 811/8/3 809/9/3
f 814/1/1 812/10/1 809/2/1
f 813/7/3 809/9/3 812/10/3
f 816/11/4 814/1/4 810/5/4
f 816/11/4 815/12/4 814/1/4
f 815/12/5 812/10/5 814/1/5
f 816/13/6 811/14/6 813/7/6
f 811/4/2 816/11/2 810/5/2
f 816/13/6 813/7/6 815/12/6
f 815/12/5 813/7/5 812/10/5
f 822/1/1 817/2/1 818/3/1
f 819/4/2 818/5/2 817/6/2
f 821/7/3 819/8/3 817/9/3
f 822/1/1 820/10/1 817/2/1
f 821/7/3 817/9/3 820/10/3
f 824/11/4 822/1/4 818/5/4
f 824/11/4 823/12/4 822/1/4
f 823/12/5 820/10/5 822/1/5
f 823/12/6 824/13/6 819/14/6
f 819/4/2 824/11/2 818/5/2
f 823/12/5 821/7/5 820/10/5
f 823/12/6 819/14/6 821/7/6
f 830/1/1 825/2/1 826/3/1
f 827/4/2 826/5/2 825/6/2
f 829/7/3 827/8/3 825/9/3
f 830/1/1 828/10/1 825/2/1
f 829/7/3 825/9/3 828/10/3
f 832/11/4 830/1/4 826/5/4
f 832/11/4 831/12/4 830/1/4
f 831/12/5 828/10/5 830/1/5
f 832/13/6 827/14/6 829/7/6
f 827/4/2 832/11/2 826/5/2
f 832/13/6 829/7/6 831/12/6
f 831/12/5 829/7/5 828/10/5
f 838/1/1 833/2/1 834/3/1
f 835/4/2 834/5/2 833/6/2
f 837/7/3 835/8/3 833/9/3
f 838/1/1 836/10/1 833/2/1
f 837/7/3 833/9/3 836/10/3
f 840/11/4 838/1/4 834/5/4
f 840/11/4 839/12/4 838/1/4
f 839/12/5 836/10/5 838/1/5
f 840/13/6 835/14/6 837/7/6
f 835/4/2 840/11/2 834/5/2
f 840/13/6 837/7/6 839/12/6
f 839/12/5 837/7/5 836/10/5
f 846/1/1 841/2/1 842/3/1
f 843/4/3 842/5/3 841/6/3
f 845/7/5 843/8/5 841/9/5
f 846/1/1 844/10/1 841/2/1
f 845/7/5 841/9/5 844/10/5
f 848/11/2 846/1/2 842/5/2
f 848/11/2 847/12/2 846/1/2
f 847/12/4 844/10/4 846/1/4
f 848/13/6 843/14/6 845/7/6
f 843/4/3 848/11/3 842/5/3
f 848/13/6 845/7/6 847/12/6
f 847/12/4 845/7/4 844/10/4
f 854/1/1 849/2/1 850/3/1
f 851/4/3 850/5/3 849/6/3
f 853/7/5 851/8/5 849/9/5
f 854/1/1 852/10/1 849/2/1
f 853/7/5 849/9/5 852/10/5
f 856/11/2 854/1/2 850/5/2
f 856/11/2 855/12/2 854/1/2
f 855/12/4 852/10/4 854/1/4
f 856/13/6 851/14/6 853/7/6
f 851/4/3 856/11/3 850/5/3
f 856/13/6 853/7/6 855/12/6
f 855/12/4 853/7/4 852/10/4
f 862/1/1 857/2/1 858/3/1
f 859/4/2 858/5/2 857/6/2
f 861/7/3 859/8/3 857/9/3
f 862/1/1 860/10/1 857/2/1
f 861/7/3 857/9/3 860/10/3
f 864/11/4 862/1/4 858/5/4
f 864/11/4 863/12/4 862/1/4
f 863/12/5 860/10/5 862/1/5
f 864/13/6 859/14/6 861/7/6
f 859/4/2 864/11/2 858/5/2
f 864/13/6 861/7/6 863/12/6
f 863/12/5 861/7/5 860/10/5
f 870/1/1 865/2/1 866/3/1
f 867/4/2 866/5/2 865/6/2
f 869/7/3 867/8/3 865/9/3
f 870/1/1 868/10/1 865/2/1
f 869/7/3 865/9/3 868/10/3
f 872/11/4 870/1/4 866/5/4
f 872/11/4 871/12/4 870/1/4
f 871/12/5 868/10/5 870/1/5
f 872/13/6 867/14/6 869/7/6
f 867/4/2 872/11/2 866/5/2
f 872/13/6 869/7/6 871/12/6
f 871/12/5 869/7/5 868/10/5
f 878/1/1 873/2/1 874/3/1
f 875/4/3 874/5/3 873/6/3
f 877/7/5 875/8/5 873/9/5
f 878/1/1 876/10/1 873/2/1
f 877/7/5 873/9/5 876/10/5
f 880/11/2 878/1/2 874/5/2
f 880/11/2 879/12/2 878/1/2
f 879/12/4 876/10/4 878/1/4
f 880/13/6 875/14/6 877/7/6
f 875/4/3 880/11/3 874/5/3
f 880/13/6 877/7/6 879/12/6
f 879/12/4 877/7/4 876/10/4
f 882/3/1 884/10/1 881/2/1
f 883/4/2 882/5/2 881/6/2
f 885/7/3 883/8/3 881/9/3
f 885/7/3 881/9/3 884/10/3
f 886/12/5 885/7/5 884/10/5
f 887/13/6 885/7/6 886/12/6
f 887/13/6 883/14/6 885/7/6
f 883/4/2 887/11/2 882/5/2
f 887/11/4 888/1/4 882/5/4
f 887/11/4 886/12/4 888/1/4
f 882/3/1 888/1/1 884/10/1
f 886/12/5 884/10/5 888/1/5
f 890/3/1 892/10/1 889/2/1
f 891/4/7 890/5/7 889/6/7
f 893/7/8 891/8/8 889/9/8
f 893/7/8 889/9/8 892/10/8
f 894/12/9 893/7/9 892/10/9
f 895/13/6 893/7/6 894/12/6
f 895/13/6 891/14/6 893/7/6
f 891/4/7 895/11/7 890/5/7
f 895/11/10 896/1/10 890/5/10
f 895/11/10 894/12/10 896/1/10
f 890/3/1 896/1/1 892/10/1
f 894/12/9 892/10/9 896/1/9
f 902/1/1 897/2/1 898/3/1
f 899/4/2 898/5/2 897/6/2
f 901/7/3 899/8/3 897/9/3
f 902/1/1 900/10/1 897/2/1
f 901/7/3 897/9/3 900/10/3
f 904/11/4 902/1/4 898/5/4
f 904/11/4 903/12/4 902/1/4
f 903/12/5 900/10/5 902/1/5
f 903/12/6 904/13/6 899/14/6
f 899/4/2 904/11/2 898/5/2
f 903/12/5 901/7/5 900/10/5
f 903/12/6 899/14/6 901/7/6
f 910/1/1 905/2/1 906/3/1
f 907/4/3 906/5/3 905/6/3
f 909/7/5 907/8/5 905/9/5
f 910/1/1 908/10/1 905/2/1
f 909/7/5 905/9/5 908/10/5
f 912/11/2 910/1/2 906/5/2
f 912/11/2 911/12/2 910/1/2
f 911/12/4 908/10/4 910/1/4
f 912/13/6 907/14/6 909/7/6
f 907/4/3 912/11/3 906/5/3
f 912/13/6 909/7/6 911/12/6
f 911/12/4 909/7/4 908/10/4
f 918/1/1 913/2/1 914/3/1
f 915/4/2 914/5/2 913/6/2
f 917/7/3 915/8/3 913/9/3
f 918/1/1 916/10/1 913/2/1
f 917/7/3 913/9/3 916/10/3
f 920/11/4 918/1/4 914/5/4
f 920/11/4 919/12/4 918/1/4
f 919/12/5 916/10/5 918/1/5
f 920/13/6 915/14/6 917/7/6
f 915/4/2 920/11/2 914/5/2
f 920/13/6 917/7/6 919/12/6
f 919/12/5 917/7/5 916/10/5
f 926/1/1 921/2/1 922/3/1
f 923/4/3 922/5/3 921/6/3
f 925/7/5 923/8/5 921/9/5
f 926/1/1 924/10/1 921/2/1
f 925/7/5 921/9/5 924/10/5
f 928/11/2 926/1/2 922/5/2
f 928/11/2 927/12/2 926/1/2
f 927/12/4 924/10/4 926/1/4
f 928/13/6 923/14/6 925/7/6
f 923/4/3 928/11/3 922/5/3
f 928/13/6 925/7/6 927/12/6
f 927/12/4 925/7/4 924/10/4
f 934/1/1 929/2/1 930/3/1
f 931/4/2 930/5/2 929/6/2
f 933/7/3 931/8/3 929/9/3
f 934/1/1 932/10/1 929/2/1
f 933/7/3 929/9/3 932/10/3
f 936/11/4 934/1/4 930/5/4
f 936/11/4 935/12/4 934/1/4
f 935/12/5 932/10/5 934/1/5
f 936/13/6 931/14/6 933/7/6
f 931/4/2 936/11/2 930/5/2
f 936/13/6 933/7/6 935/12/6
f 935/12/5 933/7/5 932/10/5
f 942/1/1 937/2/1 938/3/1
f 939/4/3 938/5/3 937/6/3
f 941/7/5 939/8/5 937/9/5
f 942/1/1 940/10/1 937/2/1
f 941/7/5 937/9/5 940/10/5
f 944/11/2 942/1/2 938/5/2
f 944/11/2 943/12/2 942/1/2
f 943/12/4 940/10/4 942/1/4
f 944/13/6 939/14/6 941/7/6
f 939/4/3 944/11/3 938/5/3
f 944/13/6 941/7/6 943/12/6
f 943/12/4 941/7/4 940/10/4
f 946/3/1 948/10/1 945/2/1
f 947/4/7 946/5/7 945/6/7
f 949/7/8 947/8/8 945/9/8
f 949/7/8 945/9/8 948/10/8
f 950/12/9 949/7/9 948/10/9
f 951/13/6 949/7/6 950/12/6
f 951/13/6 947/14/6 949/7/6
f 947/4/7 951/11/7 946/5/7
f 951/11/10 952/1/10 946/5/10
f 951/11/10 950/12/10 952/1/10
f 946/3/1 952/1/1 948/10/1
f 950/12/9 948/10/9 952/1/9
f 958/1/1 953/2/1 954/3/1
f 955/4/3 954/5/3 953/6/3
f 957/7/5 955/8/5 953/9/5
f 958/1/1 956/10/1 953/2/1
f 957/7/5 953/9/5 956/10/5
f 960/11/2 958/1/2 954/5/2
f 960/11/2 959/12/2 958/1/2
f 959/12/4 956/10/4 958/1/4
f 960/13/6 955/14/6 957/7/6
f 955/4/3 960/11/3 954/5/3
f 960/13/6 957/7/6 959/12/6
f 959/12/4 957/7/4 956/10/4
f 962/3/1 964/10/1 961/2/1
f 963/4/7 962/5/7 961/6/7
f 965/7/8 963/8/8 961/9/8
f 965/7/8 961/9/8 964/10/8
f 966/12/9 965/7/9 964/10/9
f 967/13/6 965/7/6 966/12/6
f 967/13/6 963/14/6 965/7/6
f 963/4/7 967/11/7 962/5/7
f 967/11/10 968/1/10 962/5/10
f 967/11/10 966/12/10 968/1/10
f 962/3/1 968/1/1 964/10/1
f 966/12/9 964/10/9 968/1/9
f 974/1/1 969/2/1 970/3/1
f 971/4/2 970/5/2 969/6/2
f 973/7/3 971/8/3 969/9/3
f 974/1/1 972/10/1 969/2/1
f 973/7/3 969/9/3 972/10/3
f 976/11/4 974/1/4 970/5/4
f 976/11/4 975/12/4 974/1/4
f 975/12/5 972/10/5 974/1/5
f 976/13/6 971/14/6 973/7/6
f 971/4/2 976/11/2 970/5/2
f 976/13/6 973/7/6 975/12/6
f 975/12/5 973/7/5 972/10/5
f 982/1/1 977/2/1 978/3/1
f 979/4/2 978/5/2 977/6/2
f 981/7/3 979/8/3 977/9/3
f 982/1/1 980/10/1 977/2/1
f 981/7/3 977/9/3 980/10/3
f 984/11/4 982/1/4 978/5/4
f 984/11/4 983/12/4 982/1/4
f 983/12/5 980/10/5 982/1/5
f 984/13/6 979/14/6 981/7/6
f 979/4/2 984/11/2 978/5/2
f 984/13/6 981/7/6 983/12/6
f 983/12/5 981/7/5 980/10/5
f 990/1/1 985/2/1 986/3/1
f 987/4/2 986/5/2 985/6/2
f 989/7/3 987/8/3 985/9/3
f 990/1/1 988/10/1 985/2/1
f 989/7/3 985/9/3 988/10/3
f 992/11/4 990/1/4 986/5/4
f 992/11/4 991/12/4 990/1/4
f 991/12/5 988/10/5 990/1/5
f 992/13/6 987/14/6 989/7/6
f 987/4/2 992/11/2 986/5/2
f 992/13/6 989/7/6 991/12/6
f 991/12/5 989/7/5 988/10/5
f 998/1/1 993/2/1 994/3/1
f 995/4/2 994/5/2 993/6/2
f 997/7/3 995/8/3 993/9/3
f 998/1/1 996/10/1 993/2/1
f 997/7/3 993/9/3 996/10/3
f 1000/11/4 998/1/4 994/5/4
f 1000/11/4 999/12/4 998/1/4
f 999/12/5 996/10/5 998/1/5
f 1000/13/6 995/14/6 997/7/6
f 995/4/2 1000/11/2 994/5/2
f 1000/13/6 997/7/6 999/12/6
f 999/12/5 997/7/5 996/10/5
f 1006/1/1 1001/2/1 1002/3/1
f 1003/4/3 1002/5/3 1001/6/3
f 1005/7/5 1003/8/5 1001/9/5
f 1006/1/1 1004/10/1 1001/2/1
f 1005/7/5 1001/9/5 1004/10/5
f 1008/11/2 1006/1/2 1002/5/2
f 1008/11/2 1007/12/2 1006/1/2
f 1007/12/4 1004/10/4 1006/1/4
f 1008/13/6 1003/14/6 1005/7/6
f 1003/4/3 1008/11/3 1002/5/3
f 1008/13/6 1005/7/6 1007/12/6
f 1007/12/4 1005/7/4 1004/10/4
f 1014/1/1 1009/2/1 1010/3/1
f 1011/4/2 1010/5/2 1009/6/2
f 1013/7/3 1011/8/3 1009/9/3
f 1014/1/1 1012/10/1 1009/2/1
f 1013/7/3 1009/9/3 1012/10/3
f 1016/11/4 1014/1/4 1010/5/4
f 1016/11/4 1015/12/4 1014/1/4
f 1015/12/5 1012/10/5 1014/1/5
f 1016/13/6 1011/14/6 1013/7/6
f 1011/4/2 1016/11/2 1010/5/2
f 1016/13/6 1013/7/6 1015/12/6
f 1015/12/5 1013/7/5 1012/10/5
f 1018/3/1 1020/10/1 1017/2/1
f 1019/4/2 1018/5/2 1017/6/2
f 1021/7/3 1019/8/3 1017/9/3
f 1021/7/3 1017/9/3 1020/10/3
f 1022/12/5 1021/7/5 1020/10/5
f 1023/13/6 1021/7/6 1022/12/6
f 1023/13/6 1019/14/6 1021/7/6
f 1019/4/2 1023/11/2 1018/5/2
f 1023/11/4 1024/1/4 1018/5/4
f 1023/11/4 1022/12/4 1024/1/4
f 1018/3/1 1024/1/1 1020/10/1
f 1022/12/5 1020/10/5 1024/1/5
f 1030/1/1 1025/2/1 1026/3/1
f 1027/4/3 1026/5/3 1025/6/3
f 1029/7/5 1027/8/5 1025/9/5
f 1030/1/1 1028/10/1 1025/2/1
f 1029/7/5 1025/9/5 1028/10/5
f 1032/11/2 1030/1/2 1026/5/2
f 1032/11/2 1031/12/2 1030/1/2
f 1031/12/4 1028/10/4 1030/1/4
f 1032/13/6 1027/14/6 1029/7/6
f 1027/4/3 1032/11/3 1026/5/3
f 1032/13/6 1029/7/6 1031/12/6
f 1031/12/4 1029/7/4 1028/10/4
f 1038/1/1 1033/2/1 1034/3/1
f 1035/4/2 1034/5/2 1033/6/2
f 1037/7/3 1035/8/3 1033/9/3
f 1038/1/1 1036/10/1 1033/2/1
f 1037/7/3 1033/9/3 1036/10/3
f 1040/11/4 1038/1/4 1034/5/4
f 1040/11/4 1039/12/4 1038/1/4
f 1039/12/5 1036/10/5 1038/1/5
f 1040/13/6 1035/14/6 1037/7/6
f 1035/4/2 1040/11/2 1034/5/2
f 1040/13/6 1037/7/6 1039/12/6
f 1039/12/5 1037/7/5 1036/10/5
f 1046/1/1 1041/2/1 1042/3/1
f 1043/4/2 1042/5/2 1041/6/2
f 1045/7/3 1043/8/3 1041/9/3
f 1046/1/1 1044/10/1 1041/2/1
f 1045/7/3 1041/9/3 1044/10/3
f 1048/11/4 1046/1/4 1042/5/4
f 1048/11/4 1047/12/4 1046/1/4
f 1047/12/5 1044/10/5 1046/1/5
f 1048/13/6 1043/14/6 1045/7/6
f 1043/4/2 1048/11/2 1042/5/2
f 1048/13/6 1045/7/6 1047/12/6
f 1047/12/5 1045/7/5 1044/10/5
f 1054/1/1 1049/2/1 1050/3/1
f 1051/4/2 1050/5/2 1049/6/2
f 1053/7/3 1051/8/3 1049/9/3
f 1054/1/1 1052/10/1 1049/2/1
f 1053/7/3 1049/9/3 1052/10/3
f 1056/11/4 1054/1/4 1050/5/4
f 1056/11/4 1055/12/4 1054/1/4
f 1055/12/5 1052/10/5 1054/1/5
f 1056/13/6 1051/14/6 1053/7/6
f 1051/4/2 1056/11/2 1050/5/2
f 1056/13/6 1053/7/6 1055/12/6
f 1055/12/5 1053/7/5 1052/10/5
f 1062/1/1 1057/2/1 1058/3/1
f 1059/4/2 1058/5/2 1057/6/2
f 1061/7/3 1059/8/3 1057/9/3
f 1062/1/1 1060/10/1 1057/2/1
f 1061/7/3 1057/9/3 1060/10/3
f 1064/11/4 1062/1/4 1058/5/4
f 1064/11/4 1063/12/4 1062/1/4
f 1063/12/5 1060/10/5 1062/1/5
f 1064/13/6 1059/14/6 1061/7/6
f 1059/4/2 1064/11/2 1058/5/2
f 1064/13/6 1061/7/6 1063/12/6
f 1063/12/5 1061/7/5 1060/10/5
f 1070/1/1 1065/2/1 1066/3/1
f 1067/4/3 1066/5/3 1065/6/3
f 1069/7/5 1067/8/5 1065/9/5
f 1070/1/1 1068/10/1 1065/2/1
f 1069/7/5 1065/9/5 1068/10/5
f 1072/11/2 1070/1/2 1066/5/2
f 1072/11/2 1071/12/2 1070/1/2
f 1071/12/4 1068/10/4 1070/1/4
f 1072/13/6 1067/14/6 1069/7/6
f 1067/4/3 1072/11/3 1066/5/3
f 1072/13/6 1069/7/6 1071/12/6
f 1071/12/4 1069/7/4 1068/10/4
f 1078/1/1 1073/2/1 1074/3/1
f 1075/4/2 1074/5/2 1073/6/2
f 1077/7/3 1075/8/3 1073/9/3
f 1078/1/1 1076/10/1 1073/2/1
f 1077/7/3 1073/9/3 1076/10/3
f 1080/11/4 1078/1/4 1074/5/4
f 1080/11/4 1079/12/4 1078/1/4
f 1079/12/5 1076/10/5 1078/1/5
f 1080/13/6 1075/14/6 1077/7/6
f 1075/4/2 1080/11/2 1074/5/2
f 1080/13/6 1077/7/6 1079/12/6
f 1079/12/5 1077/7/5 1076/10/5
f 1086/1/1 1081/2/1 1082/3/1
f 1083/4/2 1082/5/2 1081/6/2
f 1085/7/3 1083/8/3 1081/9/3
f 1086/1/1 1084/10/1 1081/2/1
f 1085/7/3 1081/9/3 1084/10/3
f 1088/11/4 1086/1/4 1082/5/4
f 1088/11/4 1087/12/4 1086/1/4
f 1087/12/5 1084/10/5 1086/1/5
f 1088/13/6 1083/14/6 1085/7/6
f 1083/4/2 1088/11/2 1082/5/2
f 1088/13/6 1085/7/6 1087/12/6
f 1087/12/5 1085/7/5 1084/10/5
f 1094/1/1 1089/2/1 1090/3/1
f 1091/4/2 1090/5/2 1089/6/2
f 1093/7/3 1091/8/3 1089/9/3
f 1094/1/1 1092/10/1 1089/2/1
f 1093/7/3 1089/9/3 1092/10/3
f 1096/11/4 1094/1/4 1090/5/4
f 1096/11/4 1095/12/4 1094/1/4
f 1095/12/5 1092/10/5 1094/1/5
f 1096/13/6 1091/14/6 1093/7/6
f 1091/4/2 1096/11/2 1090/5/2
f 1096/13/6 1093/7/6 1095/12/6
f 1095/12/5 1093/7/5 1092/10/5
f 1102/1/1 1097/2/1 1098/3/1
f 1099/4/2 1098/5/2 1097/6/2
f 1101/7/3 1099/8/3 1097/9/3
f 1102/1/1 1100/10/1 1097/2/1
f 1101/7/3 1097/9/3 1100/10/3
f 1104/11/4 1102/1/4 1098/5/4
f 1104/11/4 1103/12/4 1102/1/4
f 1103/12/5 1100/10/5 1102/1/5
f 1104/13/6 1099/14/6 1101/7/6
f 1099/4/2 1104/11/2 1098/5/2
f 1104/13/6 1101/7/6 1103/12/6
f 1103/12/5 1101/7/5 1100/10/5
f 1110/1/1 1105/2/1 1106/3/1
f 1107/4/2 1106/5/2 1105/6/2
f 1109/7/3 1107/8/3 1105/9/3
f 1110/1/1 1108/10/1 1105/2/1
f 1109/7/3 1105/9/3 1108/10/3
f 1112/11/4 1110/1/4 1106/5/4
f 1112/11/4 1111/12/4 1110/1/4
f 1111/12/5 1108/10/5 1110/1/5
f 1112/13/6 1107/14/6 1109/7/6
f 1107/4/2 1112/11/2 1106/5/2
f 1112/13/6 1109/7/6 1111/12/6
f 1111/12/5 1109/7/5 1108/10/5
f 1114/3/1 1116/10/1 1113/2/1
f 1115/4/2 1114/5/2 1113/6/2
f 1117/7/3 1115/8/3 1113/9/3
f 1117/7/3 1113/9/3 1116/10/3
f 1118/12/5 1117/7/5 1116/10/5
f 1119/13/6 1117/7/6 1118/12/6
f 1119/13/6 1115/14/6 1117/7/6
f 1115/4/2 1119/11/2 1114/5/2
f 1119/11/4 1120/1/4 1114/5/4
f 1119/11/4 1118/12/4 1120/1/4
f 1114/3/1 1120/1/1 1116/10/1
f 1118/12/5 1116/10/5 1120/1/5
f 1126/1/1 1121/2/1 1122/3/1
f 1123/4/2 1122/5/2 1121/6/2
f 1125/7/3 1123/8/3 1121/9/3
f 1126/1/1 1124/10/1 1121/2/1
f 1125/7/3 1121/9/3 1124/10/3
f 1128/11/4 1126/1/4 1122/5/4
f 1128/11/4 1127/12/4 1126/1/4
f 1127/12/5 1124/10/5 1126/1/5
f 1127/12/6 1128/13/6 1123/14/6
f 1123/4/2 1128/11/2 1122/5/2
f 1127/12/5 1125/7/5 1124/10/5
f 1127/12/6 1123/14/6 1125/7/6
f 1134/1/1 1129/2/1 1130/3/1
f 1131/4/2 1130/5/2 1129/6/2
f 1133/7/3 1131/8/3 1129/9/3
f 1134/1/1 1132/10/1 1129/2/1
f 1133/7/3 1129/9/3 1132/10/3
f 1136/11/4 1134/1/4 1130/5/4
f 1136/11/4 1135/12/4 1134/1/4
f 1135/12/5 1132/10/5 1134/1/5
f 1136/13/6 1131/14/6 1133/7/6
f 1131/4/2 1136/11/2 1130/5/2
f 1136/13/6 1133/7/6 1135/12/6
f 1135/12/5 1133/7/5 1132/10/5
f 1142/1/1 1137/2/1 1138/3/1
f 1139/4/2 1138/5/2 1137/6/2
f 1141/7/3 1139/8/3 1137/9/3
f 1142/1/1 1140/10/1 1137/2/1
f 1141/7/3 1137/9/3 1140/10/3
f 1144/11/4 1142/1/4 1138/5/4
f 1144/11/4 1143/12/4 1142/1/4
f 1143/12/5 1140/10/5 1142/1/5
f 1144/13/6 1139/14/6 1141/7/6
f 1139/4/2 1144/11/2 1138/5/2
f 1144/13/6 1141/7/6 1143/12/6
f 1143/12/5 1141/7/5 1140/10/5
f 1150/1/1 1145/2/1 1146/3/1
f 1147/4/3 1146/5/3 1145/6/3
f 1149/7/5 1147/8/5 1145/9/5
f 1150/1/1 1148/10/1 1145/2/1
f 1149/7/5 1145/9/5 1148/10/5
f 1152/11/2 1150/1/2 1146/5/2
f 1152/11/2 1151/12/2 1150/1/2
f 1151/12/4 1148/10/4 1150/1/4
f 1152/13/6 1147/14/6 1149/7/6
f 1147/4/3 1152/11/3 1146/5/3
f 1152/13/6 1149/7/6 1151/12/6
f 1151/12/4 1149/7/4 1148/10/4
f 1158/1/1 1153/2/1 1154/3/1
f 1155/4/2 1154/5/2 1153/6/2
f 1157/7/3 1155/8/3 1153/9/3
f 1158/1/1 1156/10/1 1153/2/1
f 1157/7/3 1153/9/3 1156/10/3
f 1160/11/4 1158/1/4 1154/5/4
f 1160/11/4 1159/12/4 1158/1/4
f 1159/12/5 1156/10/5 1158/1/5
f 1160/13/6 1155/14/6 1157/7/6
f 1155/4/2 1160/11/2 1154/5/2
f 1160/13/6 1157/7/6 1159/12/6
f 1159/12/5 1157/7/5 1156/10/5
f 1166/1/1 1161/2/1 1162/3/1
f 1163/4/2 1162/5/2 1161/6/2
f 1165/7/3 1163/8/3 1161/9/3
f 1166/1/1 1164/10/1 1161/2/1
f 1165/7/3 1161/9/3 1164/10/3
f 1168/11/4 1166/1/4 1162/5/4
f 1168/11/4 1167/12/4 1166/1/4
f 1167/12/5 1164/10/5 1166/1/5
f 1167/12/6 1168/13/6 1163/14/6
f 1163/4/2 1168/11/2 1162/5/2
f 1167/12/5 1165/7/5 1164/10/5
f 1167/12/6 1163/14/6 1165/7/6
f 1174/1/1 1169/2/1 1170/3/1
f 1171/4/3 1170/5/3 1169/6/3
f 1173/7/5 1171/8/5 1169/9/5
f 1174/1/1 1172/10/1 1169/2/1
f 1173/7/5 1169/9/5 1172/10/5
f 1176/11/2 1174/1/2 1170/5/2
f 1176/11/2 1175/12/2 1174/1/2
f 1175/12/4 1172/10/4 1174/1/4
f 1176/13/6 1171/14/6 1173/7/6
f 1171/4/3 1176/11/3 1170/5/3
f 1176/13/6 1173/7/6 1175/12/6
f 1175/12/4 1173/7/4 1172/10/4
f 1182/1/1 1177/2/1 1178/3/1
f 1179/4/2 1178/5/2 1177/6/2
f 1181/7/3 1179/8/3 1177/9/3
f 1182/1/1 1180/10/1 1177/2/1
f 1181/7/3 1177/9/3 1180/10/3
f 1184/11/4 1182/1/4 1178/5/4
f 1184/11/4 1183/12/4 1182/1/4
f 1183/12/5 1180/10/5 1182/1/5
f 1184/13/6 1179/14/6 1181/7/6
f 1179/4/2 1184/11/2 1178/5/2
f 1184/13/6 1181/7/6 1183/12/6
f 1183/12/5 1181/7/5 1180/10/5
f 1190/1/1 1185/2/1 1186/3/1
f 1187/4/2 1186/5/2 1185/6/2
f 1189/7/3 1187/8/3 1185/9/3
f 1190/1/1 1188/10/1 1185/2/1
f 1189/7/3 1185/9/3 1188/10/3
f 1192/11/4 1190/1/4 1186/5/4
f 1192/11/4 1191/12/4 1190/1/4
f 1191/12/5 1188/10/5 1190/1/5
f 1192/13/6 1187/14/6 1189/7/6
f 1187/4/2 1192/11/2 1186/5/2
f 1192/13/6 1189/7/6 1191/12/6
f 1191/12/5 1189/7/5 1188/10/5
f 1198/1/1 1193/2/1 1194/3/1
f 1195/4/2 1194/5/2 1193/6/2
f 1197/7/3 1195/8/3 1193/9/3
f 1198/1/1 1196/10/1 1193/2/1
f 1197/7/3 1193/9/3 1196/10/3
f 1200/11/4 1198/1/4 1194/5/4
f 1200/11/4 1199/12/4 1198/1/4
f 1199/12/5 1196/10/5 1198/1/5
f 1200/13/6 1195/14/6 1197/7/6
f 1195/4/2 1200/11/2 1194/5/2
f 1200/13/6 1197/7/6 1199/12/6
f 1199/12/5 1197/7/5 1196/10/5
f 1206/1/1 1201/2/1 1202/3/1
f 1203/4/2 1202/5/2 1201/6/2
f 1205/7/3 1203/8/3 1201/9/3
f 1206/1/1 1204/10/1 1201/2/1
f 1205/7/3 1201/9/3 1204/10/3
f 1208/11/4 1206/1/4 1202/5/4
f 1208/11/4 1207/12/4 1206/1/4
f 1207/12/5 1204/10/5 1206/1/5
f 1208/13/6 1203/14/6 1205/7/6
f 1203/4/2 1208/11/2 1202/5/2
f 1208/13/6 1205/7/6 1207/12/6
f 1207/12/5 1205/7/5 1204/10/5
f 1214/1/1 1209/2/1 1210/3/1
f 1211/4/3 1210/5/3 1209/6/3
f 1213/7/5 1211/8/5 1209/9/5
f 1214/1/1 1212/10/1 1209/2/1
f 1213/7/5 1209/9/5 1212/10/5
f 1216/11/2 1214/1/2 1210/5/2
f 1216/11/2 1215/12/2 1214/1/2
f 1215/12/4 1212/10/4 1214/1/4
f 1216/13/6 1211/14/6 1213/7/6
f 1211/4/3 1216/11/3 1210/5/3
f 1216/13/6 1213/7/6 1215/12/6
f 1215/12/4 1213/7/4 1212/10/4
f 1222/1/1 1217/2/1 1218/3/1
f 1219/4/3 1218/5/3 1217/6/3
f 1221/7/5 1219/8/5 1217/9/5
f 1222/1/1 1220/10/1 1217/2/1
f 1221/7/5 1217/9/5 1220/10/5
f 1224/11/2 1222/1/2 1218/5/2
f 1224/11/2 1223/12/2 1222/1/2
f 1223/12/4 1220/10/4 1222/1/4
f 1224/13/6 1219/14/6 1221/7/6
f 1219/4/3 1224/11/3 1218/5/3
f 1224/13/6 1221/7/6 1223/12/6
f 1223/12/4 1221/7/4 1220/10/4
f 1230/1/1 1225/2/1 1226/3/1
f 1227/4/2 1226/5/2 1225/6/2
f 1229/7/3 1227/8/3 1225/9/3
f 1230/1/1 1228/10/1 1225/2/1
f 1229/7/3 1225/9/3 1228/10/3
f 1232/11/4 1230/1/4 1226/5/4
f 1232/11/4 1231/12/4 1230/1/4
f 1231/12/5 1228/10/5 1230/1/5
f 1232/13/6 1227/14/6 1229/7/6
f 1227/4/2 1232/11/2 1226/5/2
f 1232/13/6 1229/7/6 1231/12/6
f 1231/12/5 1229/7/5 1228/10/5
f 1238/1/1 1233/2/1 1234/3/1
f 1235/4/2 1234/5/2 1233/6/2
f 1237/7/3 1235/8/3 1233/9/3
f 1238/1/1 1236/10/1 1233/2/1
f 1237/7/3 1233/9/3 1236/10/3
f 1240/11/4 1238/1/4 1234/5/4
f 1240/11/4 1239/12/4 1238/1/4
f 1239/12/5 1236/10/5 1238/1/5
f 1240/13/6 1235/14/6 1237/7/6
f 1235/4/2 1240/11/2 1234/5/2
f 1240/13/6 1237/7/6 1239/12/6
f 1239/12/5 1237/7/5 1236/10/5
f 1246/1/1 1241/2/1 1242/3/1
f 1243/4/3 1242/5/3 1241/6/3
f 1245/7/5 1243/8/5 1241/9/5
f 1246/1/1 1244/10/1 1241/2/1
f 1245/7/5 1241/9/5 1244/10/5
f 1248/11/2 1246/1/2 1242/5/2
f 1248/11/2 1247/12/2 1246/1/2
f 1247/12/4 1244/10/4 1246/1/4
f 1248/13/6 1243/14/6 1245/7/6
f 1243/4/3 1248/11/3 1242/5/3
f 1248/13/6 1245/7/6 1247/12/6
f 1247/12/4 1245/7/4 1244/10/4
f 1254/1/1 1249/2/1 1250/3/1
f 1251/4/2 1250/5/2 1249/6/2
f 1253/7/3 1251/8/3 1249/9/3
f 1254/1/1 1252/10/1 1249/2/1
f 1253/7/3 1249/9/3 1252/10/3
f 1256/11/4 1254/1/4 1250/5/4
f 1256/11/4 1255/12/4 1254/1/4
f 1255/12/5 1252/10/5 1254/1/5
f 1256/13/6 1251/14/6 1253/7/6
f 1251/4/2 1256/11/2 1250/5/2
f 1256/13/6 1253/7/6 1255/12/6
f 1255/12/5 1253/7/5 1252/10/5
f 1262/1/1 1257/2/1 1258/3/1
f 1259/4/2 1258/5/2 1257/6/2
f 1261/7/3 1259/8/3 1257/9/3
f 1262/1/1 1260/10/1 1257/2/1
f 1261/7/3 1257/9/3 1260/10/3
f 1264/11/4 1262/1/4 1258/5/4
f 1264/11/4 1263/12/4 1262/1/4
f 1263/12/5 1260/10/5 1262/1/5
f 1264/13/6 1259/14/6 1261/7/6
f 1259/4/2 1264/11/2 1258/5/2
f 1264/13/6 1261/7/6 1263/12/6
f 1263/12/5 1261/7/5 1260/10/5
f 1270/1/1 1265/2/1 1266/3/1
f 1267/4/2 1266/5/2 1265/6/2
f 1269/7/3 1267/8/3 1265/9/3
f 1270/1/1 1268/10/1 1265/2/1
f 1269/7/3 1265/9/3 1268/10/3
f 1272/11/4 1270/1/4 1266/5/4
f 1272/11/4 1271/12/4 1270/1/4
f 1271/12/5 1268/10/5 1270/1/5
f 1271/12/6 1272/13/6 1267/14/6
f 1267/4/2 1272/11/2 1266/5/2
f 1271/12/5 1269/7/5 1268/10/5
f 1271/12/6 1267/14/6 1269/7/6
f 1278/1/1 1273/2/1 1274/3/1
f 1275/4/2 1274/5/2 1273/6/2
f 1277/7/3 1275/8/3 1273/9/3
f 1278/1/1 1276/10/1 1273/2/1
f 1277/7/3 1273/9/3 1276/10/3
f 1280/11/4 1278/1/4 1274/5/4
f 1280/11/4 1279/12/4 1278/1/4
f 1279/12/5 1276/10/5 1278/1/5
f 1279/12/6 1280/13/6 1275/14/6
f 1275/4/2 1280/11/2 1274/5/2
f 1279/12/5 1277/7/5 1276/10/5
f 1279/12/6 1275/14/6 1277/7/6
f 1286/1/1 1281/2/1 1282/3/1
f 1283/4/2 1282/5/2 1281/6/2
f 1285/7/3 1283/8/3 1281/9/3
f 1286/1/1 1284/10/1 1281/2/1
f 1285/7/3 1281/9/3 1284/10/3
f 1288/11/4 1286/1/4 1282/5/4
f 1288/11/4 1287/12/4 1286/1/4
f 1287/12/5 1284/10/5 1286/1/5
f 1288/13/6 1283/14/6 1285/7/6
f 1283/4/2 1288/11/2 1282/5/2
f 1288/13/6 1285/7/6 1287/12/6
f 1287/12/5 1285/7/5 1284/10/5
f 1294/1/1 1289/2/1 1290/3/1
f 1291/4/2 1290/5/2 1289/6/2
f 1293/7/3 1291/8/3 1289/9/3
f 1294/1/1 1292/10/1 1289/2/1
f 1293/7/3 1289/9/3 1292/10/3
f 1296/11/4 1294/1/4 1290/5/4
f 1296/11/4 1295/12/4 1294/1/4
f 1295/12/5 1292/10/5 1294/1/5
f 1295/12/6 1296/13/6 1291/14/6
f 1291/4/2 1296/11/2 1290/5/2
f 1295/12/5 1293/7/5 1292/10/5
f 1295/12/6 1291/14/6 1293/7/6
f 1302/1/1 1297/2/1 1298/3/1
f 1299/4/2 1298/5/2 1297/6/2
f 1301/7/3 1299/8/3 1297/9/3
f 1302/1/1 1300/10/1 1297/2/1
f 1301/7/3 1297/9/3 1300/10/3
f 1304/11/4 1302/1/4 1298/5/4
f 1304/11/4 1303/12/4 1302/1/4
f 1303/12/5 1300/10/5 1302/1/5
f 1304/13/6 1299/14/6 1301/7/6
f 1299/4/2 1304/11/2 1298/5/2
f 1304/13/6 1301/7/6 1303/12/6
f 1303/12/5 1301/7/5 1300/10/5
f 1310/1/1 1305/2/1 1306/3/1
f 1307/4/3 1306/5/3 1305/6/3
f 1309/7/5 1307/8/5 1305/9/5
f 1310/1/1 1308/10/1 1305/2/1
f 1309/7/5 1305/9/5 1308/10/5
f 1312/11/2 1310/1/2 1306/5/2
f 1312/11/2 1311/12/2 1310/1/2
f 1311/12/4 1308/10/4 1310/1/4
f 1312/13/6 1307/14/6 1309/7/6
f 1307/4/3 1312/11/3 1306/5/3
f 1312/13/6 1309/7/6 1311/12/6
f 1311/12/4 1309/7/4 1308/10/4
f 1318/1/1 1313/2/1 1314/3/1
f 1315/4/3 1314/5/3 1313/6/3
f 1317/7/5 1315/8/5 1313/9/5
f 1318/1/1 1316/10/1 1313/2/1
f 1317/7/5 1313/9/5 1316/10/5
f 1320/11/2 1318/1/2 1314/5/2
f 1320/11/2 1319/12/2 1318/1/2
f 1319/12/4 1316/10/4 1318/1/4
f 1320/13/6 1315/14/6 1317/7/6
f 1315/4/3 1320/11/3 1314/5/3
f 1320/13/6 1317/7/6 1319/12/6
f 1319/12/4 1317/7/4 1316/10/4
f 1326/1/1 1321/2/1 1322/3/1
f 1323/4/2 1322/5/2 1321/6/2
f 1325/7/3 1323/8/3 1321/9/3
f 1326/1/1 1324/10/1 1321/2/1
f 1325/7/3 1321/9/3 1324/10/3
f 1328/11/4 1326/1/4 1322/5/4
f 1328/11/4 1327/12/4 1326/1/4
f 1327/12/5 1324/10/5 1326/1/5
f 1328/13/6 1323/14/6 1325/7/6
f 1323/4/2 1328/11/2 1322/5/2
f 1328/13/6 1325/7/6 1327/12/6
f 1327/12/5 1325/7/5 1324/10/5
f 1334/1/1 1329/2/1 1330/3/1
f 1331/4/2 1330/5/2 1329/6/2
f 1333/7/3 1331/8/3 1329/9/3
f 1334/1/1 1332/10/1 1329/2/1
f 1333/7/3 1329/9/3 1332/10/3
f 1336/11/4 1334/1/4 1330/5/4
f 1336/11/4 1335/12/4 1334/1/4
f 1335/12/5 1332/10/5 1334/1/5
f 1335/12/6 1336/13/6 1331/14/6
f 1331/4/2 1336/11/2 1330/5/2
f 1335/12/5 1333/7/5 1332/10/5
f 1335/12/6 1331/14/6 1333/7/6
f 1342/1/1 1337/2/1 1338/3/1
f 1339/4/3 1338/5/3 1337/6/3
f 1341/7/5 1339/8/5 1337/9/5
f 1342/1/1 1340/10/1 1337/2/1
f 1341/7/5 1337/9/5 1340/10/5
f 1344/11/2 1342/1/2 1338/5/2
f 1344/11/2 1343/12/2 1342/1/2
f 1343/12/4 1340/10/4 1342/1/4
f 1344/13/6 1339/14/6 1341/7/6
f 1339/4/3 1344/11/3 1338/5/3
f 1344/13/6 1341/7/6 1343/12/6
f 1343/12/4 1341/7/4 1340/10/4
f 1350/1/1 1345/2/1 1346/3/1
f 1347/4/2 1346/5/2 1345/6/2
f 1349/7/3 1347/8/3 1345/9/3
f 1350/1/1 1348/10/1 1345/2/1
f 1349/7/3 1345/9/3 1348/10/3
f 1352/11/4 1350/1/4 1346/5/4
f 1352/11/4 1351/12/4 1350/1/4
f 1351/12/5 1348/10/5 1350/1/5
f 1352/13/6 1347/14/6 1349/7/6
f 1347/4/2 1352/11/2 1346/5/2
f 1352/13/6 1349/7/6 1351/12/6
f 1351/12/5 1349/7/5 1348/10/5
f 1358/1/1 1353/2/1 1354/3/1
f 1355/4/2 1354/5/2 1353/6/2
f 1357/7/3 1355/8/3 1353/9/3
f 1358/1/1 1356/10/1 1353/2/1
f 1357/7/3 1353/9/3 1356/10/3
f 1360/11/4 1358/1/4 1354/5/4
f 1360/11/4 1359/12/4 1358/1/4
f 1359/12/5 1356/10/5 1358/1/5
f 1360/13/6 1355/14/6 1357/7/6
f 1355/4/2 1360/11/2 1354/5/2
f 1360/13/6 1357/7/6 1359/12/6
f 1359/12/5 1357/7/5 1356/10/5
f 1366/1/1 1361/2/1 1362/3/1
f 1363/4/2 1362/5/2 1361/6/2
f 1365/7/3 1363/8/3 1361/9/3
f 1366/1/1 1364/10/1 1361/2/1
f 1365/7/3 1361/9/3 1364/10/3
f 1368/11/4 1366/1/4 1362/5/4
f 1368/11/4 1367/12/4 1366/1/4
f 1367/12/5 1364/10/5 1366/1/5
f 1367/12/6 1368/13/6 1363/14/6
f 1363/4/2 1368/11/2 1362/5/2
f 1367/12/5 1365/7/5 1364/10/5
f 1367/12/6 1363/14/6 1365/7/6
f 1374/1/1 1369/2/1 1370/3/1
f 1371/4/2 1370/5/2 1369/6/2
f 1373/7/3 1371/8/3 1369/9/3
f 1374/1/1 1372/10/1 1369/2/1
f 1373/7/3 1369/9/3 1372/10/3
f 1376/11/4 1374/1/4 1370/5/4
f 1376/11/4 1375/12/4 1374/1/4
f 1375/12/5 1372/10/5 1374/1/5
f 1375/12/6 1376/13/6 1371/14/6
f 1371/4/2 1376/11/2 1370/5/2
f 1375/12/5 1373/7/5 1372/10/5
f 1375/12/6 1371/14/6 1373/7/6
f 1378/4/3 1379/5/3 1377/6/3
f 1380/11/2 1383/1/2 1379/5/2
f 1384/12/4 1381/10/4 1383/1/4
f 1382/7/5 1377/9/5 1381/10/5
f 1383/1/1 1377/2/1 1379/3/1
f 1380/13/6 1382/7/6 1384/12/6
f 1378/4/3 1380/11/3 1379/5/3
f 1380/11/2 1384/12/2 1383/1/2
f 1384/12/4 1382/7/4 1381/10/4
f 1382/7/5 1378/8/5 1377/9/5
f 1383/1/1 1381/10/1 1377/2/1
f 1380/13/6 1378/14/6 1382/7/6
f 1390/1/1 1385/2/1 1386/3/1
f 1387/4/2 1386/5/2 1385/6/2
f 1389/7/3 1387/8/3 1385/9/3
f 1390/1/1 1388/10/1 1385/2/1
f 1389/7/3 1385/9/3 1388/10/3
f 1392/11/4 1390/1/4 1386/5/4
f 1392/11/4 1391/12/4 1390/1/4
f 1391/12/5 1388/10/5 1390/1/5
f 1392/13/6 1387/14/6 1389/7/6
f 1387/4/2 1392/11/2 1386/5/2
f 1392/13/6 1389/7/6 1391/12/6
f 1391/12/5 1389/7/5 1388/10/5
f 1398/1/1 1393/2/1 1394/3/1
f 1395/4/2 1394/5/2 1393/6/2
f 1397/7/3 1395/8/3 1393/9/3
f 1398/1/1 1396/10/1 1393/2/1
f 1397/7/3 1393/9/3 1396/10/3
f 1400/11/4 1398/1/4 1394/5/4
f 1400/11/4 1399/12/4 1398/1/4
f 1399/12/5 1396/10/5 1398/1/5
f 1399/12/6 1400/13/6 1395/14/6
f 1395/4/2 1400/11/2 1394/5/2
f 1399/12/5 1397/7/5 1396/10/5
f 1399/12/6 1395/14/6 1397/7/6
f 1406/1/1 1401/2/1 1402/3/1
f 1403/4/2 1402/5/2 1401/6/2
f 1405/7/3 1403/8/3 1401/9/3
f 1406/1/1 1404/10/1 1401/2/1
f 1405/7/3 1401/9/3 1404/10/3
f 1408/11/4 1406/1/4 1402/5/4
f 1408/11/4 1407/12/4 1406/1/4
f 1407/12/5 1404/10/5 1406/1/5
f 1408/13/6 1403/14/6 1405/7/6
f 1403/4/2 1408/11/2 1402/5/2
f 1408/13/6 1405/7/6 1407/12/6
f 1407/12/5 1405/7/5 1404/10/5
f 1414/1/1 1409/2/1 1410/3/1
f 1411/4/2 1410/5/2 1409/6/2
f 1413/7/3 1411/8/3 1409/9/3
f 1414/1/1 1412/10/1 1409/2/1
f 1413/7/3 1409/9/3 1412/10/3
f 1416/11/4 1414/1/4 1410/5/4
f 1416/11/4 1415/12/4 1414/1/4
f 1415/12/5 1412/10/5 1414/1/5
f 1416/13/6 1411/14/6 1413/7/6
f 1411/4/2 1416/11/2 1410/5/2
f 1416/13/6 1413/7/6 1415/12/6
f 1415/12/5 1413/7/5 1412/10/5
f 1422/1/1 1417/2/1 1418/3/1
f 1419/4/3 1418/5/3 1417/6/3
f 1421/7/5 1419/8/5 1417/9/5
f 1422/1/1 1420/10/1 1417/2/1
f 1421/7/5 1417/9/5 1420/10/5
f 1424/11/2 1422/1/2 1418/5/2
f 1424/11/2 1423/12/2 1422/1/2
f 1423/12/4 1420/10/4 1422/1/4
f 1424/13/6 1419/14/6 1421/7/6
f 1419/4/3 1424/11/3 1418/5/3
f 1424/13/6 1421/7/6 1423/12/6
f 1423/12/4 1421/7/4 1420/10/4
f 1430/1/1 1425/2/1 1426/3/1
f 1427/4/2 1426/5/2 1425/6/2
f 1429/7/3 1427/8/3 1425/9/3
f 1430/1/1 1428/10/1 1425/2/1
f 1429/7/3 1425/9/3 1428/10/3
f 1432/11/4 1430/1/4 1426/5/4
f 1432/11/4 1431/12/4 1430/1/4
f 1431/12/5 1428/10/5 1430/1/5
f 1432/13/6 1427/14/6 1429/7/6
f 1427/4/2 1432/11/2 1426/5/2
f 1432/13/6 1429/7/6 1431/12/6
f 1431/12/5 1429/7/5 1428/10/5
f 1438/1/1 1433/2/1 1434/3/1
f 1435/4/2 1434/5/2 1433/6/2
f 1437/7/3 1435/8/3 1433/9/3
f 1438/1/1 1436/10/1 1433/2/1
f 1437/7/3 1433/9/3 1436/10/3
f 1440/11/4 1438/1/4 1434/5/4
f 1440/11/4 1439/12/4 1438/1/4
f 1439/12/5 1436/10/5 1438/1/5
f 1439/12/6 1440/13/6 1435/14/6
f 1435/4/2 1440/11/2 1434/5/2
f 1439/12/5 1437/7/5 1436/10/5
f 1439/12/6 1435/14/6 1437/7/6
f 1446/1/1 1441/2/1 1442/3/1
f 1443/4/3 1442/5/3 1441/6/3
f 1445/7/5 1443/8/5 1441/9/5
f 1446/1/1 1444/10/1 1441/2/1
f 1445/7/5 1441/9/5 1444/10/5
f 1448/11/2 1446/1/2 1442/5/2
f 1448/11/2 1447/12/2 1446/1/2
f 1447/12/4 1444/10/4 1446/1/4
f 1448/13/6 1443/14/6 1445/7/6
f 1443/4/3 1448/11/3 1442/5/3
f 1448/13/6 1445/7/6 1447/12/6
f 1447/12/4 1445/7/4 1444/10/4
f 1454/1/1 1449/2/1 1450/3/1
f 1451/4/2 1450/5/2 1449/6/2
f 1453/7/3 1451/8/3 1449/9/3
f 1454/1/1 1452/10/1 1449/2/1
f 1453/7/3 1449/9/3 1452/10/3
f 1456/11/4 1454/1/4 1450/5/4
f 1456/11/4 1455/12/4 1454/1/4
f 1455/12/5 1452/10/5 1454/1/5
f 1456/13/6 1451/14/6 1453/7/6
f 1451/4/2 1456/11/2 1450/5/2
f 1456/13/6 1453/7/6 1455/12/6
f 1455/12/5 1453/7/5 1452/10/5
f 1462/1/1 1457/2/1 1458/3/1
f 1459/4/2 1458/5/2 1457/6/2
f 1461/7/3 1459/8/3 1457/9/3
f 1462/1/1 1460/10/1 1457/2/1
f 1461/7/3 1457/9/3 1460/10/3
f 1464/11/4 1462/1/4 1458/5/4
f 1464/11/4 1463/12/4 1462/1/4
f 1463/12/5 1460/10/5 1462/1/5
f 1464/13/6 1459/14/6 1461/7/6
f 1459/4/2 1464/11/2 1458/5/2
f 1464/13/6 1461/7/6 1463/12/6
f 1463/12/5 1461/7/5 1460/10/5
f 1470/1/1 1465/2/1 1466/3/1
f 1467/4/2 1466/5/2 1465/6/2
f 1469/7/3 1467/8/3 1465/9/3
f 1470/1/1 1468/10/1 1465/2/1
f 1469/7/3 1465/9/3 1468/10/3
f 1472/11/4 1470/1/4 1466/5/4
f 1472/11/4 1471/12/4 1470/1/4
f 1471/12/5 1468/10/5 1470/1/5
f 1472/13/6 1467/14/6 1469/7/6
f 1467/4/2 1472/11/2 1466/5/2
f 1472/13/6 1469/7/6 1471/12/6
f 1471/12/5 1469/7/5 1468/10/5
f 1478/1/1 1473/2/1 1474/3/1
f 1475/4/3 1474/5/3 1473/6/3
f 1477/7/5 1475/8/5 1473/9/5
f 1478/1/1 1476/10/1 1473/2/1
f 1477/7/5 1473/9/5 1476/10/5
f 1480/11/2 1478/1/2 1474/5/2
f 1480/11/2 1479/12/2 1478/1/2
f 1479/12/4 1476/10/4 1478/1/4
f 1480/13/6 1475/14/6 1477/7/6
f 1475/4/3 1480/11/3 1474/5/3
f 1480/13/6 1477/7/6 1479/12/6
f 1479/12/4 1477/7/4 1476/10/4
f 1486/1/1 1481/2/1 1482/3/1
f 1483/4/3 1482/5/3 1481/6/3
f 1485/7/5 1483/8/5 1481/9/5
f 1486/1/1 1484/10/1 1481/2/1
f 1485/7/5 1481/9/5 1484/10/5
f 1488/11/2 1486/1/2 1482/5/2
f 1488/11/2 1487/12/2 1486/1/2
f 1487/12/4 1484/10/4 1486/1/4
f 1488/13/6 1483/14/6 1485/7/6
f 1483/4/3 1488/11/3 1482/5/3
f 1488/13/6 1485/7/6 1487/12/6
f 1487/12/4 1485/7/4 1484/10/4
f 1494/1/1 1489/2/1 1490/3/1
f 1491/4/2 1490/5/2 1489/6/2
f 1493/7/3 1491/8/3 1489/9/3
f 1494/1/1 1492/10/1 1489/2/1
f 1493/7/3 1489/9/3 1492/10/3
f 1496/11/4 1494/1/4 1490/5/4
f 1496/11/4 1495/12/4 1494/1/4
f 1495/12/5 1492/10/5 1494/1/5
f 1496/13/6 1491/14/6 1493/7/6
f 1491/4/2 1496/11/2 1490/5/2
f 1496/13/6 1493/7/6 1495/12/6
f 1495/12/5 1493/7/5 1492/10/5
f 1502/1/1 1497/2/1 1498/3/1
f 1499/4/2 1498/5/2 1497/6/2
f 1501/7/3 1499/8/3 1497/9/3
f 1502/1/1 1500/10/1 1497/2/1
f 1501/7/3 1497/9/3 1500/10/3
f 1504/11/4 1502/1/4 1498/5/4
f 1504/11/4 1503/12/4 1502/1/4
f 1503/12/5 1500/10/5 1502/1/5
f 1504/13/6 1499/14/6 1501/7/6
f 1499/4/2 1504/11/2 1498/5/2
f 1504/13/6 1501/7/6 1503/12/6
f 1503/12/5 1501/7/5 1500/10/5
f 1510/1/1 1505/2/1 1506/3/1
f 1507/4/2 1506/5/2 1505/6/2
f 1509/7/3 1507/8/3 1505/9/3
f 1510/1/1 1508/10/1 1505/2/1
f 1509/7/3 1505/9/3 1508/10/3
f 1512/11/4 1510/1/4 1506/5/4
f 1512/11/4 1511/12/4 1510/1/4
f 1511/12/5 1508/10/5 1510/1/5
f 1512/13/6 1507/14/6 1509/7/6
f 1507/4/2 1512/11/2 1506/5/2
f 1512/13/6 1509/7/6 1511/12/6
f 1511/12/5 1509/7/5 1508/10/5
f 1518/1/1 1513/2/1 1514/3/1
f 1515/4/2 1514/5/2 1513/6/2
f 1517/7/3 1515/8/3 1513/9/3
f 1518/1/1 1516/10/1 1513/2/1
f 1517/7/3 1513/9/3 1516/10/3
f 1520/11/4 1518/1/4 1514/5/4
f 1520/11/4 1519/12/4 1518/1/4
f 1519/12/5 1516/10/5 1518/1/5
f 1520/13/6 1515/14/6 1517/7/6
f 1515/4/2 1520/11/2 1514/5/2
f 1520/13/6 1517/7/6 1519/12/6
f 1519/12/5 1517/7/5 1516/10/5
f 1526/1/1 1521/2/1 1522/3/1
f 1523/4/2 1522/5/2 1521/6/2
f 1525/7/3 1523/8/3 1521/9/3
f 1526/1/1 1524/10/1 1521/2/1
f 1525/7/3 1521/9/3 1524/10/3
f 1528/11/4 1526/1/4 1522/5/4
f 1528/11/4 1527/12/4 1526/1/4
f 1527/12/5 1524/10/5 1526/1/5
f 1528/13/6 1523/14/6 1525/7/6
f 1523/4/2 1528/11/2 1522/5/2
f 1528/13/6 1525/7/6 1527/12/6
f 1527/12/5 1525/7/5 1524/10/5
f 1534/1/1 1529/2/1 1530/3/1
f 1531/4/8 1530/5/8 1529/6/8
f 1533/7/9 1531/8/9 1529/9/9
f 1534/1/1 1532/10/1 1529/2/1
f 1533/7/9 1529/9/9 1532/10/9
f 1536/11/7 1534/1/7 1530/5/7
f 1536/11/7 1535/12/7 1534/1/7
f 1535/12/10 1532/10/10 1534/1/10
f 1535/12/6 1536/13/6 1531/14/6
f 1531/4/8 1536/11/8 1530/5/8
f 1535/12/10 1533/7/10 1532/10/10
f 1535/12/6 1531/14/6 1533/7/6
f 1542/1/1 1537/2/1 1538/3/1
f 1539/4/3 1538/5/3 1537/6/3
f 1541/7/5 1539/8/5 1537/9/5
f 1542/1/1 1540/10/1 1537/2/1
f 1541/7/5 1537/9/5 1540/10/5
f 1544/11/2 1542/1/2 1538/5/2
f 1544/11/2 1543/12/2 1542/1/2
f 1543/12/4 1540/10/4 1542/1/4
f 1544/13/6 1539/14/6 1541/7/6
f 1539/4/3 1544/11/3 1538/5/3
f 1544/13/6 1541/7/6 1543/12/6
f 1543/12/4 1541/7/4 1540/10/4
f 1550/1/1 1545/2/1 1546/3/1
f 1547/4/2 1546/5/2 1545/6/2
f 1549/7/3 1547/8/3 1545/9/3
f 1550/1/1 1548/10/1 1545/2/1
f 1549/7/3 1545/9/3 1548/10/3
f 1552/11/4 1550/1/4 1546/5/4
f 1552/11/4 1551/12/4 1550/1/4
f 1551/12/5 1548/10/5 1550/1/5
f 1552/13/6 1547/14/6 1549/7/6
f 1547/4/2 1552/11/2 1546/5/2
f 1552/13/6 1549/7/6 1551/12/6
f 1551/12/5 1549/7/5 1548/10/5
f 1558/1/1 1553/2/1 1554/3/1
f 1555/4/3 1554/5/3 1553/6/3
f 1557/7/5 1555/8/5 1553/9/5
f 1558/1/1 1556/10/1 1553/2/1
f 1557/7/5 1553/9/5 1556/10/5
f 1560/11/2 1558/1/2 1554/5/2
f 1560/11/2 1559/12/2 1558/1/2
f 1559/12/4 1556/10/4 1558/1/4
f 1560/13/6 1555/14/6 1557/7/6
f 1555/4/3 1560/11/3 1554/5/3
f 1560/13/6 1557/7/6 1559/12/6
f 1559/12/4 1557/7/4 1556/10/4
f 1566/1/1 1561/2/1 1562/3/1
f 1563/4/2 1562/5/2 1561/6/2
f 1565/7/3 1563/8/3 1561/9/3
f 1566/1/1 1564/10/1 1561/2/1
f 1565/7/3 1561/9/3 1564/10/3
f 1568/11/4 1566/1/4 1562/5/4
f 1568/11/4 1567/12/4 1566/1/4
f 1567/12/5 1564/10/5 1566/1/5
f 1568/13/6 1563/14/6 1565/7/6
f 1563/4/2 1568/11/2 1562/5/2
f 1568/13/6 1565/7/6 1567/12/6
f 1567/12/5 1565/7/5 1564/10/5
f 1574/1/1 1569/2/1 1570/3/1
f 1571/4/3 1570/5/3 1569/6/3
f 1573/7/5 1571/8/5 1569/9/5
f 1574/1/1 1572/10/1 1569/2/1
f 1573/7/5 1569/9/5 1572/10/5
f 1576/11/2 1574/1/2 1570/5/2
f 1576/11/2 1575/12/2 1574/1/2
f 1575/12/4 1572/10/4 1574/1/4
f 1576/13/6 1571/14/6 1573/7/6
f 1571/4/3 1576/11/3 1570/5/3
f 1576/13/6 1573/7/6 1575/12/6
f 1575/12/4 1573/7/4 1572/10/4
f 1582/1/1 1577/2/1 1578/3/1
f 1579/4/2 1578/5/2 1577/6/2
f 1581/7/3 1579/8/3 1577/9/3
f 1582/1/1 1580/10/1 1577/2/1
f 1581/7/3 1577/9/3 1580/10/3
f 1584/11/4 1582/1/4 1578/5/4
f 1584/11/4 1583/12/4 1582/1/4
f 1583/12/5 1580/10/5 1582/1/5
f 1584/13/6 1579/14/6 1581/7/6
f 1579/4/2 1584/11/2 1578/5/2
f 1584/13/6 1581/7/6 1583/12/6
f 1583/12/5 1581/7/5 1580/10/5
f 1590/1/1 1585/2/1 1586/3/1
f 1587/4/2 1586/5/2 1585/6/2
f 1589/7/3 1587/8/3 1585/9/3
f 1590/1/1 1588/10/1 1585/2/1
f 1589/7/3 1585/9/3 1588/10/3
f 1592/11/4 1590/1/4 1586/5/4
f 1592/11/4 1591/12/4 1590/1/4
f 1591/12/5 1588/10/5 1590/1/5
f 1591/12/6 1592/13/6 1587/14/6
f 1587/4/2 1592/11/2 1586/5/2
f 1591/12/5 1589/7/5 1588/10/5
f 1591/12/6 1587/14/6 1589/7/6
f 1598/1/1 1593/2/1 1594/3/1
f 1595/4/2 1594/5/2 1593/6/2
f 1597/7/3 1595/8/3 1593/9/3
f 1598/1/1 1596/10/1 1593/2/1
f 1597/7/3 1593/9/3 1596/10/3
f 1600/11/4 1598/1/4 1594/5/4
f 1600/11/4 1599/12/4 1598/1/4
f 1599/12/5 1596/10/5 1598/1/5
f 1600/13/6 1595/14/6 1597/7/6
f 1595/4/2 1600/11/2 1594/5/2
f 1600/13/6 1597/7/6 1599/12/6
f 1599/12/5 1597/7/5 1596/10/5
f 1606/1/1 1601/2/1 1602/3/1
f 1603/4/3 1602/5/3 1601/6/3
f 1605/7/5 1603/8/5 1601/9/5
f 1606/1/1 1604/10/1 1601/2/1
f 1605/7/5 1601/9/5 1604/10/5
f 1608/11/2 1606/1/2 1602/5/2
f 1608/11/2 1607/12/2 1606/1/2
f 1607/12/4 1604/10/4 1606/1/4
f 1608/13/6 1603/14/6 1605/7/6
f 1603/4/3 1608/11/3 1602/5/3
f 1608/13/6 1605/7/6 1607/12/6
f 1607/12/4 1605/7/4 1604/10/4
f 1614/1/1 1609/2/1 1610/3/1
f 1611/4/3 1610/5/3 1609/6/3
f 1613/7/5 1611/8/5 1609/9/5
f 1614/1/1 1612/10/1 1609/2/1
f 1613/7/5 1609/9/5 1612/10/5
f 1616/11/2 1614/1/2 1610/5/2
f 1616/11/2 1615/12/2 1614/1/2
f 1615/12/4 1612/10/4 1614/1/4
f 1616/13/6 1611/14/6 1613/7/6
f 1611/4/3 1616/11/3 1610/5/3
f 1616/13/6 1613/7/6 1615/12/6
f 1615/12/4 1613/7/4 1612/10/4
f 1622/1/1 1617/2/1 1618/3/1
f 1619/4/2 1618/5/2 1617/6/2
f 1621/7/3 1619/8/3 1617/9/3
f 1622/1/1 1620/10/1 1617/2/1
f 1621/7/3 1617/9/3 1620/10/3
f 1624/11/4 1622/1/4 1618/5/4
f 1624/11/4 1623/12/4 1622/1/4
f 1623/12/5 1620/10/5 1622/1/5
f 1624/13/6 1619/14/6 1621/7/6
f 1619/4/2 1624/11/2 1618/5/2
f 1624/13/6 1621/7/6 1623/12/6
f 1623/12/5 1621/7/5 1620/10/5
f 1630/1/1 1625/2/1 1626/3/1
f 1627/4/2 1626/5/2 1625/6/2
f 1629/7/3 1627/8/3 1625/9/3
f 1630/1/1 1628/10/1 1625/2/1
f 1629/7/3 1625/9/3 1628/10/3
f 1632/11/4 1630/1/4 1626/5/4
f 1632/11/4 1631/12/4 1630/1/4
f 1631/12/5 1628/10/5 1630/1/5
f 1631/12/6 1632/13/6 1627/14/6
f 1627/4/2 1632/11/2 1626/5/2
f 1631/12/5 1629/7/5 1628/10/5
f 1631/12/6 1627/14/6 1629/7/6
f 1638/1/1 1633/2/1 1634/3/1
f 1635/4/3 1634/5/3 1633/6/3
f 1637/7/5 1635/8/5 1633/9/5
f 1638/1/1 1636/10/1 1633/2/1
f 1637/7/5 1633/9/5 1636/10/5
f 1640/11/2 1638/1/2 1634/5/2
f 1640/11/2 1639/12/2 1638/1/2
f 1639/12/4 1636/10/4 1638/1/4
f 1640/13/6 1635/14/6 1637/7/6
f 1635/4/3 1640/11/3 1634/5/3
f 1640/13/6 1637/7/6 1639/12/6
f 1639/12/4 1637/7/4 1636/10/4
f 1646/1/1 1641/2/1 1642/3/1
f 1643/4/2 1642/5/2 1641/6/2
f 1645/7/3 1643/8/3 1641/9/3
f 1646/1/1 1644/10/1 1641/2/1
f 1645/7/3 1641/9/3 1644/10/3
f 1648/11/4 1646/1/4 1642/5/4
f 1648/11/4 1647/12/4 1646/1/4
f 1647/12/5 1644/10/5 1646/1/5
f 1648/13/6 1643/14/6 1645/7/6
f 1643/4/2 1648/11/2 1642/5/2
f 1648/13/6 1645/7/6 1647/12/6
f 1647/12/5 1645/7/5 1644/10/5
f 1654/1/1 1649/2/1 1650/3/1
f 1651/4/2 1650/5/2 1649/6/2
f 1653/7/3 1651/8/3 1649/9/3
f 1654/1/1 1652/10/1 1649/2/1
f 1653/7/3 1649/9/3 1652/10/3
f 1656/11/4 1654/1/4 1650/5/4
f 1656/11/4 1655/12/4 1654/1/4
f 1655/12/5 1652/10/5 1654/1/5
f 1656/13/6 1651/14/6 1653/7/6
f 1651/4/2 1656/11/2 1650/5/2
f 1656/13/6 1653/7/6 1655/12/6
f 1655/12/5 1653/7/5 1652/10/5
f 1662/1/1 1657/2/1 1658/3/1
f 1659/4/2 1658/5/2 1657/6/2
f 1661/7/3 1659/8/3 1657/9/3
f 1662/1/1 1660/10/1 1657/2/1
f 1661/7/3 1657/9/3 1660/10/3
f 1664/11/4 1662/1/4 1658/5/4
f 1664/11/4 1663/12/4 1662/1/4
f 1663/12/5 1660/10/5 1662/1/5
f 1663/12/6 1664/13/6 1659/14/6
f 1659/4/2 1664/11/2 1658/5/2
f 1663/12/5 1661/7/5 1660/10/5
f 1663/12/6 1659/14/6 1661/7/6
f 1670/1/1 1665/2/1 1666/3/1
f 1667/4/2 1666/5/2 1665/6/2
f 1669/7/3 1667/8/3 1665/9/3
f 1670/1/1 1668/10/1 1665/2/1
f 1669/7/3 1665/9/3 1668/10/3
f 1672/11/4 1670/1/4 1666/5/4
f 1672/11/4 1671/12/4 1670/1/4
f 1671/12/5 1668/10/5 1670/1/5
f 1671/12/6 1672/13/6 1667/14/6
f 1667/4/2 1672/11/2 1666/5/2
f 1671/12/5 1669/7/5 1668/10/5
f 1671/12/6 1667/14/6 1669/7/6
f 1674/4/3 1675/5/3 1673/6/3
f 1676/11/2 1679/1/2 1675/5/2
f 1680/12/4 1677/10/4 1679/1/4
f 1678/7/5 1673/9/5 1677/10/5
f 1679/1/1 1673/2/1 1675/3/1
f 1676/13/6 1678/7/6 1680/12/6
f 1674/4/3 1676/11/3 1675/5/3
f 1676/11/2 1680/12/2 1679/1/2
f 1680/12/4 1678/7/4 1677/10/4
f 1678/7/5 1674/8/5 1673/9/5
f 1679/1/1 1677/10/1 1673/2/1
f 1676/13/6 1674/14/6 1678/7/6
f 1686/1/1 1681/2/1 1682/3/1
f 1683/4/3 1682/5/3 1681/6/3
f 1685/7/5 1683/8/5 1681/9/5
f 1686/1/1 1684/10/1 1681/2/1
f 1685/7/5 1681/9/5 1684/10/5
f 1688/11/2 1686/1/2 1682/5/2
f 1688/11/2 1687/12/2 1686/1/2
f 1687/12/4 1684/10/4 1686/1/4
f 1688/13/6 1683/14/6 1685/7/6
f 1683/4/3 1688/11/3 1682/5/3
f 1688/13/6 1685/7/6 1687/12/6
f 1687/12/4 1685/7/4 1684/10/4
f 1694/1/1 1689/2/1 1690/3/1
f 1691/4/2 1690/5/2 1689/6/2
f 1693/7/3 1691/8/3 1689/9/3
f 1694/1/1 1692/10/1 1689/2/1
f 1693/7/3 1689/9/3 1692/10/3
f 1696/11/4 1694/1/4 1690/5/4
f 1696/11/4 1695/12/4 1694/1/4
f 1695/12/5 1692/10/5 1694/1/5
f 1696/13/6 1691/14/6 1693/7/6
f 1691/4/2 1696/11/2 1690/5/2
f 1696/13/6 1693/7/6 1695/12/6
f 1695/12/5 1693/7/5 1692/10/5
f 1698/3/1 1700/10/1 1697/2/1
f 1699/4/2 1698/5/2 1697/6/2
f 1701/7/3 1699/8/3 1697/9/3
f 1701/7/3 1697/9/3 1700/10/3
f 1702/12/5 1701/7/5 1700/10/5
f 1703/13/6 1701/7/6 1702/12/6
f 1703/13/6 1699/14/6 1701/7/6
f 1699/4/2 1703/11/2 1698/5/2
f 1703/11/4 1704/1/4 1698/5/4
f 1703/11/4 1702/12/4 1704/1/4
f 1698/3/1 1704/1/1 1700/10/1
f 1702/12/5 1700/10/5 1704/1/5
f 1710/1/1 1705/2/1 1706/3/1
f 1707/4/2 1706/5/2 1705/6/2
f 1709/7/3 1707/8/3 1705/9/3
f 1710/1/1 1708/10/1 1705/2/1
f 1709/7/3 1705/9/3 1708/10/3
f 1712/11/4 1710/1/4 1706/5/4
f 1712/11/4 1711/12/4 1710/1/4
f 1711/12/5 1708/10/5 1710/1/5
f 1711/12/6 1712/13/6 1707/14/6
f 1707/4/2 1712/11/2 1706/5/2
f 1711/12/5 1709/7/5 1708/10/5
f 1711/12/6 1707/14/6 1709/7/6
f 1718/1/1 1713/2/1 1714/3/1
f 1715/4/3 1714/5/3 1713/6/3
f 1717/7/5 1715/8/5 1713/9/5
f 1718/1/1 1716/10/1 1713/2/1
f 1717/7/5 1713/9/5 1716/10/5
f 1720/11/2 1718/1/2 1714/5/2
f 1720/11/2 1719/12/2 1718/1/2
f 1719/12/4 1716/10/4 1718/1/4
f 1720/13/6 1715/14/6 1717/7/6
f 1715/4/3 1720/11/3 1714/5/3
f 1720/13/6 1717/7/6 1719/12/6
f 1719/12/4 1717/7/4 1716/10/4
f 1726/1/1 1721/2/1 1722/3/1
f 1723/4/2 1722/5/2 1721/6/2
f 1725/7/3 1723/8/3 1721/9/3
f 1726/1/1 1724/10/1 1721/2/1
f 1725/7/3 1721/9/3 1724/10/3
f 1728/11/4 1726/1/4 1722/5/4
f 1728/11/4 1727/12/4 1726/1/4
f 1727/12/5 1724/10/5 1726/1/5
f 1727/12/6 1728/13/6 1723/14/6
f 1723/4/2 1728/11/2 1722/5/2
f 1727/12/5 1725/7/5 1724/10/5
f 1727/12/6 1723/14/6 1725/7/6
f 1734/1/1 1729/2/1 1730/3/1
f 1731/4/3 1730/5/3 1729/6/3
f 1733/7/5 1731/8/5 1729/9/5
f 1734/1/1 1732/10/1 1729/2/1
f 1733/7/5 1729/9/5 1732/10/5
f 1736/11/2 1734/1/2 1730/5/2
f 1736/11/2 1735/12/2 1734/1/2
f 1735/12/4 1732/10/4 1734/1/4
f 1736/13/6 1731/14/6 1733/7/6
f 1731/4/3 1736/11/3 1730/5/3
f 1736/13/6 1733/7/6 1735/12/6
f 1735/12/4 1733/7/4 1732/10/4
f 1742/1/1 1737/2/1 1738/3/1
f 1739/4/2 1738/5/2 1737/6/2
f 1741/7/3 1739/8/3 1737/9/3
f 1742/1/1 1740/10/1 1737/2/1
f 1741/7/3 1737/9/3 1740/10/3
f 1744/11/4 1742/1/4 1738/5/4
f 1744/11/4 1743/12/4 1742/1/4
f 1743/12/5 1740/10/5 1742/1/5
f 1744/13/6 1739/14/6 1741/7/6
f 1739/4/2 1744/11/2 1738/5/2
f 1744/13/6 1741/7/6 1743/12/6
f 1743/12/5 1741/7/5 1740/10/5
f 1750/1/1 1745/2/1 1746/3/1
f 1747/4/2 1746/5/2 1745/6/2
f 1749/7/3 1747/8/3 1745/9/3
f 1750/1/1 1748/10/1 1745/2/1
f 1749/7/3 1745/9/3 1748/10/3
f 1752/11/4 1750/1/4 1746/5/4
f 1752/11/4 1751/12/4 1750/1/4
f 1751/12/5 1748/10/5 1750/1/5
f 1752/13/6 1747/14/6 1749/7/6
f 1747/4/2 1752/11/2 1746/5/2
f 1752/13/6 1749/7/6 1751/12/6
f 1751/12/5 1749/7/5 1748/10/5
f 1758/1/1 1753/2/1 1754/3/1
f 1755/4/2 1754/5/2 1753/6/2
f 1757/7/3 1755/8/3 1753/9/3
f 1758/1/1 1756/10/1 1753/2/1
f 1757/7/3 1753/9/3 1756/10/3
f 1760/11/4 1758/1/4 1754/5/4
f 1760/11/4 1759/12/4 1758/1/4
f 1759/12/5 1756/10/5 1758/1/5
f 1759/12/6 1760/13/6 1755/14/6
f 1755/4/2 1760/11/2 1754/5/2
f 1759/12/5 1757/7/5 1756/10/5
f 1759/12/6 1755/14/6 1757/7/6
f 1766/1/1 1761/2/1 1762/3/1
f 1763/4/2 1762/5/2 1761/6/2
f 1765/7/3 1763/8/3 1761/9/3
f 1766/1/1 1764/10/1 1761/2/1
f 1765/7/3 1761/9/3 1764/10/3
f 1768/11/4 1766/1/4 1762/5/4
f 1768/11/4 1767/12/4 1766/1/4
f 1767/12/5 1764/10/5 1766/1/5
f 1767/12/6 1768/13/6 1763/14/6
f 1763/4/2 1768/11/2 1762/5/2
f 1767/12/5 1765/7/5 1764/10/5
f 1767/12/6 1763/14/6 1765/7/6
f 1774/1/1 1769/2/1 1770/3/1
f 1771/4/2 1770/5/2 1769/6/2
f 1773/7/3 1771/8/3 1769/9/3
f 1774/1/1 1772/10/1 1769/2/1
f 1773/7/3 1769/9/3 1772/10/3
f 1776/11/4 1774/1/4 1770/5/4
f 1776/11/4 1775/12/4 1774/1/4
f 1775/12/5 1772/10/5 1774/1/5
f 1776/13/6 1771/14/6 1773/7/6
f 1771/4/2 1776/11/2 1770/5/2
f 1776/13/6 1773/7/6 1775/12/6
f 1775/12/5 1773/7/5 1772/10/5
f 1782/1/1 1777/2/1 1778/3/1
f 1779/4/2 1778/5/2 1777/6/2
f 1781/7/3 1779/8/3 1777/9/3
f 1782/1/1 1780/10/1 1777/2/1
f 1781/7/3 1777/9/3 1780/10/3
f 1784/11/4 1782/1/4 1778/5/4
f 1784/11/4 1783/12/4 1782/1/4
f 1783/12/5 1780/10/5 1782/1/5
f 1784/13/6 1779/14/6 1781/7/6
f 1779/4/2 1784/11/2 1778/5/2
f 1784/13/6 1781/7/6 1783/12/6
f 1783/12/5 1781/7/5 1780/10/5
f 1790/1/1 1785/2/1 1786/3/1
f 1787/4/2 1786/5/2 1785/6/2
f 1789/7/3 1787/8/3 1785/9/3
f 1790/1/1 1788/10/1 1785/2/1
f 1789/7/3 1785/9/3 1788/10/3
f 1792/11/4 1790/1/4 1786/5/4
f 1792/11/4 1791/12/4 1790/1/4
f 1791/12/5 1788/10/5 1790/1/5
f 1791/12/6 1792/13/6 1787/14/6
f 1787/4/2 1792/11/2 1786/5/2
f 1791/12/5 1789/7/5 1788/10/5
f 1791/12/6 1787/14/6 1789/7/6
f 1798/1/1 1793/2/1 1794/3/1
f 1795/4/2 1794/5/2 1793/6/2
f 1797/7/3 1795/8/3 1793/9/3
f 1798/1/1 1796/10/1 1793/2/1
f 1797/7/3 1793/9/3 1796/10/3
f 1800/11/4 1798/1/4 1794/5/4
f 1800/11/4 1799/12/4 1798/1/4
f 1799/12/5 1796/10/5 1798/1/5
f 1800/13/6 1795/14/6 1797/7/6
f 1795/4/2 1800/11/2 1794/5/2
f 1800/13/6 1797/7/6 1799/12/6
f 1799/12/5 1797/7/5 1796/10/5
f 1806/1/1 1801/2/1 1802/3/1
f 1803/4/2 1802/5/2 1801/6/2
f 1805/7/3 1803/8/3 1801/9/3
f 1806/1/1 1804/10/1 1801/2/1
f 1805/7/3 1801/9/3 1804/10/3
f 1808/11/4 1806/1/4 1802/5/4
f 1808/11/4 1807/12/4 1806/1/4
f 1807/12/5 1804/10/5 1806/1/5
f 1808/13/6 1803/14/6 1805/7/6
f 1803/4/2 1808/11/2 1802/5/2
f 1808/13/6 1805/7/6 1807/12/6
f 1807/12/5 1805/7/5 1804/10/5
f 1814/1/1 1809/2/1 1810/3/1
f 1811/4/3 1810/5/3 1809/6/3
f 1813/7/5 1811/8/5 1809/9/5
f 1814/1/1 1812/10/1 1809/2/1
f 1813/7/5 1809/9/5 1812/10/5
f 1816/11/2 1814/1/2 1810/5/2
f 1816/11/2 1815/12/2 1814/1/2
f 1815/12/4 1812/10/4 1814/1/4
f 1816/13/6 1811/14/6 1813/7/6
f 1811/4/3 1816/11/3 1810/5/3
f 1816/13/6 1813/7/6 1815/12/6
f 1815/12/4 1813/7/4 1812/10/4
f 1822/1/1 1817/2/1 1818/3/1
f 1819/4/2 1818/5/2 1817/6/2
f 1821/7/3 1819/8/3 1817/9/3
f 1822/1/1 1820/10/1 1817/2/1
f 1821/7/3 1817/9/3 1820/10/3
f 1824/11/4 1822/1/4 1818/5/4
f 1824/11/4 1823/12/4 1822/1/4
f 1823/12/5 1820/10/5 1822/1/5
f 1824/13/6 1819/14/6 1821/7/6
f 1819/4/2 1824/11/2 1818/5/2
f 1824/13/6 1821/7/6 1823/12/6
f 1823/12/5 1821/7/5 1820/10/5
f 1830/1/1 1825/2/1 1826/3/1
f 1827/4/2 1826/5/2 1825/6/2
f 1829/7/3 1827/8/3 1825/9/3
f 1830/1/1 1828/10/1 1825/2/1
f 1829/7/3 1825/9/3 1828/10/3
f 1832/11/4 1830/1/4 1826/5/4
f 1832/11/4 1831/12/4 1830/1/4
f 1831/12/5 1828/10/5 1830/1/5
f 1831/12/6 1832/13/6 1827/14/6
f 1827/4/2 1832/11/2 1826/5/2
f 1831/12/5 1829/7/5 1828/10/5
f 1831/12/6 1827/14/6 1829/7/6
f 1834/4/2 1835/5/2 1833/6/2
f 1836/11/4 1839/1/4 1835/5/4
f 1840/12/5 1837/10/5 1839/1/5
f 1838/7/3 1833/9/3 1837/10/3
f 1839/1/1 1833/2/1 1835/3/1
f 1836/13/6 1838/7/6 1840/12/6
f 1834/4/2 1836/11/2 1835/5/2
f 1836/11/4 1840/12/4 1839/1/4
f 1840/12/5 1838/7/5 1837/10/5
f 1838/7/3 1834/8/3 1833/9/3
f 1839/1/1 1837/10/1 1833/2/1
f 1836/13/6 1834/14/6 1838/7/6
f 1846/1/1 1841/2/1 1842/3/1
f 1843/4/2 1842/5/2 1841/6/2
f 1845/7/3 1843/8/3 1841/9/3
f 1846/1/1 1844/10/1 1841/2/1
f 1845/7/3 1841/9/3 1844/10/3
f 1848/11/4 1846/1/4 1842/5/4
f 1848/11/4 1847/12/4 1846/1/4
f 1847/12/5 1844/10/5 1846/1/5
f 1848/13/6 1843/14/6 1845/7/6
f 1843/4/2 1848/11/2 1842/5/2
f 1848/13/6 1845/7/6 1847/12/6
f 1847/12/5 1845/7/5 1844/10/5
f 1854/1/1 1849/2/1 1850/3/1
f 1851/4/4 1850/5/4 1849/6/4
f 1853/7/2 1851/8/2 1849/9/2
f 1854/1/1 1852/10/1 1849/2/1
f 1853/7/2 1849/9/2 1852/10/2
f 1856/11/5 1854/1/5 1850/5/5
f 1856/11/5 1855/12/5 1854/1/5
f 1855/12/3 1852/10/3 1854/1/3
f 1856/13/6 1851/14/6 1853/7/6
f 1851/4/4 1856/11/4 1850/5/4
f 1856/13/6 1853/7/6 1855/12/6
f 1855/12/3 1853/7/3 1852/10/3
f 1858/3/1 1860/10/1 1857/2/1
f 1859/4/4 1858/5/4 1857/6/4
f 1861/7/2 1859/8/2 1857/9/2
f 1861/7/2 1857/9/2 1860/10/2
f 1862/12/3 1861/7/3 1860/10/3
f 1863/13/6 1861/7/6 1862/12/6
f 1863/13/6 1859/14/6 1861/7/6
f 1859/4/4 1863/11/4 1858/5/4
f 1863/11/5 1864/1/5 1858/5/5
f 1863/11/5 1862/12/5 1864/1/5
f 1858/3/1 1864/1/1 1860/10/1
f 1862/12/3 1860/10/3 1864/1/3
f 1866/3/1 1868/10/1 1865/2/1
f 1867/4/10 1866/5/10 1865/6/10
f 1869/7/7 1867/8/7 1865/9/7
f 1869/7/7 1865/9/7 1868/10/7
f 1870/12/8 1869/7/8 1868/10/8
f 1871/13/6 1869/7/6 1870/12/6
f 1871/13/6 1867/14/6 1869/7/6
f 1867/4/10 1871/11/10 1866/5/10
f 1871/11/9 1872/1/9 1866/5/9
f 1871/11/9 1870/12/9 1872/1/9
f 1866/3/1 1872/1/1 1868/10/1
f 1870/12/8 1868/10/8 1872/1/8
f 1878/1/1 1873/2/1 1874/3/1
f 1875/4/2 1874/5/2 1873/6/2
f 1877/7/3 1875/8/3 1873/9/3
f 1878/1/1 1876/10/1 1873/2/1
f 1877/7/3 1873/9/3 1876/10/3
f 1880/11/4 1878/1/4 1874/5/4
f 1880/11/4 1879/12/4 1878/1/4
f 1879/12/5 1876/10/5 1878/1/5
f 1880/13/6 1875/14/6 1877/7/6
f 1875/4/2 1880/11/2 1874/5/2
f 1880/13/6 1877/7/6 1879/12/6
f 1879/12/5 1877/7/5 1876/10/5
f 1886/1/1 1881/2/1 1882/3/1
f 1883/4/4 1882/5/4 1881/6/4
f 1885/7/2 1883/8/2 1881/9/2
f 1886/1/1 1884/10/1 1881/2/1
f 1885/7/2 1881/9/2 1884/10/2
f 1888/11/5 1886/1/5 1882/5/5
f 1888/11/5 1887/12/5 1886/1/5
f 1887/12/3 1884/10/3 1886/1/3
f 1888/13/6 1883/14/6 1885/7/6
f 1883/4/4 1888/11/4 1882/5/4
f 1888/13/6 1885/7/6 1887/12/6
f 1887/12/3 1885/7/3 1884/10/3
f 1894/1/1 1889/2/1 1890/3/1
f 1891/4/4 1890/5/4 1889/6/4
f 1893/7/2 1891/8/2 1889/9/2
f 1894/1/1 1892/10/1 1889/2/1
f 1893/7/2 1889/9/2 1892/10/2
f 1896/11/5 1894/1/5 1890/5/5
f 1896/11/5 1895/12/5 1894/1/5
f 1895/12/3 1892/10/3 1894/1/3
f 1896/13/6 1891/14/6 1893/7/6
f 1891/4/4 1896/11/4 1890/5/4
f 1896/13/6 1893/7/6 1895/12/6
f 1895/12/3 1893/7/3 1892/10/3
f 1902/1/1 1897/2/1 1898/3/1
f 1899/4/2 1898/5/2 1897/6/2
f 1901/7/3 1899/8/3 1897/9/3
f 1902/1/1 1900/10/1 1897/2/1
f 1901/7/3 1897/9/3 1900/10/3
f 1904/11/4 1902/1/4 1898/5/4
f 1904/11/4 1903/12/4 1902/1/4
f 1903/12/5 1900/10/5 1902/1/5
f 1904/13/6 1899/14/6 1901/7/6
f 1899/4/2 1904/11/2 1898/5/2
f 1904/13/6 1901/7/6 1903/12/6
f 1903/12/5 1901/7/5 1900/10/5
f 1906/3/1 1908/10/1 1905/2/1
f 1907/4/10 1906/5/10 1905/6/10
f 1909/7/7 1907/8/7 1905/9/7
f 1909/7/7 1905/9/7 1908/10/7
f 1910/12/8 1909/7/8 1908/10/8
f 1911/13/6 1909/7/6 1910/12/6
f 1911/13/6 1907/14/6 1909/7/6
f 1907/4/10 1911/11/10 1906/5/10
f 1911/11/9 1912/1/9 1906/5/9
f 1911/11/9 1910/12/9 1912/1/9
f 1906/3/1 1912/1/1 1908/10/1
f 1910/12/8 1908/10/8 1912/1/8
f 1914/3/1 1916/10/1 1913/2/1
f 1915/4/4 1914/5/4 1913/6/4
f 1917/7/2 1915/8/2 1913/9/2
f 1917/7/2 1913/9/2 1916/10/2
f 1918/12/3 1917/7/3 1916/10/3
f 1919/13/6 1917/7/6 1918/12/6
f 1919/13/6 1915/14/6 1917/7/6
f 1915/4/4 1919/11/4 1914/5/4
f 1919/11/5 1920/1/5 1914/5/5
f 1919/11/5 1918/12/5 1920/1/5
f 1914/3/1 1920/1/1 1916/10/1
f 1918/12/3 1916/10/3 1920/1/3
f 1926/1/1 1921/2/1 1922/3/1
f 1923/4/4 1922/5/4 1921/6/4
f 1925/7/2 1923/8/2 1921/9/2
f 1926/1/1 1924/10/1 1921/2/1
f 1925/7/2 1921/9/2 1924/10/2
f 1928/11/5 1926/1/5 1922/5/5
f 1928/11/5 1927/12/5 1926/1/5
f 1927/12/3 1924/10/3 1926/1/3
f 1927/12/6 1928/13/6 1923/14/6
f 1923/4/4 1928/11/4 1922/5/4
f 1927/12/3 1925/7/3 1924/10/3
f 1927/12/6 1923/14/6 1925/7/6
f 1934/1/1 1929/2/1 1930/3/1
f 1931/4/4 1930/5/4 1929/6/4
f 1933/7/2 1931/8/2 1929/9/2
f 1934/1/1 1932/10/1 1929/2/1
f 1933/7/2 1929/9/2 1932/10/2
f 1936/11/5 1934/1/5 1930/5/5
f 1936/11/5 1935/12/5 1934/1/5
f 1935/12/3 1932/10/3 1934/1/3
f 1936/13/6 1931/14/6 1933/7/6
f 1931/4/4 1936/11/4 1930/5/4
f 1936/13/6 1933/7/6 1935/12/6
f 1935/12/3 1933/7/3 1932/10/3
f 1942/1/1 1937/2/1 1938/3/1
f 1939/4/4 1938/5/4 1937/6/4
f 1941/7/2 1939/8/2 1937/9/2
f 1942/1/1 1940/10/1 1937/2/1
f 1941/7/2 1937/9/2 1940/10/2
f 1944/11/5 1942/1/5 1938/5/5
f 1944/11/5 1943/12/5 1942/1/5
f 1943/12/3 1940/10/3 1942/1/3
f 1944/13/6 1939/14/6 1941/7/6
f 1939/4/4 1944/11/4 1938/5/4
f 1944/13/6 1941/7/6 1943/12/6
f 1943/12/3 1941/7/3 1940/10/3
f 1950/1/1 1945/2/1 1946/3/1
f 1947/4/2 1946/5/2 1945/6/2
f 1949/7/3 1947/8/3 1945/9/3
f 1950/1/1 1948/10/1 1945/2/1
f 1949/7/3 1945/9/3 1948/10/3
f 1952/11/4 1950/1/4 1946/5/4
f 1952/11/4 1951/12/4 1950/1/4
f 1951/12/5 1948/10/5 1950/1/5
f 1952/13/6 1947/14/6 1949/7/6
f 1947/4/2 1952/11/2 1946/5/2
f 1952/13/6 1949/7/6 1951/12/6
f 1951/12/5 1949/7/5 1948/10/5
f 1958/1/1 1953/2/1 1954/3/1
f 1955/4/4 1954/5/4 1953/6/4
f 1957/7/2 1955/8/2 1953/9/2
f 1958/1/1 1956/10/1 1953/2/1
f 1957/7/2 1953/9/2 1956/10/2
f 1960/11/5 1958/1/5 1954/5/5
f 1960/11/5 1959/12/5 1958/1/5
f 1959/12/3 1956/10/3 1958/1/3
f 1960/13/6 1955/14/6 1957/7/6
f 1955/4/4 1960/11/4 1954/5/4
f 1960/13/6 1957/7/6 1959/12/6
f 1959/12/3 1957/7/3 1956/10/3
f 1966/1/1 1961/2/1 1962/3/1
f 1963/4/4 1962/5/4 1961/6/4
f 1965/7/2 1963/8/2 1961/9/2
f 1966/1/1 1964/10/1 1961/2/1
f 1965/7/2 1961/9/2 1964/10/2
f 1968/11/5 1966/1/5 1962/5/5
f 1968/11/5 1967/12/5 1966/1/5
f 1967/12/3 1964/10/3 1966/1/3
f 1967/12/6 1968/13/6 1963/14/6
f 1963/4/4 1968/11/4 1962/5/4
f 1967/12/3 1965/7/3 1964/10/3
f 1967/12/6 1963/14/6 1965/7/6
f 1974/1/1 1969/2/1 1970/3/1
f 1971/4/4 1970/5/4 1969/6/4
f 1973/7/2 1971/8/2 1969/9/2
f 1974/1/1 1972/10/1 1969/2/1
f 1973/7/2 1969/9/2 1972/10/2
f 1976/11/5 1974/1/5 1970/5/5
f 1976/11/5 1975/12/5 1974/1/5
f 1975/12/3 1972/10/3 1974/1/3
f 1976/13/6 1971/14/6 1973/7/6
f 1971/4/4 1976/11/4 1970/5/4
f 1976/13/6 1973/7/6 1975/12/6
f 1975/12/3 1973/7/3 1972/10/3
f 1982/1/1 1977/2/1 1978/3/1
f 1979/4/4 1978/5/4 1977/6/4
f 1981/7/2 1979/8/2 1977/9/2
f 1982/1/1 1980/10/1 1977/2/1
f 1981/7/2 1977/9/2 1980/10/2
f 1984/11/5 1982/1/5 1978/5/5
f 1984/11/5 1983/12/5 1982/1/5
f 1983/12/3 1980/10/3 1982/1/3
f 1984/13/6 1979/14/6 1981/7/6
f 1979/4/4 1984/11/4 1978/5/4
f 1984/13/6 1981/7/6 1983/12/6
f 1983/12/3 1981/7/3 1980/10/3
f 1990/1/1 1985/2/1 1986/3/1
f 1987/4/2 1986/5/2 1985/6/2
f 1989/7/3 1987/8/3 1985/9/3
f 1990/1/1 1988/10/1 1985/2/1
f 1989/7/3 1985/9/3 1988/10/3
f 1992/11/4 1990/1/4 1986/5/4
f 1992/11/4 1991/12/4 1990/1/4
f 1991/12/5 1988/10/5 1990/1/5
f 1992/13/6 1987/14/6 1989/7/6
f 1987/4/2 1992/11/2 1986/5/2
f 1992/13/6 1989/7/6 1991/12/6
f 1991/12/5 1989/7/5 1988/10/5
f 1998/1/1 1993/2/1 1994/3/1
f 1995/4/4 1994/5/4 1993/6/4
f 1997/7/2 1995/8/2 1993/9/2
f 1998/1/1 1996/10/1 1993/2/1
f 1997/7/2 1993/9/2 1996/10/2
f 2000/11/5 1998/1/5 1994/5/5
f 2000/11/5 1999/12/5 1998/1/5
f 1999/12/3 1996/10/3 1998/1/3
f 2000/13/6 1995/14/6 1997/7/6
f 1995/4/4 2000/11/4 1994/5/4
f 2000/13/6 1997/7/6 1999/12/6
f 1999/12/3 1997/7/3 1996/10/3
f 2006/1/1 2001/2/1 2002/3/1
f 2003/4/2 2002/5/2 2001/6/2
f 2005/7/3 2003/8/3 2001/9/3
f 2006/1/1 2004/10/1 2001/2/1
f 2005/7/3 2001/9/3 2004/10/3
f 2008/11/4 2006/1/4 2002/5/4
f 2008/11/4 2007/12/4 2006/1/4
f 2007/12/5 2004/10/5 2006/1/5
f 2008/13/6 2003/14/6 2005/7/6
f 2003/4/2 2008/11/2 2002/5/2
f 2008/13/6 2005/7/6 2007/12/6
f 2007/12/5 2005/7/5 2004/10/5
f 2014/1/1 2009/2/1 2010/3/1
f 2011/4/4 2010/5/4 2009/6/4
f 2013/7/2 2011/8/2 2009/9/2
f 2014/1/1 2012/10/1 2009/2/1
f 2013/7/2 2009/9/2 2012/10/2
f 2016/11/5 2014/1/5 2010/5/5
f 2016/11/5 2015/12/5 2014/1/5
f 2015/12/3 2012/10/3 2014/1/3
f 2016/13/6 2011/14/6 2013/7/6
f 2011/4/4 2016/11/4 2010/5/4
f 2016/13/6 2013/7/6 2015/12/6
f 2015/12/3 2013/7/3 2012/10/3
f 2022/1/1 2017/2/1 2018/3/1
f 2019/4/4 2018/5/4 2017/6/4
f 2021/7/2 2019/8/2 2017/9/2
f 2022/1/1 2020/10/1 2017/2/1
f 2021/7/2 2017/9/2 2020/10/2
f 2024/11/5 2022/1/5 2018/5/5
f 2024/11/5 2023/12/5 2022/1/5
f 2023/12/3 2020/10/3 2022/1/3
f 2024/13/6 2019/14/6 2021/7/6
f 2019/4/4 2024/11/4 2018/5/4
f 2024/13/6 2021/7/6 2023/12/6
f 2023/12/3 2021/7/3 2020/10/3
f 2030/1/1 2025/2/1 2026/3/1
f 2027/4/4 2026/5/4 2025/6/4
f 2029/7/2 2027/8/2 2025/9/2
f 2030/1/1 2028/10/1 2025/2/1
f 2029/7/2 2025/9/2 2028/10/2
f 2032/11/5 2030/1/5 2026/5/5
f 2032/11/5 2031/12/5 2030/1/5
f 2031/12/3 2028/10/3 2030/1/3
f 2031/12/6 2032/13/6 2027/14/6
f 2027/4/4 2032/11/4 2026/5/4
f 2031/12/3 2029/7/3 2028/10/3
f 2031/12/6 2027/14/6 2029/7/6
f 2038/1/1 2033/2/1 2034/3/1
f 2035/4/4 2034/5/4 2033/6/4
f 2037/7/2 2035/8/2 2033/9/2
f 2038/1/1 2036/10/1 2033/2/1
f 2037/7/2 2033/9/2 2036/10/2
f 2040/11/5 2038/1/5 2034/5/5
f 2040/11/5 2039/12/5 2038/1/5
f 2039/12/3 2036/10/3 2038/1/3
f 2039/12/6 2040/13/6 2035/14/6
f 2035/4/4 2040/11/4 2034/5/4
f 2039/12/3 2037/7/3 2036/10/3
f 2039/12/6 2035/14/6 2037/7/6
f 2046/1/1 2041/2/1 2042/3/1
f 2043/4/4 2042/5/4 2041/6/4
f 2045/7/2 2043/8/2 2041/9/2
f 2046/1/1 2044/10/1 2041/2/1
f 2045/7/2 2041/9/2 2044/10/2
f 2048/11/5 2046/1/5 2042/5/5
f 2048/11/5 2047/12/5 2046/1/5
f 2047/12/3 2044/10/3 2046/1/3
f 2048/13/6 2043/14/6 2045/7/6
f 2043/4/4 2048/11/4 2042/5/4
f 2048/13/6 2045/7/6 2047/12/6
f 2047/12/3 2045/7/3 2044/10/3
f 2054/1/1 2049/2/1 2050/3/1
f 2051/4/4 2050/5/4 2049/6/4
f 2053/7/2 2051/8/2 2049/9/2
f 2054/1/1 2052/10/1 2049/2/1
f 2053/7/2 2049/9/2 2052/10/2
f 2056/11/5 2054/1/5 2050/5/5
f 2056/11/5 2055/12/5 2054/1/5
f 2055/12/3 2052/10/3 2054/1/3
f 2055/12/6 2056/13/6 2051/14/6
f 2051/4/4 2056/11/4 2050/5/4
f 2055/12/3 2053/7/3 2052/10/3
f 2055/12/6 2051/14/6 2053/7/6
f 2062/1/1 2057/2/1 2058/3/1
f 2059/4/4 2058/5/4 2057/6/4
f 2061/7/2 2059/8/2 2057/9/2
f 2062/1/1 2060/10/1 2057/2/1
f 2061/7/2 2057/9/2 2060/10/2
f 2064/11/5 2062/1/5 2058/5/5
f 2064/11/5 2063/12/5 2062/1/5
f 2063/12/3 2060/10/3 2062/1/3
f 2064/13/6 2059/14/6 2061/7/6
f 2059/4/4 2064/11/4 2058/5/4
f 2064/13/6 2061/7/6 2063/12/6
f 2063/12/3 2061/7/3 2060/10/3
f 2070/1/1 2065/2/1 2066/3/1
f 2067/4/2 2066/5/2 2065/6/2
f 2069/7/3 2067/8/3 2065/9/3
f 2070/1/1 2068/10/1 2065/2/1
f 2069/7/3 2065/9/3 2068/10/3
f 2072/11/4 2070/1/4 2066/5/4
f 2072/11/4 2071/12/4 2070/1/4
f 2071/12/5 2068/10/5 2070/1/5
f 2072/13/6 2067/14/6 2069/7/6
f 2067/4/2 2072/11/2 2066/5/2
f 2072/13/6 2069/7/6 2071/12/6
f 2071/12/5 2069/7/5 2068/10/5
f 2078/1/1 2073/2/1 2074/3/1
f 2075/4/2 2074/5/2 2073/6/2
f 2077/7/3 2075/8/3 2073/9/3
f 2078/1/1 2076/10/1 2073/2/1
f 2077/7/3 2073/9/3 2076/10/3
f 2080/11/4 2078/1/4 2074/5/4
f 2080/11/4 2079/12/4 2078/1/4
f 2079/12/5 2076/10/5 2078/1/5
f 2080/13/6 2075/14/6 2077/7/6
f 2075/4/2 2080/11/2 2074/5/2
f 2080/13/6 2077/7/6 2079/12/6
f 2079/12/5 2077/7/5 2076/10/5
f 2086/1/1 2081/2/1 2082/3/1
f 2083/4/4 2082/5/4 2081/6/4
f 2085/7/2 2083/8/2 2081/9/2
f 2086/1/1 2084/10/1 2081/2/1
f 2085/7/2 2081/9/2 2084/10/2
f 2088/11/5 2086/1/5 2082/5/5
f 2088/11/5 2087/12/5 2086/1/5
f 2087/12/3 2084/10/3 2086/1/3
f 2088/13/6 2083/14/6 2085/7/6
f 2083/4/4 2088/11/4 2082/5/4
f 2088/13/6 2085/7/6 2087/12/6
f 2087/12/3 2085/7/3 2084/10/3
f 2094/1/1 2089/2/1 2090/3/1
f 2091/4/4 2090/5/4 2089/6/4
f 2093/7/2 2091/8/2 2089/9/2
f 2094/1/1 2092/10/1 2089/2/1
f 2093/7/2 2089/9/2 2092/10/2
f 2096/11/5 2094/1/5 2090/5/5
f 2096/11/5 2095/12/5 2094/1/5
f 2095/12/3 2092/10/3 2094/1/3
f 2095/12/6 2096/13/6 2091/14/6
f 2091/4/4 2096/11/4 2090/5/4
f 2095/12/3 2093/7/3 2092/10/3
f 2095/12/6 2091/14/6 2093/7/6
f 2102/1/1 2097/2/1 2098/3/1
f 2099/4/2 2098/5/2 2097/6/2
f 2101/7/3 2099/8/3 2097/9/3
f 2102/1/1 2100/10/1 2097/2/1
f 2101/7/3 2097/9/3 2100/10/3
f 2104/11/4 2102/1/4 2098/5/4
f 2104/11/4 2103/12/4 2102/1/4
f 2103/12/5 2100/10/5 2102/1/5
f 2104/13/6 2099/14/6 2101/7/6
f 2099/4/2 2104/11/2 2098/5/2
f 2104/13/6 2101/7/6 2103/12/6
f 2103/12/5 2101/7/5 2100/10/5
f 2110/1/1 2105/2/1 2106/3/1
f 2107/4/4 2106/5/4 2105/6/4
f 2109/7/2 2107/8/2 2105/9/2
f 2110/1/1 2108/10/1 2105/2/1
f 2109/7/2 2105/9/2 2108/10/2
f 2112/11/5 2110/1/5 2106/5/5
f 2112/11/5 2111/12/5 2110/1/5
f 2111/12/3 2108/10/3 2110/1/3
f 2112/13/6 2107/14/6 2109/7/6
f 2107/4/4 2112/11/4 2106/5/4
f 2112/13/6 2109/7/6 2111/12/6
f 2111/12/3 2109/7/3 2108/10/3
f 2118/1/1 2113/2/1 2114/3/1
f 2115/4/4 2114/5/4 2113/6/4
f 2117/7/2 2115/8/2 2113/9/2
f 2118/1/1 2116/10/1 2113/2/1
f 2117/7/2 2113/9/2 2116/10/2
f 2120/11/5 2118/1/5 2114/5/5
f 2120/11/5 2119/12/5 2118/1/5
f 2119/12/3 2116/10/3 2118/1/3
f 2120/13/6 2115/14/6 2117/7/6
f 2115/4/4 2120/11/4 2114/5/4
f 2120/13/6 2117/7/6 2119/12/6
f 2119/12/3 2117/7/3 2116/10/3
f 2126/1/1 2121/2/1 2122/3/1
f 2123/4/4 2122/5/4 2121/6/4
f 2125/7/2 2123/8/2 2121/9/2
f 2126/1/1 2124/10/1 2121/2/1
f 2125/7/2 2121/9/2 2124/10/2
f 2128/11/5 2126/1/5 2122/5/5
f 2128/11/5 2127/12/5 2126/1/5
f 2127/12/3 2124/10/3 2126/1/3
f 2127/12/6 2128/13/6 2123/14/6
f 2123/4/4 2128/11/4 2122/5/4
f 2127/12/3 2125/7/3 2124/10/3
f 2127/12/6 2123/14/6 2125/7/6
f 2134/1/1 2129/2/1 2130/3/1
f 2131/4/4 2130/5/4 2129/6/4
f 2133/7/2 2131/8/2 2129/9/2
f 2134/1/1 2132/10/1 2129/2/1
f 2133/7/2 2129/9/2 2132/10/2
f 2136/11/5 2134/1/5 2130/5/5
f 2136/11/5 2135/12/5 2134/1/5
f 2135/12/3 2132/10/3 2134/1/3
f 2135/12/6 2136/13/6 2131/14/6
f 2131/4/4 2136/11/4 2130/5/4
f 2135/12/3 2133/7/3 2132/10/3
f 2135/12/6 2131/14/6 2133/7/6
f 2142/1/1 2137/2/1 2138/3/1
f 2139/4/3 2138/5/3 2137/6/3
f 2141/7/5 2139/8/5 2137/9/5
f 2142/1/1 2140/10/1 2137/2/1
f 2141/7/5 2137/9/5 2140/10/5
f 2144/11/2 2142/1/2 2138/5/2
f 2144/11/2 2143/12/2 2142/1/2
f 2143/12/4 2140/10/4 2142/1/4
f 2144/13/6 2139/14/6 2141/7/6
f 2139/4/3 2144/11/3 2138/5/3
f 2144/13/6 2141/7/6 2143/12/6
f 2143/12/4 2141/7/4 2140/10/4
f 2150/1/1 2145/2/1 2146/3/1
f 2147/4/4 2146/5/4 2145/6/4
f 2149/7/2 2147/8/2 2145/9/2
f 2150/1/1 2148/10/1 2145/2/1
f 2149/7/2 2145/9/2 2148/10/2
f 2152/11/5 2150/1/5 2146/5/5
f 2152/11/5 2151/12/5 2150/1/5
f 2151/12/3 2148/10/3 2150/1/3
f 2152/13/6 2147/14/6 2149/7/6
f 2147/4/4 2152/11/4 2146/5/4
f 2152/13/6 2149/7/6 2151/12/6
f 2151/12/3 2149/7/3 2148/10/3
f 2154/3/1 2156/10/1 2153/2/1
f 2155/4/10 2154/5/10 2153/6/10
f 2157/7/7 2155/8/7 2153/9/7
f 2157/7/7 2153/9/7 2156/10/7
f 2158/12/8 2157/7/8 2156/10/8
f 2159/13/6 2157/7/6 2158/12/6
f 2159/13/6 2155/14/6 2157/7/6
f 2155/4/10 2159/11/10 2154/5/10
f 2159/11/9 2160/1/9 2154/5/9
f 2159/11/9 2158/12/9 2160/1/9
f 2154/3/1 2160/1/1 2156/10/1
f 2158/12/8 2156/10/8 2160/1/8
f 2166/1/1 2161/2/1 2162/3/1
f 2163/4/2 2162/5/2 2161/6/2
f 2165/7/3 2163/8/3 2161/9/3
f 2166/1/1 2164/10/1 2161/2/1
f 2165/7/3 2161/9/3 2164/10/3
f 2168/11/4 2166/1/4 2162/5/4
f 2168/11/4 2167/12/4 2166/1/4
f 2167/12/5 2164/10/5 2166/1/5
f 2168/13/6 2163/14/6 2165/7/6
f 2163/4/2 2168/11/2 2162/5/2
f 2168/13/6 2165/7/6 2167/12/6
f 2167/12/5 2165/7/5 2164/10/5
f 2174/1/1 2169/2/1 2170/3/1
f 2171/4/4 2170/5/4 2169/6/4
f 2173/7/2 2171/8/2 2169/9/2
f 2174/1/1 2172/10/1 2169/2/1
f 2173/7/2 2169/9/2 2172/10/2
f 2176/11/5 2174/1/5 2170/5/5
f 2176/11/5 2175/12/5 2174/1/5
f 2175/12/3 2172/10/3 2174/1/3
f 2176/13/6 2171/14/6 2173/7/6
f 2171/4/4 2176/11/4 2170/5/4
f 2176/13/6 2173/7/6 2175/12/6
f 2175/12/3 2173/7/3 2172/10/3
f 2182/1/1 2177/2/1 2178/3/1
f 2179/4/2 2178/5/2 2177/6/2
f 2181/7/3 2179/8/3 2177/9/3
f 2182/1/1 2180/10/1 2177/2/1
f 2181/7/3 2177/9/3 2180/10/3
f 2184/11/4 2182/1/4 2178/5/4
f 2184/11/4 2183/12/4 2182/1/4
f 2183/12/5 2180/10/5 2182/1/5
f 2184/13/6 2179/14/6 2181/7/6
f 2179/4/2 2184/11/2 2178/5/2
f 2184/13/6 2181/7/6 2183/12/6
f 2183/12/5 2181/7/5 2180/10/5
f 2190/1/1 2185/2/1 2186/3/1
f 2187/4/4 2186/5/4 2185/6/4
f 2189/7/2 2187/8/2 2185/9/2
f 2190/1/1 2188/10/1 2185/2/1
f 2189/7/2 2185/9/2 2188/10/2
f 2192/11/5 2190/1/5 2186/5/5
f 2192/11/5 2191/12/5 2190/1/5
f 2191/12/3 2188/10/3 2190/1/3
f 2192/13/6 2187/14/6 2189/7/6
f 2187/4/4 2192/11/4 2186/5/4
f 2192/13/6 2189/7/6 2191/12/6
f 2191/12/3 2189/7/3 2188/10/3
f 2198/1/1 2193/2/1 2194/3/1
f 2195/4/2 2194/5/2 2193/6/2
f 2197/7/3 2195/8/3 2193/9/3
f 2198/1/1 2196/10/1 2193/2/1
f 2197/7/3 2193/9/3 2196/10/3
f 2200/11/4 2198/1/4 2194/5/4
f 2200/11/4 2199/12/4 2198/1/4
f 2199/12/5 2196/10/5 2198/1/5
f 2200/13/6 2195/14/6 2197/7/6
f 2195/4/2 2200/11/2 2194/5/2
f 2200/13/6 2197/7/6 2199/12/6
f 2199/12/5 2197/7/5 2196/10/5
f 2202/3/1 2204/10/1 2201/2/1
f 2203/4/10 2202/5/10 2201/6/10
f 2205/7/7 2203/8/7 2201/9/7
f 2205/7/7 2201/9/7 2204/10/7
f 2206/12/8 2205/7/8 2204/10/8
f 2207/13/6 2205/7/6 2206/12/6
f 2207/13/6 2203/14/6 2205/7/6
f 2203/4/10 2207/11/10 2202/5/10
f 2207/11/9 2208/1/9 2202/5/9
f 2207/11/9 2206/12/9 2208/1/9
f 2202/3/1 2208/1/1 2204/10/1
f 2206/12/8 2204/10/8 2208/1/8
f 2210/3/1 2212/10/1 2209/2/1
f 2211/4/4 2210/5/4 2209/6/4
f 2213/7/2 2211/8/2 2209/9/2
f 2213/7/2 2209/9/2 2212/10/2
f 2214/12/3 2213/7/3 2212/10/3
f 2215/13/6 2213/7/6 2214/12/6
f 2215/13/6 2211/14/6 2213/7/6
f 2211/4/4 2215/11/4 2210/5/4
f 2215/11/5 2216/1/5 2210/5/5
f 2215/11/5 2214/12/5 2216/1/5
f 2210/3/1 2216/1/1 2212/10/1
f 2214/12/3 2212/10/3 2216/1/3
f 2222/1/1 2217/2/1 2218/3/1
f 2219/4/4 2218/5/4 2217/6/4
f 2221/7/2 2219/8/2 2217/9/2
f 2222/1/1 2220/10/1 2217/2/1
f 2221/7/2 2217/9/2 2220/10/2
f 2224/11/5 2222/1/5 2218/5/5
f 2224/11/5 2223/12/5 2222/1/5
f 2223/12/3 2220/10/3 2222/1/3
f 2223/12/6 2224/13/6 2219/14/6
f 2219/4/4 2224/11/4 2218/5/4
f 2223/12/3 2221/7/3 2220/10/3
f 2223/12/6 2219/14/6 2221/7/6
f 2230/1/1 2225/2/1 2226/3/1
f 2227/4/4 2226/5/4 2225/6/4
f 2229/7/2 2227/8/2 2225/9/2
f 2230/1/1 2228/10/1 2225/2/1
f 2229/7/2 2225/9/2 2228/10/2
f 2232/11/5 2230/1/5 2226/5/5
f 2232/11/5 2231/12/5 2230/1/5
f 2231/12/3 2228/10/3 2230/1/3
f 2232/13/6 2227/14/6 2229/7/6
f 2227/4/4 2232/11/4 2226/5/4
f 2232/13/6 2229/7/6 2231/12/6
f 2231/12/3 2229/7/3 2228/10/3
f 2238/1/1 2233/2/1 2234/3/1
f 2235/4/4 2234/5/4 2233/6/4
f 2237/7/2 2235/8/2 2233/9/2
f 2238/1/1 2236/10/1 2233/2/1
f 2237/7/2 2233/9/2 2236/10/2
f 2240/11/5 2238/1/5 2234/5/5
f 2240/11/5 2239/12/5 2238/1/5
f 2239/12/3 2236/10/3 2238/1/3
f 2240/13/6 2235/14/6 2237/7/6
f 2235/4/4 2240/11/4 2234/5/4
f 2240/13/6 2237/7/6 2239/12/6
f 2239/12/3 2237/7/3 2236/10/3
f 2246/1/1 2241/2/1 2242/3/1
f 2243/4/2 2242/5/2 2241/6/2
f 2245/7/3 2243/8/3 2241/9/3
f 2246/1/1 2244/10/1 2241/2/1
f 2245/7/3 2241/9/3 2244/10/3
f 2248/11/4 2246/1/4 2242/5/4
f 2248/11/4 2247/12/4 2246/1/4
f 2247/12/5 2244/10/5 2246/1/5
f 2248/13/6 2243/14/6 2245/7/6
f 2243/4/2 2248/11/2 2242/5/2
f 2248/13/6 2245/7/6 2247/12/6
f 2247/12/5 2245/7/5 2244/10/5
f 2254/1/1 2249/2/1 2250/3/1
f 2251/4/4 2250/5/4 2249/6/4
f 2253/7/2 2251/8/2 2249/9/2
f 2254/1/1 2252/10/1 2249/2/1
f 2253/7/2 2249/9/2 2252/10/2
f 2256/11/5 2254/1/5 2250/5/5
f 2256/11/5 2255/12/5 2254/1/5
f 2255/12/3 2252/10/3 2254/1/3
f 2256/13/6 2251/14/6 2253/7/6
f 2251/4/4 2256/11/4 2250/5/4
f 2256/13/6 2253/7/6 2255/12/6
f 2255/12/3 2253/7/3 2252/10/3
f 2262/1/1 2257/2/1 2258/3/1
f 2259/4/4 2258/5/4 2257/6/4
f 2261/7/2 2259/8/2 2257/9/2
f 2262/1/1 2260/10/1 2257/2/1
f 2261/7/2 2257/9/2 2260/10/2
f 2264/11/5 2262/1/5 2258/5/5
f 2264/11/5 2263/12/5 2262/1/5
f 2263/12/3 2260/10/3 2262/1/3
f 2263/12/6 2264/13/6 2259/14/6
f 2259/4/4 2264/11/4 2258/5/4
f 2263/12/3 2261/7/3 2260/10/3
f 2263/12/6 2259/14/6 2261/7/6
f 2270/1/1 2265/2/1 2266/3/1
f 2267/4/4 2266/5/4 2265/6/4
f 2269/7/2 2267/8/2 2265/9/2
f 2270/1/1 2268/10/1 2265/2/1
f 2269/7/2 2265/9/2 2268/10/2
f 2272/11/5 2270/1/5 2266/5/5
f 2272/11/5 2271/12/5 2270/1/5
f 2271/12/3 2268/10/3 2270/1/3
f 2272/13/6 2267/14/6 2269/7/6
f 2267/4/4 2272/11/4 2266/5/4
f 2272/13/6 2269/7/6 2271/12/6
f 2271/12/3 2269/7/3 2268/10/3
f 2278/1/1 2273/2/1 2274/3/1
f 2275/4/4 2274/5/4 2273/6/4
f 2277/7/2 2275/8/2 2273/9/2
f 2278/1/1 2276/10/1 2273/2/1
f 2277/7/2 2273/9/2 2276/10/2
f 2280/11/5 2278/1/5 2274/5/5
f 2280/11/5 2279/12/5 2278/1/5
f 2279/12/3 2276/10/3 2278/1/3
f 2280/13/6 2275/14/6 2277/7/6
f 2275/4/4 2280/11/4 2274/5/4
f 2280/13/6 2277/7/6 2279/12/6
f 2279/12/3 2277/7/3 2276/10/3
f 2286/1/1 2281/2/1 2282/3/1
f 2283/4/2 2282/5/2 2281/6/2
f 2285/7/3 2283/8/3 2281/9/3
f 2286/1/1 2284/10/1 2281/2/1
f 2285/7/3 2281/9/3 2284/10/3
f 2288/11/4 2286/1/4 2282/5/4
f 2288/11/4 2287/12/4 2286/1/4
f 2287/12/5 2284/10/5 2286/1/5
f 2288/13/6 2283/14/6 2285/7/6
f 2283/4/2 2288/11/2 2282/5/2
f 2288/13/6 2285/7/6 2287/12/6
f 2287/12/5 2285/7/5 2284/10/5
f 2294/1/1 2289/2/1 2290/3/1
f 2291/4/4 2290/5/4 2289/6/4
f 2293/7/2 2291/8/2 2289/9/2
f 2294/1/1 2292/10/1 2289/2/1
f 2293/7/2 2289/9/2 2292/10/2
f 2296/11/5 2294/1/5 2290/5/5
f 2296/11/5 2295/12/5 2294/1/5
f 2295/12/3 2292/10/3 2294/1/3
f 2296/13/6 2291/14/6 2293/7/6
f 2291/4/4 2296/11/4 2290/5/4
f 2296/13/6 2293/7/6 2295/12/6
f 2295/12/3 2293/7/3 2292/10/3
f 2302/1/1 2297/2/1 2298/3/1
f 2299/4/2 2298/5/2 2297/6/2
f 2301/7/3 2299/8/3 2297/9/3
f 2302/1/1 2300/10/1 2297/2/1
f 2301/7/3 2297/9/3 2300/10/3
f 2304/11/4 2302/1/4 2298/5/4
f 2304/11/4 2303/12/4 2302/1/4
f 2303/12/5 2300/10/5 2302/1/5
f 2304/13/6 2299/14/6 2301/7/6
f 2299/4/2 2304/11/2 2298/5/2
f 2304/13/6 2301/7/6 2303/12/6
f 2303/12/5 2301/7/5 2300/10/5
f 2310/1/1 2305/2/1 2306/3/1
f 2307/4/4 2306/5/4 2305/6/4
f 2309/7/2 2307/8/2 2305/9/2
f 2310/1/1 2308/10/1 2305/2/1
f 2309/7/2 2305/9/2 2308/10/2
f 2312/11/5 2310/1/5 2306/5/5
f 2312/11/5 2311/12/5 2310/1/5
f 2311/12/3 2308/10/3 2310/1/3
f 2312/13/6 2307/14/6 2309/7/6
f 2307/4/4 2312/11/4 2306/5/4
f 2312/13/6 2309/7/6 2311/12/6
f 2311/12/3 2309/7/3 2308/10/3
f 2318/1/1 2313/2/1 2314/3/1
f 2315/4/4 2314/5/4 2313/6/4
f 2317/7/2 2315/8/2 2313/9/2
f 2318/1/1 2316/10/1 2313/2/1
f 2317/7/2 2313/9/2 2316/10/2
f 2320/11/5 2318/1/5 2314/5/5
f 2320/11/5 2319/12/5 2318/1/5
f 2319/12/3 2316/10/3 2318/1/3
f 2320/13/6 2315/14/6 2317/7/6
f 2315/4/4 2320/11/4 2314/5/4
f 2320/13/6 2317/7/6 2319/12/6
f 2319/12/3 2317/7/3 2316/10/3
f 2326/1/1 2321/2/1 2322/3/1
f 2323/4/4 2322/5/4 2321/6/4
f 2325/7/2 2323/8/2 2321/9/2
f 2326/1/1 2324/10/1 2321/2/1
f 2325/7/2 2321/9/2 2324/10/2
f 2328/11/5 2326/1/5 2322/5/5
f 2328/11/5 2327/12/5 2326/1/5
f 2327/12/3 2324/10/3 2326/1/3
f 2327/12/6 2328/13/6 2323/14/6
f 2323/4/4 2328/11/4 2322/5/4
f 2327/12/3 2325/7/3 2324/10/3
f 2327/12/6 2323/14/6 2325/7/6
f 2334/1/1 2329/2/1 2330/3/1
f 2331/4/4 2330/5/4 2329/6/4
f 2333/7/2 2331/8/2 2329/9/2
f 2334/1/1 2332/10/1 2329/2/1
f 2333/7/2 2329/9/2 2332/10/2
f 2336/11/5 2334/1/5 2330/5/5
f 2336/11/5 2335/12/5 2334/1/5
f 2335/12/3 2332/10/3 2334/1/3
f 2335/12/6 2336/13/6 2331/14/6
f 2331/4/4 2336/11/4 2330/5/4
f 2335/12/3 2333/7/3 2332/10/3
f 2335/12/6 2331/14/6 2333/7/6
f 2342/1/1 2337/2/1 2338/3/1
f 2339/4/4 2338/5/4 2337/6/4
f 2341/7/2 2339/8/2 2337/9/2
f 2342/1/1 2340/10/1 2337/2/1
f 2341/7/2 2337/9/2 2340/10/2
f 2344/11/5 2342/1/5 2338/5/5
f 2344/11/5 2343/12/5 2342/1/5
f 2343/12/3 2340/10/3 2342/1/3
f 2344/13/6 2339/14/6 2341/7/6
f 2339/4/4 2344/11/4 2338/5/4
f 2344/13/6 2341/7/6 2343/12/6
f 2343/12/3 2341/7/3 2340/10/3
f 2350/1/1 2345/2/1 2346/3/1
f 2347/4/4 2346/5/4 2345/6/4
f 2349/7/2 2347/8/2 2345/9/2
f 2350/1/1 2348/10/1 2345/2/1
f 2349/7/2 2345/9/2 2348/10/2
f 2352/11/5 2350/1/5 2346/5/5
f 2352/11/5 2351/12/5 2350/1/5
f 2351/12/3 2348/10/3 2350/1/3
f 2351/12/6 2352/13/6 2347/14/6
f 2347/4/4 2352/11/4 2346/5/4
f 2351/12/3 2349/7/3 2348/10/3
f 2351/12/6 2347/14/6 2349/7/6
f 2358/1/1 2353/2/1 2354/3/1
f 2355/4/4 2354/5/4 2353/6/4
f 2357/7/2 2355/8/2 2353/9/2
f 2358/1/1 2356/10/1 2353/2/1
f 2357/7/2 2353/9/2 2356/10/2
f 2360/11/5 2358/1/5 2354/5/5
f 2360/11/5 2359/12/5 2358/1/5
f 2359/12/3 2356/10/3 2358/1/3
f 2360/13/6 2355/14/6 2357/7/6
f 2355/4/4 2360/11/4 2354/5/4
f 2360/13/6 2357/7/6 2359/12/6
f 2359/12/3 2357/7/3 2356/10/3
f 2366/1/1 2361/2/1 2362/3/1
f 2363/4/2 2362/5/2 2361/6/2
f 2365/7/3 2363/8/3 2361/9/3
f 2366/1/1 2364/10/1 2361/2/1
f 2365/7/3 2361/9/3 2364/10/3
f 2368/11/4 2366/1/4 2362/5/4
f 2368/11/4 2367/12/4 2366/1/4
f 2367/12/5 2364/10/5 2366/1/5
f 2368/13/6 2363/14/6 2365/7/6
f 2363/4/2 2368/11/2 2362/5/2
f 2368/13/6 2365/7/6 2367/12/6
f 2367/12/5 2365/7/5 2364/10/5
f 2374/1/1 2369/2/1 2370/3/1
f 2371/4/2 2370/5/2 2369/6/2
f 2373/7/3 2371/8/3 2369/9/3
f 2374/1/1 2372/10/1 2369/2/1
f 2373/7/3 2369/9/3 2372/10/3
f 2376/11/4 2374/1/4 2370/5/4
f 2376/11/4 2375/12/4 2374/1/4
f 2375/12/5 2372/10/5 2374/1/5
f 2376/13/6 2371/14/6 2373/7/6
f 2371/4/2 2376/11/2 2370/5/2
f 2376/13/6 2373/7/6 2375/12/6
f 2375/12/5 2373/7/5 2372/10/5
f 2382/1/1 2377/2/1 2378/3/1
f 2379/4/4 2378/5/4 2377/6/4
f 2381/7/2 2379/8/2 2377/9/2
f 2382/1/1 2380/10/1 2377/2/1
f 2381/7/2 2377/9/2 2380/10/2
f 2384/11/5 2382/1/5 2378/5/5
f 2384/11/5 2383/12/5 2382/1/5
f 2383/12/3 2380/10/3 2382/1/3
f 2384/13/6 2379/14/6 2381/7/6
f 2379/4/4 2384/11/4 2378/5/4
f 2384/13/6 2381/7/6 2383/12/6
f 2383/12/3 2381/7/3 2380/10/3
f 2390/1/1 2385/2/1 2386/3/1
f 2387/4/4 2386/5/4 2385/6/4
f 2389/7/2 2387/8/2 2385/9/2
f 2390/1/1 2388/10/1 2385/2/1
f 2389/7/2 2385/9/2 2388/10/2
f 2392/11/5 2390/1/5 2386/5/5
f 2392/11/5 2391/12/5 2390/1/5
f 2391/12/3 2388/10/3 2390/1/3
f 2391/12/6 2392/13/6 2387/14/6
f 2387/4/4 2392/11/4 2386/5/4
f 2391/12/3 2389/7/3 2388/10/3
f 2391/12/6 2387/14/6 2389/7/6
f 2398/1/1 2393/2/1 2394/3/1
f 2395/4/2 2394/5/2 2393/6/2
f 2397/7/3 2395/8/3 2393/9/3
f 2398/1/1 2396/10/1 2393/2/1
f 2397/7/3 2393/9/3 2396/10/3
f 2400/11/4 2398/1/4 2394/5/4
f 2400/11/4 2399/12/4 2398/1/4
f 2399/12/5 2396/10/5 2398/1/5
f 2400/13/6 2395/14/6 2397/7/6
f 2395/4/2 2400/11/2 2394/5/2
f 2400/13/6 2397/7/6 2399/12/6
f 2399/12/5 2397/7/5 2396/10/5
f 2406/1/1 2401/2/1 2402/3/1
f 2403/4/4 2402/5/4 2401/6/4
f 2405/7/2 2403/8/2 2401/9/2
f 2406/1/1 2404/10/1 2401/2/1
f 2405/7/2 2401/9/2 2404/10/2
f 2408/11/5 2406/1/5 2402/5/5
f 2408/11/5 2407/12/5 2406/1/5
f 2407/12/3 2404/10/3 2406/1/3
f 2408/13/6 2403/14/6 2405/7/6
f 2403/4/4 2408/11/4 2402/5/4
f 2408/13/6 2405/7/6 2407/12/6
f 2407/12/3 2405/7/3 2404/10/3
f 2414/1/1 2409/2/1 2410/3/1
f 2411/4/4 2410/5/4 2409/6/4
f 2413/7/2 2411/8/2 2409/9/2
f 2414/1/1 2412/10/1 2409/2/1
f 2413/7/2 2409/9/2 2412/10/2
f 2416/11/5 2414/1/5 2410/5/5
f 2416/11/5 2415/12/5 2414/1/5
f 2415/12/3 2412/10/3 2414/1/3
f 2416/13/6 2411/14/6 2413/7/6
f 2411/4/4 2416/11/4 2410/5/4
f 2416/13/6 2413/7/6 2415/12/6
f 2415/12/3 2413/7/3 2412/10/3
f 2422/1/1 2417/2/1 2418/3/1
f 2419/4/4 2418/5/4 2417/6/4
f 2421/7/2 2419/8/2 2417/9/2
f 2422/1/1 2420/10/1 2417/2/1
f 2421/7/2 2417/9/2 2420/10/2
f 2424/11/5 2422/1/5 2418/5/5
f 2424/11/5 2423/12/5 2422/1/5
f 2423/12/3 2420/10/3 2422/1/3
f 2423/12/6 2424/13/6 2419/14/6
f 2419/4/4 2424/11/4 2418/5/4
f 2423/12/3 2421/7/3 2420/10/3
f 2423/12/6 2419/14/6 2421/7/6
f 2430/1/1 2425/2/1 2426/3/1
f 2427/4/4 2426/5/4 2425/6/4
f 2429/7/2 2427/8/2 2425/9/2
f 2430/1/1 2428/10/1 2425/2/1
f 2429/7/2 2425/9/2 2428/10/2
f 2432/11/5 2430/1/5 2426/5/5
f 2432/11/5 2431/12/5 2430/1/5
f 2431/12/3 2428/10/3 2430/1/3
f 2431/12/6 2432/13/6 2427/14/6
f 2427/4/4 2432/11/4 2426/5/4
f 2431/12/3 2429/7/3 2428/10/3
f 2431/12/6 2427/14/6 2429/7/6
f 2438/1/1 2433/2/1 2434/3/1
f 2435/4/2 2434/5/2 2433/6/2
f 2437/7/3 2435/8/3 2433/9/3
f 2438/1/1 2436/10/1 2433/2/1
f 2437/7/3 2433/9/3 2436/10/3
f 2440/11/4 2438/1/4 2434/5/4
f 2440/11/4 2439/12/4 2438/1/4
f 2439/12/5 2436/10/5 2438/1/5
f 2440/13/6 2435/14/6 2437/7/6
f 2435/4/2 2440/11/2 2434/5/2
f 2440/13/6 2437/7/6 2439/12/6
f 2439/12/5 2437/7/5 2436/10/5
f 2446/1/1 2441/2/1 2442/3/1
f 2443/4/3 2442/5/3 2441/6/3
f 2445/7/5 2443/8/5 2441/9/5
f 2446/1/1 2444/10/1 2441/2/1
f 2445/7/5 2441/9/5 2444/10/5
f 2448/11/2 2446/1/2 2442/5/2
f 2448/11/2 2447/12/2 2446/1/2
f 2447/12/4 2444/10/4 2446/1/4
f 2448/13/6 2443/14/6 2445/7/6
f 2443/4/3 2448/11/3 2442/5/3
f 2448/13/6 2445/7/6 2447/12/6
f 2447/12/4 2445/7/4 2444/10/4
f 2454/1/1 2449/2/1 2450/3/1
f 2451/4/2 2450/5/2 2449/6/2
f 2453/7/3 2451/8/3 2449/9/3
f 2454/1/1 2452/10/1 2449/2/1
f 2453/7/3 2449/9/3 2452/10/3
f 2456/11/4 2454/1/4 2450/5/4
f 2456/11/4 2455/12/4 2454/1/4
f 2455/12/5 2452/10/5 2454/1/5
f 2456/13/6 2451/14/6 2453/7/6
f 2451/4/2 2456/11/2 2450/5/2
f 2456/13/6 2453/7/6 2455/12/6
f 2455/12/5 2453/7/5 2452/10/5
f 2462/1/1 2457/2/1 2458/3/1
f 2459/4/3 2458/5/3 2457/6/3
f 2461/7/5 2459/8/5 2457/9/5
f 2462/1/1 2460/10/1 2457/2/1
f 2461/7/5 2457/9/5 2460/10/5
f 2464/11/2 2462/1/2 2458/5/2
f 2464/11/2 2463/12/2 2462/1/2
f 2463/12/4 2460/10/4 2462/1/4
f 2464/13/6 2459/14/6 2461/7/6
f 2459/4/3 2464/11/3 2458/5/3
f 2464/13/6 2461/7/6 2463/12/6
f 2463/12/4 2461/7/4 2460/10/4
f 2470/1/1 2465/2/1 2466/3/1
f 2467/4/2 2466/5/2 2465/6/2
f 2469/7/3 2467/8/3 2465/9/3
f 2470/1/1 2468/10/1 2465/2/1
f 2469/7/3 2465/9/3 2468/10/3
f 2472/11/4 2470/1/4 2466/5/4
f 2472/11/4 2471/12/4 2470/1/4
f 2471/12/5 2468/10/5 2470/1/5
f 2471/12/6 2472/13/6 2467/14/6
f 2467/4/2 2472/11/2 2466/5/2
f 2471/12/5 2469/7/5 2468/10/5
f 2471/12/6 2467/14/6 2469/7/6
f 2474/3/1 2476/10/1 2473/2/1
f 2475/4/7 2474/5/7 2473/6/7
f 2477/7/8 2475/8/8 2473/9/8
f 2477/7/8 2473/9/8 2476/10/8
f 2478/12/9 2477/7/9 2476/10/9
f 2479/13/6 2477/7/6 2478/12/6
f 2479/13/6 2475/14/6 2477/7/6
f 2475/4/7 2479/11/7 2474/5/7
f 2479/11/10 2480/1/10 2474/5/10
f 2479/11/10 2478/12/10 2480/1/10
f 2474/3/1 2480/1/1 2476/10/1
f 2478/12/9 2476/10/9 2480/1/9
f 2486/1/1 2481/2/1 2482/3/1
f 2483/4/2 2482/5/2 2481/6/2
f 2485/7/3 2483/8/3 2481/9/3
f 2486/1/1 2484/10/1 2481/2/1
f 2485/7/3 2481/9/3 2484/10/3
f 2488/11/4 2486/1/4 2482/5/4
f 2488/11/4 2487/12/4 2486/1/4
f 2487/12/5 2484/10/5 2486/1/5
f 2488/13/6 2483/14/6 2485/7/6
f 2483/4/2 2488/11/2 2482/5/2
f 2488/13/6 2485/7/6 2487/12/6
f 2487/12/5 2485/7/5 2484/10/5
f 2494/1/1 2489/2/1 2490/3/1
f 2491/4/2 2490/5/2 2489/6/2
f 2493/7/3 2491/8/3 2489/9/3
f 2494/1/1 2492/10/1 2489/2/1
f 2493/7/3 2489/9/3 2492/10/3
f 2496/11/4 2494/1/4 2490/5/4
f 2496/11/4 2495/12/4 2494/1/4
f 2495/12/5 2492/10/5 2494/1/5
f 2496/13/6 2491/14/6 2493/7/6
f 2491/4/2 2496/11/2 2490/5/2
f 2496/13/6 2493/7/6 2495/12/6
f 2495/12/5 2493/7/5 2492/10/5
f 2502/1/1 2497/2/1 2498/3/1
f 2499/4/2 2498/5/2 2497/6/2
f 2501/7/3 2499/8/3 2497/9/3
f 2502/1/1 2500/10/1 2497/2/1
f 2501/7/3 2497/9/3 2500/10/3
f 2504/11/4 2502/1/4 2498/5/4
f 2504/11/4 2503/12/4 2502/1/4
f 2503/12/5 2500/10/5 2502/1/5
f 2504/13/6 2499/14/6 2501/7/6
f 2499/4/2 2504/11/2 2498/5/2
f 2504/13/6 2501/7/6 2503/12/6
f 2503/12/5 2501/7/5 2500/10/5
f 2510/1/1 2505/2/1 2506/3/1
f 2507/4/2 2506/5/2 2505/6/2
f 2509/7/3 2507/8/3 2505/9/3
f 2510/1/1 2508/10/1 2505/2/1
f 2509/7/3 2505/9/3 2508/10/3
f 2512/11/4 2510/1/4 2506/5/4
f 2512/11/4 2511/12/4 2510/1/4
f 2511/12/5 2508/10/5 2510/1/5
f 2512/13/6 2507/14/6 2509/7/6
f 2507/4/2 2512/11/2 2506/5/2
f 2512/13/6 2509/7/6 2511/12/6
f 2511/12/5 2509/7/5 2508/10/5
f 2518/1/1 2513/2/1 2514/3/1
f 2515/4/3 2514/5/3 2513/6/3
f 2517/7/5 2515/8/5 2513/9/5
f 2518/1/1 2516/10/1 2513/2/1
f 2517/7/5 2513/9/5 2516/10/5
f 2520/11/2 2518/1/2 2514/5/2
f 2520/11/2 2519/12/2 2518/1/2
f 2519/12/4 2516/10/4 2518/1/4
f 2520/13/6 2515/14/6 2517/7/6
f 2515/4/3 2520/11/3 2514/5/3
f 2520/13/6 2517/7/6 2519/12/6
f 2519/12/4 2517/7/4 2516/10/4
f 2526/1/1 2521/2/1 2522/3/1
f 2523/4/2 2522/5/2 2521/6/2
f 2525/7/3 2523/8/3 2521/9/3
f 2526/1/1 2524/10/1 2521/2/1
f 2525/7/3 2521/9/3 2524/10/3
f 2528/11/4 2526/1/4 2522/5/4
f 2528/11/4 2527/12/4 2526/1/4
f 2527/12/5 2524/10/5 2526/1/5
f 2528/13/6 2523/14/6 2525/7/6
f 2523/4/2 2528/11/2 2522/5/2
f 2528/13/6 2525/7/6 2527/12/6
f 2527/12/5 2525/7/5 2524/10/5
f 2530/3/1 2532/10/1 2529/2/1
f 2531/4/2 2530/5/2 2529/6/2
f 2533/7/3 2531/8/3 2529/9/3
f 2533/7/3 2529/9/3 2532/10/3
f 2534/12/5 2533/7/5 2532/10/5
f 2535/13/6 2533/7/6 2534/12/6
f 2535/13/6 2531/14/6 2533/7/6
f 2531/4/2 2535/11/2 2530/5/2
f 2535/11/4 2536/1/4 2530/5/4
f 2535/11/4 2534/12/4 2536/1/4
f 2530/3/1 2536/1/1 2532/10/1
f 2534/12/5 2532/10/5 2536/1/5
f 2542/1/1 2537/2/1 2538/3/1
f 2539/4/3 2538/5/3 2537/6/3
f 2541/7/5 2539/8/5 2537/9/5
f 2542/1/1 2540/10/1 2537/2/1
f 2541/7/5 2537/9/5 2540/10/5
f 2544/11/2 2542/1/2 2538/5/2
f 2544/11/2 2543/12/2 2542/1/2
f 2543/12/4 2540/10/4 2542/1/4
f 2544/13/6 2539/14/6 2541/7/6
f 2539/4/3 2544/11/3 2538/5/3
f 2544/13/6 2541/7/6 2543/12/6
f 2543/12/4 2541/7/4 2540/10/4
f 2550/1/1 2545/2/1 2546/3/1
f 2547/4/2 2546/5/2 2545/6/2
f 2549/7/3 2547/8/3 2545/9/3
f 2550/1/1 2548/10/1 2545/2/1
f 2549/7/3 2545/9/3 2548/10/3
f 2552/11/4 2550/1/4 2546/5/4
f 2552/11/4 2551/12/4 2550/1/4
f 2551/12/5 2548/10/5 2550/1/5
f 2552/13/6 2547/14/6 2549/7/6
f 2547/4/2 2552/11/2 2546/5/2
f 2552/13/6 2549/7/6 2551/12/6
f 2551/12/5 2549/7/5 2548/10/5
f 2558/1/1 2553/2/1 2554/3/1
f 2555/4/2 2554/5/2 2553/6/2
f 2557/7/3 2555/8/3 2553/9/3
f 2558/1/1 2556/10/1 2553/2/1
f 2557/7/3 2553/9/3 2556/10/3
f 2560/11/4 2558/1/4 2554/5/4
f 2560/11/4 2559/12/4 2558/1/4
f 2559/12/5 2556/10/5 2558/1/5
f 2560/13/6 2555/14/6 2557/7/6
f 2555/4/2 2560/11/2 2554/5/2
f 2560/13/6 2557/7/6 2559/12/6
f 2559/12/5 2557/7/5 2556/10/5
f 2566/1/1 2561/2/1 2562/3/1
f 2563/4/2 2562/5/2 2561/6/2
f 2565/7/3 2563/8/3 2561/9/3
f 2566/1/1 2564/10/1 2561/2/1
f 2565/7/3 2561/9/3 2564/10/3
f 2568/11/4 2566/1/4 2562/5/4
f 2568/11/4 2567/12/4 2566/1/4
f 2567/12/5 2564/10/5 2566/1/5
f 2568/13/6 2563/14/6 2565/7/6
f 2563/4/2 2568/11/2 2562/5/2
f 2568/13/6 2565/7/6 2567/12/6
f 2567/12/5 2565/7/5 2564/10/5
f 2574/1/1 2569/2/1 2570/3/1
f 2571/4/2 2570/5/2 2569/6/2
f 2573/7/3 2571/8/3 2569/9/3
f 2574/1/1 2572/10/1 2569/2/1
f 2573/7/3 2569/9/3 2572/10/3
f 2576/11/4 2574/1/4 2570/5/4
f 2576/11/4 2575/12/4 2574/1/4
f 2575/12/5 2572/10/5 2574/1/5
f 2576/13/6 2571/14/6 2573/7/6
f 2571/4/2 2576/11/2 2570/5/2
f 2576/13/6 2573/7/6 2575/12/6
f 2575/12/5 2573/7/5 2572/10/5
f 2582/1/1 2577/2/1 2578/3/1
f 2579/4/3 2578/5/3 2577/6/3
f 2581/7/5 2579/8/5 2577/9/5
f 2582/1/1 2580/10/1 2577/2/1
f 2581/7/5 2577/9/5 2580/10/5
f 2584/11/2 2582/1/2 2578/5/2
f 2584/11/2 2583/12/2 2582/1/2
f 2583/12/4 2580/10/4 2582/1/4
f 2584/13/6 2579/14/6 2581/7/6
f 2579/4/3 2584/11/3 2578/5/3
f 2584/13/6 2581/7/6 2583/12/6
f 2583/12/4 2581/7/4 2580/10/4
f 2590/1/1 2585/2/1 2586/3/1
f 2587/4/2 2586/5/2 2585/6/2
f 2589/7/3 2587/8/3 2585/9/3
f 2590/1/1 2588/10/1 2585/2/1
f 2589/7/3 2585/9/3 2588/10/3
f 2592/11/4 2590/1/4 2586/5/4
f 2592/11/4 2591/12/4 2590/1/4
f 2591/12/5 2588/10/5 2590/1/5
f 2592/13/6 2587/14/6 2589/7/6
f 2587/4/2 2592/11/2 2586/5/2
f 2592/13/6 2589/7/6 2591/12/6
f 2591/12/5 2589/7/5 2588/10/5
f 2598/1/1 2593/2/1 2594/3/1
f 2595/4/2 2594/5/2 2593/6/2
f 2597/7/3 2595/8/3 2593/9/3
f 2598/1/1 2596/10/1 2593/2/1
f 2597/7/3 2593/9/3 2596/10/3
f 2600/11/4 2598/1/4 2594/5/4
f 2600/11/4 2599/12/4 2598/1/4
f 2599/12/5 2596/10/5 2598/1/5
f 2600/13/6 2595/14/6 2597/7/6
f 2595/4/2 2600/11/2 2594/5/2
f 2600/13/6 2597/7/6 2599/12/6
f 2599/12/5 2597/7/5 2596/10/5
f 2606/1/1 2601/2/1 2602/3/1
f 2603/4/2 2602/5/2 2601/6/2
f 2605/7/3 2603/8/3 2601/9/3
f 2606/1/1 2604/10/1 2601/2/1
f 2605/7/3 2601/9/3 2604/10/3
f 2608/11/4 2606/1/4 2602/5/4
f 2608/11/4 2607/12/4 2606/1/4
f 2607/12/5 2604/10/5 2606/1/5
f 2608/13/6 2603/14/6 2605/7/6
f 2603/4/2 2608/11/2 2602/5/2
f 2608/13/6 2605/7/6 2607/12/6
f 2607/12/5 2605/7/5 2604/10/5
f 2614/1/1 2609/2/1 2610/3/1
f 2611/4/2 2610/5/2 2609/6/2
f 2613/7/3 2611/8/3 2609/9/3
f 2614/1/1 2612/10/1 2609/2/1
f 2613/7/3 2609/9/3 2612/10/3
f 2616/11/4 2614/1/4 2610/5/4
f 2616/11/4 2615/12/4 2614/1/4
f 2615/12/5 2612/10/5 2614/1/5
f 2616/13/6 2611/14/6 2613/7/6
f 2611/4/2 2616/11/2 2610/5/2
f 2616/13/6 2613/7/6 2615/12/6
f 2615/12/5 2613/7/5 2612/10/5
f 2622/1/1 2617/2/1 2618/3/1
f 2619/4/2 2618/5/2 2617/6/2
f 2621/7/3 2619/8/3 2617/9/3
f 2622/1/1 2620/10/1 2617/2/1
f 2621/7/3 2617/9/3 2620/10/3
f 2624/11/4 2622/1/4 2618/5/4
f 2624/11/4 2623/12/4 2622/1/4
f 2623/12/5 2620/10/5 2622/1/5
f 2624/13/6 2619/14/6 2621/7/6
f 2619/4/2 2624/11/2 2618/5/2
f 2624/13/6 2621/7/6 2623/12/6
f 2623/12/5 2621/7/5 2620/10/5
f 2630/1/1 2625/2/1 2626/3/1
f 2627/4/2 2626/5/2 2625/6/2
f 2629/7/3 2627/8/3 2625/9/3
f 2630/1/1 2628/10/1 2625/2/1
f 2629/7/3 2625/9/3 2628/10/3
f 2632/11/4 2630/1/4 2626/5/4
f 2632/11/4 2631/12/4 2630/1/4
f 2631/12/5 2628/10/5 2630/1/5
f 2632/13/6 2627/14/6 2629/7/6
f 2627/4/2 2632/11/2 2626/5/2
f 2632/13/6 2629/7/6 2631/12/6
f 2631/12/5 2629/7/5 2628/10/5
f 2638/1/1 2633/2/1 2634/3/1
f 2635/4/2 2634/5/2 2633/6/2
f 2637/7/3 2635/8/3 2633/9/3
f 2638/1/1 2636/10/1 2633/2/1
f 2637/7/3 2633/9/3 2636/10/3
f 2640/11/4 2638/1/4 2634/5/4
f 2640/11/4 2639/12/4 2638/1/4
f 2639/12/5 2636/10/5 2638/1/5
f 2640/13/6 2635/14/6 2637/7/6
f 2635/4/2 2640/11/2 2634/5/2
f 2640/13/6 2637/7/6 2639/12/6
f 2639/12/5 2637/7/5 2636/10/5
f 2646/1/1 2641/2/1 2642/3/1
f 2643/4/2 2642/5/2 2641/6/2
f 2645/7/3 2643/8/3 2641/9/3
f 2646/1/1 2644/10/1 2641/2/1
f 2645/7/3 2641/9/3 2644/10/3
f 2648/11/4 2646/1/4 2642/5/4
f 2648/11/4 2647/12/4 2646/1/4
f 2647/12/5 2644/10/5 2646/1/5
f 2648/13/6 2643/14/6 2645/7/6
f 2643/4/2 2648/11/2 2642/5/2
f 2648/13/6 2645/7/6 2647/12/6
f 2647/12/5 2645/7/5 2644/10/5
f 2654/1/1 2649/2/1 2650/3/1
f 2651/4/3 2650/5/3 2649/6/3
f 2653/7/5 2651/8/5 2649/9/5
f 2654/1/1 2652/10/1 2649/2/1
f 2653/7/5 2649/9/5 2652/10/5
f 2656/11/2 2654/1/2 2650/5/2
f 2656/11/2 2655/12/2 2654/1/2
f 2655/12/4 2652/10/4 2654/1/4
f 2656/13/6 2651/14/6 2653/7/6
f 2651/4/3 2656/11/3 2650/5/3
f 2656/13/6 2653/7/6 2655/12/6
f 2655/12/4 2653/7/4 2652/10/4
f 2662/1/1 2657/2/1 2658/3/1
f 2659/4/2 2658/5/2 2657/6/2
f 2661/7/3 2659/8/3 2657/9/3
f 2662/1/1 2660/10/1 2657/2/1
f 2661/7/3 2657/9/3 2660/10/3
f 2664/11/4 2662/1/4 2658/5/4
f 2664/11/4 2663/12/4 2662/1/4
f 2663/12/5 2660/10/5 2662/1/5
f 2664/13/6 2659/14/6 2661/7/6
f 2659/4/2 2664/11/2 2658/5/2
f 2664/13/6 2661/7/6 2663/12/6
f 2663/12/5 2661/7/5 2660/10/5
f 2670/1/1 2665/2/1 2666/3/1
f 2667/4/2 2666/5/2 2665/6/2
f 2669/7/3 2667/8/3 2665/9/3
f 2670/1/1 2668/10/1 2665/2/1
f 2669/7/3 2665/9/3 2668/10/3
f 2672/11/4 2670/1/4 2666/5/4
f 2672/11/4 2671/12/4 2670/1/4
f 2671/12/5 2668/10/5 2670/1/5
f 2671/12/6 2672/13/6 2667/14/6
f 2667/4/2 2672/11/2 2666/5/2
f 2671/12/5 2669/7/5 2668/10/5
f 2671/12/6 2667/14/6 2669/7/6
f 2678/1/1 2673/2/1 2674/3/1
f 2675/4/2 2674/5/2 2673/6/2
f 2677/7/3 2675/8/3 2673/9/3
f 2678/1/1 2676/10/1 2673/2/1
f 2677/7/3 2673/9/3 2676/10/3
f 2680/11/4 2678/1/4 2674/5/4
f 2680/11/4 2679/12/4 2678/1/4
f 2679/12/5 2676/10/5 2678/1/5
f 2680/13/6 2675/14/6 2677/7/6
f 2675/4/2 2680/11/2 2674/5/2
f 2680/13/6 2677/7/6 2679/12/6
f 2679/12/5 2677/7/5 2676/10/5
f 2686/1/1 2681/2/1 2682/3/1
f 2683/4/2 2682/5/2 2681/6/2
f 2685/7/3 2683/8/3 2681/9/3
f 2686/1/1 2684/10/1 2681/2/1
f 2685/7/3 2681/9/3 2684/10/3
f 2688/11/4 2686/1/4 2682/5/4
f 2688/11/4 2687/12/4 2686/1/4
f 2687/12/5 2684/10/5 2686/1/5
f 2688/13/6 2683/14/6 2685/7/6
f 2683/4/2 2688/11/2 2682/5/2
f 2688/13/6 2685/7/6 2687/12/6
f 2687/12/5 2685/7/5 2684/10/5
f 2694/1/1 2689/2/1 2690/3/1
f 2691/4/2 2690/5/2 2689/6/2
f 2693/7/3 2691/8/3 2689/9/3
f 2694/1/1 2692/10/1 2689/2/1
f 2693/7/3 2689/9/3 2692/10/3
f 2696/11/4 2694/1/4 2690/5/4
f 2696/11/4 2695/12/4 2694/1/4
f 2695/12/5 2692/10/5 2694/1/5
f 2696/13/6 2691/14/6 2693/7/6
f 2691/4/2 2696/11/2 2690/5/2
f 2696/13/6 2693/7/6 2695/12/6
f 2695/12/5 2693/7/5 2692/10/5
f 2702/1/1 2697/2/1 2698/3/1
f 2699/4/3 2698/5/3 2697/6/3
f 2701/7/5 2699/8/5 2697/9/5
f 2702/1/1 2700/10/1 2697/2/1
f 2701/7/5 2697/9/5 2700/10/5
f 2704/11/2 2702/1/2 2698/5/2
f 2704/11/2 2703/12/2 2702/1/2
f 2703/12/4 2700/10/4 2702/1/4
f 2704/13/6 2699/14/6 2701/7/6
f 2699/4/3 2704/11/3 2698/5/3
f 2704/13/6 2701/7/6 2703/12/6
f 2703/12/4 2701/7/4 2700/10/4
f 2710/1/1 2705/2/1 2706/3/1
f 2707/4/3 2706/5/3 2705/6/3
f 2709/7/5 2707/8/5 2705/9/5
f 2710/1/1 2708/10/1 2705/2/1
f 2709/7/5 2705/9/5 2708/10/5
f 2712/11/2 2710/1/2 2706/5/2
f 2712/11/2 2711/12/2 2710/1/2
f 2711/12/4 2708/10/4 2710/1/4
f 2712/13/6 2707/14/6 2709/7/6
f 2707/4/3 2712/11/3 2706/5/3
f 2712/13/6 2709/7/6 2711/12/6
f 2711/12/4 2709/7/4 2708/10/4
f 2718/1/1 2713/2/1 2714/3/1
f 2715/4/2 2714/5/2 2713/6/2
f 2717/7/3 2715/8/3 2713/9/3
f 2718/1/1 2716/10/1 2713/2/1
f 2717/7/3 2713/9/3 2716/10/3
f 2720/11/4 2718/1/4 2714/5/4
f 2720/11/4 2719/12/4 2718/1/4
f 2719/12/5 2716/10/5 2718/1/5
f 2720/13/6 2715/14/6 2717/7/6
f 2715/4/2 2720/11/2 2714/5/2
f 2720/13/6 2717/7/6 2719/12/6
f 2719/12/5 2717/7/5 2716/10/5
f 2726/1/1 2721/2/1 2722/3/1
f 2723/4/2 2722/5/2 2721/6/2
f 2725/7/3 2723/8/3 2721/9/3
f 2726/1/1 2724/10/1 2721/2/1
f 2725/7/3 2721/9/3 2724/10/3
f 2728/11/4 2726/1/4 2722/5/4
f 2728/11/4 2727/12/4 2726/1/4
f 2727/12/5 2724/10/5 2726/1/5
f 2728/13/6 2723/14/6 2725/7/6
f 2723/4/2 2728/11/2 2722/5/2
f 2728/13/6 2725/7/6 2727/12/6
f 2727/12/5 2725/7/5 2724/10/5
f 2734/1/1 2729/2/1 2730/3/1
f 2731/4/2 2730/5/2 2729/6/2
f 2733/7/3 2731/8/3 2729/9/3
f 2734/1/1 2732/10/1 2729/2/1
f 2733/7/3 2729/9/3 2732/10/3
f 2736/11/4 2734/1/4 2730/5/4
f 2736/11/4 2735/12/4 2734/1/4
f 2735/12/5 2732/10/5 2734/1/5
f 2736/13/6 2731/14/6 2733/7/6
f 2731/4/2 2736/11/2 2730/5/2
f 2736/13/6 2733/7/6 2735/12/6
f 2735/12/5 2733/7/5 2732/10/5
f 2742/1/1 2737/2/1 2738/3/1
f 2739/4/2 2738/5/2 2737/6/2
f 2741/7/3 2739/8/3 2737/9/3
f 2742/1/1 2740/10/1 2737/2/1
f 2741/7/3 2737/9/3 2740/10/3
f 2744/11/4 2742/1/4 2738/5/4
f 2744/11/4 2743/12/4 2742/1/4
f 2743/12/5 2740/10/5 2742/1/5
f 2744/13/6 2739/14/6 2741/7/6
f 2739/4/2 2744/11/2 2738/5/2
f 2744/13/6 2741/7/6 2743/12/6
f 2743/12/5 2741/7/5 2740/10/5
f 2750/1/1 2745/2/1 2746/3/1
f 2747/4/3 2746/5/3 2745/6/3
f 2749/7/5 2747/8/5 2745/9/5
f 2750/1/1 2748/10/1 2745/2/1
f 2749/7/5 2745/9/5 2748/10/5
f 2752/11/2 2750/1/2 2746/5/2
f 2752/11/2 2751/12/2 2750/1/2
f 2751/12/4 2748/10/4 2750/1/4
f 2752/13/6 2747/14/6 2749/7/6
f 2747/4/3 2752/11/3 2746/5/3
f 2752/13/6 2749/7/6 2751/12/6
f 2751/12/4 2749/7/4 2748/10/4
f 2758/1/1 2753/2/1 2754/3/1
f 2755/4/2 2754/5/2 2753/6/2
f 2757/7/3 2755/8/3 2753/9/3
f 2758/1/1 2756/10/1 2753/2/1
f 2757/7/3 2753/9/3 2756/10/3
f 2760/11/4 2758/1/4 2754/5/4
f 2760/11/4 2759/12/4 2758/1/4
f 2759/12/5 2756/10/5 2758/1/5
f 2760/13/6 2755/14/6 2757/7/6
f 2755/4/2 2760/11/2 2754/5/2
f 2760/13/6 2757/7/6 2759/12/6
f 2759/12/5 2757/7/5 2756/10/5
f 2762/4/3 2763/5/3 2761/6/3
f 2764/11/2 2767/1/2 2763/5/2
f 2768/12/4 2765/10/4 2767/1/4
f 2766/7/5 2761/9/5 2765/10/5
f 2767/1/1 2761/2/1 2763/3/1
f 2764/13/6 2766/7/6 2768/12/6
f 2762/4/3 2764/11/3 2763/5/3
f 2764/11/2 2768/12/2 2767/1/2
f 2768/12/4 2766/7/4 2765/10/4
f 2766/7/5 2762/8/5 2761/9/5
f 2767/1/1 2765/10/1 2761/2/1
f 2764/13/6 2762/14/6 2766/7/6
f 2774/1/1 2769/2/1 2770/3/1
f 2771/4/3 2770/5/3 2769/6/3
f 2773/7/5 2771/8/5 2769/9/5
f 2774/1/1 2772/10/1 2769/2/1
f 2773/7/5 2769/9/5 2772/10/5
f 2776/11/2 2774/1/2 2770/5/2
f 2776/11/2 2775/12/2 2774/1/2
f 2775/12/4 2772/10/4 2774/1/4
f 2776/13/6 2771/14/6 2773/7/6
f 2771/4/3 2776/11/3 2770/5/3
f 2776/13/6 2773/7/6 2775/12/6
f 2775/12/4 2773/7/4 2772/10/4
f 2782/1/1 2777/2/1 2778/3/1
f 2779/4/2 2778/5/2 2777/6/2
f 2781/7/3 2779/8/3 2777/9/3
f 2782/1/1 2780/10/1 2777/2/1
f 2781/7/3 2777/9/3 2780/10/3
f 2784/11/4 2782/1/4 2778/5/4
f 2784/11/4 2783/12/4 2782/1/4
f 2783/12/5 2780/10/5 2782/1/5
f 2784/13/6 2779/14/6 2781/7/6
f 2779/4/2 2784/11/2 2778/5/2
f 2784/13/6 2781/7/6 2783/12/6
f 2783/12/5 2781/7/5 2780/10/5
f 2790/1/1 2785/2/1 2786/3/1
f 2787/4/2 2786/5/2 2785/6/2
f 2789/7/3 2787/8/3 2785/9/3
f 2790/1/1 2788/10/1 2785/2/1
f 2789/7/3 2785/9/3 2788/10/3
f 2792/11/4 2790/1/4 2786/5/4
f 2792/11/4 2791/12/4 2790/1/4
f 2791/12/5 2788/10/5 2790/1/5
f 2791/12/6 2792/13/6 2787/14/6
f 2787/4/2 2792/11/2 2786/5/2
f 2791/12/5 2789/7/5 2788/10/5
f 2791/12/6 2787/14/6 2789/7/6
f 2798/1/1 2793/2/1 2794/3/1
f 2795/4/3 2794/5/3 2793/6/3
f 2797/7/5 2795/8/5 2793/9/5
f 2798/1/1 2796/10/1 2793/2/1
f 2797/7/5 2793/9/5 2796/10/5
f 2800/11/2 2798/1/2 2794/5/2
f 2800/11/2 2799/12/2 2798/1/2
f 2799/12/4 2796/10/4 2798/1/4
f 2800/13/6 2795/14/6 2797/7/6
f 2795/4/3 2800/11/3 2794/5/3
f 2800/13/6 2797/7/6 2799/12/6
f 2799/12/4 2797/7/4 2796/10/4
f 2806/1/1 2801/2/1 2802/3/1
f 2803/4/2 2802/5/2 2801/6/2
f 2805/7/3 2803/8/3 2801/9/3
f 2806/1/1 2804/10/1 2801/2/1
f 2805/7/3 2801/9/3 2804/10/3
f 2808/11/4 2806/1/4 2802/5/4
f 2808/11/4 2807/12/4 2806/1/4
f 2807/12/5 2804/10/5 2806/1/5
f 2807/12/6 2808/13/6 2803/14/6
f 2803/4/2 2808/11/2 2802/5/2
f 2807/12/5 2805/7/5 2804/10/5
f 2807/12/6 2803/14/6 2805/7/6
f 2814/1/1 2809/2/1 2810/3/1
f 2811/4/2 2810/5/2 2809/6/2
f 2813/7/3 2811/8/3 2809/9/3
f 2814/1/1 2812/10/1 2809/2/1
f 2813/7/3 2809/9/3 2812/10/3
f 2816/11/4 2814/1/4 2810/5/4
f 2816/11/4 2815/12/4 2814/1/4
f 2815/12/5 2812/10/5 2814/1/5
f 2816/13/6 2811/14/6 2813/7/6
f 2811/4/2 2816/11/2 2810/5/2
f 2816/13/6 2813/7/6 2815/12/6
f 2815/12/5 2813/7/5 2812/10/5
f 2822/1/1 2817/2/1 2818/3/1
f 2819/4/2 2818/5/2 2817/6/2
f 2821/7/3 2819/8/3 2817/9/3
f 2822/1/1 2820/10/1 2817/2/1
f 2821/7/3 2817/9/3 2820/10/3
f 2824/11/4 2822/1/4 2818/5/4
f 2824/11/4 2823/12/4 2822/1/4
f 2823/12/5 2820/10/5 2822/1/5
f 2823/12/6 2824/13/6 2819/14/6
f 2819/4/2 2824/11/2 2818/5/2
f 2823/12/5 2821/7/5 2820/10/5
f 2823/12/6 2819/14/6 2821/7/6
f 2830/1/1 2825/2/1 2826/3/1
f 2827/4/2 2826/5/2 2825/6/2
f 2829/7/3 2827/8/3 2825/9/3
f 2830/1/1 2828/10/1 2825/2/1
f 2829/7/3 2825/9/3 2828/10/3
f 2832/11/4 2830/1/4 2826/5/4
f 2832/11/4 2831/12/4 2830/1/4
f 2831/12/5 2828/10/5 2830/1/5
f 2832/13/6 2827/14/6 2829/7/6
f 2827/4/2 2832/11/2 2826/5/2
f 2832/13/6 2829/7/6 2831/12/6
f 2831/12/5 2829/7/5 2828/10/5
f 2838/1/1 2833/2/1 2834/3/1
f 2835/4/2 2834/5/2 2833/6/2
f 2837/7/3 2835/8/3 2833/9/3
f 2838/1/1 2836/10/1 2833/2/1
f 2837/7/3 2833/9/3 2836/10/3
f 2840/11/4 2838/1/4 2834/5/4
f 2840/11/4 2839/12/4 2838/1/4
f 2839/12/5 2836/10/5 2838/1/5
f 2840/13/6 2835/14/6 2837/7/6
f 2835/4/2 2840/11/2 2834/5/2
f 2840/13/6 2837/7/6 2839/12/6
f 2839/12/5 2837/7/5 2836/10/5
f 2846/1/1 2841/2/1 2842/3/1
f 2843/4/3 2842/5/3 2841/6/3
f 2845/7/5 2843/8/5 2841/9/5
f 2846/1/1 2844/10/1 2841/2/1
f 2845/7/5 2841/9/5 2844/10/5
f 2848/11/2 2846/1/2 2842/5/2
f 2848/11/2 2847/12/2 2846/1/2
f 2847/12/4 2844/10/4 2846/1/4
f 2848/13/6 2843/14/6 2845/7/6
f 2843/4/3 2848/11/3 2842/5/3
f 2848/13/6 2845/7/6 2847/12/6
f 2847/12/4 2845/7/4 2844/10/4
f 2854/1/1 2849/2/1 2850/3/1
f 2851/4/2 2850/5/2 2849/6/2
f 2853/7/3 2851/8/3 2849/9/3
f 2854/1/1 2852/10/1 2849/2/1
f 2853/7/3 2849/9/3 2852/10/3
f 2856/11/4 2854/1/4 2850/5/4
f 2856/11/4 2855/12/4 2854/1/4
f 2855/12/5 2852/10/5 2854/1/5
f 2856/13/6 2851/14/6 2853/7/6
f 2851/4/2 2856/11/2 2850/5/2
f 2856/13/6 2853/7/6 2855/12/6
f 2855/12/5 2853/7/5 2852/10/5
f 2862/1/1 2857/2/1 2858/3/1
f 2859/4/2 2858/5/2 2857/6/2
f 2861/7/3 2859/8/3 2857/9/3
f 2862/1/1 2860/10/1 2857/2/1
f 2861/7/3 2857/9/3 2860/10/3
f 2864/11/4 2862/1/4 2858/5/4
f 2864/11/4 2863/12/4 2862/1/4
f 2863/12/5 2860/10/5 2862/1/5
f 2863/12/6 2864/13/6 2859/14/6
f 2859/4/2 2864/11/2 2858/5/2
f 2863/12/5 2861/7/5 2860/10/5
f 2863/12/6 2859/14/6 2861/7/6
f 2870/1/1 2865/2/1 2866/3/1
f 2867/4/3 2866/5/3 2865/6/3
f 2869/7/5 2867/8/5 2865/9/5
f 2870/1/1 2868/10/1 2865/2/1
f 2869/7/5 2865/9/5 2868/10/5
f 2872/11/2 2870/1/2 2866/5/2
f 2872/11/2 2871/12/2 2870/1/2
f 2871/12/4 2868/10/4 2870/1/4
f 2872/13/6 2867/14/6 2869/7/6
f 2867/4/3 2872/11/3 2866/5/3
f 2872/13/6 2869/7/6 2871/12/6
f 2871/12/4 2869/7/4 2868/10/4
f 2878/1/1 2873/2/1 2874/3/1
f 2875/4/5 2874/5/5 2873/6/5
f 2877/7/4 2875/8/4 2873/9/4
f 2878/1/1 2876/10/1 2873/2/1
f 2877/7/4 2873/9/4 2876/10/4
f 2880/11/3 2878/1/3 2874/5/3
f 2880/11/3 2879/12/3 2878/1/3
f 2879/12/2 2876/10/2 2878/1/2
f 2880/13/6 2875/14/6 2877/7/6
f 2875/4/5 2880/11/5 2874/5/5
f 2880/13/6 2877/7/6 2879/12/6
f 2879/12/2 2877/7/2 2876/10/2
f 2882/3/1 2884/10/1 2881/2/1
f 2883/4/8 2882/5/8 2881/6/8
f 2885/7/9 2883/8/9 2881/9/9
f 2885/7/9 2881/9/9 2884/10/9
f 2886/12/10 2885/7/10 2884/10/10
f 2887/13/6 2885/7/6 2886/12/6
f 2887/13/6 2883/14/6 2885/7/6
f 2883/4/8 2887/11/8 2882/5/8
f 2887/11/7 2888/1/7 2882/5/7
f 2887/11/7 2886/12/7 2888/1/7
f 2882/3/1 2888/1/1 2884/10/1
f 2886/12/10 2884/10/10 2888/1/10
f 2890/3/1 2892/10/1 2889/2/1
f 2891/4/8 2890/5/8 2889/6/8
f 2893/7/9 2891/8/9 2889/9/9
f 2893/7/9 2889/9/9 2892/10/9
f 2894/12/10 2893/7/10 2892/10/10
f 2895/13/6 2893/7/6 2894/12/6
f 2895/13/6 2891/14/6 2893/7/6
f 2891/4/8 2895/11/8 2890/5/8
f 2895/11/7 2896/1/7 2890/5/7
f 2895/11/7 2894/12/7 2896/1/7
f 2890/3/1 2896/1/1 2892/10/1
f 2894/12/10 2892/10/10 2896/1/10
f 2902/1/1 2897/2/1 2898/3/1
f 2899/4/3 2898/5/3 2897/6/3
f 2901/7/5 2899/8/5 2897/9/5
f 2902/1/1 2900/10/1 2897/2/1
f 2901/7/5 2897/9/5 2900/10/5
f 2904/11/2 2902/1/2 2898/5/2
f 2904/11/2 2903/12/2 2902/1/2
f 2903/12/4 2900/10/4 2902/1/4
f 2904/13/6 2899/14/6 2901/7/6
f 2899/4/3 2904/11/3 2898/5/3
f 2904/13/6 2901/7/6 2903/12/6
f 2903/12/4 2901/7/4 2900/10/4
f 2910/1/1 2905/2/1 2906/3/1
f 2907/4/3 2906/5/3 2905/6/3
f 2909/7/5 2907/8/5 2905/9/5
f 2910/1/1 2908/10/1 2905/2/1
f 2909/7/5 2905/9/5 2908/10/5
f 2912/11/2 2910/1/2 2906/5/2
f 2912/11/2 2911/12/2 2910/1/2
f 2911/12/4 2908/10/4 2910/1/4
f 2912/13/6 2907/14/6 2909/7/6
f 2907/4/3 2912/11/3 2906/5/3
f 2912/13/6 2909/7/6 2911/12/6
f 2911/12/4 2909/7/4 2908/10/4
f 2918/1/1 2913/2/1 2914/3/1
f 2915/4/3 2914/5/3 2913/6/3
f 2917/7/5 2915/8/5 2913/9/5
f 2918/1/1 2916/10/1 2913/2/1
f 2917/7/5 2913/9/5 2916/10/5
f 2920/11/2 2918/1/2 2914/5/2
f 2920/11/2 2919/12/2 2918/1/2
f 2919/12/4 2916/10/4 2918/1/4
f 2920/13/6 2915/14/6 2917/7/6
f 2915/4/3 2920/11/3 2914/5/3
f 2920/13/6 2917/7/6 2919/12/6
f 2919/12/4 2917/7/4 2916/10/4
f 2926/1/1 2921/2/1 2922/3/1
f 2923/4/5 2922/5/5 2921/6/5
f 2925/7/4 2923/8/4 2921/9/4
f 2926/1/1 2924/10/1 2921/2/1
f 2925/7/4 2921/9/4 2924/10/4
f 2928/11/3 2926/1/3 2922/5/3
f 2928/11/3 2927/12/3 2926/1/3
f 2927/12/2 2924/10/2 2926/1/2
f 2928/13/6 2923/14/6 2925/7/6
f 2923/4/5 2928/11/5 2922/5/5
f 2928/13/6 2925/7/6 2927/12/6
f 2927/12/2 2925/7/2 2924/10/2
f 2930/3/1 2932/10/1 2929/2/1
f 2931/4/3 2930/5/3 2929/6/3
f 2933/7/5 2931/8/5 2929/9/5
f 2933/7/5 2929/9/5 2932/10/5
f 2934/12/4 2933/7/4 2932/10/4
f 2935/13/6 2933/7/6 2934/12/6
f 2935/13/6 2931/14/6 2933/7/6
f 2931/4/3 2935/11/3 2930/5/3
f 2935/11/2 2936/1/2 2930/5/2
f 2935/11/2 2934/12/2 2936/1/2
f 2930/3/1 2936/1/1 2932/10/1
f 2934/12/4 2932/10/4 2936/1/4
f 2942/1/1 2937/2/1 2938/3/1
f 2939/4/5 2938/5/5 2937/6/5
f 2941/7/4 2939/8/4 2937/9/4
f 2942/1/1 2940/10/1 2937/2/1
f 2941/7/4 2937/9/4 2940/10/4
f 2944/11/3 2942/1/3 2938/5/3
f 2944/11/3 2943/12/3 2942/1/3
f 2943/12/2 2940/10/2 2942/1/2
f 2944/13/6 2939/14/6 2941/7/6
f 2939/4/5 2944/11/5 2938/5/5
f 2944/13/6 2941/7/6 2943/12/6
f 2943/12/2 2941/7/2 2940/10/2
f 2946/4/5 2947/5/5 2945/6/5
f 2948/11/3 2951/1/3 2947/5/3
f 2952/12/2 2949/10/2 2951/1/2
f 2950/7/4 2945/9/4 2949/10/4
f 2951/1/1 2945/2/1 2947/3/1
f 2948/13/6 2950/7/6 2952/12/6
f 2946/4/5 2948/11/5 2947/5/5
f 2948/11/3 2952/12/3 2951/1/3
f 2952/12/2 2950/7/2 2949/10/2
f 2950/7/4 2946/8/4 2945/9/4
f 2951/1/1 2949/10/1 2945/2/1
f 2948/13/6 2946/14/6 2950/7/6
f 2958/1/1 2953/2/1 2954/3/1
f 2955/4/5 2954/5/5 2953/6/5
f 2957/7/4 2955/8/4 2953/9/4
f 2958/1/1 2956/10/1 2953/2/1
f 2957/7/4 2953/9/4 2956/10/4
f 2960/11/3 2958/1/3 2954/5/3
f 2960/11/3 2959/12/3 2958/1/3
f 2959/12/2 2956/10/2 2958/1/2
f 2960/13/6 2955/14/6 2957/7/6
f 2955/4/5 2960/11/5 2954/5/5
f 2960/13/6 2957/7/6 2959/12/6
f 2959/12/2 2957/7/2 2956/10/2
f 2966/1/1 2961/2/1 2962/3/1
f 2963/4/3 2962/5/3 2961/6/3
f 2965/7/5 2963/8/5 2961/9/5
f 2966/1/1 2964/10/1 2961/2/1
f 2965/7/5 2961/9/5 2964/10/5
f 2968/11/2 2966/1/2 2962/5/2
f 2968/11/2 2967/12/2 2966/1/2
f 2967/12/4 2964/10/4 2966/1/4
f 2968/13/6 2963/14/6 2965/7/6
f 2963/4/3 2968/11/3 2962/5/3
f 2968/13/6 2965/7/6 2967/12/6
f 2967/12/4 2965/7/4 2964/10/4
f 2970/3/1 2972/10/1 2969/2/1
f 2971/4/3 2970/5/3 2969/6/3
f 2973/7/5 2971/8/5 2969/9/5
f 2973/7/5 2969/9/5 2972/10/5
f 2974/12/4 2973/7/4 2972/10/4
f 2975/13/6 2973/7/6 2974/12/6
f 2975/13/6 2971/14/6 2973/7/6
f 2971/4/3 2975/11/3 2970/5/3
f 2975/11/2 2976/1/2 2970/5/2
f 2975/11/2 2974/12/2 2976/1/2
f 2970/3/1 2976/1/1 2972/10/1
f 2974/12/4 2972/10/4 2976/1/4
f 2982/1/1 2977/2/1 2978/3/1
f 2979/4/3 2978/5/3 2977/6/3
f 2981/7/5 2979/8/5 2977/9/5
f 2982/1/1 2980/10/1 2977/2/1
f 2981/7/5 2977/9/5 2980/10/5
f 2984/11/2 2982/1/2 2978/5/2
f 2984/11/2 2983/12/2 2982/1/2
f 2983/12/4 2980/10/4 2982/1/4
f 2983/12/6 2984/13/6 2979/14/6
f 2979/4/3 2984/11/3 2978/5/3
f 2983/12/4 2981/7/4 2980/10/4
f 2983/12/6 2979/14/6 2981/7/6
f 2990/1/1 2985/2/1 2986/3/1
f 2987/4/5 2986/5/5 2985/6/5
f 2989/7/4 2987/8/4 2985/9/4
f 2990/1/1 2988/10/1 2985/2/1
f 2989/7/4 2985/9/4 2988/10/4
f 2992/11/3 2990/1/3 2986/5/3
f 2992/11/3 2991/12/3 2990/1/3
f 2991/12/2 2988/10/2 2990/1/2
f 2992/13/6 2987/14/6 2989/7/6
f 2987/4/5 2992/11/5 2986/5/5
f 2992/13/6 2989/7/6 2991/12/6
f 2991/12/2 2989/7/2 2988/10/2
f 2998/1/1 2993/2/1 2994/3/1
f 2995/4/3 2994/5/3 2993/6/3
f 2997/7/5 2995/8/5 2993/9/5
f 2998/1/1 2996/10/1 2993/2/1
f 2997/7/5 2993/9/5 2996/10/5
f 3000/11/2 2998/1/2 2994/5/2
f 3000/11/2 2999/12/2 2998/1/2
f 2999/12/4 2996/10/4 2998/1/4
f 2999/12/6 3000/13/6 2995/14/6
f 2995/4/3 3000/11/3 2994/5/3
f 2999/12/4 2997/7/4 2996/10/4
f 2999/12/6 2995/14/6 2997/7/6
f 3006/1/1 3001/2/1 3002/3/1
f 3003/4/5 3002/5/5 3001/6/5
f 3005/7/4 3003/8/4 3001/9/4
f 3006/1/1 3004/10/1 3001/2/1
f 3005/7/4 3001/9/4 3004/10/4
f 3008/11/3 3006/1/3 3002/5/3
f 3008/11/3 3007/12/3 3006/1/3
f 3007/12/2 3004/10/2 3006/1/2
f 3008/13/6 3003/14/6 3005/7/6
f 3003/4/5 3008/11/5 3002/5/5
f 3008/13/6 3005/7/6 3007/12/6
f 3007/12/2 3005/7/2 3004/10/2
f 3014/1/1 3009/2/1 3010/3/1
f 3011/4/3 3010/5/3 3009/6/3
f 3013/7/5 3011/8/5 3009/9/5
f 3014/1/1 3012/10/1 3009/2/1
f 3013/7/5 3009/9/5 3012/10/5
f 3016/11/2 3014/1/2 3010/5/2
f 3016/11/2 3015/12/2 3014/1/2
f 3015/12/4 3012/10/4 3014/1/4
f 3016/13/6 3011/14/6 3013/7/6
f 3011/4/3 3016/11/3 3010/5/3
f 3016/13/6 3013/7/6 3015/12/6
f 3015/12/4 3013/7/4 3012/10/4
f 3022/1/1 3017/2/1 3018/3/1
f 3019/4/3 3018/5/3 3017/6/3
f 3021/7/5 3019/8/5 3017/9/5
f 3022/1/1 3020/10/1 3017/2/1
f 3021/7/5 3017/9/5 3020/10/5
f 3024/11/2 3022/1/2 3018/5/2
f 3024/11/2 3023/12/2 3022/1/2
f 3023/12/4 3020/10/4 3022/1/4
f 3023/12/6 3024/13/6 3019/14/6
f 3019/4/3 3024/11/3 3018/5/3
f 3023/12/4 3021/7/4 3020/10/4
f 3023/12/6 3019/14/6 3021/7/6
f 3030/1/1 3025/2/1 3026/3/1
f 3027/4/3 3026/5/3 3025/6/3
f 3029/7/5 3027/8/5 3025/9/5
f 3030/1/1 3028/10/1 3025/2/1
f 3029/7/5 3025/9/5 3028/10/5
f 3032/11/2 3030/1/2 3026/5/2
f 3032/11/2 3031/12/2 3030/1/2
f 3031/12/4 3028/10/4 3030/1/4
f 3032/13/6 3027/14/6 3029/7/6
f 3027/4/3 3032/11/3 3026/5/3
f 3032/13/6 3029/7/6 3031/12/6
f 3031/12/4 3029/7/4 3028/10/4
f 3038/1/1 3033/2/1 3034/3/1
f 3035/4/5 3034/5/5 3033/6/5
f 3037/7/4 3035/8/4 3033/9/4
f 3038/1/1 3036/10/1 3033/2/1
f 3037/7/4 3033/9/4 3036/10/4
f 3040/11/3 3038/1/3 3034/5/3
f 3040/11/3 3039/12/3 3038/1/3
f 3039/12/2 3036/10/2 3038/1/2
f 3040/13/6 3035/14/6 3037/7/6
f 3035/4/5 3040/11/5 3034/5/5
f 3040/13/6 3037/7/6 3039/12/6
f 3039/12/2 3037/7/2 3036/10/2
f 3046/1/1 3041/2/1 3042/3/1
f 3043/4/3 3042/5/3 3041/6/3
f 3045/7/5 3043/8/5 3041/9/5
f 3046/1/1 3044/10/1 3041/2/1
f 3045/7/5 3041/9/5 3044/10/5
f 3048/11/2 3046/1/2 3042/5/2
f 3048/11/2 3047/12/2 3046/1/2
f 3047/12/4 3044/10/4 3046/1/4
f 3048/13/6 3043/14/6 3045/7/6
f 3043/4/3 3048/11/3 3042/5/3
f 3048/13/6 3045/7/6 3047/12/6
f 3047/12/4 3045/7/4 3044/10/4
f 3054/1/1 3049/2/1 3050/3/1
f 3051/4/3 3050/5/3 3049/6/3
f 3053/7/5 3051/8/5 3049/9/5
f 3054/1/1 3052/10/1 3049/2/1
f 3053/7/5 3049/9/5 3052/10/5
f 3056/11/2 3054/1/2 3050/5/2
f 3056/11/2 3055/12/2 3054/1/2
f 3055/12/4 3052/10/4 3054/1/4
f 3055/12/6 3056/13/6 3051/14/6
f 3051/4/3 3056/11/3 3050/5/3
f 3055/12/4 3053/7/4 3052/10/4
f 3055/12/6 3051/14/6 3053/7/6
f 3062/1/1 3057/2/1 3058/3/1
f 3059/4/5 3058/5/5 3057/6/5
f 3061/7/4 3059/8/4 3057/9/4
f 3062/1/1 3060/10/1 3057/2/1
f 3061/7/4 3057/9/4 3060/10/4
f 3064/11/3 3062/1/3 3058/5/3
f 3064/11/3 3063/12/3 3062/1/3
f 3063/12/2 3060/10/2 3062/1/2
f 3064/13/6 3059/14/6 3061/7/6
f 3059/4/5 3064/11/5 3058/5/5
f 3064/13/6 3061/7/6 3063/12/6
f 3063/12/2 3061/7/2 3060/10/2
f 3070/1/1 3065/2/1 3066/3/1
f 3067/4/3 3066/5/3 3065/6/3
f 3069/7/5 3067/8/5 3065/9/5
f 3070/1/1 3068/10/1 3065/2/1
f 3069/7/5 3065/9/5 3068/10/5
f 3072/11/2 3070/1/2 3066/5/2
f 3072/11/2 3071/12/2 3070/1/2
f 3071/12/4 3068/10/4 3070/1/4
f 3071/12/6 3072/13/6 3067/14/6
f 3067/4/3 3072/11/3 3066/5/3
f 3071/12/4 3069/7/4 3068/10/4
f 3071/12/6 3067/14/6 3069/7/6
f 3078/1/1 3073/2/1 3074/3/1
f 3075/4/3 3074/5/3 3073/6/3
f 3077/7/5 3075/8/5 3073/9/5
f 3078/1/1 3076/10/1 3073/2/1
f 3077/7/5 3073/9/5 3076/10/5
f 3080/11/2 3078/1/2 3074/5/2
f 3080/11/2 3079/12/2 3078/1/2
f 3079/12/4 3076/10/4 3078/1/4
f 3080/13/6 3075/14/6 3077/7/6
f 3075/4/3 3080/11/3 3074/5/3
f 3080/13/6 3077/7/6 3079/12/6
f 3079/12/4 3077/7/4 3076/10/4
f 3082/3/1 3084/10/1 3081/2/1
f 3083/4/7 3082/5/7 3081/6/7
f 3085/7/8 3083/8/8 3081/9/8
f 3085/7/8 3081/9/8 3084/10/8
f 3086/12/9 3085/7/9 3084/10/9
f 3087/13/6 3085/7/6 3086/12/6
f 3087/13/6 3083/14/6 3085/7/6
f 3083/4/7 3087/11/7 3082/5/7
f 3087/11/10 3088/1/10 3082/5/10
f 3087/11/10 3086/12/10 3088/1/10
f 3082/3/1 3088/1/1 3084/10/1
f 3086/12/9 3084/10/9 3088/1/9
f 3094/1/1 3089/2/1 3090/3/1
f 3091/4/3 3090/5/3 3089/6/3
f 3093/7/5 3091/8/5 3089/9/5
f 3094/1/1 3092/10/1 3089/2/1
f 3093/7/5 3089/9/5 3092/10/5
f 3096/11/2 3094/1/2 3090/5/2
f 3096/11/2 3095/12/2 3094/1/2
f 3095/12/4 3092/10/4 3094/1/4
f 3096/13/6 3091/14/6 3093/7/6
f 3091/4/3 3096/11/3 3090/5/3
f 3096/13/6 3093/7/6 3095/12/6
f 3095/12/4 3093/7/4 3092/10/4
f 3102/1/1 3097/2/1 3098/3/1
f 3099/4/2 3098/5/2 3097/6/2
f 3101/7/3 3099/8/3 3097/9/3
f 3102/1/1 3100/10/1 3097/2/1
f 3101/7/3 3097/9/3 3100/10/3
f 3104/11/4 3102/1/4 3098/5/4
f 3104/11/4 3103/12/4 3102/1/4
f 3103/12/5 3100/10/5 3102/1/5
f 3104/13/6 3099/14/6 3101/7/6
f 3099/4/2 3104/11/2 3098/5/2
f 3104/13/6 3101/7/6 3103/12/6
f 3103/12/5 3101/7/5 3100/10/5
f 3110/1/1 3105/2/1 3106/3/1
f 3107/4/2 3106/5/2 3105/6/2
f 3109/7/3 3107/8/3 3105/9/3
f 3110/1/1 3108/10/1 3105/2/1
f 3109/7/3 3105/9/3 3108/10/3
f 3112/11/4 3110/1/4 3106/5/4
f 3112/11/4 3111/12/4 3110/1/4
f 3111/12/5 3108/10/5 3110/1/5
f 3112/13/6 3107/14/6 3109/7/6
f 3107/4/2 3112/11/2 3106/5/2
f 3112/13/6 3109/7/6 3111/12/6
f 3111/12/5 3109/7/5 3108/10/5
f 3118/1/1 3113/2/1 3114/3/1
f 3115/4/4 3114/5/4 3113/6/4
f 3117/7/2 3115/8/2 3113/9/2
f 3118/1/1 3116/10/1 3113/2/1
f 3117/7/2 3113/9/2 3116/10/2
f 3120/11/5 3118/1/5 3114/5/5
f 3120/11/5 3119/12/5 3118/1/5
f 3119/12/3 3116/10/3 3118/1/3
f 3120/13/6 3115/14/6 3117/7/6
f 3115/4/4 3120/11/4 3114/5/4
f 3120/13/6 3117/7/6 3119/12/6
f 3119/12/3 3117/7/3 3116/10/3
f 3126/1/1 3121/2/1 3122/3/1
f 3123/4/3 3122/5/3 3121/6/3
f 3125/7/5 3123/8/5 3121/9/5
f 3126/1/1 3124/10/1 3121/2/1
f 3125/7/5 3121/9/5 3124/10/5
f 3128/11/2 3126/1/2 3122/5/2
f 3128/11/2 3127/12/2 3126/1/2
f 3127/12/4 3124/10/4 3126/1/4
f 3128/13/6 3123/14/6 3125/7/6
f 3123/4/3 3128/11/3 3122/5/3
f 3128/13/6 3125/7/6 3127/12/6
f 3127/12/4 3125/7/4 3124/10/4
f 3134/1/1 3129/2/1 3130/3/1
f 3131/4/4 3130/5/4 3129/6/4
f 3133/7/2 3131/8/2 3129/9/2
f 3134/1/1 3132/10/1 3129/2/1
f 3133/7/2 3129/9/2 3132/10/2
f 3136/11/5 3134/1/5 3130/5/5
f 3136/11/5 3135/12/5 3134/1/5
f 3135/12/3 3132/10/3 3134/1/3
f 3136/13/6 3131/14/6 3133/7/6
f 3131/4/4 3136/11/4 3130/5/4
f 3136/13/6 3133/7/6 3135/12/6
f 3135/12/3 3133/7/3 3132/10/3
f 3142/1/1 3137/2/1 3138/3/1
f 3139/4/2 3138/5/2 3137/6/2
f 3141/7/3 3139/8/3 3137/9/3
f 3142/1/1 3140/10/1 3137/2/1
f 3141/7/3 3137/9/3 3140/10/3
f 3144/11/4 3142/1/4 3138/5/4
f 3144/11/4 3143/12/4 3142/1/4
f 3143/12/5 3140/10/5 3142/1/5
f 3144/13/6 3139/14/6 3141/7/6
f 3139/4/2 3144/11/2 3138/5/2
f 3144/13/6 3141/7/6 3143/12/6
f 3143/12/5 3141/7/5 3140/10/5
f 3146/3/1 3148/10/1 3145/2/1
f 3147/4/4 3146/5/4 3145/6/4
f 3149/7/2 3147/8/2 3145/9/2
f 3149/7/2 3145/9/2 3148/10/2
f 3150/12/3 3149/7/3 3148/10/3
f 3151/13/6 3149/7/6 3150/12/6
f 3151/13/6 3147/14/6 3149/7/6
f 3147/4/4 3151/11/4 3146/5/4
f 3151/11/5 3152/1/5 3146/5/5
f 3151/11/5 3150/12/5 3152/1/5
f 3146/3/1 3152/1/1 3148/10/1
f 3150/12/3 3148/10/3 3152/1/3
f 3158/1/1 3153/2/1 3154/3/1
f 3155/4/3 3154/5/3 3153/6/3
f 3157/7/5 3155/8/5 3153/9/5
f 3158/1/1 3156/10/1 3153/2/1
f 3157/7/5 3153/9/5 3156/10/5
f 3160/11/2 3158/1/2 3154/5/2
f 3160/11/2 3159/12/2 3158/1/2
f 3159/12/4 3156/10/4 3158/1/4
f 3159/12/6 3160/13/6 3155/14/6
f 3155/4/3 3160/11/3 3154/5/3
f 3159/12/4 3157/7/4 3156/10/4
f 3159/12/6 3155/14/6 3157/7/6
f 3166/1/1 3161/2/1 3162/3/1
f 3163/4/2 3162/5/2 3161/6/2
f 3165/7/3 3163/8/3 3161/9/3
f 3166/1/1 3164/10/1 3161/2/1
f 3165/7/3 3161/9/3 3164/10/3
f 3168/11/4 3166/1/4 3162/5/4
f 3168/11/4 3167/12/4 3166/1/4
f 3167/12/5 3164/10/5 3166/1/5
f 3168/13/6 3163/14/6 3165/7/6
f 3163/4/2 3168/11/2 3162/5/2
f 3168/13/6 3165/7/6 3167/12/6
f 3167/12/5 3165/7/5 3164/10/5
f 3174/1/1 3169/2/1 3170/3/1
f 3171/4/2 3170/5/2 3169/6/2
f 3173/7/3 3171/8/3 3169/9/3
f 3174/1/1 3172/10/1 3169/2/1
f 3173/7/3 3169/9/3 3172/10/3
f 3176/11/4 3174/1/4 3170/5/4
f 3176/11/4 3175/12/4 3174/1/4
f 3175/12/5 3172/10/5 3174/1/5
f 3176/13/6 3171/14/6 3173/7/6
f 3171/4/2 3176/11/2 3170/5/2
f 3176/13/6 3173/7/6 3175/12/6
f 3175/12/5 3173/7/5 3172/10/5
f 3182/1/1 3177/2/1 3178/3/1
f 3179/4/2 3178/5/2 3177/6/2
f 3181/7/3 3179/8/3 3177/9/3
f 3182/1/1 3180/10/1 3177/2/1
f 3181/7/3 3177/9/3 3180/10/3
f 3184/11/4 3182/1/4 3178/5/4
f 3184/11/4 3183/12/4 3182/1/4
f 3183/12/5 3180/10/5 3182/1/5
f 3184/13/6 3179/14/6 3181/7/6
f 3179/4/2 3184/11/2 3178/5/2
f 3184/13/6 3181/7/6 3183/12/6
f 3183/12/5 3181/7/5 3180/10/5
f 3190/1/1 3185/2/1 3186/3/1
f 3187/4/4 3186/5/4 3185/6/4
f 3189/7/2 3187/8/2 3185/9/2
f 3190/1/1 3188/10/1 3185/2/1
f 3189/7/2 3185/9/2 3188/10/2
f 3192/11/5 3190/1/5 3186/5/5
f 3192/11/5 3191/12/5 3190/1/5
f 3191/12/3 3188/10/3 3190/1/3
f 3192/13/6 3187/14/6 3189/7/6
f 3187/4/4 3192/11/4 3186/5/4
f 3192/13/6 3189/7/6 3191/12/6
f 3191/12/3 3189/7/3 3188/10/3
f 3198/1/1 3193/2/1 3194/3/1
f 3195/4/4 3194/5/4 3193/6/4
f 3197/7/2 3195/8/2 3193/9/2
f 3198/1/1 3196/10/1 3193/2/1
f 3197/7/2 3193/9/2 3196/10/2
f 3200/11/5 3198/1/5 3194/5/5
f 3200/11/5 3199/12/5 3198/1/5
f 3199/12/3 3196/10/3 3198/1/3
f 3199/12/6 3200/13/6 3195/14/6
f 3195/4/4 3200/11/4 3194/5/4
f 3199/12/3 3197/7/3 3196/10/3
f 3199/12/6 3195/14/6 3197/7/6
f 3206/1/1 3201/2/1 3202/3/1
f 3203/4/4 3202/5/4 3201/6/4
f 3205/7/2 3203/8/2 3201/9/2
f 3206/1/1 3204/10/1 3201/2/1
f 3205/7/2 3201/9/2 3204/10/2
f 3208/11/5 3206/1/5 3202/5/5
f 3208/11/5 3207/12/5 3206/1/5
f 3207/12/3 3204/10/3 3206/1/3
f 3208/13/6 3203/14/6 3205/7/6
f 3203/4/4 3208/11/4 3202/5/4
f 3208/13/6 3205/7/6 3207/12/6
f 3207/12/3 3205/7/3 3204/10/3
f 3214/1/1 3209/2/1 3210/3/1
f 3211/4/4 3210/5/4 3209/6/4
f 3213/7/2 3211/8/2 3209/9/2
f 3214/1/1 3212/10/1 3209/2/1
f 3213/7/2 3209/9/2 3212/10/2
f 3216/11/5 3214/1/5 3210/5/5
f 3216/11/5 3215/12/5 3214/1/5
f 3215/12/3 3212/10/3 3214/1/3
f 3216/13/6 3211/14/6 3213/7/6
f 3211/4/4 3216/11/4 3210/5/4
f 3216/13/6 3213/7/6 3215/12/6
f 3215/12/3 3213/7/3 3212/10/3
f 3222/1/1 3217/2/1 3218/3/1
f 3219/4/2 3218/5/2 3217/6/2
f 3221/7/3 3219/8/3 3217/9/3
f 3222/1/1 3220/10/1 3217/2/1
f 3221/7/3 3217/9/3 3220/10/3
f 3224/11/4 3222/1/4 3218/5/4
f 3224/11/4 3223/12/4 3222/1/4
f 3223/12/5 3220/10/5 3222/1/5
f 3224/13/6 3219/14/6 3221/7/6
f 3219/4/2 3224/11/2 3218/5/2
f 3224/13/6 3221/7/6 3223/12/6
f 3223/12/5 3221/7/5 3220/10/5
f 3230/1/1 3225/2/1 3226/3/1
f 3227/4/4 3226/5/4 3225/6/4
f 3229/7/2 3227/8/2 3225/9/2
f 3230/1/1 3228/10/1 3225/2/1
f 3229/7/2 3225/9/2 3228/10/2
f 3232/11/5 3230/1/5 3226/5/5
f 3232/11/5 3231/12/5 3230/1/5
f 3231/12/3 3228/10/3 3230/1/3
f 3232/13/6 3227/14/6 3229/7/6
f 3227/4/4 3232/11/4 3226/5/4
f 3232/13/6 3229/7/6 3231/12/6
f 3231/12/3 3229/7/3 3228/10/3
f 3238/1/1 3233/2/1 3234/3/1
f 3235/4/2 3234/5/2 3233/6/2
f 3237/7/3 3235/8/3 3233/9/3
f 3238/1/1 3236/10/1 3233/2/1
f 3237/7/3 3233/9/3 3236/10/3
f 3240/11/4 3238/1/4 3234/5/4
f 3240/11/4 3239/12/4 3238/1/4
f 3239/12/5 3236/10/5 3238/1/5
f 3240/13/6 3235/14/6 3237/7/6
f 3235/4/2 3240/11/2 3234/5/2
f 3240/13/6 3237/7/6 3239/12/6
f 3239/12/5 3237/7/5 3236/10/5
f 3246/1/1 3241/2/1 3242/3/1
f 3243/4/4 3242/5/4 3241/6/4
f 3245/7/2 3243/8/2 3241/9/2
f 3246/1/1 3244/10/1 3241/2/1
f 3245/7/2 3241/9/2 3244/10/2
f 3248/11/5 3246/1/5 3242/5/5
f 3248/11/5 3247/12/5 3246/1/5
f 3247/12/3 3244/10/3 3246/1/3
f 3248/13/6 3243/14/6 3245/7/6
f 3243/4/4 3248/11/4 3242/5/4
f 3248/13/6 3245/7/6 3247/12/6
f 3247/12/3 3245/7/3 3244/10/3
f 3254/1/1 3249/2/1 3250/3/1
f 3251/4/4 3250/5/4 3249/6/4
f 3253/7/2 3251/8/2 3249/9/2
f 3254/1/1 3252/10/1 3249/2/1
f 3253/7/2 3249/9/2 3252/10/2
f 3256/11/5 3254/1/5 3250/5/5
f 3256/11/5 3255/12/5 3254/1/5
f 3255/12/3 3252/10/3 3254/1/3
f 3256/13/6 3251/14/6 3253/7/6
f 3251/4/4 3256/11/4 3250/5/4
f 3256/13/6 3253/7/6 3255/12/6
f 3255/12/3 3253/7/3 3252/10/3
f 3262/1/1 3257/2/1 3258/3/1
f 3259/4/4 3258/5/4 3257/6/4
f 3261/7/2 3259/8/2 3257/9/2
f 3262/1/1 3260/10/1 3257/2/1
f 3261/7/2 3257/9/2 3260/10/2
f 3264/11/5 3262/1/5 3258/5/5
f 3264/11/5 3263/12/5 3262/1/5
f 3263/12/3 3260/10/3 3262/1/3
f 3263/12/6 3264/13/6 3259/14/6
f 3259/4/4 3264/11/4 3258/5/4
f 3263/12/3 3261/7/3 3260/10/3
f 3263/12/6 3259/14/6 3261/7/6
f 3270/1/1 3265/2/1 3266/3/1
f 3267/4/4 3266/5/4 3265/6/4
f 3269/7/2 3267/8/2 3265/9/2
f 3270/1/1 3268/10/1 3265/2/1
f 3269/7/2 3265/9/2 3268/10/2
f 3272/11/5 3270/1/5 3266/5/5
f 3272/11/5 3271/12/5 3270/1/5
f 3271/12/3 3268/10/3 3270/1/3
f 3271/12/6 3272/13/6 3267/14/6
f 3267/4/4 3272/11/4 3266/5/4
f 3271/12/3 3269/7/3 3268/10/3
f 3271/12/6 3267/14/6 3269/7/6
f 3278/1/1 3273/2/1 3274/3/1
f 3275/4/4 3274/5/4 3273/6/4
f 3277/7/2 3275/8/2 3273/9/2
f 3278/1/1 3276/10/1 3273/2/1
f 3277/7/2 3273/9/2 3276/10/2
f 3280/11/5 3278/1/5 3274/5/5
f 3280/11/5 3279/12/5 3278/1/5
f 3279/12/3 3276/10/3 3278/1/3
f 3280/13/6 3275/14/6 3277/7/6
f 3275/4/4 3280/11/4 3274/5/4
f 3280/13/6 3277/7/6 3279/12/6
f 3279/12/3 3277/7/3 3276/10/3
f 3286/1/1 3281/2/1 3282/3/1
f 3283/4/4 3282/5/4 3281/6/4
f 3285/7/2 3283/8/2 3281/9/2
f 3286/1/1 3284/10/1 3281/2/1
f 3285/7/2 3281/9/2 3284/10/2
f 3288/11/5 3286/1/5 3282/5/5
f 3288/11/5 3287/12/5 3286/1/5
f 3287/12/3 3284/10/3 3286/1/3
f 3287/12/6 3288/13/6 3283/14/6
f 3283/4/4 3288/11/4 3282/5/4
f 3287/12/3 3285/7/3 3284/10/3
f 3287/12/6 3283/14/6 3285/7/6
f 3294/1/1 3289/2/1 3290/3/1
f 3291/4/4 3290/5/4 3289/6/4
f 3293/7/2 3291/8/2 3289/9/2
f 3294/1/1 3292/10/1 3289/2/1
f 3293/7/2 3289/9/2 3292/10/2
f 3296/11/5 3294/1/5 3290/5/5
f 3296/11/5 3295/12/5 3294/1/5
f 3295/12/3 3292/10/3 3294/1/3
f 3296/13/6 3291/14/6 3293/7/6
f 3291/4/4 3296/11/4 3290/5/4
f 3296/13/6 3293/7/6 3295/12/6
f 3295/12/3 3293/7/3 3292/10/3
f 3302/1/1 3297/2/1 3298/3/1
f 3299/4/3 3298/5/3 3297/6/3
f 3301/7/5 3299/8/5 3297/9/5
f 3302/1/1 3300/10/1 3297/2/1
f 3301/7/5 3297/9/5 3300/10/5
f 3304/11/2 3302/1/2 3298/5/2
f 3304/11/2 3303/12/2 3302/1/2
f 3303/12/4 3300/10/4 3302/1/4
f 3304/13/6 3299/14/6 3301/7/6
f 3299/4/3 3304/11/3 3298/5/3
f 3304/13/6 3301/7/6 3303/12/6
f 3303/12/4 3301/7/4 3300/10/4
f 3310/1/1 3305/2/1 3306/3/1
f 3307/4/2 3306/5/2 3305/6/2
f 3309/7/3 3307/8/3 3305/9/3
f 3310/1/1 3308/10/1 3305/2/1
f 3309/7/3 3305/9/3 3308/10/3
f 3312/11/4 3310/1/4 3306/5/4
f 3312/11/4 3311/12/4 3310/1/4
f 3311/12/5 3308/10/5 3310/1/5
f 3312/13/6 3307/14/6 3309/7/6
f 3307/4/2 3312/11/2 3306/5/2
f 3312/13/6 3309/7/6 3311/12/6
f 3311/12/5 3309/7/5 3308/10/5
f 3318/1/1 3313/2/1 3314/3/1
f 3315/4/4 3314/5/4 3313/6/4
f 3317/7/2 3315/8/2 3313/9/2
f 3318/1/1 3316/10/1 3313/2/1
f 3317/7/2 3313/9/2 3316/10/2
f 3320/11/5 3318/1/5 3314/5/5
f 3320/11/5 3319/12/5 3318/1/5
f 3319/12/3 3316/10/3 3318/1/3
f 3320/13/6 3315/14/6 3317/7/6
f 3315/4/4 3320/11/4 3314/5/4
f 3320/13/6 3317/7/6 3319/12/6
f 3319/12/3 3317/7/3 3316/10/3
f 3326/1/1 3321/2/1 3322/3/1
f 3323/4/4 3322/5/4 3321/6/4
f 3325/7/2 3323/8/2 3321/9/2
f 3326/1/1 3324/10/1 3321/2/1
f 3325/7/2 3321/9/2 3324/10/2
f 3328/11/5 3326/1/5 3322/5/5
f 3328/11/5 3327/12/5 3326/1/5
f 3327/12/3 3324/10/3 3326/1/3
f 3327/12/6 3328/13/6 3323/14/6
f 3323/4/4 3328/11/4 3322/5/4
f 3327/12/3 3325/7/3 3324/10/3
f 3327/12/6 3323/14/6 3325/7/6
f 3334/1/1 3329/2/1 3330/3/1
f 3331/4/2 3330/5/2 3329/6/2
f 3333/7/3 3331/8/3 3329/9/3
f 3334/1/1 3332/10/1 3329/2/1
f 3333/7/3 3329/9/3 3332/10/3
f 3336/11/4 3334/1/4 3330/5/4
f 3336/11/4 3335/12/4 3334/1/4
f 3335/12/5 3332/10/5 3334/1/5
f 3336/13/6 3331/14/6 3333/7/6
f 3331/4/2 3336/11/2 3330/5/2
f 3336/13/6 3333/7/6 3335/12/6
f 3335/12/5 3333/7/5 3332/10/5
f 3342/1/1 3337/2/1 3338/3/1
f 3339/4/4 3338/5/4 3337/6/4
f 3341/7/2 3339/8/2 3337/9/2
f 3342/1/1 3340/10/1 3337/2/1
f 3341/7/2 3337/9/2 3340/10/2
f 3344/11/5 3342/1/5 3338/5/5
f 3344/11/5 3343/12/5 3342/1/5
f 3343/12/3 3340/10/3 3342/1/3
f 3344/13/6 3339/14/6 3341/7/6
f 3339/4/4 3344/11/4 3338/5/4
f 3344/13/6 3341/7/6 3343/12/6
f 3343/12/3 3341/7/3 3340/10/3
f 3350/1/1 3345/2/1 3346/3/1
f 3347/4/2 3346/5/2 3345/6/2
f 3349/7/3 3347/8/3 3345/9/3
f 3350/1/1 3348/10/1 3345/2/1
f 3349/7/3 3345/9/3 3348/10/3
f 3352/11/4 3350/1/4 3346/5/4
f 3352/11/4 3351/12/4 3350/1/4
f 3351/12/5 3348/10/5 3350/1/5
f 3352/13/6 3347/14/6 3349/7/6
f 3347/4/2 3352/11/2 3346/5/2
f 3352/13/6 3349/7/6 3351/12/6
f 3351/12/5 3349/7/5 3348/10/5
f 3358/1/1 3353/2/1 3354/3/1
f 3355/4/2 3354/5/2 3353/6/2
f 3357/7/3 3355/8/3 3353/9/3
f 3358/1/1 3356/10/1 3353/2/1
f 3357/7/3 3353/9/3 3356/10/3
f 3360/11/4 3358/1/4 3354/5/4
f 3360/11/4 3359/12/4 3358/1/4
f 3359/12/5 3356/10/5 3358/1/5
f 3359/12/6 3360/13/6 3355/14/6
f 3355/4/2 3360/11/2 3354/5/2
f 3359/12/5 3357/7/5 3356/10/5
f 3359/12/6 3355/14/6 3357/7/6
f 3366/1/1 3361/2/1 3362/3/1
f 3363/4/2 3362/5/2 3361/6/2
f 3365/7/3 3363/8/3 3361/9/3
f 3366/1/1 3364/10/1 3361/2/1
f 3365/7/3 3361/9/3 3364/10/3
f 3368/11/4 3366/1/4 3362/5/4
f 3368/11/4 3367/12/4 3366/1/4
f 3367/12/5 3364/10/5 3366/1/5
f 3367/12/6 3368/13/6 3363/14/6
f 3363/4/2 3368/11/2 3362/5/2
f 3367/12/5 3365/7/5 3364/10/5
f 3367/12/6 3363/14/6 3365/7/6
f 3374/1/1 3369/2/1 3370/3/1
f 3371/4/2 3370/5/2 3369/6/2
f 3373/7/3 3371/8/3 3369/9/3
f 3374/1/1 3372/10/1 3369/2/1
f 3373/7/3 3369/9/3 3372/10/3
f 3376/11/4 3374/1/4 3370/5/4
f 3376/11/4 3375/12/4 3374/1/4
f 3375/12/5 3372/10/5 3374/1/5
f 3376/13/6 3371/14/6 3373/7/6
f 3371/4/2 3376/11/2 3370/5/2
f 3376/13/6 3373/7/6 3375/12/6
f 3375/12/5 3373/7/5 3372/10/5
f 3382/1/1 3377/2/1 3378/3/1
f 3379/4/2 3378/5/2 3377/6/2
f 3381/7/3 3379/8/3 3377/9/3
f 3382/1/1 3380/10/1 3377/2/1
f 3381/7/3 3377/9/3 3380/10/3
f 3384/11/4 3382/1/4 3378/5/4
f 3384/11/4 3383/12/4 3382/1/4
f 3383/12/5 3380/10/5 3382/1/5
f 3384/13/6 3379/14/6 3381/7/6
f 3379/4/2 3384/11/2 3378/5/2
f 3384/13/6 3381/7/6 3383/12/6
f 3383/12/5 3381/7/5 3380/10/5
f 3390/1/1 3385/2/1 3386/3/1
f 3387/4/2 3386/5/2 3385/6/2
f 3389/7/3 3387/8/3 3385/9/3
f 3390/1/1 3388/10/1 3385/2/1
f 3389/7/3 3385/9/3 3388/10/3
f 3392/11/4 3390/1/4 3386/5/4
f 3392/11/4 3391/12/4 3390/1/4
f 3391/12/5 3388/10/5 3390/1/5
f 3392/13/6 3387/14/6 3389/7/6
f 3387/4/2 3392/11/2 3386/5/2
f 3392/13/6 3389/7/6 3391/12/6
f 3391/12/5 3389/7/5 3388/10/5
f 3398/1/1 3393/2/1 3394/3/1
f 3395/4/2 3394/5/2 3393/6/2
f 3397/7/3 3395/8/3 3393/9/3
f 3398/1/1 3396/10/1 3393/2/1
f 3397/7/3 3393/9/3 3396/10/3
f 3400/11/4 3398/1/4 3394/5/4
f 3400/11/4 3399/12/4 3398/1/4
f 3399/12/5 3396/10/5 3398/1/5
f 3400/13/6 3395/14/6 3397/7/6
f 3395/4/2 3400/11/2 3394/5/2
f 3400/13/6 3397/7/6 3399/12/6
f 3399/12/5 3397/7/5 3396/10/5
f 3406/1/1 3401/2/1 3402/3/1
f 3403/4/3 3402/5/3 3401/6/3
f 3405/7/5 3403/8/5 3401/9/5
f 3406/1/1 3404/10/1 3401/2/1
f 3405/7/5 3401/9/5 3404/10/5
f 3408/11/2 3406/1/2 3402/5/2
f 3408/11/2 3407/12/2 3406/1/2
f 3407/12/4 3404/10/4 3406/1/4
f 3408/13/6 3403/14/6 3405/7/6
f 3403/4/3 3408/11/3 3402/5/3
f 3408/13/6 3405/7/6 3407/12/6
f 3407/12/4 3405/7/4 3404/10/4
f 3414/1/1 3409/2/1 3410/3/1
f 3411/4/3 3410/5/3 3409/6/3
f 3413/7/5 3411/8/5 3409/9/5
f 3414/1/1 3412/10/1 3409/2/1
f 3413/7/5 3409/9/5 3412/10/5
f 3416/11/2 3414/1/2 3410/5/2
f 3416/11/2 3415/12/2 3414/1/2
f 3415/12/4 3412/10/4 3414/1/4
f 3416/13/6 3411/14/6 3413/7/6
f 3411/4/3 3416/11/3 3410/5/3
f 3416/13/6 3413/7/6 3415/12/6
f 3415/12/4 3413/7/4 3412/10/4
f 3422/1/1 3417/2/1 3418/3/1
f 3419/4/2 3418/5/2 3417/6/2
f 3421/7/3 3419/8/3 3417/9/3
f 3422/1/1 3420/10/1 3417/2/1
f 3421/7/3 3417/9/3 3420/10/3
f 3424/11/4 3422/1/4 3418/5/4
f 3424/11/4 3423/12/4 3422/1/4
f 3423/12/5 3420/10/5 3422/1/5
f 3424/13/6 3419/14/6 3421/7/6
f 3419/4/2 3424/11/2 3418/5/2
f 3424/13/6 3421/7/6 3423/12/6
f 3423/12/5 3421/7/5 3420/10/5
f 3430/1/1 3425/2/1 3426/3/1
f 3427/4/2 3426/5/2 3425/6/2
f 3429/7/3 3427/8/3 3425/9/3
f 3430/1/1 3428/10/1 3425/2/1
f 3429/7/3 3425/9/3 3428/10/3
f 3432/11/4 3430/1/4 3426/5/4
f 3432/11/4 3431/12/4 3430/1/4
f 3431/12/5 3428/10/5 3430/1/5
f 3431/12/6 3432/13/6 3427/14/6
f 3427/4/2 3432/11/2 3426/5/2
f 3431/12/5 3429/7/5 3428/10/5
f 3431/12/6 3427/14/6 3429/7/6
f 3438/1/1 3433/2/1 3434/3/1
f 3435/4/3 3434/5/3 3433/6/3
f 3437/7/5 3435/8/5 3433/9/5
f 3438/1/1 3436/10/1 3433/2/1
f 3437/7/5 3433/9/5 3436/10/5
f 3440/11/2 3438/1/2 3434/5/2
f 3440/11/2 3439/12/2 3438/1/2
f 3439/12/4 3436/10/4 3438/1/4
f 3440/13/6 3435/14/6 3437/7/6
f 3435/4/3 3440/11/3 3434/5/3
f 3440/13/6 3437/7/6 3439/12/6
f 3439/12/4 3437/7/4 3436/10/4
f 3446/1/1 3441/2/1 3442/3/1
f 3443/4/2 3442/5/2 3441/6/2
f 3445/7/3 3443/8/3 3441/9/3
f 3446/1/1 3444/10/1 3441/2/1
f 3445/7/3 3441/9/3 3444/10/3
f 3448/11/4 3446/1/4 3442/5/4
f 3448/11/4 3447/12/4 3446/1/4
f 3447/12/5 3444/10/5 3446/1/5
f 3448/13/6 3443/14/6 3445/7/6
f 3443/4/2 3448/11/2 3442/5/2
f 3448/13/6 3445/7/6 3447/12/6
f 3447/12/5 3445/7/5 3444/10/5
f 3454/1/1 3449/2/1 3450/3/1
f 3451/4/3 3450/5/3 3449/6/3
f 3453/7/5 3451/8/5 3449/9/5
f 3454/1/1 3452/10/1 3449/2/1
f 3453/7/5 3449/9/5 3452/10/5
f 3456/11/2 3454/1/2 3450/5/2
f 3456/11/2 3455/12/2 3454/1/2
f 3455/12/4 3452/10/4 3454/1/4
f 3456/13/6 3451/14/6 3453/7/6
f 3451/4/3 3456/11/3 3450/5/3
f 3456/13/6 3453/7/6 3455/12/6
f 3455/12/4 3453/7/4 3452/10/4
f 3462/1/1 3457/2/1 3458/3/1
f 3459/4/2 3458/5/2 3457/6/2
f 3461/7/3 3459/8/3 3457/9/3
f 3462/1/1 3460/10/1 3457/2/1
f 3461/7/3 3457/9/3 3460/10/3
f 3464/11/4 3462/1/4 3458/5/4
f 3464/11/4 3463/12/4 3462/1/4
f 3463/12/5 3460/10/5 3462/1/5
f 3464/13/6 3459/14/6 3461/7/6
f 3459/4/2 3464/11/2 3458/5/2
f 3464/13/6 3461/7/6 3463/12/6
f 3463/12/5 3461/7/5 3460/10/5
f 3470/1/1 3465/2/1 3466/3/1
f 3467/4/2 3466/5/2 3465/6/2
f 3469/7/3 3467/8/3 3465/9/3
f 3470/1/1 3468/10/1 3465/2/1
f 3469/7/3 3465/9/3 3468/10/3
f 3472/11/4 3470/1/4 3466/5/4
f 3472/11/4 3471/12/4 3470/1/4
f 3471/12/5 3468/10/5 3470/1/5
f 3472/13/6 3467/14/6 3469/7/6
f 3467/4/2 3472/11/2 3466/5/2
f 3472/13/6 3469/7/6 3471/12/6
f 3471/12/5 3469/7/5 3468/10/5
f 3478/1/1 3473/2/1 3474/3/1
f 3475/4/2 3474/5/2 3473/6/2
f 3477/7/3 3475/8/3 3473/9/3
f 3478/1/1 3476/10/1 3473/2/1
f 3477/7/3 3473/9/3 3476/10/3
f 3480/11/4 3478/1/4 3474/5/4
f 3480/11/4 3479/12/4 3478/1/4
f 3479/12/5 3476/10/5 3478/1/5
f 3480/13/6 3475/14/6 3477/7/6
f 3475/4/2 3480/11/2 3474/5/2
f 3480/13/6 3477/7/6 3479/12/6
f 3479/12/5 3477/7/5 3476/10/5
f 3486/1/1 3481/2/1 3482/3/1
f 3483/4/3 3482/5/3 3481/6/3
f 3485/7/5 3483/8/5 3481/9/5
f 3486/1/1 3484/10/1 3481/2/1
f 3485/7/5 3481/9/5 3484/10/5
f 3488/11/2 3486/1/2 3482/5/2
f 3488/11/2 3487/12/2 3486/1/2
f 3487/12/4 3484/10/4 3486/1/4
f 3488/13/6 3483/14/6 3485/7/6
f 3483/4/3 3488/11/3 3482/5/3
f 3488/13/6 3485/7/6 3487/12/6
f 3487/12/4 3485/7/4 3484/10/4
f 3494/1/1 3489/2/1 3490/3/1
f 3491/4/2 3490/5/2 3489/6/2
f 3493/7/3 3491/8/3 3489/9/3
f 3494/1/1 3492/10/1 3489/2/1
f 3493/7/3 3489/9/3 3492/10/3
f 3496/11/4 3494/1/4 3490/5/4
f 3496/11/4 3495/12/4 3494/1/4
f 3495/12/5 3492/10/5 3494/1/5
f 3496/13/6 3491/14/6 3493/7/6
f 3491/4/2 3496/11/2 3490/5/2
f 3496/13/6 3493/7/6 3495/12/6
f 3495/12/5 3493/7/5 3492/10/5
f 3502/1/1 3497/2/1 3498/3/1
f 3499/4/2 3498/5/2 3497/6/2
f 3501/7/3 3499/8/3 3497/9/3
f 3502/1/1 3500/10/1 3497/2/1
f 3501/7/3 3497/9/3 3500/10/3
f 3504/11/4 3502/1/4 3498/5/4
f 3504/11/4 3503/12/4 3502/1/4
f 3503/12/5 3500/10/5 3502/1/5
f 3504/13/6 3499/14/6 3501/7/6
f 3499/4/2 3504/11/2 3498/5/2
f 3504/13/6 3501/7/6 3503/12/6
f 3503/12/5 3501/7/5 3500/10/5
f 3510/1/1 3505/2/1 3506/3/1
f 3507/4/2 3506/5/2 3505/6/2
f 3509/7/3 3507/8/3 3505/9/3
f 3510/1/1 3508/10/1 3505/2/1
f 3509/7/3 3505/9/3 3508/10/3
f 3512/11/4 3510/1/4 3506/5/4
f 3512/11/4 3511/12/4 3510/1/4
f 3511/12/5 3508/10/5 3510/1/5
f 3512/13/6 3507/14/6 3509/7/6
f 3507/4/2 3512/11/2 3506/5/2
f 3512/13/6 3509/7/6 3511/12/6
f 3511/12/5 3509/7/5 3508/10/5
f 3518/1/1 3513/2/1 3514/3/1
f 3515/4/2 3514/5/2 3513/6/2
f 3517/7/3 3515/8/3 3513/9/3
f 3518/1/1 3516/10/1 3513/2/1
f 3517/7/3 3513/9/3 3516/10/3
f 3520/11/4 3518/1/4 3514/5/4
f 3520/11/4 3519/12/4 3518/1/4
f 3519/12/5 3516/10/5 3518/1/5
f 3520/13/6 3515/14/6 3517/7/6
f 3515/4/2 3520/11/2 3514/5/2
f 3520/13/6 3517/7/6 3519/12/6
f 3519/12/5 3517/7/5 3516/10/5
f 3526/1/1 3521/2/1 3522/3/1
f 3523/4/2 3522/5/2 3521/6/2
f 3525/7/3 3523/8/3 3521/9/3
f 3526/1/1 3524/10/1 3521/2/1
f 3525/7/3 3521/9/3 3524/10/3
f 3528/11/4 3526/1/4 3522/5/4
f 3528/11/4 3527/12/4 3526/1/4
f 3527/12/5 3524/10/5 3526/1/5
f 3528/13/6 3523/14/6 3525/7/6
f 3523/4/2 3528/11/2 3522/5/2
f 3528/13/6 3525/7/6 3527/12/6
f 3527/12/5 3525/7/5 3524/10/5
f 3534/1/1 3529/2/1 3530/3/1
f 3531/4/2 3530/5/2 3529/6/2
f 3533/7/3 3531/8/3 3529/9/3
f 3534/1/1 3532/10/1 3529/2/1
f 3533/7/3 3529/9/3 3532/10/3
f 3536/11/4 3534/1/4 3530/5/4
f 3536/11/4 3535/12/4 3534/1/4
f 3535/12/5 3532/10/5 3534/1/5
f 3536/13/6 3531/14/6 3533/7/6
f 3531/4/2 3536/11/2 3530/5/2
f 3536/13/6 3533/7/6 3535/12/6
f 3535/12/5 3533/7/5 3532/10/5
f 3542/1/1 3537/2/1 3538/3/1
f 3539/4/3 3538/5/3 3537/6/3
f 3541/7/5 3539/8/5 3537/9/5
f 3542/1/1 3540/10/1 3537/2/1
f 3541/7/5 3537/9/5 3540/10/5
f 3544/11/2 3542/1/2 3538/5/2
f 3544/11/2 3543/12/2 3542/1/2
f 3543/12/4 3540/10/4 3542/1/4
f 3544/13/6 3539/14/6 3541/7/6
f 3539/4/3 3544/11/3 3538/5/3
f 3544/13/6 3541/7/6 3543/12/6
f 3543/12/4 3541/7/4 3540/10/4
f 3550/1/1 3545/2/1 3546/3/1
f 3547/4/3 3546/5/3 3545/6/3
f 3549/7/5 3547/8/5 3545/9/5
f 3550/1/1 3548/10/1 3545/2/1
f 3549/7/5 3545/9/5 3548/10/5
f 3552/11/2 3550/1/2 3546/5/2
f 3552/11/2 3551/12/2 3550/1/2
f 3551/12/4 3548/10/4 3550/1/4
f 3552/13/6 3547/14/6 3549/7/6
f 3547/4/3 3552/11/3 3546/5/3
f 3552/13/6 3549/7/6 3551/12/6
f 3551/12/4 3549/7/4 3548/10/4
f 3558/1/1 3553/2/1 3554/3/1
f 3555/4/2 3554/5/2 3553/6/2
f 3557/7/3 3555/8/3 3553/9/3
f 3558/1/1 3556/10/1 3553/2/1
f 3557/7/3 3553/9/3 3556/10/3
f 3560/11/4 3558/1/4 3554/5/4
f 3560/11/4 3559/12/4 3558/1/4
f 3559/12/5 3556/10/5 3558/1/5
f 3560/13/6 3555/14/6 3557/7/6
f 3555/4/2 3560/11/2 3554/5/2
f 3560/13/6 3557/7/6 3559/12/6
f 3559/12/5 3557/7/5 3556/10/5
f 3566/1/1 3561/2/1 3562/3/1
f 3563/4/2 3562/5/2 3561/6/2
f 3565/7/3 3563/8/3 3561/9/3
f 3566/1/1 3564/10/1 3561/2/1
f 3565/7/3 3561/9/3 3564/10/3
f 3568/11/4 3566/1/4 3562/5/4
f 3568/11/4 3567/12/4 3566/1/4
f 3567/12/5 3564/10/5 3566/1/5
f 3568/13/6 3563/14/6 3565/7/6
f 3563/4/2 3568/11/2 3562/5/2
f 3568/13/6 3565/7/6 3567/12/6
f 3567/12/5 3565/7/5 3564/10/5
f 3574/1/1 3569/2/1 3570/3/1
f 3571/4/2 3570/5/2 3569/6/2
f 3573/7/3 3571/8/3 3569/9/3
f 3574/1/1 3572/10/1 3569/2/1
f 3573/7/3 3569/9/3 3572/10/3
f 3576/11/4 3574/1/4 3570/5/4
f 3576/11/4 3575/12/4 3574/1/4
f 3575/12/5 3572/10/5 3574/1/5
f 3576/13/6 3571/14/6 3573/7/6
f 3571/4/2 3576/11/2 3570/5/2
f 3576/13/6 3573/7/6 3575/12/6
f 3575/12/5 3573/7/5 3572/10/5
f 3582/1/1 3577/2/1 3578/3/1
f 3579/4/2 3578/5/2 3577/6/2
f 3581/7/3 3579/8/3 3577/9/3
f 3582/1/1 3580/10/1 3577/2/1
f 3581/7/3 3577/9/3 3580/10/3
f 3584/11/4 3582/1/4 3578/5/4
f 3584/11/4 3583/12/4 3582/1/4
f 3583/12/5 3580/10/5 3582/1/5
f 3584/13/6 3579/14/6 3581/7/6
f 3579/4/2 3584/11/2 3578/5/2
f 3584/13/6 3581/7/6 3583/12/6
f 3583/12/5 3581/7/5 3580/10/5
f 3590/1/1 3585/2/1 3586/3/1
f 3587/4/2 3586/5/2 3585/6/2
f 3589/7/3 3587/8/3 3585/9/3
f 3590/1/1 3588/10/1 3585/2/1
f 3589/7/3 3585/9/3 3588/10/3
f 3592/11/4 3590/1/4 3586/5/4
f 3592/11/4 3591/12/4 3590/1/4
f 3591/12/5 3588/10/5 3590/1/5
f 3592/13/6 3587/14/6 3589/7/6
f 3587/4/2 3592/11/2 3586/5/2
f 3592/13/6 3589/7/6 3591/12/6
f 3591/12/5 3589/7/5 3588/10/5
